jax devices: [CudaDevice(id=0)]
E19 arm=ssu_nocap preset=N2_4.0 seed=0 eta=0.002 constrain_norm=False norm_constraint=0.001 nepochs=100000  2026-09-23T10:14:17-07:00
wandb: WARNING Unable to verify login in offline mode.
wandb: Tracking run with wandb version 0.28.1
wandb: W&B syncing is set to `offline` in this directory. Run `wandb online` or set WANDB_MODE=online to enable cloud syncing.
wandb: Run data is saved locally in /global/scratch/users/ren27/wandb/wandb/offline-run-20260923_101614-fzs4w1ql
wandb: View this run in the terminal with `wandb leet`
INFO:root:Reload configuration: 
append: true
checkpoint_relative_file_path: best_checkpoint.npz
config_relative_file_path: config.json
logdir: NONE
new_optimizer_state: false
reburn: false
same_logdir: false
use_checkpoint_file: true
use_config_file: true

INFO:root:Running with configuration: 
base_logdir: /global/scratch/users/ren27/vmcnet_logs/phase_e/e19_n2_stretched_normcap
debug_nans: false
distribute: false
dtype: float32
eval:
  nan_safe: false
  nburn: 10000
  nchains: 1000
  nepochs: 20000
  nmoves_per_width_update: 100
  nsteps_per_param_update: 10
  record_amplitudes: false
  record_local_energies: true
  std_move: 0.25
  use_data_from_training: false
initial_seed: 0
logdir: /global/scratch/users/ren27/vmcnet_logs/phase_e/e19_n2_stretched_normcap/e19_N2_4.0_ssu_nocap_s0
logging_level: INFO
model:
  backflow:
    activation_fn: tanh
    bias_init_1e_stream:
      type: normal
    bias_init_2e_stream:
      type: normal
    kernel_init_2e_1e_stream:
      scale: 1.0
      type: orthogonal
    kernel_init_2e_2e_stream:
      scale: 2.0
      type: orthogonal
    kernel_init_mixed:
      scale: 1.0
      type: orthogonal
    kernel_init_unmixed:
      scale: 2.0
      type: orthogonal
    ndense_list: !!python/tuple
    - &id001 !!python/tuple
      - 256
      - 16
    - *id001
    - *id001
    - !!python/tuple
      - 256
    one_electron_skip: true
    one_electron_skip_scale: 1.0
    two_electron_skip: true
    two_electron_skip_scale: 1.0
    use_bias: true
  bias_init_orbital_linear:
    type: normal
  envelope_softening: 0.0
  full_det: true
  include_cusp_jastrow: false
  input_streams:
    ee_norm_softening: 0.0
    ei_norm_softening: 0.0
    include_2e_stream: true
    include_ee_norm: true
    include_ei_norm: true
  isotropic_decay: true
  kernel_init_envelope_dim:
    type: ones
  kernel_init_envelope_ion:
    type: ones
  kernel_init_orbital_linear:
    scale: 2.0
    type: orthogonal
  ndeterminants: 16
  orbitals_use_bias: true
  type: ferminet
notes: N2 stretched, bond length 4.0 Bohr (SPRING paper arXiv:2401.10190; absent from
  the PRIME-SR paper). Tuned molecular SPRING eta is 0.002 -- set it explicitly per
  run; the optimizer defaults are NOT molecular-tuned. eval nburn is 10000 for N2
  (SPRING paper Table B.4).
problem:
  ee_softening: 0.0
  ei_softening: 0.0
  ion_charges: !!python/tuple
  - 7.0
  - 7.0
  ion_pos: !!python/tuple
  - !!python/tuple
    - 0.0
    - 0.0
    - -2.0
  - !!python/tuple
    - 0.0
    - 0.0
    - 2.0
  nelec: !!python/tuple
  - 7
  - 7
save_to_current_datetime_subfolder: false
subfolder_name: e19_N2_4.0_ssu_nocap_s0
vmc:
  best_checkpoint_every: 100
  check_for_nans: true
  checkpoint_dir: checkpoints
  checkpoint_every: 10000
  checkpoint_variance_scale: 10
  clip_center: mean
  clip_threshold: 5.0
  nan_safe: true
  nburn: 5000
  nchains: 1000
  nepochs: 100000
  nhistory_max: 200
  nmoves_per_width_update: 100
  nsteps_per_param_update: 10
  optimizer:
    adam:
      b1: 0.9
      b2: 0.999
      eps: 1.0e-08
      eps_root: 0.0
      learning_decay_rate: 0.0001
      learning_rate: 0.05
      schedule_type: inverse_time
    gauss_newton:
      E: 0.0
      clip_threshold: 1000.0
      constrain_norm: true
      damping: 0.001
      learning_decay_rate: 0.0001
      learning_rate: 1.0
      norm_constraint: 0.001
      schedule_type: inverse_time
    kfac:
      curvature_ema: 0.95
      damping: 0.001
      estimation_mode: fisher_exact
      inverse_update_period: 1
      l2_reg: 0.0
      learning_decay_rate: 0.0001
      learning_rate: 0.05
      min_damping: 0.0001
      norm_constraint: 0.001
      register_only_generic: false
      schedule_type: inverse_time
    minsr_momentum:
      constrain_norm: true
      damping: 0.001
      learning_decay_rate: 0.0001
      learning_rate: 0.2
      mu: 0.9
      norm_constraint: 0.001
      schedule_type: inverse_time
    prime_sr:
      constrain_norm: true
      damping: 0.001
      learning_decay_rate: 0.0001
      learning_rate: 0.02
      mu_cap: 1.0
      norm_constraint: 0.001
      schedule_type: inverse_time
    same_sampled_spring_unified:
      adaptive_eta: false
      adaptive_probe: false
      constrain_norm: false
      damping: 0.001
      lb_window: 30
      learning_decay_rate: 0.0001
      learning_rate: 0.002
      mu: 0.0
      norm_constraint: 0.001
      probe_damping: 0.001
      probe_lr: -1.0
      schedule_type: inverse_time
    sgd:
      learning_decay_rate: 0.0001
      learning_rate: 0.05
      momentum: 0.0
      nesterov: false
      schedule_type: inverse_time
    spring:
      constrain_norm: true
      damping: 0.001
      learning_decay_rate: 0.0001
      learning_rate: 0.05
      mu: 0.99
      mu_init: 0.0
      mu_ramp_steps: 0
      mu_warmup_steps: 0
      norm_constraint: 0.001
      schedule_type: inverse_time
  optimizer_type: same_sampled_spring_unified
  record_amplitudes: false
  record_param_l1_norm: false
  std_move: 0.25
wandb:
  group: e19-n2-normcap-ssu_nocap
  mode: offline
  name: e19_N2_4.0_ssu_nocap_s0
  project: vmcnet-phase-e

INFO:jax._src.xla_bridge:Unable to initialize backend 'rocm': module 'jaxlib.xla_extension' has no attribute 'GpuAllocatorConfig'
INFO:jax._src.xla_bridge:Unable to initialize backend 'tpu': INTERNAL: Failed to open libtpu.so: libtpu.so: cannot open shared object file: No such file or directory
E0923 10:17:44.192980 1576560 hlo_lexer.cc:443] Failed to parse int literal: 90913411200647734287
INFO:root:Saving to /global/scratch/users/ren27/vmcnet_logs/phase_e/e19_n2_stretched_normcap/e19_N2_4.0_ssu_nocap_s0
INFO:root:Burning data for 5000 steps
INFO:root:Epoch     1, Energy: -4.10904e+01 (-4.14526e+01), Variance: 1.44966e+02 (2.08860e+02), Accept ratio: 0.49291, 
INFO:root:Epoch     2, Energy: -4.14735e+01 (-4.17489e+01), Variance: 1.55460e+02 (2.05880e+02), Accept ratio: 0.49520, 
INFO:root:Epoch     3, Energy: -4.18306e+01 (-4.21359e+01), Variance: 1.67768e+02 (2.13288e+02), Accept ratio: 0.49497, 
INFO:root:Epoch     4, Energy: -4.18188e+01 (-4.25119e+01), Variance: 1.85711e+02 (4.27142e+02), Accept ratio: 0.50186, 
INFO:root:Epoch     5, Energy: -4.17612e+01 (-4.22062e+01), Variance: 1.60044e+02 (2.66620e+02), Accept ratio: 0.49672, 
INFO:root:Epoch     6, Energy: -4.10660e+01 (-4.12529e+01), Variance: 1.46799e+02 (1.69053e+02), Accept ratio: 0.49730, 
INFO:root:Epoch     7, Energy: -4.19860e+01 (-4.25570e+01), Variance: 1.76940e+02 (3.11482e+02), Accept ratio: 0.49334, 
INFO:root:Epoch     8, Energy: -4.18455e+01 (-4.20633e+01), Variance: 1.58369e+02 (1.89042e+02), Accept ratio: 0.49280, 
INFO:root:Epoch     9, Energy: -4.17692e+01 (-4.22035e+01), Variance: 1.43271e+02 (2.36141e+02), Accept ratio: 0.49216, 
INFO:root:Epoch    10, Energy: -4.17730e+01 (-4.21727e+01), Variance: 1.63466e+02 (2.18069e+02), Accept ratio: 0.49574, 
INFO:root:Epoch    11, Energy: -4.19145e+01 (-4.20331e+01), Variance: 1.56257e+02 (1.70685e+02), Accept ratio: 0.48908, 
INFO:root:Epoch    12, Energy: -4.22006e+01 (-4.27568e+01), Variance: 1.72570e+02 (2.83200e+02), Accept ratio: 0.49667, 
INFO:root:Epoch    13, Energy: -4.18703e+01 (-4.22715e+01), Variance: 1.59344e+02 (2.26052e+02), Accept ratio: 0.49647, 
INFO:root:Epoch    14, Energy: -4.18217e+01 (-4.21176e+01), Variance: 1.52404e+02 (2.26374e+02), Accept ratio: 0.49417, 
INFO:root:Epoch    15, Energy: -4.21428e+01 (-4.23479e+01), Variance: 1.57361e+02 (1.92464e+02), Accept ratio: 0.49380, 
INFO:root:Epoch    16, Energy: -4.16243e+01 (-4.20010e+01), Variance: 1.46719e+02 (2.07484e+02), Accept ratio: 0.49768, 
INFO:root:Epoch    17, Energy: -4.20711e+01 (-4.24055e+01), Variance: 1.87284e+02 (2.41635e+02), Accept ratio: 0.49261, 
INFO:root:Epoch    18, Energy: -4.20596e+01 (-4.23449e+01), Variance: 1.76573e+02 (2.25556e+02), Accept ratio: 0.48964, 
INFO:root:Epoch    19, Energy: -4.18079e+01 (-4.20710e+01), Variance: 1.66745e+02 (2.04024e+02), Accept ratio: 0.49307, 
INFO:root:Epoch    20, Energy: -4.19770e+01 (-4.23276e+01), Variance: 1.69659e+02 (2.19290e+02), Accept ratio: 0.49094, 
INFO:root:Epoch    21, Energy: -4.20907e+01 (-4.21848e+01), Variance: 1.51830e+02 (1.64438e+02), Accept ratio: 0.48453, 
INFO:root:Epoch    22, Energy: -4.16661e+01 (-4.18846e+01), Variance: 1.59352e+02 (1.97215e+02), Accept ratio: 0.49037, 
INFO:root:Epoch    23, Energy: -4.17899e+01 (-4.23225e+01), Variance: 1.61648e+02 (3.03194e+02), Accept ratio: 0.49393, 
INFO:root:Epoch    24, Energy: -4.20468e+01 (-4.23284e+01), Variance: 1.69355e+02 (2.32686e+02), Accept ratio: 0.49144, 
INFO:root:Epoch    25, Energy: -4.24611e+01 (-4.29104e+01), Variance: 1.75302e+02 (2.46696e+02), Accept ratio: 0.48807, 
INFO:root:Epoch    26, Energy: -4.25584e+01 (-4.28601e+01), Variance: 1.76795e+02 (2.20156e+02), Accept ratio: 0.49366, 
INFO:root:Epoch    27, Energy: -4.19425e+01 (-4.24855e+01), Variance: 1.57109e+02 (3.88664e+02), Accept ratio: 0.48694, 
INFO:root:Epoch    28, Energy: -4.19368e+01 (-4.22688e+01), Variance: 1.44177e+02 (1.95290e+02), Accept ratio: 0.48504, 
INFO:root:Epoch    29, Energy: -4.23172e+01 (-4.28005e+01), Variance: 1.79186e+02 (2.62610e+02), Accept ratio: 0.49592, 
INFO:root:Epoch    30, Energy: -4.20259e+01 (-4.22795e+01), Variance: 1.65420e+02 (2.00073e+02), Accept ratio: 0.49169, 
INFO:root:Epoch    31, Energy: -4.23034e+01 (-4.27219e+01), Variance: 1.67497e+02 (2.63055e+02), Accept ratio: 0.48598, 
INFO:root:Epoch    32, Energy: -4.27681e+01 (-4.30995e+01), Variance: 1.94162e+02 (2.47426e+02), Accept ratio: 0.48596, 
INFO:root:Epoch    33, Energy: -4.29548e+01 (-4.33649e+01), Variance: 1.82537e+02 (2.61663e+02), Accept ratio: 0.48776, 
INFO:root:Epoch    34, Energy: -4.30360e+01 (-4.33699e+01), Variance: 1.95325e+02 (2.44579e+02), Accept ratio: 0.48414, 
INFO:root:Epoch    35, Energy: -4.27372e+01 (-4.29291e+01), Variance: 1.58880e+02 (1.93318e+02), Accept ratio: 0.49233, 
INFO:root:Epoch    36, Energy: -4.30495e+01 (-4.34380e+01), Variance: 1.69521e+02 (2.33757e+02), Accept ratio: 0.48241, 
INFO:root:Epoch    37, Energy: -4.31133e+01 (-4.32974e+01), Variance: 1.81671e+02 (2.08692e+02), Accept ratio: 0.48821, 
INFO:root:Epoch    38, Energy: -4.37145e+01 (-4.40069e+01), Variance: 2.02788e+02 (2.43415e+02), Accept ratio: 0.48301, 
INFO:root:Epoch    39, Energy: -4.34280e+01 (-4.37416e+01), Variance: 1.78218e+02 (2.26769e+02), Accept ratio: 0.48761, 
INFO:root:Epoch    40, Energy: -4.37704e+01 (-4.38933e+01), Variance: 1.77850e+02 (1.92605e+02), Accept ratio: 0.48682, 
INFO:root:Epoch    41, Energy: -4.41869e+01 (-4.46618e+01), Variance: 2.03384e+02 (2.76871e+02), Accept ratio: 0.48255, 
INFO:root:Epoch    42, Energy: -4.47579e+01 (-4.51769e+01), Variance: 2.23241e+02 (2.92449e+02), Accept ratio: 0.48398, 
INFO:root:Epoch    43, Energy: -4.37038e+01 (-4.39271e+01), Variance: 1.77629e+02 (2.13902e+02), Accept ratio: 0.47607, 
INFO:root:Epoch    44, Energy: -4.47162e+01 (-4.52528e+01), Variance: 1.93247e+02 (3.11871e+02), Accept ratio: 0.49485, 
INFO:root:Epoch    45, Energy: -4.42606e+01 (-4.51829e+01), Variance: 1.95004e+02 (6.07558e+02), Accept ratio: 0.48715, 
INFO:root:Epoch    46, Energy: -4.34986e+01 (-4.36898e+01), Variance: 1.65940e+02 (1.91896e+02), Accept ratio: 0.47843, 
INFO:root:Epoch    47, Energy: -4.39698e+01 (-4.41871e+01), Variance: 1.74332e+02 (2.03459e+02), Accept ratio: 0.48364, 
INFO:root:Epoch    48, Energy: -4.41724e+01 (-4.44489e+01), Variance: 1.96728e+02 (2.35285e+02), Accept ratio: 0.47271, 
INFO:root:Epoch    49, Energy: -4.46181e+01 (-4.51919e+01), Variance: 1.95556e+02 (3.27010e+02), Accept ratio: 0.48637, 
INFO:root:Epoch    50, Energy: -4.42657e+01 (-4.48147e+01), Variance: 1.97495e+02 (3.07338e+02), Accept ratio: 0.48131, 
INFO:root:Epoch    51, Energy: -4.48871e+01 (-4.51648e+01), Variance: 2.00015e+02 (2.51558e+02), Accept ratio: 0.48221, 
INFO:root:Epoch    52, Energy: -4.53146e+01 (-4.58576e+01), Variance: 2.31512e+02 (3.22344e+02), Accept ratio: 0.47604, 
INFO:root:Epoch    53, Energy: -4.51835e+01 (-4.54318e+01), Variance: 2.11320e+02 (2.48712e+02), Accept ratio: 0.47856, 
INFO:root:Epoch    54, Energy: -4.51470e+01 (-4.56221e+01), Variance: 1.97005e+02 (2.79964e+02), Accept ratio: 0.47411, 
INFO:root:Epoch    55, Energy: -4.52579e+01 (-4.55122e+01), Variance: 1.94870e+02 (2.38839e+02), Accept ratio: 0.47548, 
INFO:root:Epoch    56, Energy: -4.48736e+01 (-4.50662e+01), Variance: 1.86195e+02 (2.13526e+02), Accept ratio: 0.48052, 
INFO:root:Epoch    57, Energy: -4.49988e+01 (-4.52472e+01), Variance: 1.96593e+02 (2.32710e+02), Accept ratio: 0.47566, 
INFO:root:Epoch    58, Energy: -4.48776e+01 (-4.51368e+01), Variance: 1.85767e+02 (2.22269e+02), Accept ratio: 0.47694, 
INFO:root:Epoch    59, Energy: -4.50174e+01 (-4.52622e+01), Variance: 2.06742e+02 (2.45130e+02), Accept ratio: 0.47538, 
INFO:root:Epoch    60, Energy: -4.48579e+01 (-4.51852e+01), Variance: 1.78454e+02 (2.29805e+02), Accept ratio: 0.47229, 
INFO:root:Epoch    61, Energy: -4.52086e+01 (-4.61748e+01), Variance: 2.07650e+02 (5.97892e+02), Accept ratio: 0.47250, 
INFO:root:Epoch    62, Energy: -4.54288e+01 (-4.56753e+01), Variance: 1.98205e+02 (2.33254e+02), Accept ratio: 0.47997, 
INFO:root:Epoch    63, Energy: -4.62189e+01 (-4.64616e+01), Variance: 2.26301e+02 (2.69929e+02), Accept ratio: 0.48184, 
INFO:root:Epoch    64, Energy: -4.57831e+01 (-4.63045e+01), Variance: 2.14071e+02 (3.56498e+02), Accept ratio: 0.47356, 
INFO:root:Epoch    65, Energy: -4.60702e+01 (-4.66500e+01), Variance: 2.33002e+02 (3.59862e+02), Accept ratio: 0.47632, 
INFO:root:Epoch    66, Energy: -4.65903e+01 (-4.70851e+01), Variance: 2.40631e+02 (3.38763e+02), Accept ratio: 0.47314, 
INFO:root:Epoch    67, Energy: -4.66572e+01 (-4.69417e+01), Variance: 2.38605e+02 (2.83686e+02), Accept ratio: 0.47405, 
INFO:root:Epoch    68, Energy: -4.64672e+01 (-4.66508e+01), Variance: 1.96317e+02 (2.22542e+02), Accept ratio: 0.48020, 
INFO:root:Epoch    69, Energy: -4.65523e+01 (-4.70328e+01), Variance: 2.13745e+02 (3.29525e+02), Accept ratio: 0.47433, 
INFO:root:Epoch    70, Energy: -4.71412e+01 (-4.75501e+01), Variance: 2.55412e+02 (3.57971e+02), Accept ratio: 0.47062, 
INFO:root:Epoch    71, Energy: -4.67776e+01 (-4.73382e+01), Variance: 2.34253e+02 (3.35767e+02), Accept ratio: 0.46880, 
INFO:root:Epoch    72, Energy: -4.70301e+01 (-4.73922e+01), Variance: 2.26604e+02 (2.94903e+02), Accept ratio: 0.46826, 
INFO:root:Epoch    73, Energy: -4.69785e+01 (-4.72874e+01), Variance: 2.02468e+02 (2.58401e+02), Accept ratio: 0.46531, 
INFO:root:Epoch    74, Energy: -4.82268e+01 (-4.85741e+01), Variance: 2.53062e+02 (3.12375e+02), Accept ratio: 0.46786, 
INFO:root:Epoch    75, Energy: -4.76004e+01 (-4.79520e+01), Variance: 2.43281e+02 (3.06945e+02), Accept ratio: 0.45961, 
INFO:root:Epoch    76, Energy: -4.79468e+01 (-4.84449e+01), Variance: 2.33852e+02 (3.21064e+02), Accept ratio: 0.45984, 
INFO:root:Epoch    77, Energy: -4.78562e+01 (-4.80964e+01), Variance: 2.23256e+02 (2.69930e+02), Accept ratio: 0.45592, 
INFO:root:Epoch    78, Energy: -4.83996e+01 (-4.89136e+01), Variance: 2.50643e+02 (4.14999e+02), Accept ratio: 0.45619, 
INFO:root:Epoch    79, Energy: -4.82990e+01 (-4.88120e+01), Variance: 2.14171e+02 (3.60722e+02), Accept ratio: 0.45639, 
INFO:root:Epoch    80, Energy: -4.90048e+01 (-4.94264e+01), Variance: 2.43157e+02 (3.60698e+02), Accept ratio: 0.46014, 
INFO:root:Epoch    81, Energy: -4.95396e+01 (-5.01479e+01), Variance: 2.76695e+02 (4.19816e+02), Accept ratio: 0.45614, 
INFO:root:Epoch    82, Energy: -4.96331e+01 (-5.01345e+01), Variance: 2.73396e+02 (4.39486e+02), Accept ratio: 0.45268, 
INFO:root:Epoch    83, Energy: -4.96698e+01 (-4.99417e+01), Variance: 2.60186e+02 (3.06455e+02), Accept ratio: 0.45507, 
INFO:root:Epoch    84, Energy: -4.96630e+01 (-4.99906e+01), Variance: 2.68445e+02 (3.30091e+02), Accept ratio: 0.44677, 
INFO:root:Epoch    85, Energy: -4.96408e+01 (-5.01505e+01), Variance: 2.66815e+02 (4.13852e+02), Accept ratio: 0.44820, 
INFO:root:Epoch    86, Energy: -5.02840e+01 (-5.14015e+01), Variance: 2.60186e+02 (7.90156e+02), Accept ratio: 0.45947, 
INFO:root:Epoch    87, Energy: -5.01446e+01 (-5.09024e+01), Variance: 2.39867e+02 (6.97386e+02), Accept ratio: 0.44671, 
INFO:root:Epoch    88, Energy: -5.10964e+01 (-5.18065e+01), Variance: 2.57761e+02 (7.00993e+02), Accept ratio: 0.44373, 
INFO:root:Epoch    89, Energy: -5.08279e+01 (-5.12092e+01), Variance: 2.24932e+02 (3.34135e+02), Accept ratio: 0.44469, 
INFO:root:Epoch    90, Energy: -5.16835e+01 (-5.22216e+01), Variance: 2.52572e+02 (3.66625e+02), Accept ratio: 0.43700, 
INFO:root:Epoch    91, Energy: -5.14102e+01 (-5.18869e+01), Variance: 2.55335e+02 (3.94636e+02), Accept ratio: 0.48511, 
INFO:root:Epoch    92, Energy: -5.17818e+01 (-5.23161e+01), Variance: 2.62386e+02 (4.04584e+02), Accept ratio: 0.48146, 
INFO:root:Epoch    93, Energy: -5.19247e+01 (-5.21501e+01), Variance: 2.30116e+02 (2.71813e+02), Accept ratio: 0.47581, 
INFO:root:Epoch    94, Energy: -5.21424e+01 (-5.24145e+01), Variance: 2.47630e+02 (2.90467e+02), Accept ratio: 0.47848, 
INFO:root:Epoch    95, Energy: -5.21003e+01 (-5.27436e+01), Variance: 2.39154e+02 (4.51577e+02), Accept ratio: 0.47529, 
INFO:root:Epoch    96, Energy: -5.25259e+01 (-5.26915e+01), Variance: 2.61073e+02 (2.87406e+02), Accept ratio: 0.47716, 
INFO:root:Epoch    97, Energy: -5.36802e+01 (-5.43190e+01), Variance: 2.79403e+02 (4.86751e+02), Accept ratio: 0.47263, 
INFO:root:Epoch    98, Energy: -5.49103e+01 (-5.54532e+01), Variance: 3.12561e+02 (4.37427e+02), Accept ratio: 0.46633, 
INFO:root:Epoch    99, Energy: -5.51969e+01 (-5.57059e+01), Variance: 3.02263e+02 (4.23496e+02), Accept ratio: 0.46253, 
INFO:root:Epoch   100, Energy: -5.41313e+01 (-5.44545e+01), Variance: 2.48067e+02 (3.10582e+02), Accept ratio: 0.46713, , best weights saved
INFO:root:Epoch   101, Energy: -5.51102e+01 (-5.55695e+01), Variance: 3.15878e+02 (4.20706e+02), Accept ratio: 0.45885, 
INFO:root:Epoch   102, Energy: -5.53630e+01 (-5.60530e+01), Variance: 3.33103e+02 (5.17451e+02), Accept ratio: 0.46377, 
INFO:root:Epoch   103, Energy: -5.61297e+01 (-5.64759e+01), Variance: 3.42513e+02 (4.13671e+02), Accept ratio: 0.45183, 
INFO:root:Epoch   104, Energy: -5.57599e+01 (-5.60940e+01), Variance: 2.99902e+02 (3.65998e+02), Accept ratio: 0.45366, 
INFO:root:Epoch   105, Energy: -5.70778e+01 (-5.74624e+01), Variance: 3.51684e+02 (4.36514e+02), Accept ratio: 0.45111, 
INFO:root:Epoch   106, Energy: -5.72324e+01 (-5.77862e+01), Variance: 3.40023e+02 (4.61063e+02), Accept ratio: 0.45573, 
INFO:root:Epoch   107, Energy: -5.75149e+01 (-5.76310e+01), Variance: 3.01495e+02 (3.21305e+02), Accept ratio: 0.45163, 
INFO:root:Epoch   108, Energy: -5.83283e+01 (-5.86335e+01), Variance: 3.83773e+02 (4.42495e+02), Accept ratio: 0.45194, 
INFO:root:Epoch   109, Energy: -5.91784e+01 (-5.94361e+01), Variance: 3.78420e+02 (4.28015e+02), Accept ratio: 0.44662, 
INFO:root:Epoch   110, Energy: -5.96967e+01 (-6.00730e+01), Variance: 4.06249e+02 (4.84612e+02), Accept ratio: 0.43690, 
INFO:root:Epoch   111, Energy: -5.99684e+01 (-6.08659e+01), Variance: 3.99858e+02 (6.41804e+02), Accept ratio: 0.43887, 
INFO:root:Epoch   112, Energy: -6.12282e+01 (-6.22990e+01), Variance: 4.35616e+02 (7.80480e+02), Accept ratio: 0.42297, 
INFO:root:Epoch   113, Energy: -6.19930e+01 (-6.32234e+01), Variance: 4.34504e+02 (1.02604e+03), Accept ratio: 0.43500, 
INFO:root:Epoch   114, Energy: -6.26707e+01 (-6.36868e+01), Variance: 4.52545e+02 (7.31246e+02), Accept ratio: 0.43385, 
INFO:root:Epoch   115, Energy: -6.25671e+01 (-6.32779e+01), Variance: 4.05293e+02 (5.78481e+02), Accept ratio: 0.42864, 
INFO:root:Epoch   116, Energy: -6.36917e+01 (-6.43722e+01), Variance: 4.71743e+02 (6.40774e+02), Accept ratio: 0.42106, 
INFO:root:Epoch   117, Energy: -6.25236e+01 (-6.28907e+01), Variance: 3.69980e+02 (4.50872e+02), Accept ratio: 0.41281, 
INFO:root:Epoch   118, Energy: -6.33169e+01 (-6.36820e+01), Variance: 4.21561e+02 (4.90208e+02), Accept ratio: 0.41615, 
INFO:root:Epoch   119, Energy: -6.24391e+01 (-6.31866e+01), Variance: 3.27896e+02 (6.89200e+02), Accept ratio: 0.41658, 
INFO:root:Epoch   120, Energy: -6.35863e+01 (-6.39100e+01), Variance: 3.59686e+02 (4.33601e+02), Accept ratio: 0.40991, 
INFO:root:Epoch   121, Energy: -6.55751e+01 (-6.60049e+01), Variance: 4.64037e+02 (5.53880e+02), Accept ratio: 0.45012, 
INFO:root:Epoch   122, Energy: -6.51229e+01 (-6.53808e+01), Variance: 4.05950e+02 (4.54518e+02), Accept ratio: 0.45042, 
INFO:root:Epoch   123, Energy: -6.62303e+01 (-6.64177e+01), Variance: 4.17396e+02 (4.53149e+02), Accept ratio: 0.44064, 
INFO:root:Epoch   124, Energy: -6.67123e+01 (-6.70800e+01), Variance: 4.03949e+02 (4.81576e+02), Accept ratio: 0.43426, 
INFO:root:Epoch   125, Energy: -6.66904e+01 (-6.69758e+01), Variance: 3.90841e+02 (4.77310e+02), Accept ratio: 0.42779, 
INFO:root:Epoch   126, Energy: -6.69928e+01 (-6.71645e+01), Variance: 3.56550e+02 (3.85728e+02), Accept ratio: 0.43520, 
INFO:root:Epoch   127, Energy: -6.71058e+01 (-6.76039e+01), Variance: 3.95939e+02 (5.20804e+02), Accept ratio: 0.43016, 
INFO:root:Epoch   128, Energy: -6.82854e+01 (-6.88685e+01), Variance: 3.92583e+02 (5.29303e+02), Accept ratio: 0.41903, 
INFO:root:Epoch   129, Energy: -6.96321e+01 (-7.05241e+01), Variance: 4.43203e+02 (6.88497e+02), Accept ratio: 0.41885, 
INFO:root:Epoch   130, Energy: -6.97922e+01 (-7.04135e+01), Variance: 3.76852e+02 (5.45340e+02), Accept ratio: 0.40934, 
INFO:root:Epoch   131, Energy: -7.07833e+01 (-7.25005e+01), Variance: 4.35477e+02 (2.34422e+03), Accept ratio: 0.45410, 
INFO:root:Epoch   132, Energy: -7.16365e+01 (-7.32557e+01), Variance: 4.74307e+02 (2.33283e+03), Accept ratio: 0.45071, 
INFO:root:Epoch   133, Energy: -7.15437e+01 (-7.18628e+01), Variance: 4.07193e+02 (4.80279e+02), Accept ratio: 0.44717, 
INFO:root:Epoch   134, Energy: -7.19204e+01 (-7.22483e+01), Variance: 4.26168e+02 (5.10459e+02), Accept ratio: 0.44023, 
INFO:root:Epoch   135, Energy: -7.34059e+01 (-7.37860e+01), Variance: 4.50249e+02 (5.40202e+02), Accept ratio: 0.43794, 
INFO:root:Epoch   136, Energy: -7.34579e+01 (-7.40241e+01), Variance: 4.45800e+02 (7.05492e+02), Accept ratio: 0.43019, 
INFO:root:Epoch   137, Energy: -7.43777e+01 (-7.50717e+01), Variance: 4.36188e+02 (7.20658e+02), Accept ratio: 0.42782, 
INFO:root:Epoch   138, Energy: -7.52055e+01 (-7.59900e+01), Variance: 4.52361e+02 (7.53410e+02), Accept ratio: 0.42347, 
INFO:root:Epoch   139, Energy: -7.55445e+01 (-7.62520e+01), Variance: 4.16703e+02 (6.99183e+02), Accept ratio: 0.41860, 
INFO:root:Epoch   140, Energy: -7.60467e+01 (-7.71993e+01), Variance: 4.27128e+02 (8.94848e+02), Accept ratio: 0.41618, 
INFO:root:Epoch   141, Energy: -7.68986e+01 (-7.73511e+01), Variance: 4.39205e+02 (6.40642e+02), Accept ratio: 0.45526, 
INFO:root:Epoch   142, Energy: -7.72464e+01 (-7.75849e+01), Variance: 4.06027e+02 (5.06946e+02), Accept ratio: 0.45246, 
INFO:root:Epoch   143, Energy: -7.86008e+01 (-7.90603e+01), Variance: 4.55201e+02 (5.60802e+02), Accept ratio: 0.45008, 
INFO:root:Epoch   144, Energy: -7.90662e+01 (-7.98611e+01), Variance: 4.41918e+02 (7.01790e+02), Accept ratio: 0.44179, 
INFO:root:Epoch   145, Energy: -7.94487e+01 (-7.98786e+01), Variance: 4.29684e+02 (5.25960e+02), Accept ratio: 0.42908, 
INFO:root:Epoch   146, Energy: -7.98845e+01 (-8.05613e+01), Variance: 4.10636e+02 (6.53987e+02), Accept ratio: 0.43280, 
INFO:root:Epoch   147, Energy: -8.07655e+01 (-8.09029e+01), Variance: 3.78398e+02 (4.05463e+02), Accept ratio: 0.43556, 
INFO:root:Epoch   148, Energy: -8.13067e+01 (-8.18350e+01), Variance: 4.12665e+02 (5.29352e+02), Accept ratio: 0.42070, 
INFO:root:Epoch   149, Energy: -8.29318e+01 (-8.34231e+01), Variance: 4.41153e+02 (5.62341e+02), Accept ratio: 0.41967, 
INFO:root:Epoch   150, Energy: -8.23137e+01 (-8.27262e+01), Variance: 3.90060e+02 (5.09234e+02), Accept ratio: 0.40943, 
INFO:root:Epoch   151, Energy: -8.31297e+01 (-8.36731e+01), Variance: 4.37983e+02 (5.67106e+02), Accept ratio: 0.44963, 
INFO:root:Epoch   152, Energy: -8.36714e+01 (-8.39552e+01), Variance: 4.14511e+02 (4.68436e+02), Accept ratio: 0.44867, 
INFO:root:Epoch   153, Energy: -8.41684e+01 (-8.51143e+01), Variance: 3.95633e+02 (7.11850e+02), Accept ratio: 0.45312, 
INFO:root:Epoch   154, Energy: -8.52506e+01 (-8.61398e+01), Variance: 4.23306e+02 (7.07039e+02), Accept ratio: 0.43790, 
INFO:root:Epoch   155, Energy: -8.64656e+01 (-8.69498e+01), Variance: 4.73270e+02 (6.17337e+02), Accept ratio: 0.43747, 
INFO:root:Epoch   156, Energy: -8.64859e+01 (-8.68520e+01), Variance: 3.96892e+02 (4.71783e+02), Accept ratio: 0.42891, 
INFO:root:Epoch   157, Energy: -8.71122e+01 (-8.75229e+01), Variance: 3.93025e+02 (4.91464e+02), Accept ratio: 0.42149, 
INFO:root:Epoch   158, Energy: -8.70630e+01 (-8.71798e+01), Variance: 3.75182e+02 (4.39468e+02), Accept ratio: 0.41907, 
INFO:root:Epoch   159, Energy: -8.79577e+01 (-8.82761e+01), Variance: 3.46451e+02 (4.17857e+02), Accept ratio: 0.41994, 
INFO:root:Epoch   160, Energy: -8.83737e+01 (-8.89023e+01), Variance: 3.24398e+02 (5.72563e+02), Accept ratio: 0.41004, 
INFO:root:Epoch   161, Energy: -8.94494e+01 (-8.99951e+01), Variance: 3.73896e+02 (5.26212e+02), Accept ratio: 0.45091, 
INFO:root:Epoch   162, Energy: -8.98362e+01 (-9.05279e+01), Variance: 3.75257e+02 (5.64908e+02), Accept ratio: 0.44608, 
INFO:root:Epoch   163, Energy: -9.00728e+01 (-9.05916e+01), Variance: 3.22242e+02 (4.81524e+02), Accept ratio: 0.43669, 
INFO:root:Epoch   164, Energy: -9.02652e+01 (-9.06124e+01), Variance: 2.95731e+02 (3.62692e+02), Accept ratio: 0.43921, 
INFO:root:Epoch   165, Energy: -9.08034e+01 (-9.08587e+01), Variance: 2.85772e+02 (3.21281e+02), Accept ratio: 0.43310, 
INFO:root:Epoch   166, Energy: -9.14999e+01 (-9.18531e+01), Variance: 2.91055e+02 (3.94696e+02), Accept ratio: 0.43006, 
INFO:root:Epoch   167, Energy: -9.21274e+01 (-9.25403e+01), Variance: 2.72804e+02 (3.85850e+02), Accept ratio: 0.42596, 
INFO:root:Epoch   168, Energy: -9.25868e+01 (-9.31623e+01), Variance: 2.77757e+02 (4.29015e+02), Accept ratio: 0.41906, 
INFO:root:Epoch   169, Energy: -9.33766e+01 (-9.34564e+01), Variance: 2.40041e+02 (2.60653e+02), Accept ratio: 0.41849, 
INFO:root:Epoch   170, Energy: -9.31697e+01 (-9.32345e+01), Variance: 2.37196e+02 (2.51872e+02), Accept ratio: 0.42162, 
INFO:root:Epoch   171, Energy: -9.44251e+01 (-9.47376e+01), Variance: 2.41675e+02 (2.96095e+02), Accept ratio: 0.45469, 
INFO:root:Epoch   172, Energy: -9.43699e+01 (-9.43242e+01), Variance: 2.24305e+02 (3.50124e+02), Accept ratio: 0.45168, 
INFO:root:Epoch   173, Energy: -9.43640e+01 (-9.36664e+01), Variance: 2.43465e+02 (7.68944e+02), Accept ratio: 0.43414, 
INFO:root:Epoch   174, Energy: -9.47903e+01 (-9.48843e+01), Variance: 2.25343e+02 (2.79957e+02), Accept ratio: 0.44322, 
INFO:root:Epoch   175, Energy: -9.50483e+01 (-9.52935e+01), Variance: 2.04964e+02 (2.81311e+02), Accept ratio: 0.44370, 
INFO:root:Epoch   176, Energy: -9.53903e+01 (-9.58082e+01), Variance: 2.18294e+02 (3.59618e+02), Accept ratio: 0.44394, 
INFO:root:Epoch   177, Energy: -9.60383e+01 (-9.60766e+01), Variance: 2.13736e+02 (2.21643e+02), Accept ratio: 0.43242, 
INFO:root:Epoch   178, Energy: -9.58705e+01 (-9.59112e+01), Variance: 1.88269e+02 (1.99169e+02), Accept ratio: 0.42809, 
INFO:root:Epoch   179, Energy: -9.65889e+01 (-9.67656e+01), Variance: 1.97432e+02 (2.58253e+02), Accept ratio: 0.43231, 
INFO:root:Epoch   180, Energy: -9.68162e+01 (-9.71247e+01), Variance: 1.95713e+02 (2.62347e+02), Accept ratio: 0.42412, 
INFO:root:Epoch   181, Energy: -9.74711e+01 (-9.76203e+01), Variance: 2.07021e+02 (2.83095e+02), Accept ratio: 0.46451, 
INFO:root:Epoch   182, Energy: -9.70869e+01 (-9.69919e+01), Variance: 1.92311e+02 (2.17998e+02), Accept ratio: 0.45916, 
INFO:root:Epoch   183, Energy: -9.75921e+01 (-9.74932e+01), Variance: 1.85425e+02 (5.17801e+02), Accept ratio: 0.46879, 
INFO:root:Epoch   184, Energy: -9.74767e+01 (-9.76412e+01), Variance: 1.84355e+02 (2.28892e+02), Accept ratio: 0.46582, 
INFO:root:Epoch   185, Energy: -9.75334e+01 (-9.72967e+01), Variance: 1.93608e+02 (3.03943e+02), Accept ratio: 0.45371, 
INFO:root:Epoch   186, Energy: -9.79468e+01 (-9.79288e+01), Variance: 1.79712e+02 (2.37542e+02), Accept ratio: 0.45698, 
INFO:root:Epoch   187, Energy: -9.80463e+01 (-9.80758e+01), Variance: 1.69281e+02 (2.05632e+02), Accept ratio: 0.45660, 
INFO:root:Epoch   188, Energy: -9.84041e+01 (-9.82708e+01), Variance: 1.77572e+02 (2.39925e+02), Accept ratio: 0.44582, 
INFO:root:Epoch   189, Energy: -9.87940e+01 (-9.89831e+01), Variance: 1.68249e+02 (2.19588e+02), Accept ratio: 0.45471, 
INFO:root:Epoch   190, Energy: -9.93491e+01 (-9.93301e+01), Variance: 1.58323e+02 (1.89359e+02), Accept ratio: 0.44296, 
INFO:root:Epoch   191, Energy: -9.92243e+01 (-9.90942e+01), Variance: 1.43705e+02 (1.92987e+02), Accept ratio: 0.44511, 
INFO:root:Epoch   192, Energy: -9.93521e+01 (-9.92626e+01), Variance: 1.45124e+02 (1.60116e+02), Accept ratio: 0.44786, 
INFO:root:Epoch   193, Energy: -9.94966e+01 (-9.94644e+01), Variance: 1.27302e+02 (1.36151e+02), Accept ratio: 0.44806, 
INFO:root:Epoch   194, Energy: -1.00142e+02 (-9.99617e+01), Variance: 1.38096e+02 (1.76915e+02), Accept ratio: 0.43990, 
INFO:root:Epoch   195, Energy: -1.00405e+02 (-1.00248e+02), Variance: 1.47272e+02 (2.48982e+02), Accept ratio: 0.43457, 
INFO:root:Epoch   196, Energy: -1.01003e+02 (-1.00921e+02), Variance: 1.55973e+02 (4.93630e+02), Accept ratio: 0.44065, 
INFO:root:Epoch   197, Energy: -1.00771e+02 (-1.00632e+02), Variance: 1.54422e+02 (4.55308e+02), Accept ratio: 0.44084, 
INFO:root:Epoch   198, Energy: -1.00892e+02 (-1.00769e+02), Variance: 1.44648e+02 (2.89994e+02), Accept ratio: 0.43845, 
INFO:root:Epoch   199, Energy: -1.00880e+02 (-1.00705e+02), Variance: 1.40884e+02 (2.83985e+02), Accept ratio: 0.43511, 
INFO:root:Epoch   200, Energy: -1.00863e+02 (-1.00555e+02), Variance: 1.33604e+02 (2.29341e+02), Accept ratio: 0.43262, , best weights saved
INFO:root:Epoch   201, Energy: -1.00878e+02 (-1.00876e+02), Variance: 1.30803e+02 (1.63936e+02), Accept ratio: 0.47719, 
INFO:root:Epoch   202, Energy: -1.00729e+02 (-1.00574e+02), Variance: 1.08448e+02 (1.43917e+02), Accept ratio: 0.47606, 
INFO:root:Epoch   203, Energy: -1.01456e+02 (-1.01588e+02), Variance: 1.16077e+02 (1.55680e+02), Accept ratio: 0.47672, 
INFO:root:Epoch   204, Energy: -1.01649e+02 (-1.01625e+02), Variance: 1.11845e+02 (1.27552e+02), Accept ratio: 0.47328, 
INFO:root:Epoch   205, Energy: -1.01803e+02 (-1.01959e+02), Variance: 1.20200e+02 (2.04288e+02), Accept ratio: 0.47676, 
INFO:root:Epoch   206, Energy: -1.01956e+02 (-1.01778e+02), Variance: 1.14258e+02 (1.60743e+02), Accept ratio: 0.47372, 
INFO:root:Epoch   207, Energy: -1.02126e+02 (-1.02167e+02), Variance: 1.14898e+02 (2.17596e+02), Accept ratio: 0.47014, 
INFO:root:Epoch   208, Energy: -1.01733e+02 (-1.01649e+02), Variance: 1.21896e+02 (1.68121e+02), Accept ratio: 0.47492, 
INFO:root:Epoch   209, Energy: -1.01555e+02 (-1.00936e+02), Variance: 1.16386e+02 (3.09067e+02), Accept ratio: 0.46803, 
INFO:root:Epoch   210, Energy: -1.01843e+02 (-1.01510e+02), Variance: 1.09092e+02 (1.87134e+02), Accept ratio: 0.47072, 
INFO:root:Epoch   211, Energy: -1.01908e+02 (-1.01747e+02), Variance: 1.19543e+02 (1.91623e+02), Accept ratio: 0.46331, 
INFO:root:Epoch   212, Energy: -1.01704e+02 (-1.01043e+02), Variance: 1.24046e+02 (3.13894e+02), Accept ratio: 0.46313, 
INFO:root:Epoch   213, Energy: -1.01665e+02 (-1.01083e+02), Variance: 1.05823e+02 (2.56769e+02), Accept ratio: 0.46586, 
INFO:root:Epoch   214, Energy: -1.01965e+02 (-1.01568e+02), Variance: 1.17235e+02 (1.83817e+02), Accept ratio: 0.45930, 
INFO:root:Epoch   215, Energy: -1.02209e+02 (-1.01832e+02), Variance: 1.09948e+02 (1.57682e+02), Accept ratio: 0.45587, 
INFO:root:Epoch   216, Energy: -1.02299e+02 (-1.02000e+02), Variance: 1.06645e+02 (1.49081e+02), Accept ratio: 0.46024, 
INFO:root:Epoch   217, Energy: -1.02465e+02 (-1.02058e+02), Variance: 1.09602e+02 (2.05289e+02), Accept ratio: 0.45520, 
INFO:root:Epoch   218, Energy: -1.02469e+02 (-1.02319e+02), Variance: 9.90351e+01 (1.28522e+02), Accept ratio: 0.45739, 
INFO:root:Epoch   219, Energy: -1.02935e+02 (-1.03049e+02), Variance: 9.54848e+01 (1.32460e+02), Accept ratio: 0.46043, 
INFO:root:Epoch   220, Energy: -1.02807e+02 (-1.02651e+02), Variance: 1.01797e+02 (2.00569e+02), Accept ratio: 0.46007, 
INFO:root:Epoch   221, Energy: -1.02786e+02 (-1.02614e+02), Variance: 9.75756e+01 (1.71382e+02), Accept ratio: 0.46696, 
INFO:root:Epoch   222, Energy: -1.03160e+02 (-1.03289e+02), Variance: 9.62663e+01 (3.59104e+02), Accept ratio: 0.45549, 
INFO:root:Epoch   223, Energy: -1.03085e+02 (-1.03052e+02), Variance: 1.03963e+02 (1.37445e+02), Accept ratio: 0.46326, 
INFO:root:Epoch   224, Energy: -1.03125e+02 (-1.03169e+02), Variance: 9.56432e+01 (2.02934e+02), Accept ratio: 0.45863, 
INFO:root:Epoch   225, Energy: -1.03102e+02 (-1.02871e+02), Variance: 1.01156e+02 (2.85936e+02), Accept ratio: 0.45773, 
INFO:root:Epoch   226, Energy: -1.03453e+02 (-1.03316e+02), Variance: 9.63448e+01 (1.52802e+02), Accept ratio: 0.45656, 
INFO:root:Epoch   227, Energy: -1.03460e+02 (-1.03082e+02), Variance: 1.01175e+02 (2.04636e+02), Accept ratio: 0.45777, 
INFO:root:Epoch   228, Energy: -1.03652e+02 (-1.03760e+02), Variance: 8.26054e+01 (1.27848e+02), Accept ratio: 0.45893, 
INFO:root:Epoch   229, Energy: -1.03494e+02 (-1.03483e+02), Variance: 8.43802e+01 (1.15034e+02), Accept ratio: 0.45079, 
INFO:root:Epoch   230, Energy: -1.03627e+02 (-1.03491e+02), Variance: 8.69421e+01 (1.77622e+02), Accept ratio: 0.46068, 
INFO:root:Epoch   231, Energy: -1.03571e+02 (-1.02562e+02), Variance: 8.63372e+01 (9.98508e+02), Accept ratio: 0.44693, 
INFO:root:Epoch   232, Energy: -1.03495e+02 (-1.03421e+02), Variance: 8.45734e+01 (1.12166e+02), Accept ratio: 0.45039, 
INFO:root:Epoch   233, Energy: -1.03482e+02 (-1.03220e+02), Variance: 7.91532e+01 (1.27863e+02), Accept ratio: 0.45263, 
INFO:root:Epoch   234, Energy: -1.03601e+02 (-1.03385e+02), Variance: 7.36878e+01 (1.21661e+02), Accept ratio: 0.45837, 
INFO:root:Epoch   235, Energy: -1.04000e+02 (-1.04131e+02), Variance: 7.30653e+01 (1.26571e+02), Accept ratio: 0.45670, 
INFO:root:Epoch   236, Energy: -1.03966e+02 (-1.03784e+02), Variance: 7.27092e+01 (1.07110e+02), Accept ratio: 0.45156, 
INFO:root:Epoch   237, Energy: -1.04174e+02 (-1.03988e+02), Variance: 8.08587e+01 (1.46119e+02), Accept ratio: 0.44945, 
INFO:root:Epoch   238, Energy: -1.04023e+02 (-1.03946e+02), Variance: 7.67074e+01 (1.06092e+02), Accept ratio: 0.45159, 
INFO:root:Epoch   239, Energy: -1.04062e+02 (-1.03908e+02), Variance: 6.84374e+01 (8.10182e+01), Accept ratio: 0.45137, 
INFO:root:Epoch   240, Energy: -1.03886e+02 (-1.03932e+02), Variance: 7.51236e+01 (1.25495e+02), Accept ratio: 0.44719, 
INFO:root:Epoch   241, Energy: -1.03942e+02 (-1.03902e+02), Variance: 8.05158e+01 (1.30527e+02), Accept ratio: 0.46086, 
INFO:root:Epoch   242, Energy: -1.04044e+02 (-1.03610e+02), Variance: 6.95799e+01 (1.63993e+02), Accept ratio: 0.45729, 
INFO:root:Epoch   243, Energy: -1.04156e+02 (-1.04046e+02), Variance: 7.26722e+01 (9.32319e+01), Accept ratio: 0.45677, 
INFO:root:Epoch   244, Energy: -1.04379e+02 (-1.04205e+02), Variance: 6.71217e+01 (8.55723e+01), Accept ratio: 0.45419, 
INFO:root:Epoch   245, Energy: -1.04303e+02 (-1.04073e+02), Variance: 6.35759e+01 (1.14112e+02), Accept ratio: 0.44880, 
INFO:root:Epoch   246, Energy: -1.04021e+02 (-1.03933e+02), Variance: 6.31420e+01 (7.64232e+01), Accept ratio: 0.45108, 
INFO:root:Epoch   247, Energy: -1.03972e+02 (-1.03701e+02), Variance: 6.68143e+01 (1.17385e+02), Accept ratio: 0.44626, 
INFO:root:Epoch   248, Energy: -1.04444e+02 (-1.04057e+02), Variance: 6.29529e+01 (1.17593e+02), Accept ratio: 0.44971, 
INFO:root:Epoch   249, Energy: -1.04487e+02 (-1.04256e+02), Variance: 6.41689e+01 (1.08137e+02), Accept ratio: 0.44420, 
INFO:root:Epoch   250, Energy: -1.04467e+02 (-1.04183e+02), Variance: 6.43485e+01 (9.28362e+01), Accept ratio: 0.44531, 
INFO:root:Epoch   251, Energy: -1.04151e+02 (-1.03775e+02), Variance: 7.31023e+01 (1.37607e+02), Accept ratio: 0.44468, 
INFO:root:Epoch   252, Energy: -1.04025e+02 (-1.03722e+02), Variance: 7.24019e+01 (1.50083e+02), Accept ratio: 0.44764, 
INFO:root:Epoch   253, Energy: -1.04355e+02 (-1.04399e+02), Variance: 6.92234e+01 (1.03263e+02), Accept ratio: 0.45223, 
INFO:root:Epoch   254, Energy: -1.04364e+02 (-1.04132e+02), Variance: 6.31264e+01 (9.03901e+01), Accept ratio: 0.45068, 
INFO:root:Epoch   255, Energy: -1.04363e+02 (-1.04033e+02), Variance: 6.14551e+01 (9.44237e+01), Accept ratio: 0.44912, 
INFO:root:Epoch   256, Energy: -1.04259e+02 (-1.03957e+02), Variance: 6.31218e+01 (1.30558e+02), Accept ratio: 0.44607, 
INFO:root:Epoch   257, Energy: -1.04959e+02 (-1.04517e+02), Variance: 6.41670e+01 (2.00555e+02), Accept ratio: 0.44825, 
INFO:root:Epoch   258, Energy: -1.04479e+02 (-1.04084e+02), Variance: 6.48710e+01 (1.13997e+02), Accept ratio: 0.45021, 
INFO:root:Epoch   259, Energy: -1.04538e+02 (-1.04158e+02), Variance: 6.55266e+01 (1.21610e+02), Accept ratio: 0.44515, 
INFO:root:Epoch   260, Energy: -1.04624e+02 (-1.04495e+02), Variance: 6.92027e+01 (1.39358e+02), Accept ratio: 0.44699, 
INFO:root:Epoch   261, Energy: -1.04494e+02 (-1.04182e+02), Variance: 6.35023e+01 (1.63653e+02), Accept ratio: 0.49099, 
INFO:root:Epoch   262, Energy: -1.04652e+02 (-1.04398e+02), Variance: 6.94713e+01 (1.31563e+02), Accept ratio: 0.47925, 
INFO:root:Epoch   263, Energy: -1.04855e+02 (-1.04545e+02), Variance: 6.18475e+01 (1.15222e+02), Accept ratio: 0.48608, 
INFO:root:Epoch   264, Energy: -1.04679e+02 (-1.03971e+02), Variance: 6.44900e+01 (1.82593e+02), Accept ratio: 0.48620, 
INFO:root:Epoch   265, Energy: -1.04834e+02 (-1.04456e+02), Variance: 6.02324e+01 (1.45302e+02), Accept ratio: 0.48409, 
INFO:root:Epoch   266, Energy: -1.04755e+02 (-1.04481e+02), Variance: 5.65413e+01 (1.05620e+02), Accept ratio: 0.47806, 
INFO:root:Epoch   267, Energy: -1.04716e+02 (-1.04327e+02), Variance: 5.38428e+01 (9.86349e+01), Accept ratio: 0.48326, 
INFO:root:Epoch   268, Energy: -1.04937e+02 (-1.04624e+02), Variance: 4.77961e+01 (9.55494e+01), Accept ratio: 0.49345, 
INFO:root:Epoch   269, Energy: -1.04808e+02 (-1.04421e+02), Variance: 4.75632e+01 (9.80758e+01), Accept ratio: 0.48709, 
INFO:root:Epoch   270, Energy: -1.05026e+02 (-1.04695e+02), Variance: 4.98794e+01 (1.11135e+02), Accept ratio: 0.48584, 
INFO:root:Epoch   271, Energy: -1.05167e+02 (-1.04937e+02), Variance: 5.10115e+01 (8.77218e+01), Accept ratio: 0.48879, 
INFO:root:Epoch   272, Energy: -1.04954e+02 (-1.04880e+02), Variance: 5.65174e+01 (1.16458e+02), Accept ratio: 0.48502, 
INFO:root:Epoch   273, Energy: -1.05098e+02 (-1.04840e+02), Variance: 5.25978e+01 (8.28722e+01), Accept ratio: 0.49140, 
INFO:root:Epoch   274, Energy: -1.05189e+02 (-1.04834e+02), Variance: 4.81707e+01 (1.07328e+02), Accept ratio: 0.49422, 
INFO:root:Epoch   275, Energy: -1.05213e+02 (-1.04861e+02), Variance: 4.54520e+01 (7.53378e+01), Accept ratio: 0.49155, 
INFO:root:Epoch   276, Energy: -1.05339e+02 (-1.04809e+02), Variance: 4.46728e+01 (1.57716e+02), Accept ratio: 0.48619, 
INFO:root:Epoch   277, Energy: -1.05345e+02 (-1.05178e+02), Variance: 4.14884e+01 (7.29083e+01), Accept ratio: 0.48823, 
INFO:root:Epoch   278, Energy: -1.05369e+02 (-1.05263e+02), Variance: 4.53271e+01 (9.40217e+01), Accept ratio: 0.47997, 
INFO:root:Epoch   279, Energy: -1.05080e+02 (-1.04826e+02), Variance: 5.21385e+01 (8.26046e+01), Accept ratio: 0.49103, 
INFO:root:Epoch   280, Energy: -1.05110e+02 (-1.04929e+02), Variance: 4.77964e+01 (7.54930e+01), Accept ratio: 0.48465, 
INFO:root:Epoch   281, Energy: -1.05111e+02 (-1.04873e+02), Variance: 4.67419e+01 (6.62993e+01), Accept ratio: 0.48804, 
INFO:root:Epoch   282, Energy: -1.05186e+02 (-1.04801e+02), Variance: 4.84519e+01 (9.10316e+01), Accept ratio: 0.48567, 
INFO:root:Epoch   283, Energy: -1.05148e+02 (-1.04812e+02), Variance: 4.59433e+01 (7.83171e+01), Accept ratio: 0.48846, 
INFO:root:Epoch   284, Energy: -1.05169e+02 (-1.04676e+02), Variance: 4.96180e+01 (1.10250e+02), Accept ratio: 0.48730, 
INFO:root:Epoch   285, Energy: -1.05314e+02 (-1.05118e+02), Variance: 4.68914e+01 (7.53302e+01), Accept ratio: 0.48757, 
INFO:root:Epoch   286, Energy: -1.05249e+02 (-1.04745e+02), Variance: 5.07286e+01 (1.09300e+02), Accept ratio: 0.48401, 
INFO:root:Epoch   287, Energy: -1.05431e+02 (-1.05131e+02), Variance: 4.11707e+01 (7.32460e+01), Accept ratio: 0.49002, 
INFO:root:Epoch   288, Energy: -1.05448e+02 (-1.05172e+02), Variance: 4.66791e+01 (8.25842e+01), Accept ratio: 0.48155, 
INFO:root:Epoch   289, Energy: -1.05483e+02 (-1.05245e+02), Variance: 4.18060e+01 (8.43361e+01), Accept ratio: 0.48847, 
INFO:root:Epoch   290, Energy: -1.05570e+02 (-1.05523e+02), Variance: 4.13111e+01 (6.86104e+01), Accept ratio: 0.48403, 
INFO:root:Epoch   291, Energy: -1.05762e+02 (-1.05662e+02), Variance: 3.86524e+01 (7.74148e+01), Accept ratio: 0.49465, 
INFO:root:Epoch   292, Energy: -1.05658e+02 (-1.05363e+02), Variance: 4.23995e+01 (2.57235e+02), Accept ratio: 0.48895, 
INFO:root:Epoch   293, Energy: -1.05737e+02 (-1.05523e+02), Variance: 4.08236e+01 (7.41253e+01), Accept ratio: 0.47776, 
INFO:root:Epoch   294, Energy: -1.05803e+02 (-1.05493e+02), Variance: 3.51658e+01 (8.56822e+01), Accept ratio: 0.48335, 
INFO:root:Epoch   295, Energy: -1.05829e+02 (-1.05640e+02), Variance: 3.55171e+01 (4.97586e+01), Accept ratio: 0.48376, 
INFO:root:Epoch   296, Energy: -1.05688e+02 (-1.05480e+02), Variance: 3.52360e+01 (5.25086e+01), Accept ratio: 0.48597, 
INFO:root:Epoch   297, Energy: -1.05762e+02 (-1.05661e+02), Variance: 3.65397e+01 (8.86281e+01), Accept ratio: 0.48549, 
INFO:root:Epoch   298, Energy: -1.05705e+02 (-1.05646e+02), Variance: 3.45389e+01 (6.33009e+01), Accept ratio: 0.49259, 
INFO:root:Epoch   299, Energy: -1.05452e+02 (-1.04934e+02), Variance: 4.33133e+01 (1.48282e+02), Accept ratio: 0.49050, 
INFO:root:Epoch   300, Energy: -1.06025e+02 (-1.05711e+02), Variance: 3.63668e+01 (1.27892e+02), Accept ratio: 0.48411, , best weights saved
INFO:root:Epoch   301, Energy: -1.05964e+02 (-1.05550e+02), Variance: 3.21007e+01 (8.94323e+01), Accept ratio: 0.48044, 
INFO:root:Epoch   302, Energy: -1.05982e+02 (-1.05590e+02), Variance: 3.02892e+01 (8.58072e+01), Accept ratio: 0.48961, 
INFO:root:Epoch   303, Energy: -1.06073e+02 (-1.06202e+02), Variance: 2.95134e+01 (9.56952e+01), Accept ratio: 0.49003, 
INFO:root:Epoch   304, Energy: -1.05874e+02 (-1.05653e+02), Variance: 3.21771e+01 (4.54053e+01), Accept ratio: 0.48587, 
INFO:root:Epoch   305, Energy: -1.05791e+02 (-1.05613e+02), Variance: 3.47273e+01 (5.21980e+01), Accept ratio: 0.49083, 
INFO:root:Epoch   306, Energy: -1.06161e+02 (-1.06163e+02), Variance: 3.31037e+01 (5.71406e+01), Accept ratio: 0.48040, 
INFO:root:Epoch   307, Energy: -1.05985e+02 (-1.05889e+02), Variance: 3.05148e+01 (4.04039e+01), Accept ratio: 0.48528, 
INFO:root:Epoch   308, Energy: -1.05972e+02 (-1.05753e+02), Variance: 3.21638e+01 (5.83933e+01), Accept ratio: 0.48514, 
INFO:root:Epoch   309, Energy: -1.05730e+02 (-1.05258e+02), Variance: 3.78002e+01 (1.00963e+02), Accept ratio: 0.48792, 
INFO:root:Epoch   310, Energy: -1.05850e+02 (-1.05626e+02), Variance: 3.21574e+01 (6.87789e+01), Accept ratio: 0.48900, 
INFO:root:Epoch   311, Energy: -1.05902e+02 (-1.05765e+02), Variance: 3.15378e+01 (5.99288e+01), Accept ratio: 0.48288, 
INFO:root:Epoch   312, Energy: -1.05968e+02 (-1.05767e+02), Variance: 3.42066e+01 (7.29942e+01), Accept ratio: 0.48426, 
INFO:root:Epoch   313, Energy: -1.06245e+02 (-1.06302e+02), Variance: 3.03651e+01 (6.53479e+01), Accept ratio: 0.48762, 
INFO:root:Epoch   314, Energy: -1.06387e+02 (-1.06162e+02), Variance: 2.48128e+01 (3.91137e+01), Accept ratio: 0.48567, 
INFO:root:Epoch   315, Energy: -1.06558e+02 (-1.06469e+02), Variance: 2.72424e+01 (4.38575e+01), Accept ratio: 0.48371, 
INFO:root:Epoch   316, Energy: -1.06586e+02 (-1.06473e+02), Variance: 2.70889e+01 (4.79447e+01), Accept ratio: 0.48623, 
INFO:root:Epoch   317, Energy: -1.06186e+02 (-1.05746e+02), Variance: 2.94276e+01 (1.31098e+02), Accept ratio: 0.47983, 
INFO:root:Epoch   318, Energy: -1.06061e+02 (-1.05633e+02), Variance: 3.29607e+01 (9.65069e+01), Accept ratio: 0.47913, 
INFO:root:Epoch   319, Energy: -1.06393e+02 (-1.06202e+02), Variance: 2.75397e+01 (4.06867e+01), Accept ratio: 0.48092, 
INFO:root:Epoch   320, Energy: -1.06221e+02 (-1.06009e+02), Variance: 2.95418e+01 (5.72118e+01), Accept ratio: 0.48494, 
INFO:root:Epoch   321, Energy: -1.06311e+02 (-1.06152e+02), Variance: 2.32182e+01 (4.08186e+01), Accept ratio: 0.48111, 
INFO:root:Epoch   322, Energy: -1.06414e+02 (-1.06434e+02), Variance: 2.81332e+01 (8.73276e+01), Accept ratio: 0.48480, 
INFO:root:Epoch   323, Energy: -1.06279e+02 (-1.06109e+02), Variance: 2.47322e+01 (3.88155e+01), Accept ratio: 0.48089, 
INFO:root:Epoch   324, Energy: -1.06215e+02 (-1.05925e+02), Variance: 2.56131e+01 (4.66353e+01), Accept ratio: 0.47437, 
INFO:root:Epoch   325, Energy: -1.06168e+02 (-1.05586e+02), Variance: 2.91647e+01 (1.67954e+02), Accept ratio: 0.48503, 
INFO:root:Epoch   326, Energy: -1.06135e+02 (-1.06176e+02), Variance: 2.94064e+01 (1.18055e+02), Accept ratio: 0.48834, 
INFO:root:Epoch   327, Energy: -1.06345e+02 (-1.06514e+02), Variance: 2.81015e+01 (1.08954e+02), Accept ratio: 0.48454, 
INFO:root:Epoch   328, Energy: -1.06431e+02 (-1.06294e+02), Variance: 2.22581e+01 (4.82466e+01), Accept ratio: 0.48909, 
INFO:root:Epoch   329, Energy: -1.06376e+02 (-1.06150e+02), Variance: 2.39712e+01 (3.78523e+01), Accept ratio: 0.47864, 
INFO:root:Epoch   330, Energy: -1.06611e+02 (-1.06404e+02), Variance: 2.20897e+01 (3.37812e+01), Accept ratio: 0.48460, 
INFO:root:Epoch   331, Energy: -1.06543e+02 (-1.06474e+02), Variance: 2.30104e+01 (3.54717e+01), Accept ratio: 0.47990, 
INFO:root:Epoch   332, Energy: -1.06474e+02 (-1.06259e+02), Variance: 2.30880e+01 (5.43624e+01), Accept ratio: 0.47830, 
INFO:root:Epoch   333, Energy: -1.06566e+02 (-1.06390e+02), Variance: 2.35876e+01 (5.51382e+01), Accept ratio: 0.48226, 
INFO:root:Epoch   334, Energy: -1.06557e+02 (-1.06234e+02), Variance: 2.36193e+01 (6.31629e+01), Accept ratio: 0.48320, 
INFO:root:Epoch   335, Energy: -1.06573e+02 (-1.06523e+02), Variance: 2.70887e+01 (1.06986e+02), Accept ratio: 0.48103, 
INFO:root:Epoch   336, Energy: -1.06618e+02 (-1.06522e+02), Variance: 2.76805e+01 (7.21542e+01), Accept ratio: 0.47856, 
INFO:root:Epoch   337, Energy: -1.06665e+02 (-1.06308e+02), Variance: 2.39652e+01 (8.82519e+01), Accept ratio: 0.47785, 
INFO:root:Epoch   338, Energy: -1.06444e+02 (-1.06264e+02), Variance: 2.16389e+01 (3.11521e+01), Accept ratio: 0.48447, 
INFO:root:Epoch   339, Energy: -1.06315e+02 (-1.05730e+02), Variance: 2.86957e+01 (1.69149e+02), Accept ratio: 0.48198, 
INFO:root:Epoch   340, Energy: -1.06328e+02 (-1.06265e+02), Variance: 2.80789e+01 (3.58977e+02), Accept ratio: 0.47704, 
INFO:root:Epoch   341, Energy: -1.06419e+02 (-1.06059e+02), Variance: 2.35240e+01 (1.21257e+02), Accept ratio: 0.47917, 
INFO:root:Epoch   342, Energy: -1.06486e+02 (-1.06117e+02), Variance: 2.34433e+01 (1.00613e+02), Accept ratio: 0.48345, 
INFO:root:Epoch   343, Energy: -1.06394e+02 (-1.06209e+02), Variance: 2.45909e+01 (5.16145e+01), Accept ratio: 0.47276, 
INFO:root:Epoch   344, Energy: -1.06340e+02 (-1.06169e+02), Variance: 2.54697e+01 (4.26380e+01), Accept ratio: 0.47942, 
INFO:root:Epoch   345, Energy: -1.06565e+02 (-1.06525e+02), Variance: 2.27302e+01 (5.12687e+01), Accept ratio: 0.47682, 
INFO:root:Epoch   346, Energy: -1.06615e+02 (-1.06273e+02), Variance: 2.40550e+01 (7.59121e+01), Accept ratio: 0.47576, 
INFO:root:Epoch   347, Energy: -1.06648e+02 (-1.06483e+02), Variance: 2.26941e+01 (5.01108e+01), Accept ratio: 0.47622, 
INFO:root:Epoch   348, Energy: -1.06795e+02 (-1.06715e+02), Variance: 1.95451e+01 (3.97721e+01), Accept ratio: 0.48890, 
INFO:root:Epoch   349, Energy: -1.06742e+02 (-1.06599e+02), Variance: 1.92534e+01 (2.75161e+01), Accept ratio: 0.47698, 
INFO:root:Epoch   350, Energy: -1.06741e+02 (-1.06612e+02), Variance: 1.88493e+01 (2.61632e+01), Accept ratio: 0.47590, 
INFO:root:Epoch   351, Energy: -1.06880e+02 (-1.06880e+02), Variance: 1.84260e+01 (2.92398e+01), Accept ratio: 0.48173, 
INFO:root:Epoch   352, Energy: -1.06922e+02 (-1.06948e+02), Variance: 1.71831e+01 (2.96438e+01), Accept ratio: 0.48559, 
INFO:root:Epoch   353, Energy: -1.06705e+02 (-1.06581e+02), Variance: 1.98771e+01 (2.97927e+01), Accept ratio: 0.48583, 
INFO:root:Epoch   354, Energy: -1.06731e+02 (-1.06745e+02), Variance: 2.06293e+01 (3.11578e+01), Accept ratio: 0.47726, 
INFO:root:Epoch   355, Energy: -1.06943e+02 (-1.06874e+02), Variance: 1.77765e+01 (2.56312e+01), Accept ratio: 0.47893, 
INFO:root:Epoch   356, Energy: -1.06838e+02 (-1.06772e+02), Variance: 1.68749e+01 (2.61045e+01), Accept ratio: 0.47922, 
INFO:root:Epoch   357, Energy: -1.06988e+02 (-1.06837e+02), Variance: 2.01012e+01 (7.56545e+01), Accept ratio: 0.48321, 
INFO:root:Epoch   358, Energy: -1.07079e+02 (-1.07186e+02), Variance: 1.59965e+01 (4.49913e+01), Accept ratio: 0.48602, 
INFO:root:Epoch   359, Energy: -1.07038e+02 (-1.06934e+02), Variance: 1.55381e+01 (2.79505e+01), Accept ratio: 0.48469, 
INFO:root:Epoch   360, Energy: -1.06951e+02 (-1.06824e+02), Variance: 1.59250e+01 (2.52555e+01), Accept ratio: 0.47833, 
INFO:root:Epoch   361, Energy: -1.07014e+02 (-1.07031e+02), Variance: 1.59802e+01 (3.41615e+01), Accept ratio: 0.47248, 
INFO:root:Epoch   362, Energy: -1.06976e+02 (-1.06774e+02), Variance: 1.48403e+01 (3.73850e+01), Accept ratio: 0.48074, 
INFO:root:Epoch   363, Energy: -1.06964e+02 (-1.07171e+02), Variance: 1.71653e+01 (9.26536e+01), Accept ratio: 0.47797, 
INFO:root:Epoch   364, Energy: -1.06983e+02 (-1.06869e+02), Variance: 1.45087e+01 (2.46821e+01), Accept ratio: 0.47634, 
INFO:root:Epoch   365, Energy: -1.07023e+02 (-1.06906e+02), Variance: 1.61930e+01 (2.63950e+01), Accept ratio: 0.47539, 
INFO:root:Epoch   366, Energy: -1.07101e+02 (-1.06935e+02), Variance: 1.26657e+01 (2.51714e+01), Accept ratio: 0.48203, 
INFO:root:Epoch   367, Energy: -1.07014e+02 (-1.07082e+02), Variance: 1.58250e+01 (3.84669e+01), Accept ratio: 0.48410, 
INFO:root:Epoch   368, Energy: -1.06946e+02 (-1.06840e+02), Variance: 1.39569e+01 (1.99287e+01), Accept ratio: 0.47969, 
INFO:root:Epoch   369, Energy: -1.06828e+02 (-1.06710e+02), Variance: 1.49441e+01 (2.70126e+01), Accept ratio: 0.48475, 
INFO:root:Epoch   370, Energy: -1.06825e+02 (-1.06738e+02), Variance: 1.44253e+01 (2.23103e+01), Accept ratio: 0.47791, 
INFO:root:Epoch   371, Energy: -1.06803e+02 (-1.06770e+02), Variance: 1.43942e+01 (4.60422e+01), Accept ratio: 0.47269, 
INFO:root:Epoch   372, Energy: -1.06808e+02 (-1.06536e+02), Variance: 1.58887e+01 (3.64863e+01), Accept ratio: 0.47616, 
INFO:root:Epoch   373, Energy: -1.07096e+02 (-1.06958e+02), Variance: 1.38113e+01 (2.25654e+01), Accept ratio: 0.48010, 
INFO:root:Epoch   374, Energy: -1.07075e+02 (-1.06858e+02), Variance: 1.23657e+01 (2.75421e+01), Accept ratio: 0.47647, 
INFO:root:Epoch   375, Energy: -1.06996e+02 (-1.06672e+02), Variance: 1.45493e+01 (4.04419e+01), Accept ratio: 0.48151, 
INFO:root:Epoch   376, Energy: -1.07155e+02 (-1.07000e+02), Variance: 1.43479e+01 (3.09266e+01), Accept ratio: 0.47870, 
INFO:root:Epoch   377, Energy: -1.07256e+02 (-1.07129e+02), Variance: 1.37082e+01 (1.99677e+01), Accept ratio: 0.47929, 
INFO:root:Epoch   378, Energy: -1.07199e+02 (-1.07106e+02), Variance: 1.36562e+01 (2.43920e+01), Accept ratio: 0.47604, 
INFO:root:Epoch   379, Energy: -1.07364e+02 (-1.07291e+02), Variance: 1.30340e+01 (2.23324e+01), Accept ratio: 0.48135, 
INFO:root:Epoch   380, Energy: -1.07016e+02 (-1.07000e+02), Variance: 1.47128e+01 (3.07194e+01), Accept ratio: 0.48426, 
INFO:root:Epoch   381, Energy: -1.07098e+02 (-1.06860e+02), Variance: 1.33849e+01 (3.85550e+01), Accept ratio: 0.47546, 
INFO:root:Epoch   382, Energy: -1.07218e+02 (-1.07120e+02), Variance: 1.28863e+01 (2.06986e+01), Accept ratio: 0.47881, 
INFO:root:Epoch   383, Energy: -1.07113e+02 (-1.07062e+02), Variance: 1.20823e+01 (1.58219e+01), Accept ratio: 0.46949, 
INFO:root:Epoch   384, Energy: -1.07052e+02 (-1.06968e+02), Variance: 1.23168e+01 (2.29714e+01), Accept ratio: 0.47860, 
INFO:root:Epoch   385, Energy: -1.07075e+02 (-1.06973e+02), Variance: 1.39961e+01 (2.63056e+01), Accept ratio: 0.48041, 
INFO:root:Epoch   386, Energy: -1.07116e+02 (-1.06982e+02), Variance: 1.17404e+01 (2.49843e+01), Accept ratio: 0.48088, 
INFO:root:Epoch   387, Energy: -1.07032e+02 (-1.06905e+02), Variance: 1.22834e+01 (1.82609e+01), Accept ratio: 0.48035, 
INFO:root:Epoch   388, Energy: -1.07029e+02 (-1.07161e+02), Variance: 1.47359e+01 (7.13594e+01), Accept ratio: 0.47319, 
INFO:root:Epoch   389, Energy: -1.07027e+02 (-1.06853e+02), Variance: 1.26775e+01 (2.34379e+01), Accept ratio: 0.47370, 
INFO:root:Epoch   390, Energy: -1.07020e+02 (-1.06873e+02), Variance: 1.39703e+01 (2.32899e+01), Accept ratio: 0.48281, 
INFO:root:Epoch   391, Energy: -1.07269e+02 (-1.07201e+02), Variance: 1.40157e+01 (2.13555e+01), Accept ratio: 0.47513, 
INFO:root:Epoch   392, Energy: -1.07140e+02 (-1.06873e+02), Variance: 1.28166e+01 (5.65745e+01), Accept ratio: 0.47378, 
INFO:root:Epoch   393, Energy: -1.07211e+02 (-1.06961e+02), Variance: 1.46225e+01 (6.85572e+01), Accept ratio: 0.47792, 
INFO:root:Epoch   394, Energy: -1.07275e+02 (-1.07132e+02), Variance: 1.23852e+01 (2.37543e+01), Accept ratio: 0.48150, 
INFO:root:Epoch   395, Energy: -1.07266e+02 (-1.07118e+02), Variance: 1.31431e+01 (4.75689e+01), Accept ratio: 0.48602, 
INFO:root:Epoch   396, Energy: -1.07380e+02 (-1.07320e+02), Variance: 1.15844e+01 (2.15602e+01), Accept ratio: 0.47878, 
INFO:root:Epoch   397, Energy: -1.07335e+02 (-1.07257e+02), Variance: 9.68712e+00 (1.54914e+01), Accept ratio: 0.47595, 
INFO:root:Epoch   398, Energy: -1.07230e+02 (-1.07168e+02), Variance: 1.14916e+01 (1.60818e+01), Accept ratio: 0.47488, 
INFO:root:Epoch   399, Energy: -1.07482e+02 (-1.07470e+02), Variance: 1.11113e+01 (1.88998e+01), Accept ratio: 0.48032, 
INFO:root:Epoch   400, Energy: -1.07385e+02 (-1.07314e+02), Variance: 9.70148e+00 (1.38450e+01), Accept ratio: 0.47515, , best weights saved
INFO:root:Epoch   401, Energy: -1.07371e+02 (-1.07326e+02), Variance: 1.12029e+01 (1.59740e+01), Accept ratio: 0.46987, 
INFO:root:Epoch   402, Energy: -1.07356e+02 (-1.07289e+02), Variance: 1.08144e+01 (2.04715e+01), Accept ratio: 0.47388, 
INFO:root:Epoch   403, Energy: -1.07297e+02 (-1.07106e+02), Variance: 1.05901e+01 (2.38640e+01), Accept ratio: 0.47565, 
INFO:root:Epoch   404, Energy: -1.07183e+02 (-1.07031e+02), Variance: 1.11338e+01 (2.68983e+01), Accept ratio: 0.48269, 
INFO:root:Epoch   405, Energy: -1.07342e+02 (-1.07450e+02), Variance: 1.24804e+01 (4.85026e+01), Accept ratio: 0.48533, 
INFO:root:Epoch   406, Energy: -1.07406e+02 (-1.07429e+02), Variance: 1.19221e+01 (4.61846e+01), Accept ratio: 0.47576, 
INFO:root:Epoch   407, Energy: -1.07110e+02 (-1.07065e+02), Variance: 1.17375e+01 (1.82648e+01), Accept ratio: 0.47550, 
INFO:root:Epoch   408, Energy: -1.07292e+02 (-1.07213e+02), Variance: 9.72384e+00 (1.56327e+01), Accept ratio: 0.48371, 
INFO:root:Epoch   409, Energy: -1.07341e+02 (-1.07288e+02), Variance: 9.54298e+00 (1.46974e+01), Accept ratio: 0.48121, 
INFO:root:Epoch   410, Energy: -1.07242e+02 (-1.07092e+02), Variance: 1.14510e+01 (1.93318e+01), Accept ratio: 0.47918, 
INFO:root:Epoch   411, Energy: -1.07221e+02 (-1.07111e+02), Variance: 1.12062e+01 (1.88391e+01), Accept ratio: 0.48160, 
INFO:root:Epoch   412, Energy: -1.07393e+02 (-1.07467e+02), Variance: 1.04157e+01 (2.58626e+01), Accept ratio: 0.48248, 
INFO:root:Epoch   413, Energy: -1.07389e+02 (-1.07304e+02), Variance: 1.07279e+01 (2.81491e+01), Accept ratio: 0.47707, 
INFO:root:Epoch   414, Energy: -1.07309e+02 (-1.07144e+02), Variance: 1.04983e+01 (2.40211e+01), Accept ratio: 0.47976, 
INFO:root:Epoch   415, Energy: -1.07501e+02 (-1.07430e+02), Variance: 1.00711e+01 (1.32770e+01), Accept ratio: 0.48101, 
INFO:root:Epoch   416, Energy: -1.07424e+02 (-1.07332e+02), Variance: 1.07897e+01 (1.81084e+01), Accept ratio: 0.48465, 
INFO:root:Epoch   417, Energy: -1.07336e+02 (-1.07349e+02), Variance: 9.29414e+00 (1.56670e+01), Accept ratio: 0.47560, 
INFO:root:Epoch   418, Energy: -1.07301e+02 (-1.07237e+02), Variance: 9.29943e+00 (1.20059e+01), Accept ratio: 0.48418, 
INFO:root:Epoch   419, Energy: -1.07487e+02 (-1.07452e+02), Variance: 1.02974e+01 (1.40669e+01), Accept ratio: 0.47898, 
INFO:root:Epoch   420, Energy: -1.07363e+02 (-1.07372e+02), Variance: 1.05095e+01 (2.31729e+01), Accept ratio: 0.48122, 
INFO:root:Epoch   421, Energy: -1.07444e+02 (-1.07388e+02), Variance: 9.71295e+00 (1.51672e+01), Accept ratio: 0.47733, 
INFO:root:Epoch   422, Energy: -1.07453e+02 (-1.07327e+02), Variance: 9.60096e+00 (1.52754e+01), Accept ratio: 0.48019, 
INFO:root:Epoch   423, Energy: -1.07542e+02 (-1.07300e+02), Variance: 1.07312e+01 (1.43770e+02), Accept ratio: 0.47957, 
INFO:root:Epoch   424, Energy: -1.07516e+02 (-1.07409e+02), Variance: 1.05238e+01 (2.05322e+01), Accept ratio: 0.48084, 
INFO:root:Epoch   425, Energy: -1.07549e+02 (-1.07385e+02), Variance: 1.23977e+01 (5.13494e+01), Accept ratio: 0.47339, 
INFO:root:Epoch   426, Energy: -1.07559e+02 (-1.07517e+02), Variance: 1.06595e+01 (1.60204e+01), Accept ratio: 0.48104, 
INFO:root:Epoch   427, Energy: -1.07543e+02 (-1.07471e+02), Variance: 1.07312e+01 (1.64724e+01), Accept ratio: 0.46938, 
INFO:root:Epoch   428, Energy: -1.07593e+02 (-1.07566e+02), Variance: 9.54640e+00 (1.39623e+01), Accept ratio: 0.47661, 
INFO:root:Epoch   429, Energy: -1.07565e+02 (-1.07533e+02), Variance: 9.85918e+00 (1.53108e+01), Accept ratio: 0.48407, 
INFO:root:Epoch   430, Energy: -1.07359e+02 (-1.07555e+02), Variance: 1.19253e+01 (1.63446e+02), Accept ratio: 0.47594, 
INFO:root:Epoch   431, Energy: -1.07511e+02 (-1.07434e+02), Variance: 1.04952e+01 (1.48801e+01), Accept ratio: 0.47924, 
INFO:root:Epoch   432, Energy: -1.07542e+02 (-1.07471e+02), Variance: 9.17843e+00 (1.44487e+01), Accept ratio: 0.47605, 
INFO:root:Epoch   433, Energy: -1.07622e+02 (-1.07599e+02), Variance: 1.03810e+01 (2.02967e+01), Accept ratio: 0.47866, 
INFO:root:Epoch   434, Energy: -1.07556e+02 (-1.07443e+02), Variance: 9.05193e+00 (1.36764e+01), Accept ratio: 0.48329, 
INFO:root:Epoch   435, Energy: -1.07572e+02 (-1.07436e+02), Variance: 9.74090e+00 (4.84382e+01), Accept ratio: 0.47902, 
INFO:root:Epoch   436, Energy: -1.07371e+02 (-1.07275e+02), Variance: 1.03192e+01 (1.63691e+01), Accept ratio: 0.47575, 
INFO:root:Epoch   437, Energy: -1.07619e+02 (-1.07560e+02), Variance: 9.98541e+00 (1.70865e+01), Accept ratio: 0.48064, 
INFO:root:Epoch   438, Energy: -1.07497e+02 (-1.07464e+02), Variance: 9.59722e+00 (2.09268e+01), Accept ratio: 0.48147, 
INFO:root:Epoch   439, Energy: -1.07585e+02 (-1.07525e+02), Variance: 8.31887e+00 (1.33628e+01), Accept ratio: 0.47538, 
INFO:root:Epoch   440, Energy: -1.07634e+02 (-1.07580e+02), Variance: 9.74190e+00 (1.94571e+01), Accept ratio: 0.47431, 
INFO:root:Epoch   441, Energy: -1.07639e+02 (-1.07639e+02), Variance: 9.96875e+00 (2.57792e+01), Accept ratio: 0.47853, 
INFO:root:Epoch   442, Energy: -1.07608e+02 (-1.07435e+02), Variance: 8.58638e+00 (2.16604e+01), Accept ratio: 0.47616, 
INFO:root:Epoch   443, Energy: -1.07727e+02 (-1.07602e+02), Variance: 8.99335e+00 (1.40553e+01), Accept ratio: 0.47399, 
INFO:root:Epoch   444, Energy: -1.07806e+02 (-1.07726e+02), Variance: 9.03111e+00 (2.16458e+01), Accept ratio: 0.47535, 
INFO:root:Epoch   445, Energy: -1.07703e+02 (-1.07638e+02), Variance: 8.87588e+00 (1.17740e+01), Accept ratio: 0.47548, 
INFO:root:Epoch   446, Energy: -1.07584e+02 (-1.07543e+02), Variance: 8.48996e+00 (1.24103e+01), Accept ratio: 0.48153, 
INFO:root:Epoch   447, Energy: -1.07789e+02 (-1.07789e+02), Variance: 7.53786e+00 (1.21286e+01), Accept ratio: 0.47117, 
INFO:root:Epoch   448, Energy: -1.07692e+02 (-1.07646e+02), Variance: 8.86099e+00 (2.10190e+01), Accept ratio: 0.48255, 
INFO:root:Epoch   449, Energy: -1.07700e+02 (-1.07589e+02), Variance: 8.01447e+00 (2.92775e+01), Accept ratio: 0.47822, 
INFO:root:Epoch   450, Energy: -1.07640e+02 (-1.07599e+02), Variance: 8.18068e+00 (1.57948e+01), Accept ratio: 0.47928, 
INFO:root:Epoch   451, Energy: -1.07577e+02 (-1.07471e+02), Variance: 7.79960e+00 (1.24270e+01), Accept ratio: 0.47535, 
INFO:root:Epoch   452, Energy: -1.07544e+02 (-1.07475e+02), Variance: 8.19378e+00 (1.20313e+01), Accept ratio: 0.48173, 
INFO:root:Epoch   453, Energy: -1.07629e+02 (-1.07632e+02), Variance: 8.65183e+00 (1.88276e+01), Accept ratio: 0.47972, 
INFO:root:Epoch   454, Energy: -1.07637e+02 (-1.07606e+02), Variance: 8.76489e+00 (1.42649e+01), Accept ratio: 0.48457, 
INFO:root:Epoch   455, Energy: -1.07573e+02 (-1.07554e+02), Variance: 8.31495e+00 (1.74696e+01), Accept ratio: 0.48255, 
INFO:root:Epoch   456, Energy: -1.07638e+02 (-1.07537e+02), Variance: 6.84605e+00 (1.33702e+01), Accept ratio: 0.48294, 
INFO:root:Epoch   457, Energy: -1.07644e+02 (-1.07179e+02), Variance: 8.52143e+00 (2.02244e+02), Accept ratio: 0.47509, 
INFO:root:Epoch   458, Energy: -1.07651e+02 (-1.07575e+02), Variance: 7.19149e+00 (1.04844e+01), Accept ratio: 0.47320, 
INFO:root:Epoch   459, Energy: -1.07616e+02 (-1.07519e+02), Variance: 8.26209e+00 (1.85463e+01), Accept ratio: 0.47736, 
INFO:root:Epoch   460, Energy: -1.07476e+02 (-1.07392e+02), Variance: 7.83510e+00 (1.31992e+01), Accept ratio: 0.47698, 
INFO:root:Epoch   461, Energy: -1.07620e+02 (-1.07544e+02), Variance: 8.08420e+00 (1.67492e+01), Accept ratio: 0.47120, 
INFO:root:Epoch   462, Energy: -1.07596e+02 (-1.07495e+02), Variance: 6.73914e+00 (1.07736e+01), Accept ratio: 0.47667, 
INFO:root:Epoch   463, Energy: -1.07732e+02 (-1.07680e+02), Variance: 7.11657e+00 (1.14441e+01), Accept ratio: 0.48059, 
INFO:root:Epoch   464, Energy: -1.07631e+02 (-1.07588e+02), Variance: 6.38301e+00 (8.21207e+00), Accept ratio: 0.48274, 
INFO:root:Epoch   465, Energy: -1.07567e+02 (-1.07503e+02), Variance: 6.60171e+00 (9.61930e+00), Accept ratio: 0.47817, 
INFO:root:Epoch   466, Energy: -1.07636e+02 (-1.07608e+02), Variance: 5.66495e+00 (8.57648e+00), Accept ratio: 0.48157, 
INFO:root:Epoch   467, Energy: -1.07621e+02 (-1.07568e+02), Variance: 6.27645e+00 (1.01071e+01), Accept ratio: 0.47732, 
INFO:root:Epoch   468, Energy: -1.07616e+02 (-1.07564e+02), Variance: 6.38654e+00 (9.86739e+00), Accept ratio: 0.48309, 
INFO:root:Epoch   469, Energy: -1.07767e+02 (-1.07704e+02), Variance: 7.08547e+00 (1.16519e+01), Accept ratio: 0.48526, 
INFO:root:Epoch   470, Energy: -1.07775e+02 (-1.07739e+02), Variance: 7.19815e+00 (1.28051e+01), Accept ratio: 0.48311, 
INFO:root:Epoch   471, Energy: -1.07753e+02 (-1.07636e+02), Variance: 8.23287e+00 (1.63148e+01), Accept ratio: 0.48606, 
INFO:root:Epoch   472, Energy: -1.07774e+02 (-1.07763e+02), Variance: 7.10855e+00 (1.16749e+01), Accept ratio: 0.47404, 
INFO:root:Epoch   473, Energy: -1.07772e+02 (-1.07655e+02), Variance: 7.44321e+00 (1.37153e+01), Accept ratio: 0.48181, 
INFO:root:Epoch   474, Energy: -1.07830e+02 (-1.07787e+02), Variance: 7.48793e+00 (1.44550e+01), Accept ratio: 0.47521, 
INFO:root:Epoch   475, Energy: -1.07696e+02 (-1.07627e+02), Variance: 7.28025e+00 (1.08161e+01), Accept ratio: 0.47395, 
INFO:root:Epoch   476, Energy: -1.07710e+02 (-1.07639e+02), Variance: 6.71474e+00 (1.10632e+01), Accept ratio: 0.47355, 
INFO:root:Epoch   477, Energy: -1.07708e+02 (-1.07541e+02), Variance: 6.29139e+00 (1.53266e+01), Accept ratio: 0.47895, 
INFO:root:Epoch   478, Energy: -1.07766e+02 (-1.07712e+02), Variance: 6.06455e+00 (1.05911e+01), Accept ratio: 0.47636, 
INFO:root:Epoch   479, Energy: -1.07725e+02 (-1.07553e+02), Variance: 6.42441e+00 (1.63678e+01), Accept ratio: 0.48163, 
INFO:root:Epoch   480, Energy: -1.07490e+02 (-1.07328e+02), Variance: 7.78635e+00 (1.78696e+01), Accept ratio: 0.47673, 
INFO:root:Epoch   481, Energy: -1.07588e+02 (-1.07526e+02), Variance: 6.38158e+00 (1.07760e+01), Accept ratio: 0.48039, 
INFO:root:Epoch   482, Energy: -1.07747e+02 (-1.07661e+02), Variance: 5.64109e+00 (9.37328e+00), Accept ratio: 0.48078, 
INFO:root:Epoch   483, Energy: -1.07803e+02 (-1.07823e+02), Variance: 5.76230e+00 (8.66841e+00), Accept ratio: 0.48114, 
INFO:root:Epoch   484, Energy: -1.07906e+02 (-1.07841e+02), Variance: 6.49412e+00 (1.34030e+01), Accept ratio: 0.47120, 
INFO:root:Epoch   485, Energy: -1.07930e+02 (-1.07887e+02), Variance: 5.33873e+00 (6.84378e+00), Accept ratio: 0.47071, 
INFO:root:Epoch   486, Energy: -1.07919e+02 (-1.07916e+02), Variance: 5.43470e+00 (7.17761e+00), Accept ratio: 0.47884, 
INFO:root:Epoch   487, Energy: -1.07784e+02 (-1.07733e+02), Variance: 5.65737e+00 (7.49479e+00), Accept ratio: 0.48308, 
INFO:root:Epoch   488, Energy: -1.07823e+02 (-1.07770e+02), Variance: 6.24463e+00 (8.78383e+00), Accept ratio: 0.47410, 
INFO:root:Epoch   489, Energy: -1.07641e+02 (-1.07430e+02), Variance: 6.22878e+00 (2.42116e+01), Accept ratio: 0.47690, 
INFO:root:Epoch   490, Energy: -1.07741e+02 (-1.07706e+02), Variance: 6.55970e+00 (8.80875e+00), Accept ratio: 0.47744, 
INFO:root:Epoch   491, Energy: -1.07789e+02 (-1.07718e+02), Variance: 6.26174e+00 (1.31244e+01), Accept ratio: 0.48246, 
INFO:root:Epoch   492, Energy: -1.07866e+02 (-1.07848e+02), Variance: 5.88840e+00 (7.64432e+00), Accept ratio: 0.47786, 
INFO:root:Epoch   493, Energy: -1.07857e+02 (-1.07815e+02), Variance: 7.14856e+00 (1.07292e+01), Accept ratio: 0.48376, 
INFO:root:Epoch   494, Energy: -1.07736e+02 (-1.07684e+02), Variance: 7.02847e+00 (1.20020e+01), Accept ratio: 0.47278, 
INFO:root:Epoch   495, Energy: -1.07709e+02 (-1.07659e+02), Variance: 6.29876e+00 (8.89505e+00), Accept ratio: 0.48017, 
INFO:root:Epoch   496, Energy: -1.07739e+02 (-1.07631e+02), Variance: 5.90816e+00 (1.08952e+01), Accept ratio: 0.47816, 
INFO:root:Epoch   497, Energy: -1.07754e+02 (-1.07601e+02), Variance: 6.71569e+00 (1.36572e+01), Accept ratio: 0.47491, 
INFO:root:Epoch   498, Energy: -1.07858e+02 (-1.07780e+02), Variance: 5.95346e+00 (1.01573e+01), Accept ratio: 0.47862, 
INFO:root:Epoch   499, Energy: -1.07812e+02 (-1.07785e+02), Variance: 6.94230e+00 (1.61836e+01), Accept ratio: 0.47708, 
INFO:root:Epoch   500, Energy: -1.07830e+02 (-1.07907e+02), Variance: 6.11612e+00 (2.59437e+01), Accept ratio: 0.47659, , best weights saved
INFO:root:Epoch   501, Energy: -1.07812e+02 (-1.07736e+02), Variance: 5.74108e+00 (1.61568e+01), Accept ratio: 0.47793, 
INFO:root:Epoch   502, Energy: -1.07884e+02 (-1.07777e+02), Variance: 6.33626e+00 (1.24954e+01), Accept ratio: 0.47166, 
INFO:root:Epoch   503, Energy: -1.07829e+02 (-1.07745e+02), Variance: 6.18165e+00 (1.04695e+01), Accept ratio: 0.47485, 
INFO:root:Epoch   504, Energy: -1.07782e+02 (-1.07855e+02), Variance: 6.31138e+00 (2.62947e+01), Accept ratio: 0.47249, 
INFO:root:Epoch   505, Energy: -1.07667e+02 (-1.07653e+02), Variance: 7.07552e+00 (1.65168e+01), Accept ratio: 0.48264, 
INFO:root:Epoch   506, Energy: -1.07861e+02 (-1.07925e+02), Variance: 6.22577e+00 (1.21012e+01), Accept ratio: 0.46885, 
INFO:root:Epoch   507, Energy: -1.07939e+02 (-1.07945e+02), Variance: 5.49410e+00 (9.17087e+00), Accept ratio: 0.48170, 
INFO:root:Epoch   508, Energy: -1.07903e+02 (-1.07930e+02), Variance: 6.57113e+00 (1.37330e+01), Accept ratio: 0.47886, 
INFO:root:Epoch   509, Energy: -1.07902e+02 (-1.07933e+02), Variance: 6.68886e+00 (5.16827e+01), Accept ratio: 0.48055, 
INFO:root:Epoch   510, Energy: -1.07964e+02 (-1.07983e+02), Variance: 5.92270e+00 (1.37765e+01), Accept ratio: 0.47188, 
INFO:root:Epoch   511, Energy: -1.07825e+02 (-1.07799e+02), Variance: 6.02181e+00 (1.22925e+01), Accept ratio: 0.47585, 
INFO:root:Epoch   512, Energy: -1.08021e+02 (-1.08007e+02), Variance: 5.70195e+00 (8.42331e+00), Accept ratio: 0.48459, 
INFO:root:Epoch   513, Energy: -1.07916e+02 (-1.07886e+02), Variance: 5.96711e+00 (1.25512e+01), Accept ratio: 0.47743, 
INFO:root:Epoch   514, Energy: -1.07958e+02 (-1.07976e+02), Variance: 5.20291e+00 (9.45666e+00), Accept ratio: 0.47599, 
INFO:root:Epoch   515, Energy: -1.08061e+02 (-1.08153e+02), Variance: 6.30736e+00 (1.96239e+01), Accept ratio: 0.47719, 
INFO:root:Epoch   516, Energy: -1.07924e+02 (-1.07838e+02), Variance: 5.34290e+00 (1.43790e+01), Accept ratio: 0.47301, 
INFO:root:Epoch   517, Energy: -1.07941e+02 (-1.07809e+02), Variance: 5.38508e+00 (1.16631e+01), Accept ratio: 0.47555, 
INFO:root:Epoch   518, Energy: -1.07972e+02 (-1.07869e+02), Variance: 6.19721e+00 (1.85839e+01), Accept ratio: 0.47677, 
INFO:root:Epoch   519, Energy: -1.07888e+02 (-1.07821e+02), Variance: 6.18201e+00 (1.10918e+01), Accept ratio: 0.47883, 
INFO:root:Epoch   520, Energy: -1.07912e+02 (-1.07855e+02), Variance: 5.26102e+00 (8.77659e+00), Accept ratio: 0.47450, 
INFO:root:Epoch   521, Energy: -1.08047e+02 (-1.08172e+02), Variance: 5.69864e+00 (2.10850e+01), Accept ratio: 0.47585, 
INFO:root:Epoch   522, Energy: -1.07953e+02 (-1.08014e+02), Variance: 5.94189e+00 (1.91000e+01), Accept ratio: 0.47572, 
INFO:root:Epoch   523, Energy: -1.08068e+02 (-1.08185e+02), Variance: 5.70115e+00 (2.11252e+01), Accept ratio: 0.47005, 
INFO:root:Epoch   524, Energy: -1.07983e+02 (-1.07942e+02), Variance: 5.11064e+00 (6.96061e+00), Accept ratio: 0.47802, 
INFO:root:Epoch   525, Energy: -1.07985e+02 (-1.07942e+02), Variance: 5.47705e+00 (7.63166e+00), Accept ratio: 0.48131, 
INFO:root:Epoch   526, Energy: -1.08045e+02 (-1.08009e+02), Variance: 5.15023e+00 (7.02884e+00), Accept ratio: 0.47961, 
INFO:root:Epoch   527, Energy: -1.08179e+02 (-1.08194e+02), Variance: 5.43452e+00 (1.34955e+01), Accept ratio: 0.47597, 
INFO:root:Epoch   528, Energy: -1.08069e+02 (-1.08098e+02), Variance: 5.31154e+00 (1.52150e+01), Accept ratio: 0.47715, 
INFO:root:Epoch   529, Energy: -1.07974e+02 (-1.07921e+02), Variance: 5.24040e+00 (1.09162e+01), Accept ratio: 0.47483, 
INFO:root:Epoch   530, Energy: -1.07994e+02 (-1.08022e+02), Variance: 6.19653e+00 (3.05461e+01), Accept ratio: 0.46771, 
INFO:root:Epoch   531, Energy: -1.08066e+02 (-1.07997e+02), Variance: 5.54039e+00 (8.75138e+00), Accept ratio: 0.47351, 
INFO:root:Epoch   532, Energy: -1.08110e+02 (-1.08057e+02), Variance: 5.22275e+00 (7.90392e+00), Accept ratio: 0.47804, 
INFO:root:Epoch   533, Energy: -1.08103e+02 (-1.08132e+02), Variance: 5.60368e+00 (1.21523e+01), Accept ratio: 0.47516, 
INFO:root:Epoch   534, Energy: -1.07932e+02 (-1.07870e+02), Variance: 5.08478e+00 (1.05193e+01), Accept ratio: 0.47683, 
INFO:root:Epoch   535, Energy: -1.07950e+02 (-1.07884e+02), Variance: 6.12220e+00 (1.25863e+01), Accept ratio: 0.47139, 
INFO:root:Epoch   536, Energy: -1.08152e+02 (-1.08111e+02), Variance: 5.62804e+00 (8.02424e+00), Accept ratio: 0.47304, 
INFO:root:Epoch   537, Energy: -1.08113e+02 (-1.08088e+02), Variance: 4.82487e+00 (7.73438e+00), Accept ratio: 0.47694, 
INFO:root:Epoch   538, Energy: -1.07976e+02 (-1.07937e+02), Variance: 4.49282e+00 (7.70808e+00), Accept ratio: 0.47864, 
INFO:root:Epoch   539, Energy: -1.08011e+02 (-1.07982e+02), Variance: 4.61493e+00 (7.30832e+00), Accept ratio: 0.47547, 
INFO:root:Epoch   540, Energy: -1.08063e+02 (-1.08075e+02), Variance: 5.24115e+00 (9.64266e+00), Accept ratio: 0.47966, 
INFO:root:Epoch   541, Energy: -1.08081e+02 (-1.08054e+02), Variance: 5.07200e+00 (9.72088e+00), Accept ratio: 0.47464, 
INFO:root:Epoch   542, Energy: -1.08161e+02 (-1.08164e+02), Variance: 5.09388e+00 (1.03364e+01), Accept ratio: 0.47382, 
INFO:root:Epoch   543, Energy: -1.07992e+02 (-1.07935e+02), Variance: 4.72868e+00 (6.60209e+00), Accept ratio: 0.47209, 
INFO:root:Epoch   544, Energy: -1.08026e+02 (-1.07960e+02), Variance: 4.84867e+00 (7.89799e+00), Accept ratio: 0.47458, 
INFO:root:Epoch   545, Energy: -1.08089e+02 (-1.08073e+02), Variance: 4.85506e+00 (8.86952e+00), Accept ratio: 0.47383, 
INFO:root:Epoch   546, Energy: -1.08026e+02 (-1.08038e+02), Variance: 5.44311e+00 (9.57349e+00), Accept ratio: 0.46355, 
INFO:root:Epoch   547, Energy: -1.07986e+02 (-1.07934e+02), Variance: 5.08336e+00 (7.07985e+00), Accept ratio: 0.47361, 
INFO:root:Epoch   548, Energy: -1.08015e+02 (-1.07937e+02), Variance: 5.19553e+00 (9.69936e+00), Accept ratio: 0.47629, 
INFO:root:Epoch   549, Energy: -1.07897e+02 (-1.07816e+02), Variance: 4.46983e+00 (7.16504e+00), Accept ratio: 0.46855, 
INFO:root:Epoch   550, Energy: -1.07898e+02 (-1.07838e+02), Variance: 4.70739e+00 (8.46695e+00), Accept ratio: 0.48058, 
INFO:root:Epoch   551, Energy: -1.07923e+02 (-1.07980e+02), Variance: 4.93679e+00 (2.03529e+01), Accept ratio: 0.48122, 
INFO:root:Epoch   552, Energy: -1.08077e+02 (-1.08171e+02), Variance: 5.49103e+00 (4.00969e+01), Accept ratio: 0.47764, 
INFO:root:Epoch   553, Energy: -1.08067e+02 (-1.07970e+02), Variance: 4.93437e+00 (9.40418e+00), Accept ratio: 0.47379, 
INFO:root:Epoch   554, Energy: -1.08079e+02 (-1.08142e+02), Variance: 5.41958e+00 (2.22459e+01), Accept ratio: 0.47377, 
INFO:root:Epoch   555, Energy: -1.07981e+02 (-1.07894e+02), Variance: 5.26242e+00 (8.48486e+00), Accept ratio: 0.47723, 
INFO:root:Epoch   556, Energy: -1.07941e+02 (-1.07913e+02), Variance: 5.44228e+00 (1.39140e+01), Accept ratio: 0.47728, 
INFO:root:Epoch   557, Energy: -1.08048e+02 (-1.07965e+02), Variance: 5.49747e+00 (1.07119e+01), Accept ratio: 0.47234, 
INFO:root:Epoch   558, Energy: -1.08036e+02 (-1.07969e+02), Variance: 4.64194e+00 (6.49205e+00), Accept ratio: 0.47033, 
INFO:root:Epoch   559, Energy: -1.08006e+02 (-1.07930e+02), Variance: 4.46832e+00 (7.06021e+00), Accept ratio: 0.47321, 
INFO:root:Epoch   560, Energy: -1.08076e+02 (-1.08118e+02), Variance: 4.34016e+00 (1.94870e+01), Accept ratio: 0.47638, 
INFO:root:Epoch   561, Energy: -1.07989e+02 (-1.07910e+02), Variance: 3.99578e+00 (6.96192e+00), Accept ratio: 0.47393, 
INFO:root:Epoch   562, Energy: -1.08027e+02 (-1.07939e+02), Variance: 4.91111e+00 (1.21387e+01), Accept ratio: 0.47842, 
INFO:root:Epoch   563, Energy: -1.08001e+02 (-1.07778e+02), Variance: 5.51596e+00 (5.59171e+01), Accept ratio: 0.48071, 
INFO:root:Epoch   564, Energy: -1.08034e+02 (-1.07953e+02), Variance: 4.06416e+00 (7.29005e+00), Accept ratio: 0.48336, 
INFO:root:Epoch   565, Energy: -1.08117e+02 (-1.08046e+02), Variance: 3.95475e+00 (6.20728e+00), Accept ratio: 0.47879, 
INFO:root:Epoch   566, Energy: -1.08191e+02 (-1.08164e+02), Variance: 4.60986e+00 (1.00190e+01), Accept ratio: 0.47785, 
INFO:root:Epoch   567, Energy: -1.08086e+02 (-1.08121e+02), Variance: 5.07545e+00 (2.12275e+01), Accept ratio: 0.47920, 
INFO:root:Epoch   568, Energy: -1.08015e+02 (-1.08050e+02), Variance: 4.56153e+00 (1.76146e+01), Accept ratio: 0.48185, 
INFO:root:Epoch   569, Energy: -1.08045e+02 (-1.07941e+02), Variance: 4.43314e+00 (1.02128e+01), Accept ratio: 0.48210, 
INFO:root:Epoch   570, Energy: -1.08017e+02 (-1.07842e+02), Variance: 4.02451e+00 (3.45991e+01), Accept ratio: 0.47706, 
INFO:root:Epoch   571, Energy: -1.08018e+02 (-1.07915e+02), Variance: 4.51491e+00 (1.09315e+01), Accept ratio: 0.47230, 
INFO:root:Epoch   572, Energy: -1.08059e+02 (-1.07997e+02), Variance: 4.05695e+00 (6.57150e+00), Accept ratio: 0.47408, 
INFO:root:Epoch   573, Energy: -1.08057e+02 (-1.08004e+02), Variance: 4.49626e+00 (7.24321e+00), Accept ratio: 0.47707, 
INFO:root:Epoch   574, Energy: -1.08212e+02 (-1.08195e+02), Variance: 4.13678e+00 (7.15944e+00), Accept ratio: 0.47246, 
INFO:root:Epoch   575, Energy: -1.08016e+02 (-1.07903e+02), Variance: 4.95009e+00 (1.19993e+01), Accept ratio: 0.47667, 
INFO:root:Epoch   576, Energy: -1.08038e+02 (-1.07925e+02), Variance: 5.05629e+00 (1.99133e+01), Accept ratio: 0.47353, 
INFO:root:Epoch   577, Energy: -1.08198e+02 (-1.08146e+02), Variance: 4.59287e+00 (7.52750e+00), Accept ratio: 0.47442, 
INFO:root:Epoch   578, Energy: -1.08212e+02 (-1.08195e+02), Variance: 4.45786e+00 (7.87181e+00), Accept ratio: 0.47306, 
INFO:root:Epoch   579, Energy: -1.08023e+02 (-1.08001e+02), Variance: 4.14546e+00 (7.82565e+00), Accept ratio: 0.46945, 
INFO:root:Epoch   580, Energy: -1.08025e+02 (-1.08009e+02), Variance: 5.29188e+00 (1.29390e+01), Accept ratio: 0.47258, 
INFO:root:Epoch   581, Energy: -1.08105e+02 (-1.08058e+02), Variance: 4.09548e+00 (6.24625e+00), Accept ratio: 0.47528, 
INFO:root:Epoch   582, Energy: -1.08170e+02 (-1.08133e+02), Variance: 4.56905e+00 (7.95673e+00), Accept ratio: 0.47836, 
INFO:root:Epoch   583, Energy: -1.08122e+02 (-1.08115e+02), Variance: 4.34503e+00 (1.27322e+01), Accept ratio: 0.47331, 
INFO:root:Epoch   584, Energy: -1.08132e+02 (-1.08098e+02), Variance: 4.15846e+00 (6.52023e+00), Accept ratio: 0.48164, 
INFO:root:Epoch   585, Energy: -1.08074e+02 (-1.08024e+02), Variance: 4.11696e+00 (5.98733e+00), Accept ratio: 0.47768, 
INFO:root:Epoch   586, Energy: -1.08115e+02 (-1.08177e+02), Variance: 4.82034e+00 (2.45934e+01), Accept ratio: 0.47283, 
INFO:root:Epoch   587, Energy: -1.08116e+02 (-1.08072e+02), Variance: 4.47338e+00 (6.17140e+00), Accept ratio: 0.47757, 
INFO:root:Epoch   588, Energy: -1.08193e+02 (-1.08134e+02), Variance: 4.11828e+00 (5.96909e+00), Accept ratio: 0.48005, 
INFO:root:Epoch   589, Energy: -1.08090e+02 (-1.08005e+02), Variance: 3.96285e+00 (6.48496e+00), Accept ratio: 0.47543, 
INFO:root:Epoch   590, Energy: -1.08247e+02 (-1.08169e+02), Variance: 3.98948e+00 (6.32944e+00), Accept ratio: 0.47926, 
INFO:root:Epoch   591, Energy: -1.08245e+02 (-1.08364e+02), Variance: 4.26291e+00 (1.61745e+01), Accept ratio: 0.47171, 
INFO:root:Epoch   592, Energy: -1.08297e+02 (-1.08304e+02), Variance: 4.09443e+00 (7.52126e+00), Accept ratio: 0.47465, 
INFO:root:Epoch   593, Energy: -1.08130e+02 (-1.08083e+02), Variance: 3.92092e+00 (6.72166e+00), Accept ratio: 0.48042, 
INFO:root:Epoch   594, Energy: -1.08202e+02 (-1.08261e+02), Variance: 3.90592e+00 (7.17575e+00), Accept ratio: 0.47078, 
INFO:root:Epoch   595, Energy: -1.08229e+02 (-1.08170e+02), Variance: 4.48262e+00 (9.99253e+00), Accept ratio: 0.47253, 
INFO:root:Epoch   596, Energy: -1.08270e+02 (-1.08256e+02), Variance: 4.08783e+00 (8.63200e+00), Accept ratio: 0.46834, 
INFO:root:Epoch   597, Energy: -1.08204e+02 (-1.08193e+02), Variance: 4.02851e+00 (9.19687e+00), Accept ratio: 0.47561, 
INFO:root:Epoch   598, Energy: -1.08270e+02 (-1.08211e+02), Variance: 4.30368e+00 (8.00095e+00), Accept ratio: 0.46899, 
INFO:root:Epoch   599, Energy: -1.08251e+02 (-1.08207e+02), Variance: 4.11949e+00 (7.18471e+00), Accept ratio: 0.47726, 
INFO:root:Epoch   600, Energy: -1.08180e+02 (-1.08104e+02), Variance: 3.82604e+00 (1.02211e+01), Accept ratio: 0.47673, , best weights saved
INFO:root:Epoch   601, Energy: -1.08257e+02 (-1.08276e+02), Variance: 3.87770e+00 (8.94940e+00), Accept ratio: 0.47807, 
INFO:root:Epoch   602, Energy: -1.08204e+02 (-1.08221e+02), Variance: 3.58937e+00 (6.63616e+00), Accept ratio: 0.47641, 
INFO:root:Epoch   603, Energy: -1.08262e+02 (-1.08246e+02), Variance: 4.06753e+00 (5.34611e+00), Accept ratio: 0.47298, 
INFO:root:Epoch   604, Energy: -1.08225e+02 (-1.08200e+02), Variance: 3.53101e+00 (4.18786e+00), Accept ratio: 0.47556, 
INFO:root:Epoch   605, Energy: -1.08101e+02 (-1.08089e+02), Variance: 3.92376e+00 (5.05754e+00), Accept ratio: 0.46827, 
INFO:root:Epoch   606, Energy: -1.08245e+02 (-1.08220e+02), Variance: 3.21970e+00 (4.17929e+00), Accept ratio: 0.47085, 
INFO:root:Epoch   607, Energy: -1.08213e+02 (-1.08243e+02), Variance: 3.86405e+00 (8.04339e+00), Accept ratio: 0.48000, 
INFO:root:Epoch   608, Energy: -1.08231e+02 (-1.08206e+02), Variance: 3.43055e+00 (5.14619e+00), Accept ratio: 0.47116, 
INFO:root:Epoch   609, Energy: -1.08110e+02 (-1.08027e+02), Variance: 3.48781e+00 (7.82331e+00), Accept ratio: 0.47493, 
INFO:root:Epoch   610, Energy: -1.08156e+02 (-1.08162e+02), Variance: 3.40661e+00 (5.43846e+00), Accept ratio: 0.47334, 
INFO:root:Epoch   611, Energy: -1.08268e+02 (-1.08287e+02), Variance: 4.04118e+00 (9.10585e+00), Accept ratio: 0.48213, 
INFO:root:Epoch   612, Energy: -1.08218e+02 (-1.08200e+02), Variance: 3.43909e+00 (5.09785e+00), Accept ratio: 0.48207, 
INFO:root:Epoch   613, Energy: -1.08201e+02 (-1.08190e+02), Variance: 3.86672e+00 (6.15849e+00), Accept ratio: 0.47269, 
INFO:root:Epoch   614, Energy: -1.08230e+02 (-1.08266e+02), Variance: 4.07940e+00 (6.58981e+00), Accept ratio: 0.47857, 
INFO:root:Epoch   615, Energy: -1.08099e+02 (-1.07995e+02), Variance: 4.05737e+00 (9.89675e+00), Accept ratio: 0.47762, 
INFO:root:Epoch   616, Energy: -1.08172e+02 (-1.08125e+02), Variance: 3.72843e+00 (5.72159e+00), Accept ratio: 0.47173, 
INFO:root:Epoch   617, Energy: -1.08209e+02 (-1.08218e+02), Variance: 3.69825e+00 (1.01419e+01), Accept ratio: 0.47939, 
INFO:root:Epoch   618, Energy: -1.08204e+02 (-1.08116e+02), Variance: 4.24429e+00 (8.38951e+00), Accept ratio: 0.47991, 
INFO:root:Epoch   619, Energy: -1.08239e+02 (-1.08256e+02), Variance: 3.32108e+00 (9.27465e+00), Accept ratio: 0.47415, 
INFO:root:Epoch   620, Energy: -1.08282e+02 (-1.08282e+02), Variance: 3.99350e+00 (6.05122e+00), Accept ratio: 0.46842, 
INFO:root:Epoch   621, Energy: -1.08248e+02 (-1.08243e+02), Variance: 3.79412e+00 (5.60364e+00), Accept ratio: 0.47600, 
INFO:root:Epoch   622, Energy: -1.08224e+02 (-1.08154e+02), Variance: 3.52308e+00 (7.17939e+00), Accept ratio: 0.47383, 
INFO:root:Epoch   623, Energy: -1.08268e+02 (-1.08062e+02), Variance: 3.99956e+00 (6.06026e+01), Accept ratio: 0.47321, 
INFO:root:Epoch   624, Energy: -1.08271e+02 (-1.08220e+02), Variance: 3.48044e+00 (5.00704e+00), Accept ratio: 0.47422, 
INFO:root:Epoch   625, Energy: -1.08223e+02 (-1.08172e+02), Variance: 3.77901e+00 (5.94646e+00), Accept ratio: 0.47391, 
INFO:root:Epoch   626, Energy: -1.08264e+02 (-1.08487e+02), Variance: 4.04196e+00 (4.02455e+01), Accept ratio: 0.47096, 
INFO:root:Epoch   627, Energy: -1.08303e+02 (-1.08277e+02), Variance: 3.48057e+00 (4.56114e+00), Accept ratio: 0.47225, 
INFO:root:Epoch   628, Energy: -1.08210e+02 (-1.08138e+02), Variance: 3.38179e+00 (5.34051e+00), Accept ratio: 0.48247, 
INFO:root:Epoch   629, Energy: -1.08223e+02 (-1.08180e+02), Variance: 3.22399e+00 (5.33089e+00), Accept ratio: 0.46732, 
INFO:root:Epoch   630, Energy: -1.08230e+02 (-1.08187e+02), Variance: 3.19226e+00 (4.50961e+00), Accept ratio: 0.47289, 
INFO:root:Epoch   631, Energy: -1.08280e+02 (-1.08291e+02), Variance: 3.51348e+00 (7.46358e+00), Accept ratio: 0.46482, 
INFO:root:Epoch   632, Energy: -1.08340e+02 (-1.08302e+02), Variance: 3.80047e+00 (9.24842e+00), Accept ratio: 0.47454, 
INFO:root:Epoch   633, Energy: -1.08336e+02 (-1.08311e+02), Variance: 3.15469e+00 (4.26636e+00), Accept ratio: 0.47272, 
INFO:root:Epoch   634, Energy: -1.08304e+02 (-1.08212e+02), Variance: 3.42728e+00 (1.42771e+01), Accept ratio: 0.47687, 
INFO:root:Epoch   635, Energy: -1.08288e+02 (-1.08279e+02), Variance: 3.37455e+00 (4.98235e+00), Accept ratio: 0.48080, 
INFO:root:Epoch   636, Energy: -1.08261e+02 (-1.08148e+02), Variance: 3.56534e+00 (9.71846e+00), Accept ratio: 0.47532, 
INFO:root:Epoch   637, Energy: -1.08192e+02 (-1.08139e+02), Variance: 4.08720e+00 (7.70070e+00), Accept ratio: 0.47562, 
INFO:root:Epoch   638, Energy: -1.08327e+02 (-1.08287e+02), Variance: 2.86545e+00 (3.82880e+00), Accept ratio: 0.47223, 
INFO:root:Epoch   639, Energy: -1.08361e+02 (-1.08303e+02), Variance: 3.20337e+00 (5.36309e+00), Accept ratio: 0.48273, 
INFO:root:Epoch   640, Energy: -1.08400e+02 (-1.08364e+02), Variance: 3.47748e+00 (5.22516e+00), Accept ratio: 0.48003, 
INFO:root:Epoch   641, Energy: -1.08249e+02 (-1.08173e+02), Variance: 3.53913e+00 (6.04059e+00), Accept ratio: 0.46725, 
INFO:root:Epoch   642, Energy: -1.08271e+02 (-1.08259e+02), Variance: 3.28629e+00 (5.21248e+00), Accept ratio: 0.48363, 
INFO:root:Epoch   643, Energy: -1.08321e+02 (-1.08305e+02), Variance: 3.50404e+00 (5.21809e+00), Accept ratio: 0.47308, 
INFO:root:Epoch   644, Energy: -1.08292e+02 (-1.08245e+02), Variance: 2.80940e+00 (3.95845e+00), Accept ratio: 0.47741, 
INFO:root:Epoch   645, Energy: -1.08392e+02 (-1.08399e+02), Variance: 3.12744e+00 (5.52225e+00), Accept ratio: 0.47542, 
INFO:root:Epoch   646, Energy: -1.08298e+02 (-1.08265e+02), Variance: 3.37218e+00 (4.28368e+00), Accept ratio: 0.47583, 
INFO:root:Epoch   647, Energy: -1.08277e+02 (-1.08241e+02), Variance: 3.28447e+00 (4.59755e+00), Accept ratio: 0.47903, 
INFO:root:Epoch   648, Energy: -1.08287e+02 (-1.08278e+02), Variance: 2.95370e+00 (4.10270e+00), Accept ratio: 0.47629, 
INFO:root:Epoch   649, Energy: -1.08372e+02 (-1.08391e+02), Variance: 3.22183e+00 (4.68648e+00), Accept ratio: 0.47646, 
INFO:root:Epoch   650, Energy: -1.08397e+02 (-1.08388e+02), Variance: 3.34947e+00 (4.54480e+00), Accept ratio: 0.47452, 
INFO:root:Epoch   651, Energy: -1.08382e+02 (-1.08429e+02), Variance: 3.17545e+00 (7.99909e+00), Accept ratio: 0.48140, 
INFO:root:Epoch   652, Energy: -1.08320e+02 (-1.08475e+02), Variance: 3.17139e+00 (2.47414e+01), Accept ratio: 0.47730, 
INFO:root:Epoch   653, Energy: -1.08426e+02 (-1.08475e+02), Variance: 3.40412e+00 (7.07559e+00), Accept ratio: 0.47894, 
INFO:root:Epoch   654, Energy: -1.08330e+02 (-1.08241e+02), Variance: 3.06296e+00 (8.39298e+00), Accept ratio: 0.47765, 
INFO:root:Epoch   655, Energy: -1.08470e+02 (-1.08475e+02), Variance: 3.35830e+00 (4.55879e+00), Accept ratio: 0.47885, 
INFO:root:Epoch   656, Energy: -1.08401e+02 (-1.08439e+02), Variance: 3.01440e+00 (7.69197e+00), Accept ratio: 0.47129, 
INFO:root:Epoch   657, Energy: -1.08452e+02 (-1.08413e+02), Variance: 2.92148e+00 (5.52259e+00), Accept ratio: 0.47134, 
INFO:root:Epoch   658, Energy: -1.08450e+02 (-1.08407e+02), Variance: 2.77814e+00 (5.00698e+00), Accept ratio: 0.47498, 
INFO:root:Epoch   659, Energy: -1.08489e+02 (-1.08435e+02), Variance: 3.09468e+00 (6.54871e+00), Accept ratio: 0.47681, 
INFO:root:Epoch   660, Energy: -1.08353e+02 (-1.08279e+02), Variance: 2.81796e+00 (7.61857e+00), Accept ratio: 0.47182, 
INFO:root:Epoch   661, Energy: -1.08340e+02 (-1.08269e+02), Variance: 2.74901e+00 (5.85937e+00), Accept ratio: 0.47006, 
INFO:root:Epoch   662, Energy: -1.08436e+02 (-1.08467e+02), Variance: 3.04925e+00 (6.12132e+00), Accept ratio: 0.47224, 
INFO:root:Epoch   663, Energy: -1.08395e+02 (-1.08390e+02), Variance: 3.10152e+00 (9.32113e+00), Accept ratio: 0.47310, 
INFO:root:Epoch   664, Energy: -1.08327e+02 (-1.08239e+02), Variance: 2.98385e+00 (1.06767e+01), Accept ratio: 0.47225, 
INFO:root:Epoch   665, Energy: -1.08411e+02 (-1.08423e+02), Variance: 2.74493e+00 (8.05987e+00), Accept ratio: 0.47765, 
INFO:root:Epoch   666, Energy: -1.08437e+02 (-1.08431e+02), Variance: 2.65613e+00 (4.17779e+00), Accept ratio: 0.47608, 
INFO:root:Epoch   667, Energy: -1.08315e+02 (-1.08263e+02), Variance: 3.05730e+00 (4.96807e+00), Accept ratio: 0.48106, 
INFO:root:Epoch   668, Energy: -1.08363e+02 (-1.08276e+02), Variance: 3.29418e+00 (1.04997e+01), Accept ratio: 0.46691, 
INFO:root:Epoch   669, Energy: -1.08382e+02 (-1.08325e+02), Variance: 3.30774e+00 (1.35497e+01), Accept ratio: 0.47668, 
INFO:root:Epoch   670, Energy: -1.08516e+02 (-1.08493e+02), Variance: 3.66378e+00 (9.94714e+00), Accept ratio: 0.46935, 
INFO:root:Epoch   671, Energy: -1.08398e+02 (-1.08318e+02), Variance: 3.02346e+00 (6.97394e+00), Accept ratio: 0.47645, 
INFO:root:Epoch   672, Energy: -1.08428e+02 (-1.08409e+02), Variance: 3.85521e+00 (8.90248e+00), Accept ratio: 0.47872, 
INFO:root:Epoch   673, Energy: -1.08422e+02 (-1.08468e+02), Variance: 3.46000e+00 (1.74330e+01), Accept ratio: 0.47136, 
INFO:root:Epoch   674, Energy: -1.08390e+02 (-1.08369e+02), Variance: 3.11763e+00 (5.90367e+00), Accept ratio: 0.47589, 
INFO:root:Epoch   675, Energy: -1.08450e+02 (-1.08467e+02), Variance: 2.83586e+00 (1.00662e+01), Accept ratio: 0.47712, 
INFO:root:Epoch   676, Energy: -1.08410e+02 (-1.08362e+02), Variance: 3.13638e+00 (7.56975e+00), Accept ratio: 0.47448, 
INFO:root:Epoch   677, Energy: -1.08517e+02 (-1.08396e+02), Variance: 2.98979e+00 (8.31526e+00), Accept ratio: 0.47410, 
INFO:root:Epoch   678, Energy: -1.08411e+02 (-1.08384e+02), Variance: 2.57579e+00 (6.74550e+00), Accept ratio: 0.47009, 
INFO:root:Epoch   679, Energy: -1.08386e+02 (-1.08295e+02), Variance: 3.00491e+00 (6.25017e+00), Accept ratio: 0.47799, 
INFO:root:Epoch   680, Energy: -1.08360e+02 (-1.08345e+02), Variance: 2.82215e+00 (7.39354e+00), Accept ratio: 0.47788, 
INFO:root:Epoch   681, Energy: -1.08393e+02 (-1.08277e+02), Variance: 3.34292e+00 (8.69537e+00), Accept ratio: 0.47123, 
INFO:root:Epoch   682, Energy: -1.08409e+02 (-1.08297e+02), Variance: 3.31854e+00 (8.73984e+00), Accept ratio: 0.47346, 
INFO:root:Epoch   683, Energy: -1.08471e+02 (-1.08423e+02), Variance: 3.05137e+00 (9.06166e+00), Accept ratio: 0.46749, 
INFO:root:Epoch   684, Energy: -1.08565e+02 (-1.08565e+02), Variance: 2.87798e+00 (5.68616e+00), Accept ratio: 0.47283, 
INFO:root:Epoch   685, Energy: -1.08395e+02 (-1.08425e+02), Variance: 3.14985e+00 (6.65991e+00), Accept ratio: 0.46671, 
INFO:root:Epoch   686, Energy: -1.08369e+02 (-1.08323e+02), Variance: 2.91229e+00 (4.73693e+00), Accept ratio: 0.47069, 
INFO:root:Epoch   687, Energy: -1.08344e+02 (-1.08304e+02), Variance: 2.98253e+00 (4.57812e+00), Accept ratio: 0.48159, 
INFO:root:Epoch   688, Energy: -1.08289e+02 (-1.08266e+02), Variance: 3.06564e+00 (5.94914e+00), Accept ratio: 0.47133, 
INFO:root:Epoch   689, Energy: -1.08469e+02 (-1.08474e+02), Variance: 3.43601e+00 (6.77044e+00), Accept ratio: 0.47135, 
INFO:root:Epoch   690, Energy: -1.08460e+02 (-1.08479e+02), Variance: 3.39005e+00 (6.57962e+00), Accept ratio: 0.46420, 
INFO:root:Epoch   691, Energy: -1.08388e+02 (-1.08352e+02), Variance: 2.59512e+00 (5.15134e+00), Accept ratio: 0.47366, 
INFO:root:Epoch   692, Energy: -1.08386e+02 (-1.08334e+02), Variance: 2.47406e+00 (4.36925e+00), Accept ratio: 0.47045, 
INFO:root:Epoch   693, Energy: -1.08311e+02 (-1.08303e+02), Variance: 2.91551e+00 (4.33823e+00), Accept ratio: 0.46873, 
INFO:root:Epoch   694, Energy: -1.08497e+02 (-1.08594e+02), Variance: 2.73504e+00 (2.26123e+01), Accept ratio: 0.47467, 
INFO:root:Epoch   695, Energy: -1.08406e+02 (-1.08413e+02), Variance: 2.73576e+00 (5.50480e+00), Accept ratio: 0.46972, 
INFO:root:Epoch   696, Energy: -1.08352e+02 (-1.08329e+02), Variance: 2.64883e+00 (4.90021e+00), Accept ratio: 0.47138, 
INFO:root:Epoch   697, Energy: -1.08413e+02 (-1.08327e+02), Variance: 2.84824e+00 (6.47828e+00), Accept ratio: 0.47718, 
INFO:root:Epoch   698, Energy: -1.08374e+02 (-1.08379e+02), Variance: 2.78353e+00 (5.21362e+00), Accept ratio: 0.46567, 
INFO:root:Epoch   699, Energy: -1.08410e+02 (-1.08384e+02), Variance: 2.93582e+00 (3.85594e+00), Accept ratio: 0.47354, 
INFO:root:Epoch   700, Energy: -1.08478e+02 (-1.08491e+02), Variance: 2.85445e+00 (4.67704e+00), Accept ratio: 0.48184, , best weights saved
INFO:root:Epoch   701, Energy: -1.08407e+02 (-1.08328e+02), Variance: 3.08052e+00 (7.07654e+00), Accept ratio: 0.46928, 
INFO:root:Epoch   702, Energy: -1.08346e+02 (-1.08061e+02), Variance: 3.17003e+00 (8.48194e+01), Accept ratio: 0.46961, 
INFO:root:Epoch   703, Energy: -1.08332e+02 (-1.08283e+02), Variance: 2.37350e+00 (3.72544e+00), Accept ratio: 0.46911, 
INFO:root:Epoch   704, Energy: -1.08482e+02 (-1.08505e+02), Variance: 2.49176e+00 (3.68868e+00), Accept ratio: 0.46990, 
INFO:root:Epoch   705, Energy: -1.08464e+02 (-1.08408e+02), Variance: 3.13852e+00 (1.32939e+01), Accept ratio: 0.46139, 
INFO:root:Epoch   706, Energy: -1.08465e+02 (-1.08488e+02), Variance: 3.00268e+00 (4.48090e+00), Accept ratio: 0.46806, 
INFO:root:Epoch   707, Energy: -1.08427e+02 (-1.08445e+02), Variance: 2.82154e+00 (4.91661e+00), Accept ratio: 0.46680, 
INFO:root:Epoch   708, Energy: -1.08443e+02 (-1.08572e+02), Variance: 3.00772e+00 (1.94319e+01), Accept ratio: 0.47093, 
INFO:root:Epoch   709, Energy: -1.08508e+02 (-1.08513e+02), Variance: 2.72087e+00 (3.64774e+00), Accept ratio: 0.47470, 
INFO:root:Epoch   710, Energy: -1.08486e+02 (-1.08438e+02), Variance: 2.41069e+00 (5.24722e+00), Accept ratio: 0.47154, 
INFO:root:Epoch   711, Energy: -1.08378e+02 (-1.08395e+02), Variance: 2.59363e+00 (3.24700e+00), Accept ratio: 0.46680, 
INFO:root:Epoch   712, Energy: -1.08468e+02 (-1.08500e+02), Variance: 2.80957e+00 (6.93221e+00), Accept ratio: 0.46730, 
INFO:root:Epoch   713, Energy: -1.08477e+02 (-1.08446e+02), Variance: 2.35995e+00 (3.95606e+00), Accept ratio: 0.47039, 
INFO:root:Epoch   714, Energy: -1.08427e+02 (-1.08408e+02), Variance: 2.50497e+00 (3.22385e+00), Accept ratio: 0.47533, 
INFO:root:Epoch   715, Energy: -1.08482e+02 (-1.08494e+02), Variance: 2.24102e+00 (2.85298e+00), Accept ratio: 0.47313, 
INFO:root:Epoch   716, Energy: -1.08447e+02 (-1.08428e+02), Variance: 3.01710e+00 (7.48039e+00), Accept ratio: 0.47250, 
INFO:root:Epoch   717, Energy: -1.08504e+02 (-1.08487e+02), Variance: 2.94912e+00 (3.61993e+00), Accept ratio: 0.47195, 
INFO:root:Epoch   718, Energy: -1.08514e+02 (-1.08525e+02), Variance: 2.65437e+00 (4.10847e+00), Accept ratio: 0.46789, 
INFO:root:Epoch   719, Energy: -1.08473e+02 (-1.08492e+02), Variance: 2.75572e+00 (3.68186e+00), Accept ratio: 0.46746, 
INFO:root:Epoch   720, Energy: -1.08447e+02 (-1.08460e+02), Variance: 2.60319e+00 (2.97516e+00), Accept ratio: 0.47218, 
INFO:root:Epoch   721, Energy: -1.08489e+02 (-1.08459e+02), Variance: 2.49849e+00 (4.48015e+00), Accept ratio: 0.47402, 
INFO:root:Epoch   722, Energy: -1.08470e+02 (-1.08449e+02), Variance: 2.70534e+00 (4.91577e+00), Accept ratio: 0.47523, 
INFO:root:Epoch   723, Energy: -1.08435e+02 (-1.08422e+02), Variance: 2.99757e+00 (4.25908e+00), Accept ratio: 0.47274, 
INFO:root:Epoch   724, Energy: -1.08448e+02 (-1.08415e+02), Variance: 2.54342e+00 (5.80970e+00), Accept ratio: 0.47919, 
INFO:root:Epoch   725, Energy: -1.08352e+02 (-1.08313e+02), Variance: 2.56022e+00 (5.06389e+00), Accept ratio: 0.47743, 
INFO:root:Epoch   726, Energy: -1.08457e+02 (-1.08453e+02), Variance: 2.48498e+00 (4.16221e+00), Accept ratio: 0.47351, 
INFO:root:Epoch   727, Energy: -1.08422e+02 (-1.08517e+02), Variance: 2.79051e+00 (1.34185e+01), Accept ratio: 0.47468, 
INFO:root:Epoch   728, Energy: -1.08470e+02 (-1.08470e+02), Variance: 2.54632e+00 (2.89487e+00), Accept ratio: 0.47351, 
INFO:root:Epoch   729, Energy: -1.08463e+02 (-1.08469e+02), Variance: 2.36993e+00 (3.81438e+00), Accept ratio: 0.47809, 
INFO:root:Epoch   730, Energy: -1.08446e+02 (-1.08478e+02), Variance: 2.63539e+00 (4.92376e+00), Accept ratio: 0.47710, 
INFO:root:Epoch   731, Energy: -1.08426e+02 (-1.08425e+02), Variance: 2.63654e+00 (3.68732e+00), Accept ratio: 0.47318, 
INFO:root:Epoch   732, Energy: -1.08514e+02 (-1.08532e+02), Variance: 3.20838e+00 (4.17455e+00), Accept ratio: 0.46436, 
INFO:root:Epoch   733, Energy: -1.08478e+02 (-1.08439e+02), Variance: 2.52596e+00 (3.75775e+00), Accept ratio: 0.46826, 
INFO:root:Epoch   734, Energy: -1.08552e+02 (-1.08624e+02), Variance: 2.61510e+00 (1.47233e+01), Accept ratio: 0.47082, 
INFO:root:Epoch   735, Energy: -1.08436e+02 (-1.08471e+02), Variance: 2.57182e+00 (4.11813e+00), Accept ratio: 0.47272, 
INFO:root:Epoch   736, Energy: -1.08392e+02 (-1.08428e+02), Variance: 2.39026e+00 (3.96113e+00), Accept ratio: 0.47415, 
INFO:root:Epoch   737, Energy: -1.08367e+02 (-1.08340e+02), Variance: 2.36999e+00 (3.13653e+00), Accept ratio: 0.47139, 
INFO:root:Epoch   738, Energy: -1.08496e+02 (-1.08496e+02), Variance: 2.12887e+00 (3.56859e+00), Accept ratio: 0.47193, 
INFO:root:Epoch   739, Energy: -1.08434e+02 (-1.08440e+02), Variance: 2.35108e+00 (3.02083e+00), Accept ratio: 0.47241, 
INFO:root:Epoch   740, Energy: -1.08411e+02 (-1.08412e+02), Variance: 2.35069e+00 (3.05390e+00), Accept ratio: 0.47896, 
INFO:root:Epoch   741, Energy: -1.08467e+02 (-1.08396e+02), Variance: 2.59269e+00 (1.08710e+01), Accept ratio: 0.47718, 
INFO:root:Epoch   742, Energy: -1.08448e+02 (-1.08438e+02), Variance: 2.54235e+00 (4.63982e+00), Accept ratio: 0.47129, 
INFO:root:Epoch   743, Energy: -1.08482e+02 (-1.08493e+02), Variance: 2.27535e+00 (2.71180e+00), Accept ratio: 0.46926, 
INFO:root:Epoch   744, Energy: -1.08572e+02 (-1.08590e+02), Variance: 2.44404e+00 (3.63433e+00), Accept ratio: 0.47793, 
INFO:root:Epoch   745, Energy: -1.08569e+02 (-1.08565e+02), Variance: 2.36034e+00 (3.13637e+00), Accept ratio: 0.48210, 
INFO:root:Epoch   746, Energy: -1.08517e+02 (-1.08478e+02), Variance: 2.06032e+00 (2.75772e+00), Accept ratio: 0.47336, 
INFO:root:Epoch   747, Energy: -1.08507e+02 (-1.08510e+02), Variance: 2.23728e+00 (3.18982e+00), Accept ratio: 0.47153, 
INFO:root:Epoch   748, Energy: -1.08601e+02 (-1.08600e+02), Variance: 2.21784e+00 (2.81441e+00), Accept ratio: 0.46813, 
INFO:root:Epoch   749, Energy: -1.08623e+02 (-1.08651e+02), Variance: 2.44166e+00 (3.72060e+00), Accept ratio: 0.47033, 
INFO:root:Epoch   750, Energy: -1.08563e+02 (-1.08515e+02), Variance: 3.01582e+00 (1.31296e+01), Accept ratio: 0.46984, 
INFO:root:Epoch   751, Energy: -1.08541e+02 (-1.08550e+02), Variance: 2.37732e+00 (5.02590e+00), Accept ratio: 0.47360, 
INFO:root:Epoch   752, Energy: -1.08570e+02 (-1.08531e+02), Variance: 2.20395e+00 (3.11601e+00), Accept ratio: 0.47447, 
INFO:root:Epoch   753, Energy: -1.08557e+02 (-1.08500e+02), Variance: 2.43526e+00 (9.02469e+00), Accept ratio: 0.47295, 
INFO:root:Epoch   754, Energy: -1.08605e+02 (-1.08620e+02), Variance: 2.48918e+00 (3.91327e+00), Accept ratio: 0.46953, 
INFO:root:Epoch   755, Energy: -1.08484e+02 (-1.08434e+02), Variance: 2.21190e+00 (4.63126e+00), Accept ratio: 0.47644, 
INFO:root:Epoch   756, Energy: -1.08582e+02 (-1.08626e+02), Variance: 2.41229e+00 (4.66844e+00), Accept ratio: 0.46810, 
INFO:root:Epoch   757, Energy: -1.08545e+02 (-1.08531e+02), Variance: 2.54289e+00 (3.44145e+00), Accept ratio: 0.47545, 
INFO:root:Epoch   758, Energy: -1.08508e+02 (-1.08488e+02), Variance: 2.42259e+00 (3.32231e+00), Accept ratio: 0.47501, 
INFO:root:Epoch   759, Energy: -1.08448e+02 (-1.08445e+02), Variance: 2.44160e+00 (6.16856e+00), Accept ratio: 0.47589, 
INFO:root:Epoch   760, Energy: -1.08500e+02 (-1.08472e+02), Variance: 2.34732e+00 (3.92597e+00), Accept ratio: 0.47646, 
INFO:root:Epoch   761, Energy: -1.08593e+02 (-1.08622e+02), Variance: 2.80471e+00 (8.72736e+00), Accept ratio: 0.47383, 
INFO:root:Epoch   762, Energy: -1.08543e+02 (-1.08527e+02), Variance: 2.50377e+00 (7.11782e+00), Accept ratio: 0.47156, 
INFO:root:Epoch   763, Energy: -1.08547e+02 (-1.08397e+02), Variance: 3.02810e+00 (1.62222e+01), Accept ratio: 0.47536, 
INFO:root:Epoch   764, Energy: -1.08523e+02 (-1.08472e+02), Variance: 2.94303e+00 (1.05107e+01), Accept ratio: 0.47484, 
INFO:root:Epoch   765, Energy: -1.08563e+02 (-1.08467e+02), Variance: 2.48701e+00 (1.58198e+01), Accept ratio: 0.47234, 
INFO:root:Epoch   766, Energy: -1.08613e+02 (-1.08641e+02), Variance: 2.65079e+00 (4.82993e+00), Accept ratio: 0.46534, 
INFO:root:Epoch   767, Energy: -1.08547e+02 (-1.08483e+02), Variance: 2.55093e+00 (4.55592e+00), Accept ratio: 0.46797, 
INFO:root:Epoch   768, Energy: -1.08603e+02 (-1.08628e+02), Variance: 2.50791e+00 (3.78103e+00), Accept ratio: 0.46852, 
INFO:root:Epoch   769, Energy: -1.08536e+02 (-1.08459e+02), Variance: 2.73072e+00 (6.14850e+00), Accept ratio: 0.47539, 
INFO:root:Epoch   770, Energy: -1.08544e+02 (-1.08497e+02), Variance: 2.90433e+00 (7.43586e+00), Accept ratio: 0.46823, 
INFO:root:Epoch   771, Energy: -1.08538e+02 (-1.08488e+02), Variance: 2.51603e+00 (7.51778e+00), Accept ratio: 0.47311, 
INFO:root:Epoch   772, Energy: -1.08509e+02 (-1.08408e+02), Variance: 2.32695e+00 (8.06201e+00), Accept ratio: 0.47288, 
INFO:root:Epoch   773, Energy: -1.08498e+02 (-1.08416e+02), Variance: 2.30787e+00 (4.69764e+00), Accept ratio: 0.47464, 
INFO:root:Epoch   774, Energy: -1.08571e+02 (-1.08528e+02), Variance: 2.11147e+00 (5.83748e+00), Accept ratio: 0.47052, 
INFO:root:Epoch   775, Energy: -1.08572e+02 (-1.08490e+02), Variance: 2.26606e+00 (5.95107e+00), Accept ratio: 0.47868, 
INFO:root:Epoch   776, Energy: -1.08598e+02 (-1.08563e+02), Variance: 2.24412e+00 (5.46630e+00), Accept ratio: 0.47683, 
INFO:root:Epoch   777, Energy: -1.08558e+02 (-1.08550e+02), Variance: 2.10713e+00 (2.46503e+00), Accept ratio: 0.47272, 
INFO:root:Epoch   778, Energy: -1.08552e+02 (-1.08453e+02), Variance: 2.18023e+00 (7.97693e+00), Accept ratio: 0.46694, 
INFO:root:Epoch   779, Energy: -1.08588e+02 (-1.08585e+02), Variance: 2.46597e+00 (4.30347e+00), Accept ratio: 0.47284, 
INFO:root:Epoch   780, Energy: -1.08584e+02 (-1.08449e+02), Variance: 2.33905e+00 (1.54244e+01), Accept ratio: 0.46967, 
INFO:root:Epoch   781, Energy: -1.08598e+02 (-1.08566e+02), Variance: 2.05145e+00 (3.39687e+00), Accept ratio: 0.47469, 
INFO:root:Epoch   782, Energy: -1.08520e+02 (-1.08546e+02), Variance: 2.77357e+00 (8.14678e+00), Accept ratio: 0.47010, 
INFO:root:Epoch   783, Energy: -1.08540e+02 (-1.08472e+02), Variance: 2.46512e+00 (9.58215e+00), Accept ratio: 0.47318, 
INFO:root:Epoch   784, Energy: -1.08567e+02 (-1.08552e+02), Variance: 2.43926e+00 (4.48513e+00), Accept ratio: 0.47066, 
INFO:root:Epoch   785, Energy: -1.08559e+02 (-1.08529e+02), Variance: 2.31651e+00 (4.17431e+00), Accept ratio: 0.47689, 
INFO:root:Epoch   786, Energy: -1.08562e+02 (-1.08510e+02), Variance: 2.19420e+00 (4.47533e+00), Accept ratio: 0.47300, 
INFO:root:Epoch   787, Energy: -1.08570e+02 (-1.08573e+02), Variance: 2.18074e+00 (3.52824e+00), Accept ratio: 0.47683, 
INFO:root:Epoch   788, Energy: -1.08502e+02 (-1.08449e+02), Variance: 2.44000e+00 (3.90011e+00), Accept ratio: 0.46649, 
INFO:root:Epoch   789, Energy: -1.08561e+02 (-1.08519e+02), Variance: 2.16449e+00 (5.36489e+00), Accept ratio: 0.47131, 
INFO:root:Epoch   790, Energy: -1.08551e+02 (-1.08512e+02), Variance: 2.16028e+00 (3.82786e+00), Accept ratio: 0.47889, 
INFO:root:Epoch   791, Energy: -1.08537e+02 (-1.08427e+02), Variance: 2.13065e+00 (1.22712e+01), Accept ratio: 0.47416, 
INFO:root:Epoch   792, Energy: -1.08583e+02 (-1.08547e+02), Variance: 1.87209e+00 (3.72503e+00), Accept ratio: 0.47653, 
INFO:root:Epoch   793, Energy: -1.08550e+02 (-1.08517e+02), Variance: 2.12598e+00 (3.09577e+00), Accept ratio: 0.47151, 
INFO:root:Epoch   794, Energy: -1.08558e+02 (-1.08595e+02), Variance: 2.31194e+00 (7.22456e+00), Accept ratio: 0.47530, 
INFO:root:Epoch   795, Energy: -1.08469e+02 (-1.08451e+02), Variance: 2.30184e+00 (4.30379e+00), Accept ratio: 0.47261, 
INFO:root:Epoch   796, Energy: -1.08541e+02 (-1.08533e+02), Variance: 2.34324e+00 (3.44090e+00), Accept ratio: 0.47095, 
INFO:root:Epoch   797, Energy: -1.08458e+02 (-1.08448e+02), Variance: 2.21313e+00 (4.29828e+00), Accept ratio: 0.47447, 
INFO:root:Epoch   798, Energy: -1.08491e+02 (-1.08467e+02), Variance: 2.10515e+00 (3.27419e+00), Accept ratio: 0.47387, 
INFO:root:Epoch   799, Energy: -1.08529e+02 (-1.08515e+02), Variance: 2.34627e+00 (3.45614e+00), Accept ratio: 0.46888, 
INFO:root:Epoch   800, Energy: -1.08605e+02 (-1.08633e+02), Variance: 2.39614e+00 (3.52674e+00), Accept ratio: 0.47429, , best weights saved
INFO:root:Epoch   801, Energy: -1.08525e+02 (-1.08540e+02), Variance: 2.34549e+00 (3.47369e+00), Accept ratio: 0.46819, 
INFO:root:Epoch   802, Energy: -1.08637e+02 (-1.08654e+02), Variance: 2.42332e+00 (5.35935e+00), Accept ratio: 0.47324, 
INFO:root:Epoch   803, Energy: -1.08627e+02 (-1.08640e+02), Variance: 2.43284e+00 (3.18979e+00), Accept ratio: 0.46720, 
INFO:root:Epoch   804, Energy: -1.08539e+02 (-1.08594e+02), Variance: 2.05740e+00 (3.64109e+00), Accept ratio: 0.47748, 
INFO:root:Epoch   805, Energy: -1.08621e+02 (-1.08585e+02), Variance: 2.35569e+00 (4.03976e+00), Accept ratio: 0.46801, 
INFO:root:Epoch   806, Energy: -1.08559e+02 (-1.08542e+02), Variance: 1.97612e+00 (2.54028e+00), Accept ratio: 0.48056, 
INFO:root:Epoch   807, Energy: -1.08549e+02 (-1.08535e+02), Variance: 2.13030e+00 (3.92132e+00), Accept ratio: 0.48002, 
INFO:root:Epoch   808, Energy: -1.08602e+02 (-1.08556e+02), Variance: 2.02110e+00 (3.09906e+00), Accept ratio: 0.47368, 
INFO:root:Epoch   809, Energy: -1.08557e+02 (-1.08545e+02), Variance: 2.26455e+00 (3.31593e+00), Accept ratio: 0.47423, 
INFO:root:Epoch   810, Energy: -1.08640e+02 (-1.08660e+02), Variance: 2.44340e+00 (3.42023e+00), Accept ratio: 0.47543, 
INFO:root:Epoch   811, Energy: -1.08580e+02 (-1.08583e+02), Variance: 2.15205e+00 (2.81601e+00), Accept ratio: 0.47428, 
INFO:root:Epoch   812, Energy: -1.08583e+02 (-1.08631e+02), Variance: 2.56156e+00 (5.04449e+00), Accept ratio: 0.47385, 
INFO:root:Epoch   813, Energy: -1.08583e+02 (-1.08579e+02), Variance: 2.06639e+00 (5.38819e+00), Accept ratio: 0.47529, 
INFO:root:Epoch   814, Energy: -1.08611e+02 (-1.08587e+02), Variance: 1.74854e+00 (2.70399e+00), Accept ratio: 0.47483, 
INFO:root:Epoch   815, Energy: -1.08669e+02 (-1.08642e+02), Variance: 2.04788e+00 (5.26866e+00), Accept ratio: 0.47574, 
INFO:root:Epoch   816, Energy: -1.08698e+02 (-1.08765e+02), Variance: 2.39823e+00 (4.22368e+00), Accept ratio: 0.47767, 
INFO:root:Epoch   817, Energy: -1.08568e+02 (-1.08608e+02), Variance: 1.90345e+00 (3.32338e+00), Accept ratio: 0.47197, 
INFO:root:Epoch   818, Energy: -1.08512e+02 (-1.08523e+02), Variance: 2.16307e+00 (5.11928e+00), Accept ratio: 0.46861, 
INFO:root:Epoch   819, Energy: -1.08599e+02 (-1.08594e+02), Variance: 1.97148e+00 (2.77624e+00), Accept ratio: 0.46882, 
INFO:root:Epoch   820, Energy: -1.08610e+02 (-1.08629e+02), Variance: 2.26023e+00 (3.13601e+00), Accept ratio: 0.46676, 
INFO:root:Epoch   821, Energy: -1.08552e+02 (-1.08589e+02), Variance: 1.95463e+00 (4.42693e+00), Accept ratio: 0.47188, 
INFO:root:Epoch   822, Energy: -1.08539e+02 (-1.08541e+02), Variance: 2.40651e+00 (7.66822e+00), Accept ratio: 0.47154, 
INFO:root:Epoch   823, Energy: -1.08619e+02 (-1.08575e+02), Variance: 2.07193e+00 (4.16249e+00), Accept ratio: 0.46606, 
INFO:root:Epoch   824, Energy: -1.08629e+02 (-1.08628e+02), Variance: 2.13797e+00 (2.45807e+00), Accept ratio: 0.47102, 
INFO:root:Epoch   825, Energy: -1.08620e+02 (-1.08589e+02), Variance: 2.12446e+00 (4.09415e+00), Accept ratio: 0.47450, 
INFO:root:Epoch   826, Energy: -1.08596e+02 (-1.08591e+02), Variance: 1.82280e+00 (1.98429e+00), Accept ratio: 0.47220, 
INFO:root:Epoch   827, Energy: -1.08542e+02 (-1.08464e+02), Variance: 2.26800e+00 (5.08359e+00), Accept ratio: 0.46336, 
INFO:root:Epoch   828, Energy: -1.08526e+02 (-1.08496e+02), Variance: 2.18009e+00 (3.97021e+00), Accept ratio: 0.47452, 
INFO:root:Epoch   829, Energy: -1.08593e+02 (-1.08582e+02), Variance: 2.08975e+00 (3.74789e+00), Accept ratio: 0.46565, 
INFO:root:Epoch   830, Energy: -1.08592e+02 (-1.08619e+02), Variance: 2.44073e+00 (4.60869e+00), Accept ratio: 0.47325, 
INFO:root:Epoch   831, Energy: -1.08599e+02 (-1.08627e+02), Variance: 1.91447e+00 (3.03567e+00), Accept ratio: 0.47645, 
INFO:root:Epoch   832, Energy: -1.08527e+02 (-1.08496e+02), Variance: 1.93588e+00 (3.24892e+00), Accept ratio: 0.47529, 
INFO:root:Epoch   833, Energy: -1.08528e+02 (-1.08532e+02), Variance: 1.87146e+00 (2.28280e+00), Accept ratio: 0.47138, 
INFO:root:Epoch   834, Energy: -1.08689e+02 (-1.08721e+02), Variance: 2.05779e+00 (3.42872e+00), Accept ratio: 0.47490, 
INFO:root:Epoch   835, Energy: -1.08535e+02 (-1.08542e+02), Variance: 1.93543e+00 (3.14635e+00), Accept ratio: 0.48007, 
INFO:root:Epoch   836, Energy: -1.08615e+02 (-1.08682e+02), Variance: 1.83102e+00 (4.48120e+00), Accept ratio: 0.47554, 
INFO:root:Epoch   837, Energy: -1.08555e+02 (-1.08565e+02), Variance: 1.78737e+00 (2.87368e+00), Accept ratio: 0.47552, 
INFO:root:Epoch   838, Energy: -1.08575e+02 (-1.08573e+02), Variance: 1.76009e+00 (2.53828e+00), Accept ratio: 0.47227, 
INFO:root:Epoch   839, Energy: -1.08558e+02 (-1.08533e+02), Variance: 1.82256e+00 (2.86245e+00), Accept ratio: 0.47280, 
INFO:root:Epoch   840, Energy: -1.08639e+02 (-1.08647e+02), Variance: 1.80499e+00 (2.88407e+00), Accept ratio: 0.46916, 
INFO:root:Epoch   841, Energy: -1.08620e+02 (-1.08607e+02), Variance: 1.78101e+00 (2.61525e+00), Accept ratio: 0.46942, 
INFO:root:Epoch   842, Energy: -1.08553e+02 (-1.08466e+02), Variance: 2.33642e+00 (5.89825e+00), Accept ratio: 0.47522, 
INFO:root:Epoch   843, Energy: -1.08521e+02 (-1.08497e+02), Variance: 2.41854e+00 (3.53602e+00), Accept ratio: 0.47075, 
INFO:root:Epoch   844, Energy: -1.08532e+02 (-1.08508e+02), Variance: 2.11064e+00 (3.68757e+00), Accept ratio: 0.46456, 
INFO:root:Epoch   845, Energy: -1.08602e+02 (-1.08627e+02), Variance: 2.19735e+00 (3.47610e+00), Accept ratio: 0.47304, 
INFO:root:Epoch   846, Energy: -1.08601e+02 (-1.08656e+02), Variance: 2.07277e+00 (5.74172e+00), Accept ratio: 0.47586, 
INFO:root:Epoch   847, Energy: -1.08677e+02 (-1.08680e+02), Variance: 2.05136e+00 (2.94738e+00), Accept ratio: 0.46700, 
INFO:root:Epoch   848, Energy: -1.08658e+02 (-1.08604e+02), Variance: 1.94693e+00 (4.57843e+00), Accept ratio: 0.46808, 
INFO:root:Epoch   849, Energy: -1.08584e+02 (-1.08617e+02), Variance: 2.09300e+00 (4.09281e+00), Accept ratio: 0.47031, 
INFO:root:Epoch   850, Energy: -1.08565e+02 (-1.08618e+02), Variance: 2.03492e+00 (5.29871e+00), Accept ratio: 0.47320, 
INFO:root:Epoch   851, Energy: -1.08590e+02 (-1.08577e+02), Variance: 2.07201e+00 (2.52608e+00), Accept ratio: 0.47982, 
INFO:root:Epoch   852, Energy: -1.08602e+02 (-1.08589e+02), Variance: 2.01863e+00 (2.44782e+00), Accept ratio: 0.47267, 
INFO:root:Epoch   853, Energy: -1.08527e+02 (-1.08438e+02), Variance: 2.05149e+00 (1.05008e+01), Accept ratio: 0.47404, 
INFO:root:Epoch   854, Energy: -1.08640e+02 (-1.08618e+02), Variance: 2.02680e+00 (3.49599e+00), Accept ratio: 0.47234, 
INFO:root:Epoch   855, Energy: -1.08616e+02 (-1.08552e+02), Variance: 2.23698e+00 (5.11235e+00), Accept ratio: 0.47050, 
INFO:root:Epoch   856, Energy: -1.08673e+02 (-1.08665e+02), Variance: 1.85946e+00 (2.37375e+00), Accept ratio: 0.47193, 
INFO:root:Epoch   857, Energy: -1.08651e+02 (-1.08632e+02), Variance: 1.76931e+00 (2.45518e+00), Accept ratio: 0.46586, 
INFO:root:Epoch   858, Energy: -1.08647e+02 (-1.08647e+02), Variance: 1.89964e+00 (2.63249e+00), Accept ratio: 0.47275, 
INFO:root:Epoch   859, Energy: -1.08632e+02 (-1.08602e+02), Variance: 1.90399e+00 (4.23571e+00), Accept ratio: 0.46379, 
INFO:root:Epoch   860, Energy: -1.08659e+02 (-1.08643e+02), Variance: 1.97973e+00 (3.55039e+00), Accept ratio: 0.47656, 
INFO:root:Epoch   861, Energy: -1.08679e+02 (-1.08663e+02), Variance: 1.64964e+00 (2.00897e+00), Accept ratio: 0.46861, 
INFO:root:Epoch   862, Energy: -1.08634e+02 (-1.08655e+02), Variance: 1.74892e+00 (2.46861e+00), Accept ratio: 0.47381, 
INFO:root:Epoch   863, Energy: -1.08686e+02 (-1.08674e+02), Variance: 1.63880e+00 (2.03678e+00), Accept ratio: 0.47258, 
INFO:root:Epoch   864, Energy: -1.08658e+02 (-1.08688e+02), Variance: 1.95538e+00 (2.92571e+00), Accept ratio: 0.47458, 
INFO:root:Epoch   865, Energy: -1.08626e+02 (-1.08612e+02), Variance: 1.84903e+00 (2.57469e+00), Accept ratio: 0.47280, 
INFO:root:Epoch   866, Energy: -1.08636e+02 (-1.08605e+02), Variance: 1.82535e+00 (3.76676e+00), Accept ratio: 0.47642, 
INFO:root:Epoch   867, Energy: -1.08658e+02 (-1.08646e+02), Variance: 1.76604e+00 (2.38312e+00), Accept ratio: 0.47905, 
INFO:root:Epoch   868, Energy: -1.08635e+02 (-1.08632e+02), Variance: 1.80510e+00 (2.54838e+00), Accept ratio: 0.47505, 
INFO:root:Epoch   869, Energy: -1.08718e+02 (-1.08775e+02), Variance: 1.89798e+00 (3.98933e+00), Accept ratio: 0.47879, 
INFO:root:Epoch   870, Energy: -1.08652e+02 (-1.08630e+02), Variance: 1.76927e+00 (2.40237e+00), Accept ratio: 0.46935, 
INFO:root:Epoch   871, Energy: -1.08681e+02 (-1.08675e+02), Variance: 2.02361e+00 (2.09489e+01), Accept ratio: 0.46923, 
INFO:root:Epoch   872, Energy: -1.08663e+02 (-1.08666e+02), Variance: 1.91303e+00 (2.04471e+00), Accept ratio: 0.46677, 
INFO:root:Epoch   873, Energy: -1.08654e+02 (-1.08636e+02), Variance: 2.05774e+00 (2.78004e+00), Accept ratio: 0.46538, 
INFO:root:Epoch   874, Energy: -1.08637e+02 (-1.08629e+02), Variance: 1.64496e+00 (1.77867e+00), Accept ratio: 0.47190, 
INFO:root:Epoch   875, Energy: -1.08699e+02 (-1.08715e+02), Variance: 1.81976e+00 (2.38954e+00), Accept ratio: 0.46904, 
INFO:root:Epoch   876, Energy: -1.08622e+02 (-1.08564e+02), Variance: 2.01408e+00 (4.04456e+00), Accept ratio: 0.46910, 
INFO:root:Epoch   877, Energy: -1.08649e+02 (-1.08646e+02), Variance: 2.09321e+00 (2.75142e+00), Accept ratio: 0.46870, 
INFO:root:Epoch   878, Energy: -1.08599e+02 (-1.08657e+02), Variance: 2.15113e+00 (6.96490e+00), Accept ratio: 0.47275, 
INFO:root:Epoch   879, Energy: -1.08620e+02 (-1.08696e+02), Variance: 1.88829e+00 (6.29471e+00), Accept ratio: 0.46823, 
INFO:root:Epoch   880, Energy: -1.08630e+02 (-1.08670e+02), Variance: 1.99488e+00 (6.66055e+00), Accept ratio: 0.47775, 
INFO:root:Epoch   881, Energy: -1.08610e+02 (-1.08575e+02), Variance: 2.02492e+00 (2.91307e+00), Accept ratio: 0.47865, 
INFO:root:Epoch   882, Energy: -1.08636e+02 (-1.08711e+02), Variance: 1.83171e+00 (1.27015e+01), Accept ratio: 0.47081, 
INFO:root:Epoch   883, Energy: -1.08616e+02 (-1.08591e+02), Variance: 1.70045e+00 (2.73532e+00), Accept ratio: 0.46831, 
INFO:root:Epoch   884, Energy: -1.08636e+02 (-1.08651e+02), Variance: 1.82018e+00 (2.69589e+00), Accept ratio: 0.47826, 
INFO:root:Epoch   885, Energy: -1.08683e+02 (-1.08688e+02), Variance: 1.82663e+00 (2.41631e+00), Accept ratio: 0.46990, 
INFO:root:Epoch   886, Energy: -1.08656e+02 (-1.08639e+02), Variance: 2.06412e+00 (5.20904e+00), Accept ratio: 0.47026, 
INFO:root:Epoch   887, Energy: -1.08604e+02 (-1.08565e+02), Variance: 1.82330e+00 (3.23371e+00), Accept ratio: 0.46807, 
INFO:root:Epoch   888, Energy: -1.08676e+02 (-1.08662e+02), Variance: 1.88589e+00 (2.46053e+00), Accept ratio: 0.46942, 
INFO:root:Epoch   889, Energy: -1.08649e+02 (-1.08662e+02), Variance: 1.89517e+00 (3.22299e+00), Accept ratio: 0.47260, 
INFO:root:Epoch   890, Energy: -1.08672e+02 (-1.08662e+02), Variance: 1.69842e+00 (1.91407e+00), Accept ratio: 0.47337, 
INFO:root:Epoch   891, Energy: -1.08595e+02 (-1.08557e+02), Variance: 1.95848e+00 (2.68730e+00), Accept ratio: 0.47802, 
INFO:root:Epoch   892, Energy: -1.08654e+02 (-1.08580e+02), Variance: 2.04676e+00 (5.76425e+00), Accept ratio: 0.46174, 
INFO:root:Epoch   893, Energy: -1.08635e+02 (-1.08578e+02), Variance: 1.96346e+00 (4.14827e+00), Accept ratio: 0.47625, 
INFO:root:Epoch   894, Energy: -1.08654e+02 (-1.08631e+02), Variance: 1.80308e+00 (2.39935e+00), Accept ratio: 0.47324, 
INFO:root:Epoch   895, Energy: -1.08612e+02 (-1.08598e+02), Variance: 1.79878e+00 (3.58811e+00), Accept ratio: 0.46107, 
INFO:root:Epoch   896, Energy: -1.08614e+02 (-1.08612e+02), Variance: 1.85010e+00 (2.20692e+00), Accept ratio: 0.46823, 
INFO:root:Epoch   897, Energy: -1.08629e+02 (-1.08602e+02), Variance: 1.80338e+00 (2.47608e+00), Accept ratio: 0.46805, 
INFO:root:Epoch   898, Energy: -1.08653e+02 (-1.08654e+02), Variance: 1.72088e+00 (2.18205e+00), Accept ratio: 0.47280, 
INFO:root:Epoch   899, Energy: -1.08670e+02 (-1.08701e+02), Variance: 1.71734e+00 (2.41845e+00), Accept ratio: 0.46885, 
INFO:root:Epoch   900, Energy: -1.08633e+02 (-1.08583e+02), Variance: 1.93418e+00 (4.12943e+00), Accept ratio: 0.47558, , best weights saved
INFO:root:Epoch   901, Energy: -1.08602e+02 (-1.08614e+02), Variance: 1.98599e+00 (3.35735e+00), Accept ratio: 0.47586, 
INFO:root:Epoch   902, Energy: -1.08639e+02 (-1.08650e+02), Variance: 1.69429e+00 (2.06374e+00), Accept ratio: 0.47407, 
INFO:root:Epoch   903, Energy: -1.08703e+02 (-1.08720e+02), Variance: 1.89341e+00 (2.81945e+00), Accept ratio: 0.47355, 
INFO:root:Epoch   904, Energy: -1.08674e+02 (-1.08683e+02), Variance: 1.88388e+00 (2.09962e+00), Accept ratio: 0.46784, 
INFO:root:Epoch   905, Energy: -1.08664e+02 (-1.08663e+02), Variance: 1.74841e+00 (2.82505e+00), Accept ratio: 0.47293, 
INFO:root:Epoch   906, Energy: -1.08674e+02 (-1.08630e+02), Variance: 1.98641e+00 (3.60268e+00), Accept ratio: 0.47488, 
INFO:root:Epoch   907, Energy: -1.08722e+02 (-1.08727e+02), Variance: 2.02173e+00 (3.09713e+00), Accept ratio: 0.46928, 
INFO:root:Epoch   908, Energy: -1.08640e+02 (-1.08470e+02), Variance: 1.77718e+00 (2.65262e+01), Accept ratio: 0.46700, 
INFO:root:Epoch   909, Energy: -1.08687e+02 (-1.08688e+02), Variance: 2.09249e+00 (3.15143e+00), Accept ratio: 0.47303, 
INFO:root:Epoch   910, Energy: -1.08661e+02 (-1.08655e+02), Variance: 2.18093e+00 (3.89238e+00), Accept ratio: 0.46834, 
INFO:root:Epoch   911, Energy: -1.08710e+02 (-1.08707e+02), Variance: 1.97506e+00 (2.79310e+00), Accept ratio: 0.47233, 
INFO:root:Epoch   912, Energy: -1.08647e+02 (-1.08618e+02), Variance: 1.94415e+00 (3.47323e+00), Accept ratio: 0.47854, 
INFO:root:Epoch   913, Energy: -1.08636e+02 (-1.08592e+02), Variance: 1.62442e+00 (3.25544e+00), Accept ratio: 0.47229, 
INFO:root:Epoch   914, Energy: -1.08633e+02 (-1.08567e+02), Variance: 1.74018e+00 (4.37255e+00), Accept ratio: 0.47345, 
INFO:root:Epoch   915, Energy: -1.08660e+02 (-1.08581e+02), Variance: 1.77218e+00 (7.28058e+00), Accept ratio: 0.47880, 
INFO:root:Epoch   916, Energy: -1.08632e+02 (-1.08632e+02), Variance: 1.78006e+00 (2.09151e+00), Accept ratio: 0.47621, 
INFO:root:Epoch   917, Energy: -1.08648e+02 (-1.08647e+02), Variance: 1.89973e+00 (2.59320e+00), Accept ratio: 0.47487, 
INFO:root:Epoch   918, Energy: -1.08699e+02 (-1.08693e+02), Variance: 1.85872e+00 (3.35847e+00), Accept ratio: 0.47837, 
INFO:root:Epoch   919, Energy: -1.08594e+02 (-1.08555e+02), Variance: 1.77734e+00 (3.60603e+00), Accept ratio: 0.48174, 
INFO:root:Epoch   920, Energy: -1.08681e+02 (-1.08678e+02), Variance: 1.69967e+00 (1.84726e+00), Accept ratio: 0.47184, 
INFO:root:Epoch   921, Energy: -1.08683e+02 (-1.08650e+02), Variance: 1.95456e+00 (3.76874e+00), Accept ratio: 0.46705, 
INFO:root:Epoch   922, Energy: -1.08665e+02 (-1.08665e+02), Variance: 1.65844e+00 (3.01515e+00), Accept ratio: 0.47148, 
INFO:root:Epoch   923, Energy: -1.08685e+02 (-1.08711e+02), Variance: 1.73815e+00 (2.53458e+00), Accept ratio: 0.47305, 
INFO:root:Epoch   924, Energy: -1.08691e+02 (-1.08686e+02), Variance: 1.53833e+00 (4.71906e+00), Accept ratio: 0.46802, 
INFO:root:Epoch   925, Energy: -1.08653e+02 (-1.08656e+02), Variance: 1.75014e+00 (5.03896e+00), Accept ratio: 0.47302, 
INFO:root:Epoch   926, Energy: -1.08702e+02 (-1.08729e+02), Variance: 1.49120e+00 (2.15544e+00), Accept ratio: 0.48182, 
INFO:root:Epoch   927, Energy: -1.08725e+02 (-1.08736e+02), Variance: 1.78697e+00 (3.33700e+00), Accept ratio: 0.47503, 
INFO:root:Epoch   928, Energy: -1.08684e+02 (-1.08691e+02), Variance: 1.71908e+00 (2.67327e+00), Accept ratio: 0.47239, 
INFO:root:Epoch   929, Energy: -1.08622e+02 (-1.08657e+02), Variance: 2.18099e+00 (4.21127e+00), Accept ratio: 0.47079, 
INFO:root:Epoch   930, Energy: -1.08729e+02 (-1.08790e+02), Variance: 2.00523e+00 (9.14054e+00), Accept ratio: 0.47522, 
INFO:root:Epoch   931, Energy: -1.08730e+02 (-1.08731e+02), Variance: 1.81286e+00 (2.50712e+00), Accept ratio: 0.47413, 
INFO:root:Epoch   932, Energy: -1.08737e+02 (-1.08655e+02), Variance: 1.73438e+00 (8.27169e+00), Accept ratio: 0.47726, 
INFO:root:Epoch   933, Energy: -1.08637e+02 (-1.08622e+02), Variance: 1.74971e+00 (2.30921e+00), Accept ratio: 0.47330, 
INFO:root:Epoch   934, Energy: -1.08653e+02 (-1.08635e+02), Variance: 1.59067e+00 (1.97834e+00), Accept ratio: 0.47428, 
INFO:root:Epoch   935, Energy: -1.08652e+02 (-1.08683e+02), Variance: 1.70852e+00 (4.51085e+00), Accept ratio: 0.47233, 
INFO:root:Epoch   936, Energy: -1.08631e+02 (-1.08686e+02), Variance: 1.89645e+00 (1.32317e+01), Accept ratio: 0.46867, 
INFO:root:Epoch   937, Energy: -1.08634e+02 (-1.08686e+02), Variance: 1.67481e+00 (5.00372e+00), Accept ratio: 0.48019, 
INFO:root:Epoch   938, Energy: -1.08669e+02 (-1.08695e+02), Variance: 2.04633e+00 (2.66332e+00), Accept ratio: 0.47705, 
INFO:root:Epoch   939, Energy: -1.08601e+02 (-1.08625e+02), Variance: 2.13181e+00 (2.73907e+00), Accept ratio: 0.47070, 
INFO:root:Epoch   940, Energy: -1.08656e+02 (-1.08608e+02), Variance: 2.07217e+00 (5.46043e+00), Accept ratio: 0.47419, 
INFO:root:Epoch   941, Energy: -1.08678e+02 (-1.08726e+02), Variance: 1.98503e+00 (3.12522e+00), Accept ratio: 0.47468, 
INFO:root:Epoch   942, Energy: -1.08669e+02 (-1.08675e+02), Variance: 1.68486e+00 (2.98466e+00), Accept ratio: 0.46820, 
INFO:root:Epoch   943, Energy: -1.08643e+02 (-1.08664e+02), Variance: 1.52763e+00 (1.81594e+00), Accept ratio: 0.47356, 
INFO:root:Epoch   944, Energy: -1.08678e+02 (-1.08692e+02), Variance: 1.72215e+00 (4.71017e+00), Accept ratio: 0.46972, 
INFO:root:Epoch   945, Energy: -1.08654e+02 (-1.08660e+02), Variance: 1.65865e+00 (2.99647e+00), Accept ratio: 0.47712, 
INFO:root:Epoch   946, Energy: -1.08618e+02 (-1.08637e+02), Variance: 1.66179e+00 (3.32269e+00), Accept ratio: 0.47245, 
INFO:root:Epoch   947, Energy: -1.08664e+02 (-1.08647e+02), Variance: 1.62186e+00 (2.58362e+00), Accept ratio: 0.47699, 
INFO:root:Epoch   948, Energy: -1.08637e+02 (-1.08615e+02), Variance: 1.59646e+00 (2.40688e+00), Accept ratio: 0.47881, 
INFO:root:Epoch   949, Energy: -1.08729e+02 (-1.08738e+02), Variance: 1.71616e+00 (4.64963e+00), Accept ratio: 0.47550, 
INFO:root:Epoch   950, Energy: -1.08758e+02 (-1.08855e+02), Variance: 1.81244e+00 (1.02552e+01), Accept ratio: 0.47564, 
INFO:root:Epoch   951, Energy: -1.08692e+02 (-1.08681e+02), Variance: 1.61322e+00 (1.87832e+00), Accept ratio: 0.47383, 
INFO:root:Epoch   952, Energy: -1.08664e+02 (-1.08660e+02), Variance: 1.52343e+00 (1.62988e+00), Accept ratio: 0.47635, 
INFO:root:Epoch   953, Energy: -1.08715e+02 (-1.08712e+02), Variance: 1.73569e+00 (2.83230e+00), Accept ratio: 0.47553, 
INFO:root:Epoch   954, Energy: -1.08653e+02 (-1.08673e+02), Variance: 1.61514e+00 (2.19649e+00), Accept ratio: 0.46464, 
INFO:root:Epoch   955, Energy: -1.08677e+02 (-1.08575e+02), Variance: 1.80511e+00 (8.56159e+00), Accept ratio: 0.47569, 
INFO:root:Epoch   956, Energy: -1.08632e+02 (-1.08610e+02), Variance: 1.73941e+00 (3.02790e+00), Accept ratio: 0.46797, 
INFO:root:Epoch   957, Energy: -1.08648e+02 (-1.08571e+02), Variance: 1.72532e+00 (8.21417e+00), Accept ratio: 0.47050, 
INFO:root:Epoch   958, Energy: -1.08680e+02 (-1.08722e+02), Variance: 1.79802e+00 (3.43405e+00), Accept ratio: 0.46677, 
INFO:root:Epoch   959, Energy: -1.08616e+02 (-1.08574e+02), Variance: 1.78122e+00 (1.22721e+01), Accept ratio: 0.47620, 
INFO:root:Epoch   960, Energy: -1.08675e+02 (-1.08694e+02), Variance: 1.63153e+00 (3.35434e+00), Accept ratio: 0.46841, 
INFO:root:Epoch   961, Energy: -1.08696e+02 (-1.08722e+02), Variance: 1.64406e+00 (2.46400e+00), Accept ratio: 0.46447, 
INFO:root:Epoch   962, Energy: -1.08648e+02 (-1.08641e+02), Variance: 1.76312e+00 (2.40563e+00), Accept ratio: 0.46957, 
INFO:root:Epoch   963, Energy: -1.08720e+02 (-1.08721e+02), Variance: 1.61496e+00 (2.34901e+00), Accept ratio: 0.47190, 
INFO:root:Epoch   964, Energy: -1.08752e+02 (-1.08770e+02), Variance: 1.65387e+00 (2.61286e+00), Accept ratio: 0.47032, 
INFO:root:Epoch   965, Energy: -1.08728e+02 (-1.08751e+02), Variance: 1.50702e+00 (2.02142e+00), Accept ratio: 0.47417, 
INFO:root:Epoch   966, Energy: -1.08679e+02 (-1.08685e+02), Variance: 1.37938e+00 (1.71445e+00), Accept ratio: 0.47281, 
INFO:root:Epoch   967, Energy: -1.08754e+02 (-1.08645e+02), Variance: 1.53952e+00 (7.27441e+00), Accept ratio: 0.46743, 
INFO:root:Epoch   968, Energy: -1.08739e+02 (-1.08762e+02), Variance: 1.60374e+00 (2.11769e+00), Accept ratio: 0.46903, 
INFO:root:Epoch   969, Energy: -1.08679e+02 (-1.08691e+02), Variance: 1.46113e+00 (1.73494e+00), Accept ratio: 0.46851, 
INFO:root:Epoch   970, Energy: -1.08697e+02 (-1.08750e+02), Variance: 1.69849e+00 (5.11386e+00), Accept ratio: 0.47771, 
INFO:root:Epoch   971, Energy: -1.08680e+02 (-1.08687e+02), Variance: 1.54981e+00 (1.72810e+00), Accept ratio: 0.48197, 
INFO:root:Epoch   972, Energy: -1.08727e+02 (-1.08730e+02), Variance: 1.51242e+00 (1.64726e+00), Accept ratio: 0.46940, 
INFO:root:Epoch   973, Energy: -1.08662e+02 (-1.08690e+02), Variance: 1.41840e+00 (2.02842e+00), Accept ratio: 0.46869, 
INFO:root:Epoch   974, Energy: -1.08674e+02 (-1.08680e+02), Variance: 1.53365e+00 (1.74469e+00), Accept ratio: 0.47336, 
INFO:root:Epoch   975, Energy: -1.08648e+02 (-1.08699e+02), Variance: 1.55829e+00 (3.26138e+00), Accept ratio: 0.47039, 
INFO:root:Epoch   976, Energy: -1.08701e+02 (-1.08698e+02), Variance: 1.50906e+00 (1.95612e+00), Accept ratio: 0.47056, 
INFO:root:Epoch   977, Energy: -1.08671e+02 (-1.08689e+02), Variance: 1.63088e+00 (2.22132e+00), Accept ratio: 0.47414, 
INFO:root:Epoch   978, Energy: -1.08716e+02 (-1.08712e+02), Variance: 1.84461e+00 (2.49155e+00), Accept ratio: 0.47525, 
INFO:root:Epoch   979, Energy: -1.08643e+02 (-1.08694e+02), Variance: 1.63526e+00 (8.61274e+00), Accept ratio: 0.47540, 
INFO:root:Epoch   980, Energy: -1.08713e+02 (-1.08770e+02), Variance: 1.77909e+00 (5.06589e+00), Accept ratio: 0.47429, 
INFO:root:Epoch   981, Energy: -1.08713e+02 (-1.08728e+02), Variance: 1.44805e+00 (2.28624e+00), Accept ratio: 0.47677, 
INFO:root:Epoch   982, Energy: -1.08716e+02 (-1.08683e+02), Variance: 1.65603e+00 (8.53091e+00), Accept ratio: 0.47277, 
INFO:root:Epoch   983, Energy: -1.08680e+02 (-1.08696e+02), Variance: 1.55890e+00 (2.54146e+00), Accept ratio: 0.46693, 
INFO:root:Epoch   984, Energy: -1.08708e+02 (-1.08727e+02), Variance: 1.46827e+00 (2.37692e+00), Accept ratio: 0.48105, 
INFO:root:Epoch   985, Energy: -1.08678e+02 (-1.08663e+02), Variance: 1.62945e+00 (3.14235e+00), Accept ratio: 0.46832, 
INFO:root:Epoch   986, Energy: -1.08767e+02 (-1.08793e+02), Variance: 1.84082e+00 (2.65212e+00), Accept ratio: 0.47613, 
INFO:root:Epoch   987, Energy: -1.08694e+02 (-1.08621e+02), Variance: 1.50136e+00 (8.05488e+00), Accept ratio: 0.47516, 
INFO:root:Epoch   988, Energy: -1.08737e+02 (-1.08743e+02), Variance: 1.65885e+00 (1.90116e+00), Accept ratio: 0.46676, 
INFO:root:Epoch   989, Energy: -1.08680e+02 (-1.08664e+02), Variance: 1.52164e+00 (2.49799e+00), Accept ratio: 0.47202, 
INFO:root:Epoch   990, Energy: -1.08676e+02 (-1.08662e+02), Variance: 1.67709e+00 (4.15050e+00), Accept ratio: 0.47599, 
INFO:root:Epoch   991, Energy: -1.08721e+02 (-1.08705e+02), Variance: 1.49913e+00 (1.80560e+00), Accept ratio: 0.47913, 
INFO:root:Epoch   992, Energy: -1.08733e+02 (-1.08732e+02), Variance: 1.54313e+00 (1.84602e+00), Accept ratio: 0.47622, 
INFO:root:Epoch   993, Energy: -1.08704e+02 (-1.08720e+02), Variance: 1.47838e+00 (1.94262e+00), Accept ratio: 0.48052, 
INFO:root:Epoch   994, Energy: -1.08694e+02 (-1.08684e+02), Variance: 1.37094e+00 (1.52046e+00), Accept ratio: 0.47510, 
INFO:root:Epoch   995, Energy: -1.08732e+02 (-1.08731e+02), Variance: 1.39662e+00 (1.76418e+00), Accept ratio: 0.47179, 
INFO:root:Epoch   996, Energy: -1.08729e+02 (-1.08766e+02), Variance: 1.60838e+00 (4.08985e+00), Accept ratio: 0.46866, 
INFO:root:Epoch   997, Energy: -1.08731e+02 (-1.08738e+02), Variance: 1.56752e+00 (2.87603e+00), Accept ratio: 0.47070, 
INFO:root:Epoch   998, Energy: -1.08724e+02 (-1.08837e+02), Variance: 1.41892e+00 (1.69537e+01), Accept ratio: 0.46581, 
INFO:root:Epoch   999, Energy: -1.08701e+02 (-1.08706e+02), Variance: 1.45982e+00 (1.56279e+00), Accept ratio: 0.47612, 
INFO:root:Epoch  1000, Energy: -1.08726e+02 (-1.08726e+02), Variance: 1.52542e+00 (1.81501e+00), Accept ratio: 0.47816, , best weights saved
INFO:root:Epoch  1001, Energy: -1.08692e+02 (-1.08666e+02), Variance: 1.35420e+00 (2.67852e+00), Accept ratio: 0.47325, 
INFO:root:Epoch  1002, Energy: -1.08669e+02 (-1.08661e+02), Variance: 1.43885e+00 (2.16977e+00), Accept ratio: 0.47022, 
INFO:root:Epoch  1003, Energy: -1.08627e+02 (-1.08589e+02), Variance: 1.50775e+00 (2.52020e+00), Accept ratio: 0.47260, 
INFO:root:Epoch  1004, Energy: -1.08699e+02 (-1.08687e+02), Variance: 1.55466e+00 (1.83346e+00), Accept ratio: 0.46318, 
INFO:root:Epoch  1005, Energy: -1.08714e+02 (-1.08715e+02), Variance: 1.64328e+00 (2.01229e+00), Accept ratio: 0.47483, 
INFO:root:Epoch  1006, Energy: -1.08738e+02 (-1.08734e+02), Variance: 1.46596e+00 (1.78970e+00), Accept ratio: 0.47261, 
INFO:root:Epoch  1007, Energy: -1.08737e+02 (-1.08712e+02), Variance: 1.49157e+00 (2.38151e+00), Accept ratio: 0.47467, 
INFO:root:Epoch  1008, Energy: -1.08732e+02 (-1.08759e+02), Variance: 1.36150e+00 (1.76274e+00), Accept ratio: 0.46689, 
INFO:root:Epoch  1009, Energy: -1.08773e+02 (-1.08845e+02), Variance: 1.47176e+00 (4.72169e+00), Accept ratio: 0.48044, 
INFO:root:Epoch  1010, Energy: -1.08745e+02 (-1.08810e+02), Variance: 1.53417e+00 (3.98943e+00), Accept ratio: 0.46891, 
INFO:root:Epoch  1011, Energy: -1.08787e+02 (-1.09060e+02), Variance: 1.62528e+00 (5.02860e+01), Accept ratio: 0.47105, 
INFO:root:Epoch  1012, Energy: -1.08731e+02 (-1.08767e+02), Variance: 1.58693e+00 (3.81308e+00), Accept ratio: 0.47771, 
INFO:root:Epoch  1013, Energy: -1.08694e+02 (-1.08713e+02), Variance: 1.41716e+00 (1.86157e+00), Accept ratio: 0.47125, 
INFO:root:Epoch  1014, Energy: -1.08733e+02 (-1.08722e+02), Variance: 1.53863e+00 (2.56192e+00), Accept ratio: 0.47331, 
INFO:root:Epoch  1015, Energy: -1.08752e+02 (-1.08766e+02), Variance: 1.32860e+00 (3.10784e+00), Accept ratio: 0.47210, 
INFO:root:Epoch  1016, Energy: -1.08764e+02 (-1.08757e+02), Variance: 1.44686e+00 (1.78615e+00), Accept ratio: 0.46771, 
INFO:root:Epoch  1017, Energy: -1.08751e+02 (-1.08785e+02), Variance: 1.47117e+00 (3.22215e+00), Accept ratio: 0.47254, 
INFO:root:Epoch  1018, Energy: -1.08686e+02 (-1.08678e+02), Variance: 1.37669e+00 (1.63390e+00), Accept ratio: 0.46646, 
INFO:root:Epoch  1019, Energy: -1.08750e+02 (-1.08737e+02), Variance: 1.62360e+00 (1.89189e+00), Accept ratio: 0.47030, 
INFO:root:Epoch  1020, Energy: -1.08747e+02 (-1.08739e+02), Variance: 1.53008e+00 (1.75909e+00), Accept ratio: 0.46600, 
INFO:root:Epoch  1021, Energy: -1.08727e+02 (-1.08731e+02), Variance: 1.51918e+00 (1.93794e+00), Accept ratio: 0.47564, 
INFO:root:Epoch  1022, Energy: -1.08732e+02 (-1.08703e+02), Variance: 1.59189e+00 (2.77231e+00), Accept ratio: 0.47182, 
INFO:root:Epoch  1023, Energy: -1.08763e+02 (-1.08760e+02), Variance: 1.54197e+00 (2.01095e+00), Accept ratio: 0.47364, 
INFO:root:Epoch  1024, Energy: -1.08752e+02 (-1.08748e+02), Variance: 1.59921e+00 (2.07638e+00), Accept ratio: 0.46847, 
INFO:root:Epoch  1025, Energy: -1.08705e+02 (-1.08721e+02), Variance: 1.73504e+00 (2.88992e+00), Accept ratio: 0.47026, 
INFO:root:Epoch  1026, Energy: -1.08734e+02 (-1.08707e+02), Variance: 1.74909e+00 (2.55022e+00), Accept ratio: 0.47914, 
INFO:root:Epoch  1027, Energy: -1.08661e+02 (-1.08664e+02), Variance: 1.49157e+00 (1.78865e+00), Accept ratio: 0.46596, 
INFO:root:Epoch  1028, Energy: -1.08683e+02 (-1.08650e+02), Variance: 1.38445e+00 (2.72917e+00), Accept ratio: 0.46547, 
INFO:root:Epoch  1029, Energy: -1.08645e+02 (-1.08649e+02), Variance: 1.47911e+00 (1.85906e+00), Accept ratio: 0.47261, 
INFO:root:Epoch  1030, Energy: -1.08690e+02 (-1.08694e+02), Variance: 1.45885e+00 (2.87382e+00), Accept ratio: 0.47134, 
INFO:root:Epoch  1031, Energy: -1.08720e+02 (-1.08748e+02), Variance: 1.61930e+00 (4.40364e+00), Accept ratio: 0.46960, 
INFO:root:Epoch  1032, Energy: -1.08737e+02 (-1.08790e+02), Variance: 1.53835e+00 (5.99961e+00), Accept ratio: 0.47597, 
INFO:root:Epoch  1033, Energy: -1.08688e+02 (-1.08663e+02), Variance: 1.59472e+00 (2.83140e+00), Accept ratio: 0.46915, 
INFO:root:Epoch  1034, Energy: -1.08696e+02 (-1.08698e+02), Variance: 1.92735e+00 (3.49460e+00), Accept ratio: 0.47132, 
INFO:root:Epoch  1035, Energy: -1.08701e+02 (-1.08635e+02), Variance: 1.65165e+00 (3.50012e+00), Accept ratio: 0.47026, 
INFO:root:Epoch  1036, Energy: -1.08698e+02 (-1.08666e+02), Variance: 1.87496e+00 (5.10901e+00), Accept ratio: 0.47286, 
INFO:root:Epoch  1037, Energy: -1.08693e+02 (-1.08773e+02), Variance: 1.61161e+00 (7.98295e+00), Accept ratio: 0.46982, 
INFO:root:Epoch  1038, Energy: -1.08674e+02 (-1.08674e+02), Variance: 1.49832e+00 (2.25374e+00), Accept ratio: 0.46997, 
INFO:root:Epoch  1039, Energy: -1.08711e+02 (-1.08717e+02), Variance: 1.61264e+00 (2.53221e+00), Accept ratio: 0.47185, 
INFO:root:Epoch  1040, Energy: -1.08657e+02 (-1.08569e+02), Variance: 1.71946e+00 (4.72307e+00), Accept ratio: 0.47240, 
INFO:root:Epoch  1041, Energy: -1.08701e+02 (-1.08682e+02), Variance: 1.45718e+00 (1.85809e+00), Accept ratio: 0.46883, 
INFO:root:Epoch  1042, Energy: -1.08721e+02 (-1.08688e+02), Variance: 1.88890e+00 (3.75795e+00), Accept ratio: 0.46360, 
INFO:root:Epoch  1043, Energy: -1.08689e+02 (-1.08633e+02), Variance: 1.61126e+00 (4.86671e+00), Accept ratio: 0.47583, 
INFO:root:Epoch  1044, Energy: -1.08685e+02 (-1.08728e+02), Variance: 1.84979e+00 (5.63585e+00), Accept ratio: 0.47517, 
INFO:root:Epoch  1045, Energy: -1.08689e+02 (-1.08676e+02), Variance: 1.56758e+00 (2.36942e+00), Accept ratio: 0.47514, 
INFO:root:Epoch  1046, Energy: -1.08685e+02 (-1.08662e+02), Variance: 1.49316e+00 (2.56115e+00), Accept ratio: 0.47128, 
INFO:root:Epoch  1047, Energy: -1.08704e+02 (-1.08687e+02), Variance: 1.63665e+00 (2.13345e+00), Accept ratio: 0.47239, 
INFO:root:Epoch  1048, Energy: -1.08673e+02 (-1.08684e+02), Variance: 1.56300e+00 (2.89851e+00), Accept ratio: 0.47170, 
INFO:root:Epoch  1049, Energy: -1.08709e+02 (-1.08704e+02), Variance: 1.57605e+00 (1.86523e+00), Accept ratio: 0.46755, 
INFO:root:Epoch  1050, Energy: -1.08736e+02 (-1.08737e+02), Variance: 1.59015e+00 (3.21345e+00), Accept ratio: 0.46650, 
INFO:root:Epoch  1051, Energy: -1.08701e+02 (-1.08711e+02), Variance: 1.76087e+00 (2.88654e+00), Accept ratio: 0.47441, 
INFO:root:Epoch  1052, Energy: -1.08766e+02 (-1.08777e+02), Variance: 1.73754e+00 (3.08253e+00), Accept ratio: 0.46685, 
INFO:root:Epoch  1053, Energy: -1.08724e+02 (-1.08703e+02), Variance: 1.59250e+00 (2.79399e+00), Accept ratio: 0.47626, 
INFO:root:Epoch  1054, Energy: -1.08767e+02 (-1.08800e+02), Variance: 1.53568e+00 (2.47522e+00), Accept ratio: 0.47037, 
INFO:root:Epoch  1055, Energy: -1.08708e+02 (-1.08723e+02), Variance: 1.63303e+00 (2.07576e+00), Accept ratio: 0.46824, 
INFO:root:Epoch  1056, Energy: -1.08671e+02 (-1.08641e+02), Variance: 1.43791e+00 (2.24699e+00), Accept ratio: 0.47119, 
INFO:root:Epoch  1057, Energy: -1.08688e+02 (-1.08685e+02), Variance: 1.76772e+00 (3.16372e+00), Accept ratio: 0.47061, 
INFO:root:Epoch  1058, Energy: -1.08751e+02 (-1.08758e+02), Variance: 1.65360e+00 (1.98077e+00), Accept ratio: 0.46953, 
INFO:root:Epoch  1059, Energy: -1.08745e+02 (-1.08753e+02), Variance: 1.54060e+00 (1.94540e+00), Accept ratio: 0.47114, 
INFO:root:Epoch  1060, Energy: -1.08773e+02 (-1.08843e+02), Variance: 1.68252e+00 (4.74092e+00), Accept ratio: 0.46947, 
INFO:root:Epoch  1061, Energy: -1.08725e+02 (-1.08746e+02), Variance: 1.46011e+00 (2.16721e+00), Accept ratio: 0.47249, 
INFO:root:Epoch  1062, Energy: -1.08676e+02 (-1.08661e+02), Variance: 1.58796e+00 (2.39248e+00), Accept ratio: 0.47311, 
INFO:root:Epoch  1063, Energy: -1.08702e+02 (-1.08696e+02), Variance: 1.68501e+00 (2.32723e+00), Accept ratio: 0.47030, 
INFO:root:Epoch  1064, Energy: -1.08720e+02 (-1.08720e+02), Variance: 1.37008e+00 (1.69660e+00), Accept ratio: 0.47381, 
INFO:root:Epoch  1065, Energy: -1.08689e+02 (-1.08698e+02), Variance: 1.29706e+00 (1.78549e+00), Accept ratio: 0.47089, 
INFO:root:Epoch  1066, Energy: -1.08740e+02 (-1.08757e+02), Variance: 1.46561e+00 (1.93556e+00), Accept ratio: 0.46794, 
INFO:root:Epoch  1067, Energy: -1.08743e+02 (-1.08779e+02), Variance: 1.51900e+00 (2.75296e+00), Accept ratio: 0.46330, 
INFO:root:Epoch  1068, Energy: -1.08682e+02 (-1.08700e+02), Variance: 1.31442e+00 (1.79428e+00), Accept ratio: 0.47671, 
INFO:root:Epoch  1069, Energy: -1.08681e+02 (-1.08749e+02), Variance: 1.47304e+00 (3.72826e+00), Accept ratio: 0.46835, 
INFO:root:Epoch  1070, Energy: -1.08719e+02 (-1.08726e+02), Variance: 1.49219e+00 (2.04615e+00), Accept ratio: 0.47475, 
INFO:root:Epoch  1071, Energy: -1.08787e+02 (-1.08796e+02), Variance: 1.40235e+00 (2.07909e+00), Accept ratio: 0.47909, 
INFO:root:Epoch  1072, Energy: -1.08775e+02 (-1.08763e+02), Variance: 1.66494e+00 (2.57585e+00), Accept ratio: 0.47116, 
INFO:root:Epoch  1073, Energy: -1.08690e+02 (-1.08652e+02), Variance: 1.59570e+00 (2.88263e+00), Accept ratio: 0.46525, 
INFO:root:Epoch  1074, Energy: -1.08737e+02 (-1.08739e+02), Variance: 1.59126e+00 (2.70700e+00), Accept ratio: 0.46697, 
INFO:root:Epoch  1075, Energy: -1.08682e+02 (-1.08733e+02), Variance: 1.60003e+00 (9.40593e+00), Accept ratio: 0.47393, 
INFO:root:Epoch  1076, Energy: -1.08747e+02 (-1.08808e+02), Variance: 1.44323e+00 (3.04409e+00), Accept ratio: 0.46964, 
INFO:root:Epoch  1077, Energy: -1.08720e+02 (-1.08693e+02), Variance: 1.48042e+00 (3.07165e+00), Accept ratio: 0.47098, 
INFO:root:Epoch  1078, Energy: -1.08681e+02 (-1.08674e+02), Variance: 1.48670e+00 (2.06185e+00), Accept ratio: 0.46848, 
INFO:root:Epoch  1079, Energy: -1.08738e+02 (-1.08732e+02), Variance: 1.49816e+00 (1.98834e+00), Accept ratio: 0.47932, 
INFO:root:Epoch  1080, Energy: -1.08678e+02 (-1.08753e+02), Variance: 1.48869e+00 (8.55662e+00), Accept ratio: 0.47166, 
INFO:root:Epoch  1081, Energy: -1.08755e+02 (-1.08891e+02), Variance: 1.51391e+00 (1.00629e+01), Accept ratio: 0.47869, 
INFO:root:Epoch  1082, Energy: -1.08717e+02 (-1.08710e+02), Variance: 1.42372e+00 (1.76316e+00), Accept ratio: 0.47410, 
INFO:root:Epoch  1083, Energy: -1.08760e+02 (-1.08739e+02), Variance: 1.43523e+00 (2.11892e+00), Accept ratio: 0.47453, 
INFO:root:Epoch  1084, Energy: -1.08723e+02 (-1.08645e+02), Variance: 1.58673e+00 (7.98780e+00), Accept ratio: 0.46717, 
INFO:root:Epoch  1085, Energy: -1.08747e+02 (-1.08778e+02), Variance: 1.52006e+00 (2.46474e+00), Accept ratio: 0.47604, 
INFO:root:Epoch  1086, Energy: -1.08734e+02 (-1.08770e+02), Variance: 1.45100e+00 (2.71006e+00), Accept ratio: 0.47168, 
INFO:root:Epoch  1087, Energy: -1.08730e+02 (-1.08726e+02), Variance: 1.49860e+00 (2.39139e+00), Accept ratio: 0.46843, 
INFO:root:Epoch  1088, Energy: -1.08764e+02 (-1.08786e+02), Variance: 1.69595e+00 (2.60931e+00), Accept ratio: 0.46637, 
INFO:root:Epoch  1089, Energy: -1.08763e+02 (-1.08767e+02), Variance: 1.72769e+00 (3.85029e+00), Accept ratio: 0.46979, 
INFO:root:Epoch  1090, Energy: -1.08722e+02 (-1.08727e+02), Variance: 1.57047e+00 (2.48044e+00), Accept ratio: 0.46652, 
INFO:root:Epoch  1091, Energy: -1.08708e+02 (-1.08628e+02), Variance: 1.47257e+00 (4.47436e+00), Accept ratio: 0.46255, 
INFO:root:Epoch  1092, Energy: -1.08740e+02 (-1.08759e+02), Variance: 1.65922e+00 (3.45532e+00), Accept ratio: 0.47607, 
INFO:root:Epoch  1093, Energy: -1.08705e+02 (-1.08701e+02), Variance: 1.49412e+00 (2.18586e+00), Accept ratio: 0.47150, 
INFO:root:Epoch  1094, Energy: -1.08705e+02 (-1.08670e+02), Variance: 1.55967e+00 (3.19804e+00), Accept ratio: 0.46672, 
INFO:root:Epoch  1095, Energy: -1.08783e+02 (-1.08846e+02), Variance: 1.59781e+00 (7.28401e+00), Accept ratio: 0.47434, 
INFO:root:Epoch  1096, Energy: -1.08725e+02 (-1.08701e+02), Variance: 1.49301e+00 (2.61657e+00), Accept ratio: 0.47389, 
INFO:root:Epoch  1097, Energy: -1.08764e+02 (-1.08780e+02), Variance: 1.76735e+00 (6.09525e+00), Accept ratio: 0.47612, 
INFO:root:Epoch  1098, Energy: -1.08728e+02 (-1.08782e+02), Variance: 1.61986e+00 (5.27684e+00), Accept ratio: 0.46825, 
INFO:root:Epoch  1099, Energy: -1.08771e+02 (-1.08765e+02), Variance: 1.58655e+00 (3.50138e+00), Accept ratio: 0.46907, 
INFO:root:Epoch  1100, Energy: -1.08761e+02 (-1.08748e+02), Variance: 1.50181e+00 (1.80268e+00), Accept ratio: 0.47796, , best weights saved
INFO:root:Epoch  1101, Energy: -1.08795e+02 (-1.08782e+02), Variance: 1.47359e+00 (1.90124e+00), Accept ratio: 0.47336, 
INFO:root:Epoch  1102, Energy: -1.08734e+02 (-1.08726e+02), Variance: 1.43571e+00 (2.99230e+00), Accept ratio: 0.47340, 
INFO:root:Epoch  1103, Energy: -1.08740e+02 (-1.08747e+02), Variance: 1.48696e+00 (2.03006e+00), Accept ratio: 0.47543, 
INFO:root:Epoch  1104, Energy: -1.08718e+02 (-1.08723e+02), Variance: 1.53553e+00 (2.12466e+00), Accept ratio: 0.46729, 
INFO:root:Epoch  1105, Energy: -1.08832e+02 (-1.08793e+02), Variance: 1.51764e+00 (4.86683e+00), Accept ratio: 0.46964, 
INFO:root:Epoch  1106, Energy: -1.08800e+02 (-1.08799e+02), Variance: 1.32028e+00 (1.67764e+00), Accept ratio: 0.47567, 
INFO:root:Epoch  1107, Energy: -1.08814e+02 (-1.08810e+02), Variance: 1.55740e+00 (1.90903e+00), Accept ratio: 0.46622, 
INFO:root:Epoch  1108, Energy: -1.08845e+02 (-1.08847e+02), Variance: 1.45262e+00 (2.00799e+00), Accept ratio: 0.47066, 
INFO:root:Epoch  1109, Energy: -1.08739e+02 (-1.08740e+02), Variance: 1.71602e+00 (4.05912e+00), Accept ratio: 0.46723, 
INFO:root:Epoch  1110, Energy: -1.08703e+02 (-1.08713e+02), Variance: 1.49801e+00 (1.92552e+00), Accept ratio: 0.47674, 
INFO:root:Epoch  1111, Energy: -1.08740e+02 (-1.08740e+02), Variance: 1.32082e+00 (1.43824e+00), Accept ratio: 0.46845, 
INFO:root:Epoch  1112, Energy: -1.08715e+02 (-1.08740e+02), Variance: 1.33787e+00 (1.96346e+00), Accept ratio: 0.47685, 
INFO:root:Epoch  1113, Energy: -1.08717e+02 (-1.08723e+02), Variance: 1.37435e+00 (1.70832e+00), Accept ratio: 0.47252, 
INFO:root:Epoch  1114, Energy: -1.08718e+02 (-1.08702e+02), Variance: 1.65402e+00 (2.08286e+00), Accept ratio: 0.46561, 
INFO:root:Epoch  1115, Energy: -1.08694e+02 (-1.08663e+02), Variance: 1.58998e+00 (2.84755e+00), Accept ratio: 0.46423, 
INFO:root:Epoch  1116, Energy: -1.08759e+02 (-1.08762e+02), Variance: 1.30742e+00 (1.64108e+00), Accept ratio: 0.47324, 
INFO:root:Epoch  1117, Energy: -1.08759e+02 (-1.08826e+02), Variance: 1.62650e+00 (7.41082e+00), Accept ratio: 0.47341, 
INFO:root:Epoch  1118, Energy: -1.08761e+02 (-1.08761e+02), Variance: 1.43875e+00 (3.01476e+00), Accept ratio: 0.47035, 
INFO:root:Epoch  1119, Energy: -1.08746e+02 (-1.08705e+02), Variance: 1.52669e+00 (2.71160e+00), Accept ratio: 0.46809, 
INFO:root:Epoch  1120, Energy: -1.08800e+02 (-1.08814e+02), Variance: 1.44019e+00 (2.04921e+00), Accept ratio: 0.47415, 
INFO:root:Epoch  1121, Energy: -1.08768e+02 (-1.08762e+02), Variance: 1.50698e+00 (1.86989e+00), Accept ratio: 0.47664, 
INFO:root:Epoch  1122, Energy: -1.08749e+02 (-1.08777e+02), Variance: 1.52837e+00 (2.62490e+00), Accept ratio: 0.47316, 
INFO:root:Epoch  1123, Energy: -1.08760e+02 (-1.08762e+02), Variance: 1.61369e+00 (2.14397e+00), Accept ratio: 0.47024, 
INFO:root:Epoch  1124, Energy: -1.08820e+02 (-1.08866e+02), Variance: 1.51515e+00 (5.21520e+00), Accept ratio: 0.46683, 
INFO:root:Epoch  1125, Energy: -1.08828e+02 (-1.08848e+02), Variance: 1.41513e+00 (4.37915e+00), Accept ratio: 0.46980, 
INFO:root:Epoch  1126, Energy: -1.08743e+02 (-1.08729e+02), Variance: 1.28678e+00 (1.87137e+00), Accept ratio: 0.47240, 
INFO:root:Epoch  1127, Energy: -1.08696e+02 (-1.08680e+02), Variance: 1.32274e+00 (1.51538e+00), Accept ratio: 0.46673, 
INFO:root:Epoch  1128, Energy: -1.08698e+02 (-1.08698e+02), Variance: 1.38224e+00 (1.96690e+00), Accept ratio: 0.47317, 
INFO:root:Epoch  1129, Energy: -1.08738e+02 (-1.08737e+02), Variance: 1.54842e+00 (1.97621e+00), Accept ratio: 0.46959, 
INFO:root:Epoch  1130, Energy: -1.08762e+02 (-1.08724e+02), Variance: 1.58716e+00 (2.27983e+00), Accept ratio: 0.47276, 
INFO:root:Epoch  1131, Energy: -1.08775e+02 (-1.08791e+02), Variance: 1.45598e+00 (2.34833e+00), Accept ratio: 0.47302, 
INFO:root:Epoch  1132, Energy: -1.08780e+02 (-1.08783e+02), Variance: 1.44181e+00 (1.69206e+00), Accept ratio: 0.47387, 
INFO:root:Epoch  1133, Energy: -1.08732e+02 (-1.08721e+02), Variance: 1.35809e+00 (1.65558e+00), Accept ratio: 0.47190, 
INFO:root:Epoch  1134, Energy: -1.08750e+02 (-1.08741e+02), Variance: 1.22052e+00 (1.39711e+00), Accept ratio: 0.47143, 
INFO:root:Epoch  1135, Energy: -1.08713e+02 (-1.08702e+02), Variance: 1.38216e+00 (1.52596e+00), Accept ratio: 0.46726, 
INFO:root:Epoch  1136, Energy: -1.08729e+02 (-1.08712e+02), Variance: 1.40926e+00 (1.68705e+00), Accept ratio: 0.47098, 
INFO:root:Epoch  1137, Energy: -1.08717e+02 (-1.08745e+02), Variance: 1.29201e+00 (2.76754e+00), Accept ratio: 0.47141, 
INFO:root:Epoch  1138, Energy: -1.08699e+02 (-1.08683e+02), Variance: 1.35898e+00 (1.65428e+00), Accept ratio: 0.47279, 
INFO:root:Epoch  1139, Energy: -1.08734e+02 (-1.08727e+02), Variance: 1.33203e+00 (1.67803e+00), Accept ratio: 0.46627, 
INFO:root:Epoch  1140, Energy: -1.08749e+02 (-1.08789e+02), Variance: 1.58183e+00 (3.17747e+00), Accept ratio: 0.47487, 
INFO:root:Epoch  1141, Energy: -1.08781e+02 (-1.08763e+02), Variance: 1.41979e+00 (2.40642e+00), Accept ratio: 0.46725, 
INFO:root:Epoch  1142, Energy: -1.08775e+02 (-1.08760e+02), Variance: 1.64633e+00 (4.23435e+00), Accept ratio: 0.46525, 
INFO:root:Epoch  1143, Energy: -1.08788e+02 (-1.08770e+02), Variance: 1.37716e+00 (2.22533e+00), Accept ratio: 0.47446, 
INFO:root:Epoch  1144, Energy: -1.08818e+02 (-1.08802e+02), Variance: 1.41572e+00 (2.00303e+00), Accept ratio: 0.46855, 
INFO:root:Epoch  1145, Energy: -1.08836e+02 (-1.08825e+02), Variance: 1.53454e+00 (1.97307e+00), Accept ratio: 0.47338, 
INFO:root:Epoch  1146, Energy: -1.08804e+02 (-1.08786e+02), Variance: 1.42930e+00 (1.98852e+00), Accept ratio: 0.47857, 
INFO:root:Epoch  1147, Energy: -1.08732e+02 (-1.08697e+02), Variance: 1.54044e+00 (3.91568e+00), Accept ratio: 0.47629, 
INFO:root:Epoch  1148, Energy: -1.08858e+02 (-1.08855e+02), Variance: 1.42905e+00 (2.01624e+00), Accept ratio: 0.47020, 
INFO:root:Epoch  1149, Energy: -1.08783e+02 (-1.08781e+02), Variance: 1.37717e+00 (1.54582e+00), Accept ratio: 0.46724, 
INFO:root:Epoch  1150, Energy: -1.08796e+02 (-1.08774e+02), Variance: 1.34399e+00 (2.20517e+00), Accept ratio: 0.47756, 
INFO:root:Epoch  1151, Energy: -1.08820e+02 (-1.08815e+02), Variance: 1.38498e+00 (1.76682e+00), Accept ratio: 0.47390, 
INFO:root:Epoch  1152, Energy: -1.08790e+02 (-1.08738e+02), Variance: 1.21458e+00 (4.12159e+00), Accept ratio: 0.46834, 
INFO:root:Epoch  1153, Energy: -1.08851e+02 (-1.08868e+02), Variance: 1.23399e+00 (1.68188e+00), Accept ratio: 0.46807, 
INFO:root:Epoch  1154, Energy: -1.08797e+02 (-1.08759e+02), Variance: 1.49602e+00 (2.39857e+00), Accept ratio: 0.47755, 
INFO:root:Epoch  1155, Energy: -1.08790e+02 (-1.08789e+02), Variance: 1.33240e+00 (1.51826e+00), Accept ratio: 0.47710, 
INFO:root:Epoch  1156, Energy: -1.08797e+02 (-1.08772e+02), Variance: 1.27084e+00 (2.73075e+00), Accept ratio: 0.47320, 
INFO:root:Epoch  1157, Energy: -1.08867e+02 (-1.08735e+02), Variance: 1.54199e+00 (1.62171e+01), Accept ratio: 0.46958, 
INFO:root:Epoch  1158, Energy: -1.08764e+02 (-1.08749e+02), Variance: 1.54880e+00 (2.56490e+00), Accept ratio: 0.46777, 
INFO:root:Epoch  1159, Energy: -1.08769e+02 (-1.08747e+02), Variance: 1.39386e+00 (1.95443e+00), Accept ratio: 0.47671, 
INFO:root:Epoch  1160, Energy: -1.08784e+02 (-1.08801e+02), Variance: 1.55272e+00 (2.40580e+00), Accept ratio: 0.46784, 
INFO:root:Epoch  1161, Energy: -1.08779e+02 (-1.08714e+02), Variance: 1.38305e+00 (3.16862e+00), Accept ratio: 0.47553, 
INFO:root:Epoch  1162, Energy: -1.08771e+02 (-1.08720e+02), Variance: 1.48537e+00 (2.58680e+00), Accept ratio: 0.47537, 
INFO:root:Epoch  1163, Energy: -1.08807e+02 (-1.08801e+02), Variance: 1.42200e+00 (1.66596e+00), Accept ratio: 0.47325, 
INFO:root:Epoch  1164, Energy: -1.08842e+02 (-1.08836e+02), Variance: 1.40521e+00 (2.83580e+00), Accept ratio: 0.47222, 
INFO:root:Epoch  1165, Energy: -1.08850e+02 (-1.08867e+02), Variance: 1.36508e+00 (2.17851e+00), Accept ratio: 0.46218, 
INFO:root:Epoch  1166, Energy: -1.08804e+02 (-1.08886e+02), Variance: 1.31684e+00 (6.27512e+00), Accept ratio: 0.47118, 
INFO:root:Epoch  1167, Energy: -1.08838e+02 (-1.08857e+02), Variance: 1.33851e+00 (2.00596e+00), Accept ratio: 0.47219, 
INFO:root:Epoch  1168, Energy: -1.08848e+02 (-1.08900e+02), Variance: 1.32769e+00 (4.61315e+00), Accept ratio: 0.46840, 
INFO:root:Epoch  1169, Energy: -1.08826e+02 (-1.08835e+02), Variance: 1.51763e+00 (2.60857e+00), Accept ratio: 0.47984, 
INFO:root:Epoch  1170, Energy: -1.08821e+02 (-1.08857e+02), Variance: 1.38315e+00 (3.54960e+00), Accept ratio: 0.46980, 
INFO:root:Epoch  1171, Energy: -1.08861e+02 (-1.08880e+02), Variance: 1.44950e+00 (2.28009e+00), Accept ratio: 0.47642, 
INFO:root:Epoch  1172, Energy: -1.08820e+02 (-1.08782e+02), Variance: 1.34995e+00 (2.40164e+00), Accept ratio: 0.47028, 
INFO:root:Epoch  1173, Energy: -1.08798e+02 (-1.08801e+02), Variance: 1.44998e+00 (2.22380e+00), Accept ratio: 0.47554, 
INFO:root:Epoch  1174, Energy: -1.08759e+02 (-1.08770e+02), Variance: 1.20135e+00 (1.49728e+00), Accept ratio: 0.47556, 
INFO:root:Epoch  1175, Energy: -1.08750e+02 (-1.08664e+02), Variance: 1.27092e+00 (7.65941e+00), Accept ratio: 0.46750, 
INFO:root:Epoch  1176, Energy: -1.08792e+02 (-1.08788e+02), Variance: 1.27303e+00 (1.81083e+00), Accept ratio: 0.46769, 
INFO:root:Epoch  1177, Energy: -1.08756e+02 (-1.08785e+02), Variance: 1.28493e+00 (2.67635e+00), Accept ratio: 0.47441, 
INFO:root:Epoch  1178, Energy: -1.08776e+02 (-1.08778e+02), Variance: 1.32471e+00 (1.59125e+00), Accept ratio: 0.47566, 
INFO:root:Epoch  1179, Energy: -1.08761e+02 (-1.08754e+02), Variance: 1.41361e+00 (1.66217e+00), Accept ratio: 0.47170, 
INFO:root:Epoch  1180, Energy: -1.08766e+02 (-1.08768e+02), Variance: 1.32497e+00 (2.13455e+00), Accept ratio: 0.46972, 
INFO:root:Epoch  1181, Energy: -1.08767e+02 (-1.08741e+02), Variance: 1.14527e+00 (2.63871e+00), Accept ratio: 0.47924, 
INFO:root:Epoch  1182, Energy: -1.08826e+02 (-1.08837e+02), Variance: 1.41602e+00 (1.71749e+00), Accept ratio: 0.46981, 
INFO:root:Epoch  1183, Energy: -1.08844e+02 (-1.08796e+02), Variance: 1.44177e+00 (2.90585e+00), Accept ratio: 0.47102, 
INFO:root:Epoch  1184, Energy: -1.08817e+02 (-1.08777e+02), Variance: 1.29532e+00 (2.39737e+00), Accept ratio: 0.46670, 
INFO:root:Epoch  1185, Energy: -1.08753e+02 (-1.08748e+02), Variance: 1.32151e+00 (1.59115e+00), Accept ratio: 0.46925, 
INFO:root:Epoch  1186, Energy: -1.08768e+02 (-1.08752e+02), Variance: 1.40690e+00 (1.71754e+00), Accept ratio: 0.46891, 
INFO:root:Epoch  1187, Energy: -1.08851e+02 (-1.08849e+02), Variance: 1.27482e+00 (1.37029e+00), Accept ratio: 0.46794, 
INFO:root:Epoch  1188, Energy: -1.08829e+02 (-1.08817e+02), Variance: 1.40286e+00 (1.83909e+00), Accept ratio: 0.46747, 
INFO:root:Epoch  1189, Energy: -1.08826e+02 (-1.08825e+02), Variance: 1.32255e+00 (1.54649e+00), Accept ratio: 0.46716, 
INFO:root:Epoch  1190, Energy: -1.08848e+02 (-1.08849e+02), Variance: 1.21066e+00 (1.32752e+00), Accept ratio: 0.46977, 
INFO:root:Epoch  1191, Energy: -1.08849e+02 (-1.08844e+02), Variance: 1.03136e+00 (1.29646e+00), Accept ratio: 0.46822, 
INFO:root:Epoch  1192, Energy: -1.08837e+02 (-1.08836e+02), Variance: 1.13331e+00 (1.69415e+00), Accept ratio: 0.46859, 
INFO:root:Epoch  1193, Energy: -1.08821e+02 (-1.08803e+02), Variance: 1.04719e+00 (1.67602e+00), Accept ratio: 0.46867, 
INFO:root:Epoch  1194, Energy: -1.08817e+02 (-1.08824e+02), Variance: 1.30590e+00 (1.89876e+00), Accept ratio: 0.47244, 
INFO:root:Epoch  1195, Energy: -1.08820e+02 (-1.08836e+02), Variance: 1.20774e+00 (1.46526e+00), Accept ratio: 0.47625, 
INFO:root:Epoch  1196, Energy: -1.08797e+02 (-1.08821e+02), Variance: 1.54748e+00 (3.00410e+00), Accept ratio: 0.46841, 
INFO:root:Epoch  1197, Energy: -1.08810e+02 (-1.08822e+02), Variance: 1.34043e+00 (1.64382e+00), Accept ratio: 0.47209, 
INFO:root:Epoch  1198, Energy: -1.08786e+02 (-1.08890e+02), Variance: 1.25736e+00 (1.48783e+01), Accept ratio: 0.47283, 
INFO:root:Epoch  1199, Energy: -1.08809e+02 (-1.08811e+02), Variance: 1.41331e+00 (1.75677e+00), Accept ratio: 0.47075, 
INFO:root:Epoch  1200, Energy: -1.08792e+02 (-1.08783e+02), Variance: 1.19589e+00 (1.73943e+00), Accept ratio: 0.46438, , best weights saved
INFO:root:Epoch  1201, Energy: -1.08764e+02 (-1.08772e+02), Variance: 1.28230e+00 (2.41737e+00), Accept ratio: 0.47051, 
INFO:root:Epoch  1202, Energy: -1.08768e+02 (-1.08738e+02), Variance: 1.28005e+00 (2.91374e+00), Accept ratio: 0.46728, 
INFO:root:Epoch  1203, Energy: -1.08786e+02 (-1.08768e+02), Variance: 1.17046e+00 (1.54748e+00), Accept ratio: 0.46785, 
INFO:root:Epoch  1204, Energy: -1.08835e+02 (-1.08815e+02), Variance: 1.14909e+00 (1.47707e+00), Accept ratio: 0.46870, 
INFO:root:Epoch  1205, Energy: -1.08834e+02 (-1.08826e+02), Variance: 1.39182e+00 (2.37371e+00), Accept ratio: 0.47350, 
INFO:root:Epoch  1206, Energy: -1.08852e+02 (-1.08885e+02), Variance: 1.29526e+00 (2.68713e+00), Accept ratio: 0.47130, 
INFO:root:Epoch  1207, Energy: -1.08824e+02 (-1.08831e+02), Variance: 1.38876e+00 (2.28318e+00), Accept ratio: 0.47296, 
INFO:root:Epoch  1208, Energy: -1.08844e+02 (-1.08866e+02), Variance: 1.19957e+00 (2.42050e+00), Accept ratio: 0.46628, 
INFO:root:Epoch  1209, Energy: -1.08894e+02 (-1.08876e+02), Variance: 1.31933e+00 (2.76285e+00), Accept ratio: 0.46803, 
INFO:root:Epoch  1210, Energy: -1.08875e+02 (-1.08881e+02), Variance: 1.11354e+00 (1.36067e+00), Accept ratio: 0.47118, 
INFO:root:Epoch  1211, Energy: -1.08876e+02 (-1.08881e+02), Variance: 1.17028e+00 (1.26589e+00), Accept ratio: 0.46756, 
INFO:root:Epoch  1212, Energy: -1.08866e+02 (-1.08876e+02), Variance: 1.36208e+00 (1.97021e+00), Accept ratio: 0.47086, 
INFO:root:Epoch  1213, Energy: -1.08860e+02 (-1.08884e+02), Variance: 1.56121e+00 (2.21821e+00), Accept ratio: 0.47258, 
INFO:root:Epoch  1214, Energy: -1.08834e+02 (-1.08831e+02), Variance: 1.29452e+00 (1.62489e+00), Accept ratio: 0.48042, 
INFO:root:Epoch  1215, Energy: -1.08888e+02 (-1.08888e+02), Variance: 1.26152e+00 (1.76577e+00), Accept ratio: 0.47146, 
INFO:root:Epoch  1216, Energy: -1.08868e+02 (-1.08852e+02), Variance: 1.23436e+00 (1.52555e+00), Accept ratio: 0.47099, 
INFO:root:Epoch  1217, Energy: -1.08842e+02 (-1.08842e+02), Variance: 1.28859e+00 (1.45993e+00), Accept ratio: 0.47619, 
INFO:root:Epoch  1218, Energy: -1.08777e+02 (-1.08767e+02), Variance: 1.12547e+00 (1.34514e+00), Accept ratio: 0.47953, 
INFO:root:Epoch  1219, Energy: -1.08746e+02 (-1.08744e+02), Variance: 1.24767e+00 (1.83990e+00), Accept ratio: 0.47879, 
INFO:root:Epoch  1220, Energy: -1.08703e+02 (-1.08697e+02), Variance: 1.28307e+00 (1.48058e+00), Accept ratio: 0.47778, 
INFO:root:Epoch  1221, Energy: -1.08764e+02 (-1.08756e+02), Variance: 1.56620e+00 (2.49872e+00), Accept ratio: 0.47137, 
INFO:root:Epoch  1222, Energy: -1.08764e+02 (-1.08775e+02), Variance: 1.37219e+00 (1.58497e+00), Accept ratio: 0.47382, 
INFO:root:Epoch  1223, Energy: -1.08761e+02 (-1.08767e+02), Variance: 1.30247e+00 (1.94011e+00), Accept ratio: 0.47523, 
INFO:root:Epoch  1224, Energy: -1.08776e+02 (-1.08797e+02), Variance: 1.30774e+00 (2.62856e+00), Accept ratio: 0.47415, 
INFO:root:Epoch  1225, Energy: -1.08731e+02 (-1.08721e+02), Variance: 1.23194e+00 (1.58874e+00), Accept ratio: 0.47583, 
INFO:root:Epoch  1226, Energy: -1.08753e+02 (-1.08806e+02), Variance: 1.26252e+00 (7.23391e+00), Accept ratio: 0.46702, 
INFO:root:Epoch  1227, Energy: -1.08783e+02 (-1.08803e+02), Variance: 1.41279e+00 (2.23092e+00), Accept ratio: 0.47154, 
INFO:root:Epoch  1228, Energy: -1.08766e+02 (-1.08736e+02), Variance: 1.31878e+00 (2.91720e+00), Accept ratio: 0.47231, 
INFO:root:Epoch  1229, Energy: -1.08766e+02 (-1.08772e+02), Variance: 1.13637e+00 (1.29595e+00), Accept ratio: 0.47239, 
INFO:root:Epoch  1230, Energy: -1.08754e+02 (-1.08735e+02), Variance: 1.12372e+00 (1.49493e+00), Accept ratio: 0.46639, 
INFO:root:Epoch  1231, Energy: -1.08804e+02 (-1.08795e+02), Variance: 1.23188e+00 (1.67455e+00), Accept ratio: 0.47270, 
INFO:root:Epoch  1232, Energy: -1.08828e+02 (-1.08831e+02), Variance: 1.35374e+00 (1.90749e+00), Accept ratio: 0.47651, 
INFO:root:Epoch  1233, Energy: -1.08821e+02 (-1.08840e+02), Variance: 1.20366e+00 (1.59162e+00), Accept ratio: 0.48053, 
INFO:root:Epoch  1234, Energy: -1.08811e+02 (-1.08775e+02), Variance: 1.15979e+00 (1.90484e+00), Accept ratio: 0.47188, 
INFO:root:Epoch  1235, Energy: -1.08833e+02 (-1.08829e+02), Variance: 1.22493e+00 (1.78601e+00), Accept ratio: 0.47378, 
INFO:root:Epoch  1236, Energy: -1.08873e+02 (-1.08874e+02), Variance: 1.29027e+00 (2.23822e+00), Accept ratio: 0.47390, 
INFO:root:Epoch  1237, Energy: -1.08913e+02 (-1.08893e+02), Variance: 1.28848e+00 (2.29245e+00), Accept ratio: 0.47439, 
INFO:root:Epoch  1238, Energy: -1.08875e+02 (-1.08866e+02), Variance: 1.28439e+00 (1.59503e+00), Accept ratio: 0.46902, 
INFO:root:Epoch  1239, Energy: -1.08817e+02 (-1.08818e+02), Variance: 1.11152e+00 (1.70367e+00), Accept ratio: 0.47769, 
INFO:root:Epoch  1240, Energy: -1.08768e+02 (-1.08740e+02), Variance: 1.31438e+00 (2.39985e+00), Accept ratio: 0.46678, 
INFO:root:Epoch  1241, Energy: -1.08819e+02 (-1.08825e+02), Variance: 1.28897e+00 (1.56480e+00), Accept ratio: 0.48180, 
INFO:root:Epoch  1242, Energy: -1.08814e+02 (-1.08810e+02), Variance: 1.14955e+00 (1.45776e+00), Accept ratio: 0.47278, 
INFO:root:Epoch  1243, Energy: -1.08791e+02 (-1.08776e+02), Variance: 1.17156e+00 (1.59622e+00), Accept ratio: 0.47481, 
INFO:root:Epoch  1244, Energy: -1.08829e+02 (-1.08840e+02), Variance: 1.25774e+00 (1.53169e+00), Accept ratio: 0.47624, 
INFO:root:Epoch  1245, Energy: -1.08835e+02 (-1.08840e+02), Variance: 1.30239e+00 (2.79953e+00), Accept ratio: 0.47225, 
INFO:root:Epoch  1246, Energy: -1.08848e+02 (-1.08833e+02), Variance: 1.37010e+00 (2.16328e+00), Accept ratio: 0.47366, 
INFO:root:Epoch  1247, Energy: -1.08853e+02 (-1.08851e+02), Variance: 1.29531e+00 (1.49822e+00), Accept ratio: 0.47007, 
INFO:root:Epoch  1248, Energy: -1.08789e+02 (-1.08808e+02), Variance: 1.32539e+00 (1.88545e+00), Accept ratio: 0.47134, 
INFO:root:Epoch  1249, Energy: -1.08800e+02 (-1.08767e+02), Variance: 1.45658e+00 (2.44147e+00), Accept ratio: 0.46949, 
INFO:root:Epoch  1250, Energy: -1.08824e+02 (-1.08821e+02), Variance: 1.33239e+00 (1.62374e+00), Accept ratio: 0.46658, 
INFO:root:Epoch  1251, Energy: -1.08815e+02 (-1.08750e+02), Variance: 1.33447e+00 (5.97104e+00), Accept ratio: 0.47461, 
INFO:root:Epoch  1252, Energy: -1.08850e+02 (-1.08844e+02), Variance: 1.17577e+00 (1.56831e+00), Accept ratio: 0.47026, 
INFO:root:Epoch  1253, Energy: -1.08850e+02 (-1.08865e+02), Variance: 1.20956e+00 (1.83127e+00), Accept ratio: 0.46533, 
INFO:root:Epoch  1254, Energy: -1.08782e+02 (-1.08762e+02), Variance: 1.15736e+00 (2.09126e+00), Accept ratio: 0.47517, 
INFO:root:Epoch  1255, Energy: -1.08811e+02 (-1.08819e+02), Variance: 1.21368e+00 (1.85108e+00), Accept ratio: 0.47262, 
INFO:root:Epoch  1256, Energy: -1.08797e+02 (-1.08798e+02), Variance: 1.35046e+00 (1.77619e+00), Accept ratio: 0.47266, 
INFO:root:Epoch  1257, Energy: -1.08845e+02 (-1.08910e+02), Variance: 1.17409e+00 (3.89590e+00), Accept ratio: 0.47474, 
INFO:root:Epoch  1258, Energy: -1.08853e+02 (-1.08871e+02), Variance: 1.33249e+00 (1.71518e+00), Accept ratio: 0.47731, 
INFO:root:Epoch  1259, Energy: -1.08830e+02 (-1.08831e+02), Variance: 1.09660e+00 (1.18724e+00), Accept ratio: 0.47026, 
INFO:root:Epoch  1260, Energy: -1.08791e+02 (-1.08778e+02), Variance: 1.08657e+00 (1.37088e+00), Accept ratio: 0.47091, 
INFO:root:Epoch  1261, Energy: -1.08830e+02 (-1.08842e+02), Variance: 1.28912e+00 (2.05415e+00), Accept ratio: 0.47094, 
INFO:root:Epoch  1262, Energy: -1.08821e+02 (-1.08819e+02), Variance: 1.31776e+00 (1.62228e+00), Accept ratio: 0.47122, 
INFO:root:Epoch  1263, Energy: -1.08892e+02 (-1.08875e+02), Variance: 1.19939e+00 (1.80752e+00), Accept ratio: 0.47343, 
INFO:root:Epoch  1264, Energy: -1.08816e+02 (-1.08816e+02), Variance: 1.36776e+00 (1.74917e+00), Accept ratio: 0.47234, 
INFO:root:Epoch  1265, Energy: -1.08798e+02 (-1.08804e+02), Variance: 1.14859e+00 (1.35486e+00), Accept ratio: 0.46879, 
INFO:root:Epoch  1266, Energy: -1.08802e+02 (-1.08807e+02), Variance: 1.48238e+00 (1.90479e+00), Accept ratio: 0.46676, 
INFO:root:Epoch  1267, Energy: -1.08839e+02 (-1.08840e+02), Variance: 1.29812e+00 (2.13983e+00), Accept ratio: 0.46978, 
INFO:root:Epoch  1268, Energy: -1.08842e+02 (-1.08859e+02), Variance: 1.28099e+00 (2.59893e+00), Accept ratio: 0.47239, 
INFO:root:Epoch  1269, Energy: -1.08849e+02 (-1.08869e+02), Variance: 1.29451e+00 (2.24696e+00), Accept ratio: 0.47171, 
INFO:root:Epoch  1270, Energy: -1.08804e+02 (-1.08815e+02), Variance: 1.11876e+00 (1.37269e+00), Accept ratio: 0.46642, 
INFO:root:Epoch  1271, Energy: -1.08820e+02 (-1.08811e+02), Variance: 1.27697e+00 (1.71309e+00), Accept ratio: 0.47536, 
INFO:root:Epoch  1272, Energy: -1.08814e+02 (-1.08791e+02), Variance: 1.23323e+00 (1.61592e+00), Accept ratio: 0.46860, 
INFO:root:Epoch  1273, Energy: -1.08852e+02 (-1.08841e+02), Variance: 1.12858e+00 (1.68506e+00), Accept ratio: 0.47674, 
INFO:root:Epoch  1274, Energy: -1.08860e+02 (-1.08855e+02), Variance: 1.24441e+00 (2.09100e+00), Accept ratio: 0.46916, 
INFO:root:Epoch  1275, Energy: -1.08852e+02 (-1.08844e+02), Variance: 1.32486e+00 (1.68025e+00), Accept ratio: 0.46902, 
INFO:root:Epoch  1276, Energy: -1.08831e+02 (-1.08787e+02), Variance: 1.32731e+00 (3.99068e+00), Accept ratio: 0.46755, 
INFO:root:Epoch  1277, Energy: -1.08810e+02 (-1.08809e+02), Variance: 1.26945e+00 (1.76530e+00), Accept ratio: 0.47060, 
INFO:root:Epoch  1278, Energy: -1.08858e+02 (-1.08866e+02), Variance: 1.42756e+00 (1.72949e+00), Accept ratio: 0.47293, 
INFO:root:Epoch  1279, Energy: -1.08814e+02 (-1.08826e+02), Variance: 1.35808e+00 (1.77757e+00), Accept ratio: 0.47125, 
INFO:root:Epoch  1280, Energy: -1.08807e+02 (-1.08812e+02), Variance: 1.22630e+00 (1.77843e+00), Accept ratio: 0.46773, 
INFO:root:Epoch  1281, Energy: -1.08795e+02 (-1.08785e+02), Variance: 1.29315e+00 (1.51307e+00), Accept ratio: 0.46890, 
INFO:root:Epoch  1282, Energy: -1.08829e+02 (-1.08858e+02), Variance: 1.23993e+00 (4.07096e+00), Accept ratio: 0.46839, 
INFO:root:Epoch  1283, Energy: -1.08821e+02 (-1.08843e+02), Variance: 1.27929e+00 (4.28634e+00), Accept ratio: 0.46831, 
INFO:root:Epoch  1284, Energy: -1.08805e+02 (-1.09005e+02), Variance: 1.16552e+00 (4.20691e+01), Accept ratio: 0.46855, 
INFO:root:Epoch  1285, Energy: -1.08829e+02 (-1.08774e+02), Variance: 1.22219e+00 (4.56145e+00), Accept ratio: 0.47497, 
INFO:root:Epoch  1286, Energy: -1.08817e+02 (-1.08808e+02), Variance: 1.40372e+00 (2.08242e+00), Accept ratio: 0.46991, 
INFO:root:Epoch  1287, Energy: -1.08832e+02 (-1.08827e+02), Variance: 1.32611e+00 (2.03143e+00), Accept ratio: 0.46977, 
INFO:root:Epoch  1288, Energy: -1.08868e+02 (-1.08858e+02), Variance: 1.16590e+00 (1.74482e+00), Accept ratio: 0.47393, 
INFO:root:Epoch  1289, Energy: -1.08805e+02 (-1.08805e+02), Variance: 1.47085e+00 (2.52597e+00), Accept ratio: 0.46970, 
INFO:root:Epoch  1290, Energy: -1.08800e+02 (-1.08788e+02), Variance: 1.32485e+00 (1.74324e+00), Accept ratio: 0.46934, 
INFO:root:Epoch  1291, Energy: -1.08804e+02 (-1.08794e+02), Variance: 1.22627e+00 (2.02442e+00), Accept ratio: 0.47239, 
INFO:root:Epoch  1292, Energy: -1.08786e+02 (-1.08785e+02), Variance: 1.32397e+00 (1.44775e+00), Accept ratio: 0.47238, 
INFO:root:Epoch  1293, Energy: -1.08802e+02 (-1.08797e+02), Variance: 1.31425e+00 (1.56618e+00), Accept ratio: 0.47494, 
INFO:root:Epoch  1294, Energy: -1.08849e+02 (-1.08857e+02), Variance: 1.47060e+00 (3.60434e+00), Accept ratio: 0.46706, 
INFO:root:Epoch  1295, Energy: -1.08896e+02 (-1.08903e+02), Variance: 1.40576e+00 (1.75549e+00), Accept ratio: 0.46982, 
INFO:root:Epoch  1296, Energy: -1.08825e+02 (-1.08853e+02), Variance: 1.27189e+00 (2.57210e+00), Accept ratio: 0.46938, 
INFO:root:Epoch  1297, Energy: -1.08849e+02 (-1.08859e+02), Variance: 1.24582e+00 (1.55404e+00), Accept ratio: 0.46817, 
INFO:root:Epoch  1298, Energy: -1.08836e+02 (-1.08830e+02), Variance: 1.24121e+00 (2.93079e+00), Accept ratio: 0.47362, 
INFO:root:Epoch  1299, Energy: -1.08814e+02 (-1.08867e+02), Variance: 1.22179e+00 (2.70900e+00), Accept ratio: 0.46875, 
INFO:root:Epoch  1300, Energy: -1.08833e+02 (-1.08852e+02), Variance: 1.38705e+00 (4.10845e+00), Accept ratio: 0.46680, , best weights saved
INFO:root:Epoch  1301, Energy: -1.08796e+02 (-1.08821e+02), Variance: 1.21371e+00 (3.22709e+00), Accept ratio: 0.47664, 
INFO:root:Epoch  1302, Energy: -1.08824e+02 (-1.08814e+02), Variance: 1.13510e+00 (1.62152e+00), Accept ratio: 0.46517, 
INFO:root:Epoch  1303, Energy: -1.08856e+02 (-1.08845e+02), Variance: 1.20412e+00 (2.26635e+00), Accept ratio: 0.47160, 
INFO:root:Epoch  1304, Energy: -1.08800e+02 (-1.08763e+02), Variance: 1.37944e+00 (2.08494e+00), Accept ratio: 0.47663, 
INFO:root:Epoch  1305, Energy: -1.08817e+02 (-1.08814e+02), Variance: 1.11377e+00 (1.32580e+00), Accept ratio: 0.47493, 
INFO:root:Epoch  1306, Energy: -1.08873e+02 (-1.08873e+02), Variance: 1.20443e+00 (1.57713e+00), Accept ratio: 0.46630, 
INFO:root:Epoch  1307, Energy: -1.08842e+02 (-1.08858e+02), Variance: 1.22647e+00 (1.74865e+00), Accept ratio: 0.47467, 
INFO:root:Epoch  1308, Energy: -1.08835e+02 (-1.08847e+02), Variance: 1.10571e+00 (1.32118e+00), Accept ratio: 0.46440, 
INFO:root:Epoch  1309, Energy: -1.08839e+02 (-1.08775e+02), Variance: 1.13480e+00 (5.33766e+00), Accept ratio: 0.47628, 
INFO:root:Epoch  1310, Energy: -1.08864e+02 (-1.08859e+02), Variance: 1.09655e+00 (1.46938e+00), Accept ratio: 0.47204, 
INFO:root:Epoch  1311, Energy: -1.08793e+02 (-1.08788e+02), Variance: 1.17770e+00 (1.47336e+00), Accept ratio: 0.46986, 
INFO:root:Epoch  1312, Energy: -1.08809e+02 (-1.08786e+02), Variance: 1.26903e+00 (1.97873e+00), Accept ratio: 0.47292, 
INFO:root:Epoch  1313, Energy: -1.08800e+02 (-1.08787e+02), Variance: 1.27235e+00 (2.09504e+00), Accept ratio: 0.47405, 
INFO:root:Epoch  1314, Energy: -1.08824e+02 (-1.08813e+02), Variance: 1.15452e+00 (1.87694e+00), Accept ratio: 0.47086, 
INFO:root:Epoch  1315, Energy: -1.08818e+02 (-1.08794e+02), Variance: 1.40711e+00 (2.14784e+00), Accept ratio: 0.46946, 
INFO:root:Epoch  1316, Energy: -1.08820e+02 (-1.08808e+02), Variance: 1.25230e+00 (1.92497e+00), Accept ratio: 0.47435, 
INFO:root:Epoch  1317, Energy: -1.08767e+02 (-1.08743e+02), Variance: 1.32204e+00 (2.23724e+00), Accept ratio: 0.47086, 
INFO:root:Epoch  1318, Energy: -1.08781e+02 (-1.08739e+02), Variance: 1.34505e+00 (2.66799e+00), Accept ratio: 0.47241, 
INFO:root:Epoch  1319, Energy: -1.08830e+02 (-1.08849e+02), Variance: 1.27863e+00 (2.17773e+00), Accept ratio: 0.46591, 
INFO:root:Epoch  1320, Energy: -1.08845e+02 (-1.08836e+02), Variance: 1.25553e+00 (1.58033e+00), Accept ratio: 0.47144, 
INFO:root:Epoch  1321, Energy: -1.08878e+02 (-1.08892e+02), Variance: 1.26009e+00 (1.59657e+00), Accept ratio: 0.46568, 
INFO:root:Epoch  1322, Energy: -1.08876e+02 (-1.08857e+02), Variance: 1.28986e+00 (2.50144e+00), Accept ratio: 0.46906, 
INFO:root:Epoch  1323, Energy: -1.08847e+02 (-1.08813e+02), Variance: 1.41713e+00 (2.43407e+00), Accept ratio: 0.47385, 
INFO:root:Epoch  1324, Energy: -1.08853e+02 (-1.08872e+02), Variance: 1.45198e+00 (2.67111e+00), Accept ratio: 0.46983, 
INFO:root:Epoch  1325, Energy: -1.08841e+02 (-1.08813e+02), Variance: 1.40502e+00 (2.21454e+00), Accept ratio: 0.47260, 
INFO:root:Epoch  1326, Energy: -1.08887e+02 (-1.08906e+02), Variance: 1.45305e+00 (2.05990e+00), Accept ratio: 0.46747, 
INFO:root:Epoch  1327, Energy: -1.08897e+02 (-1.08912e+02), Variance: 1.20033e+00 (1.85237e+00), Accept ratio: 0.47173, 
INFO:root:Epoch  1328, Energy: -1.08845e+02 (-1.08859e+02), Variance: 1.19705e+00 (1.62861e+00), Accept ratio: 0.47323, 
INFO:root:Epoch  1329, Energy: -1.08811e+02 (-1.08796e+02), Variance: 1.25859e+00 (1.98811e+00), Accept ratio: 0.47155, 
INFO:root:Epoch  1330, Energy: -1.08885e+02 (-1.08901e+02), Variance: 1.12056e+00 (1.61297e+00), Accept ratio: 0.46893, 
INFO:root:Epoch  1331, Energy: -1.08847e+02 (-1.08858e+02), Variance: 1.13958e+00 (1.39873e+00), Accept ratio: 0.47225, 
INFO:root:Epoch  1332, Energy: -1.08881e+02 (-1.08901e+02), Variance: 1.13894e+00 (1.88247e+00), Accept ratio: 0.47176, 
INFO:root:Epoch  1333, Energy: -1.08865e+02 (-1.08876e+02), Variance: 1.15182e+00 (1.43565e+00), Accept ratio: 0.47207, 
INFO:root:Epoch  1334, Energy: -1.08836e+02 (-1.08857e+02), Variance: 1.37357e+00 (2.27635e+00), Accept ratio: 0.47430, 
INFO:root:Epoch  1335, Energy: -1.08843e+02 (-1.08836e+02), Variance: 1.26942e+00 (1.61059e+00), Accept ratio: 0.47186, 
INFO:root:Epoch  1336, Energy: -1.08838e+02 (-1.08841e+02), Variance: 1.21071e+00 (1.34743e+00), Accept ratio: 0.46955, 
INFO:root:Epoch  1337, Energy: -1.08866e+02 (-1.08905e+02), Variance: 1.06031e+00 (2.20526e+00), Accept ratio: 0.47091, 
INFO:root:Epoch  1338, Energy: -1.08909e+02 (-1.08923e+02), Variance: 1.13679e+00 (1.39644e+00), Accept ratio: 0.46451, 
INFO:root:Epoch  1339, Energy: -1.08879e+02 (-1.08881e+02), Variance: 1.05054e+00 (1.24508e+00), Accept ratio: 0.47401, 
INFO:root:Epoch  1340, Energy: -1.08859e+02 (-1.08871e+02), Variance: 1.09245e+00 (1.36308e+00), Accept ratio: 0.47278, 
INFO:root:Epoch  1341, Energy: -1.08869e+02 (-1.08871e+02), Variance: 1.04636e+00 (1.76333e+00), Accept ratio: 0.47389, 
INFO:root:Epoch  1342, Energy: -1.08823e+02 (-1.08823e+02), Variance: 1.16222e+00 (1.34545e+00), Accept ratio: 0.46864, 
INFO:root:Epoch  1343, Energy: -1.08816e+02 (-1.08815e+02), Variance: 1.03269e+00 (1.28588e+00), Accept ratio: 0.47076, 
INFO:root:Epoch  1344, Energy: -1.08826e+02 (-1.08834e+02), Variance: 1.03760e+00 (1.12558e+00), Accept ratio: 0.46314, 
INFO:root:Epoch  1345, Energy: -1.08834e+02 (-1.08844e+02), Variance: 1.10219e+00 (2.08151e+00), Accept ratio: 0.46920, 
INFO:root:Epoch  1346, Energy: -1.08840e+02 (-1.08838e+02), Variance: 1.21290e+00 (1.31559e+00), Accept ratio: 0.47297, 
INFO:root:Epoch  1347, Energy: -1.08855e+02 (-1.08868e+02), Variance: 1.17828e+00 (1.37324e+00), Accept ratio: 0.47128, 
INFO:root:Epoch  1348, Energy: -1.08843e+02 (-1.08839e+02), Variance: 1.08078e+00 (1.41083e+00), Accept ratio: 0.46697, 
INFO:root:Epoch  1349, Energy: -1.08816e+02 (-1.08816e+02), Variance: 1.09378e+00 (1.29285e+00), Accept ratio: 0.47567, 
INFO:root:Epoch  1350, Energy: -1.08822e+02 (-1.08825e+02), Variance: 1.34744e+00 (1.50139e+00), Accept ratio: 0.46828, 
INFO:root:Epoch  1351, Energy: -1.08833e+02 (-1.08818e+02), Variance: 1.23119e+00 (1.55733e+00), Accept ratio: 0.46608, 
INFO:root:Epoch  1352, Energy: -1.08861e+02 (-1.08878e+02), Variance: 1.01330e+00 (2.01040e+00), Accept ratio: 0.46522, 
INFO:root:Epoch  1353, Energy: -1.08839e+02 (-1.08836e+02), Variance: 1.17837e+00 (1.48530e+00), Accept ratio: 0.46206, 
INFO:root:Epoch  1354, Energy: -1.08852e+02 (-1.08838e+02), Variance: 1.10867e+00 (1.98023e+00), Accept ratio: 0.46392, 
INFO:root:Epoch  1355, Energy: -1.08828e+02 (-1.08825e+02), Variance: 1.23946e+00 (1.80990e+00), Accept ratio: 0.46545, 
INFO:root:Epoch  1356, Energy: -1.08892e+02 (-1.08868e+02), Variance: 1.33323e+00 (1.91649e+00), Accept ratio: 0.46192, 
INFO:root:Epoch  1357, Energy: -1.08817e+02 (-1.08814e+02), Variance: 1.19108e+00 (1.46860e+00), Accept ratio: 0.47018, 
INFO:root:Epoch  1358, Energy: -1.08830e+02 (-1.08816e+02), Variance: 1.26445e+00 (1.74484e+00), Accept ratio: 0.47371, 
INFO:root:Epoch  1359, Energy: -1.08857e+02 (-1.08886e+02), Variance: 1.22238e+00 (6.46580e+00), Accept ratio: 0.46651, 
INFO:root:Epoch  1360, Energy: -1.08793e+02 (-1.08787e+02), Variance: 1.20182e+00 (1.43698e+00), Accept ratio: 0.46755, 
INFO:root:Epoch  1361, Energy: -1.08842e+02 (-1.08886e+02), Variance: 1.14805e+00 (3.40503e+00), Accept ratio: 0.46719, 
INFO:root:Epoch  1362, Energy: -1.08823e+02 (-1.08826e+02), Variance: 1.25654e+00 (1.49838e+00), Accept ratio: 0.46463, 
INFO:root:Epoch  1363, Energy: -1.08768e+02 (-1.08760e+02), Variance: 1.27359e+00 (2.23025e+00), Accept ratio: 0.46621, 
INFO:root:Epoch  1364, Energy: -1.08810e+02 (-1.08800e+02), Variance: 1.18895e+00 (1.34601e+00), Accept ratio: 0.46696, 
INFO:root:Epoch  1365, Energy: -1.08829e+02 (-1.08837e+02), Variance: 1.30442e+00 (3.25639e+00), Accept ratio: 0.47514, 
INFO:root:Epoch  1366, Energy: -1.08857e+02 (-1.08855e+02), Variance: 1.09664e+00 (1.23579e+00), Accept ratio: 0.47305, 
INFO:root:Epoch  1367, Energy: -1.08843e+02 (-1.08859e+02), Variance: 1.08919e+00 (1.72707e+00), Accept ratio: 0.46874, 
INFO:root:Epoch  1368, Energy: -1.08815e+02 (-1.08810e+02), Variance: 1.05085e+00 (1.30211e+00), Accept ratio: 0.47498, 
INFO:root:Epoch  1369, Energy: -1.08858e+02 (-1.08906e+02), Variance: 1.20566e+00 (2.59507e+00), Accept ratio: 0.47644, 
INFO:root:Epoch  1370, Energy: -1.08811e+02 (-1.08801e+02), Variance: 1.14338e+00 (1.84500e+00), Accept ratio: 0.46778, 
INFO:root:Epoch  1371, Energy: -1.08809e+02 (-1.08804e+02), Variance: 1.11112e+00 (1.20792e+00), Accept ratio: 0.46892, 
INFO:root:Epoch  1372, Energy: -1.08881e+02 (-1.08893e+02), Variance: 1.23581e+00 (1.56670e+00), Accept ratio: 0.46722, 
INFO:root:Epoch  1373, Energy: -1.08897e+02 (-1.08915e+02), Variance: 1.11359e+00 (1.64305e+00), Accept ratio: 0.47185, 
INFO:root:Epoch  1374, Energy: -1.08843e+02 (-1.08854e+02), Variance: 1.05769e+00 (1.36963e+00), Accept ratio: 0.46998, 
INFO:root:Epoch  1375, Energy: -1.08818e+02 (-1.08811e+02), Variance: 1.05879e+00 (1.25114e+00), Accept ratio: 0.46498, 
INFO:root:Epoch  1376, Energy: -1.08846e+02 (-1.08845e+02), Variance: 1.09792e+00 (1.24149e+00), Accept ratio: 0.47583, 
INFO:root:Epoch  1377, Energy: -1.08881e+02 (-1.08863e+02), Variance: 1.11766e+00 (1.64781e+00), Accept ratio: 0.46785, 
INFO:root:Epoch  1378, Energy: -1.08874e+02 (-1.08874e+02), Variance: 9.89164e-01 (1.26612e+00), Accept ratio: 0.46820, 
INFO:root:Epoch  1379, Energy: -1.08826e+02 (-1.08804e+02), Variance: 1.16912e+00 (1.51560e+00), Accept ratio: 0.47283, 
INFO:root:Epoch  1380, Energy: -1.08859e+02 (-1.08836e+02), Variance: 1.24181e+00 (1.70215e+00), Accept ratio: 0.46869, 
INFO:root:Epoch  1381, Energy: -1.08866e+02 (-1.08873e+02), Variance: 1.25435e+00 (2.02527e+00), Accept ratio: 0.46943, 
INFO:root:Epoch  1382, Energy: -1.08908e+02 (-1.08918e+02), Variance: 1.14598e+00 (1.63384e+00), Accept ratio: 0.46757, 
INFO:root:Epoch  1383, Energy: -1.08848e+02 (-1.08815e+02), Variance: 1.30737e+00 (2.10214e+00), Accept ratio: 0.47637, 
INFO:root:Epoch  1384, Energy: -1.08867e+02 (-1.08857e+02), Variance: 1.04652e+00 (1.40585e+00), Accept ratio: 0.46794, 
INFO:root:Epoch  1385, Energy: -1.08840e+02 (-1.08852e+02), Variance: 1.00517e+00 (1.34765e+00), Accept ratio: 0.46851, 
INFO:root:Epoch  1386, Energy: -1.08850e+02 (-1.08812e+02), Variance: 9.80875e-01 (2.08870e+00), Accept ratio: 0.47013, 
INFO:root:Epoch  1387, Energy: -1.08904e+02 (-1.08900e+02), Variance: 9.79986e-01 (1.20498e+00), Accept ratio: 0.47753, 
INFO:root:Epoch  1388, Energy: -1.08885e+02 (-1.08896e+02), Variance: 1.20189e+00 (1.44782e+00), Accept ratio: 0.46604, 
INFO:root:Epoch  1389, Energy: -1.08919e+02 (-1.08896e+02), Variance: 1.19508e+00 (1.87158e+00), Accept ratio: 0.46975, 
INFO:root:Epoch  1390, Energy: -1.08883e+02 (-1.08902e+02), Variance: 1.11756e+00 (1.50815e+00), Accept ratio: 0.46988, 
INFO:root:Epoch  1391, Energy: -1.08881e+02 (-1.08878e+02), Variance: 1.09724e+00 (1.20472e+00), Accept ratio: 0.47547, 
INFO:root:Epoch  1392, Energy: -1.08902e+02 (-1.08896e+02), Variance: 8.47151e-01 (1.02522e+00), Accept ratio: 0.47183, 
INFO:root:Epoch  1393, Energy: -1.08921e+02 (-1.08908e+02), Variance: 9.70765e-01 (1.34681e+00), Accept ratio: 0.46860, 
INFO:root:Epoch  1394, Energy: -1.08910e+02 (-1.08908e+02), Variance: 1.06837e+00 (1.43542e+00), Accept ratio: 0.47303, 
INFO:root:Epoch  1395, Energy: -1.08889e+02 (-1.08883e+02), Variance: 1.15095e+00 (1.66379e+00), Accept ratio: 0.46780, 
INFO:root:Epoch  1396, Energy: -1.08809e+02 (-1.08783e+02), Variance: 1.17743e+00 (1.79804e+00), Accept ratio: 0.46884, 
INFO:root:Epoch  1397, Energy: -1.08869e+02 (-1.08852e+02), Variance: 1.15699e+00 (2.82342e+00), Accept ratio: 0.46808, 
INFO:root:Epoch  1398, Energy: -1.08870e+02 (-1.08880e+02), Variance: 1.02864e+00 (1.23388e+00), Accept ratio: 0.47073, 
INFO:root:Epoch  1399, Energy: -1.08866e+02 (-1.08873e+02), Variance: 1.15302e+00 (1.74804e+00), Accept ratio: 0.47061, 
INFO:root:Epoch  1400, Energy: -1.08877e+02 (-1.08748e+02), Variance: 1.48844e+00 (2.07246e+01), Accept ratio: 0.46677, , best weights saved
INFO:root:Epoch  1401, Energy: -1.08852e+02 (-1.08823e+02), Variance: 1.33733e+00 (2.38446e+00), Accept ratio: 0.47285, 
INFO:root:Epoch  1402, Energy: -1.08873e+02 (-1.08870e+02), Variance: 1.21289e+00 (1.35339e+00), Accept ratio: 0.46752, 
INFO:root:Epoch  1403, Energy: -1.08892e+02 (-1.08879e+02), Variance: 1.03971e+00 (2.12535e+00), Accept ratio: 0.47334, 
INFO:root:Epoch  1404, Energy: -1.08882e+02 (-1.08876e+02), Variance: 1.01566e+00 (1.38216e+00), Accept ratio: 0.47525, 
INFO:root:Epoch  1405, Energy: -1.08868e+02 (-1.08864e+02), Variance: 1.02616e+00 (1.23791e+00), Accept ratio: 0.47131, 
INFO:root:Epoch  1406, Energy: -1.08877e+02 (-1.08816e+02), Variance: 1.18789e+00 (5.53685e+00), Accept ratio: 0.47013, 
INFO:root:Epoch  1407, Energy: -1.08869e+02 (-1.08864e+02), Variance: 1.08038e+00 (1.32090e+00), Accept ratio: 0.46817, 
INFO:root:Epoch  1408, Energy: -1.08798e+02 (-1.08814e+02), Variance: 1.06326e+00 (1.99713e+00), Accept ratio: 0.47050, 
INFO:root:Epoch  1409, Energy: -1.08825e+02 (-1.08814e+02), Variance: 1.37928e+00 (1.94582e+00), Accept ratio: 0.47072, 
INFO:root:Epoch  1410, Energy: -1.08794e+02 (-1.08788e+02), Variance: 1.07424e+00 (1.42885e+00), Accept ratio: 0.46879, 
INFO:root:Epoch  1411, Energy: -1.08833e+02 (-1.08845e+02), Variance: 1.25994e+00 (1.52943e+00), Accept ratio: 0.46717, 
INFO:root:Epoch  1412, Energy: -1.08863e+02 (-1.08848e+02), Variance: 1.18784e+00 (1.66287e+00), Accept ratio: 0.47078, 
INFO:root:Epoch  1413, Energy: -1.08804e+02 (-1.08788e+02), Variance: 1.20810e+00 (2.05492e+00), Accept ratio: 0.47000, 
INFO:root:Epoch  1414, Energy: -1.08891e+02 (-1.08874e+02), Variance: 1.19645e+00 (2.05668e+00), Accept ratio: 0.46793, 
INFO:root:Epoch  1415, Energy: -1.08901e+02 (-1.08977e+02), Variance: 1.18313e+00 (9.71353e+00), Accept ratio: 0.47921, 
INFO:root:Epoch  1416, Energy: -1.08821e+02 (-1.08778e+02), Variance: 1.06792e+00 (3.81845e+00), Accept ratio: 0.47582, 
INFO:root:Epoch  1417, Energy: -1.08850e+02 (-1.08837e+02), Variance: 1.06321e+00 (1.45469e+00), Accept ratio: 0.47821, 
INFO:root:Epoch  1418, Energy: -1.08871e+02 (-1.08876e+02), Variance: 1.05096e+00 (1.27625e+00), Accept ratio: 0.47098, 
INFO:root:Epoch  1419, Energy: -1.08827e+02 (-1.08787e+02), Variance: 1.23292e+00 (3.93165e+00), Accept ratio: 0.46923, 
INFO:root:Epoch  1420, Energy: -1.08832e+02 (-1.08829e+02), Variance: 1.09873e+00 (1.48326e+00), Accept ratio: 0.47141, 
INFO:root:Epoch  1421, Energy: -1.08866e+02 (-1.08925e+02), Variance: 1.13704e+00 (3.53113e+00), Accept ratio: 0.47378, 
INFO:root:Epoch  1422, Energy: -1.08851e+02 (-1.08828e+02), Variance: 1.14140e+00 (2.14431e+00), Accept ratio: 0.47345, 
INFO:root:Epoch  1423, Energy: -1.08838e+02 (-1.08803e+02), Variance: 1.31814e+00 (2.60029e+00), Accept ratio: 0.47202, 
INFO:root:Epoch  1424, Energy: -1.08866e+02 (-1.08854e+02), Variance: 1.14986e+00 (1.40318e+00), Accept ratio: 0.46453, 
INFO:root:Epoch  1425, Energy: -1.08873e+02 (-1.08840e+02), Variance: 1.14952e+00 (1.81926e+00), Accept ratio: 0.47107, 
INFO:root:Epoch  1426, Energy: -1.08829e+02 (-1.08793e+02), Variance: 9.27966e-01 (2.07395e+00), Accept ratio: 0.47036, 
INFO:root:Epoch  1427, Energy: -1.08856e+02 (-1.08732e+02), Variance: 1.17164e+00 (1.38498e+01), Accept ratio: 0.46988, 
INFO:root:Epoch  1428, Energy: -1.08801e+02 (-1.08796e+02), Variance: 1.14113e+00 (2.03697e+00), Accept ratio: 0.47417, 
INFO:root:Epoch  1429, Energy: -1.08808e+02 (-1.08761e+02), Variance: 1.00629e+00 (2.93885e+00), Accept ratio: 0.47592, 
INFO:root:Epoch  1430, Energy: -1.08887e+02 (-1.08864e+02), Variance: 1.04956e+00 (3.31972e+00), Accept ratio: 0.47716, 
INFO:root:Epoch  1431, Energy: -1.08870e+02 (-1.08873e+02), Variance: 1.02150e+00 (1.33584e+00), Accept ratio: 0.47192, 
INFO:root:Epoch  1432, Energy: -1.08831e+02 (-1.08784e+02), Variance: 1.03629e+00 (3.38938e+00), Accept ratio: 0.47809, 
INFO:root:Epoch  1433, Energy: -1.08811e+02 (-1.08799e+02), Variance: 1.14175e+00 (1.58930e+00), Accept ratio: 0.46674, 
INFO:root:Epoch  1434, Energy: -1.08857e+02 (-1.08924e+02), Variance: 1.12212e+00 (3.67140e+00), Accept ratio: 0.47949, 
INFO:root:Epoch  1435, Energy: -1.08866e+02 (-1.08867e+02), Variance: 1.02590e+00 (1.49365e+00), Accept ratio: 0.47126, 
INFO:root:Epoch  1436, Energy: -1.08817e+02 (-1.08826e+02), Variance: 1.09704e+00 (1.84676e+00), Accept ratio: 0.46516, 
INFO:root:Epoch  1437, Energy: -1.08878e+02 (-1.08870e+02), Variance: 1.06699e+00 (1.43913e+00), Accept ratio: 0.46644, 
INFO:root:Epoch  1438, Energy: -1.08875e+02 (-1.08862e+02), Variance: 1.01747e+00 (1.40063e+00), Accept ratio: 0.46890, 
INFO:root:Epoch  1439, Energy: -1.08879e+02 (-1.08868e+02), Variance: 1.05158e+00 (1.37700e+00), Accept ratio: 0.46813, 
INFO:root:Epoch  1440, Energy: -1.08898e+02 (-1.08883e+02), Variance: 1.14289e+00 (2.31799e+00), Accept ratio: 0.46584, 
INFO:root:Epoch  1441, Energy: -1.08844e+02 (-1.08835e+02), Variance: 1.03938e+00 (1.31706e+00), Accept ratio: 0.46606, 
INFO:root:Epoch  1442, Energy: -1.08869e+02 (-1.08871e+02), Variance: 1.02860e+00 (1.63235e+00), Accept ratio: 0.45805, 
INFO:root:Epoch  1443, Energy: -1.08860e+02 (-1.08848e+02), Variance: 1.08410e+00 (1.56727e+00), Accept ratio: 0.46492, 
INFO:root:Epoch  1444, Energy: -1.08920e+02 (-1.08926e+02), Variance: 9.68534e-01 (1.71788e+00), Accept ratio: 0.46632, 
INFO:root:Epoch  1445, Energy: -1.08857e+02 (-1.08836e+02), Variance: 1.09303e+00 (1.45428e+00), Accept ratio: 0.46443, 
INFO:root:Epoch  1446, Energy: -1.08865e+02 (-1.08846e+02), Variance: 1.10070e+00 (1.35756e+00), Accept ratio: 0.46325, 
INFO:root:Epoch  1447, Energy: -1.08889e+02 (-1.08919e+02), Variance: 1.09954e+00 (3.18523e+00), Accept ratio: 0.47368, 
INFO:root:Epoch  1448, Energy: -1.08906e+02 (-1.08910e+02), Variance: 1.22055e+00 (1.60775e+00), Accept ratio: 0.46517, 
INFO:root:Epoch  1449, Energy: -1.08864e+02 (-1.08842e+02), Variance: 1.25059e+00 (1.73394e+00), Accept ratio: 0.46986, 
INFO:root:Epoch  1450, Energy: -1.08831e+02 (-1.08816e+02), Variance: 9.91568e-01 (1.54999e+00), Accept ratio: 0.46939, 
INFO:root:Epoch  1451, Energy: -1.08847e+02 (-1.08838e+02), Variance: 9.84036e-01 (1.32562e+00), Accept ratio: 0.46886, 
INFO:root:Epoch  1452, Energy: -1.08868e+02 (-1.08872e+02), Variance: 1.25861e+00 (2.44671e+00), Accept ratio: 0.46870, 
INFO:root:Epoch  1453, Energy: -1.08865e+02 (-1.08894e+02), Variance: 1.17733e+00 (2.02007e+00), Accept ratio: 0.47249, 
INFO:root:Epoch  1454, Energy: -1.08861e+02 (-1.08905e+02), Variance: 1.24346e+00 (4.72074e+00), Accept ratio: 0.46629, 
INFO:root:Epoch  1455, Energy: -1.08844e+02 (-1.08829e+02), Variance: 1.12322e+00 (1.48599e+00), Accept ratio: 0.46487, 
INFO:root:Epoch  1456, Energy: -1.08834e+02 (-1.08768e+02), Variance: 1.14814e+00 (4.32355e+00), Accept ratio: 0.46468, 
INFO:root:Epoch  1457, Energy: -1.08901e+02 (-1.08887e+02), Variance: 1.13245e+00 (2.43450e+00), Accept ratio: 0.47099, 
INFO:root:Epoch  1458, Energy: -1.08886e+02 (-1.08873e+02), Variance: 1.14322e+00 (1.54681e+00), Accept ratio: 0.47081, 
INFO:root:Epoch  1459, Energy: -1.08835e+02 (-1.08849e+02), Variance: 1.17896e+00 (1.55451e+00), Accept ratio: 0.46660, 
INFO:root:Epoch  1460, Energy: -1.08888e+02 (-1.08904e+02), Variance: 1.19572e+00 (1.65160e+00), Accept ratio: 0.46746, 
INFO:root:Epoch  1461, Energy: -1.08927e+02 (-1.08941e+02), Variance: 1.13779e+00 (1.79020e+00), Accept ratio: 0.47425, 
INFO:root:Epoch  1462, Energy: -1.08854e+02 (-1.08848e+02), Variance: 1.17448e+00 (2.23132e+00), Accept ratio: 0.46859, 
INFO:root:Epoch  1463, Energy: -1.08842e+02 (-1.08826e+02), Variance: 1.12104e+00 (1.43713e+00), Accept ratio: 0.47025, 
INFO:root:Epoch  1464, Energy: -1.08839e+02 (-1.08817e+02), Variance: 1.04975e+00 (1.59835e+00), Accept ratio: 0.46696, 
INFO:root:Epoch  1465, Energy: -1.08813e+02 (-1.08812e+02), Variance: 9.89990e-01 (1.28817e+00), Accept ratio: 0.46755, 
INFO:root:Epoch  1466, Energy: -1.08833e+02 (-1.08821e+02), Variance: 1.09885e+00 (1.27849e+00), Accept ratio: 0.46111, 
INFO:root:Epoch  1467, Energy: -1.08812e+02 (-1.08799e+02), Variance: 1.21346e+00 (1.66223e+00), Accept ratio: 0.47043, 
INFO:root:Epoch  1468, Energy: -1.08879e+02 (-1.08866e+02), Variance: 1.09227e+00 (1.62012e+00), Accept ratio: 0.47241, 
INFO:root:Epoch  1469, Energy: -1.08889e+02 (-1.08893e+02), Variance: 1.02522e+00 (1.13626e+00), Accept ratio: 0.47629, 
INFO:root:Epoch  1470, Energy: -1.08878e+02 (-1.08918e+02), Variance: 1.28483e+00 (4.53033e+00), Accept ratio: 0.47124, 
INFO:root:Epoch  1471, Energy: -1.08863e+02 (-1.08856e+02), Variance: 1.18315e+00 (1.32778e+00), Accept ratio: 0.46781, 
INFO:root:Epoch  1472, Energy: -1.08902e+02 (-1.08906e+02), Variance: 1.03270e+00 (1.18794e+00), Accept ratio: 0.47104, 
INFO:root:Epoch  1473, Energy: -1.08878e+02 (-1.08856e+02), Variance: 1.07219e+00 (1.89733e+00), Accept ratio: 0.46976, 
INFO:root:Epoch  1474, Energy: -1.08848e+02 (-1.08835e+02), Variance: 1.14409e+00 (1.48934e+00), Accept ratio: 0.46587, 
INFO:root:Epoch  1475, Energy: -1.08918e+02 (-1.08921e+02), Variance: 1.27258e+00 (1.38259e+00), Accept ratio: 0.47031, 
INFO:root:Epoch  1476, Energy: -1.08882e+02 (-1.08881e+02), Variance: 1.18212e+00 (1.43663e+00), Accept ratio: 0.47514, 
INFO:root:Epoch  1477, Energy: -1.08890e+02 (-1.08871e+02), Variance: 1.28645e+00 (2.26018e+00), Accept ratio: 0.47018, 
INFO:root:Epoch  1478, Energy: -1.08837e+02 (-1.08780e+02), Variance: 1.21119e+00 (5.41778e+00), Accept ratio: 0.47050, 
INFO:root:Epoch  1479, Energy: -1.08906e+02 (-1.08936e+02), Variance: 1.11325e+00 (1.68852e+00), Accept ratio: 0.47463, 
INFO:root:Epoch  1480, Energy: -1.08954e+02 (-1.08974e+02), Variance: 1.09354e+00 (2.01971e+00), Accept ratio: 0.47611, 
INFO:root:Epoch  1481, Energy: -1.08898e+02 (-1.08889e+02), Variance: 1.00393e+00 (1.10270e+00), Accept ratio: 0.47210, 
INFO:root:Epoch  1482, Energy: -1.08877e+02 (-1.08880e+02), Variance: 1.02280e+00 (1.08010e+00), Accept ratio: 0.46554, 
INFO:root:Epoch  1483, Energy: -1.08826e+02 (-1.08824e+02), Variance: 1.00538e+00 (1.18543e+00), Accept ratio: 0.46957, 
INFO:root:Epoch  1484, Energy: -1.08858e+02 (-1.08854e+02), Variance: 9.49745e-01 (1.11278e+00), Accept ratio: 0.46597, 
INFO:root:Epoch  1485, Energy: -1.08889e+02 (-1.08882e+02), Variance: 9.75837e-01 (1.20466e+00), Accept ratio: 0.46650, 
INFO:root:Epoch  1486, Energy: -1.08860e+02 (-1.08868e+02), Variance: 1.01611e+00 (1.30921e+00), Accept ratio: 0.46703, 
INFO:root:Epoch  1487, Energy: -1.08917e+02 (-1.08928e+02), Variance: 1.01888e+00 (1.16637e+00), Accept ratio: 0.46735, 
INFO:root:Epoch  1488, Energy: -1.08892e+02 (-1.08894e+02), Variance: 9.27100e-01 (1.02637e+00), Accept ratio: 0.46716, 
INFO:root:Epoch  1489, Energy: -1.08880e+02 (-1.08885e+02), Variance: 1.01190e+00 (1.10852e+00), Accept ratio: 0.46725, 
INFO:root:Epoch  1490, Energy: -1.08899e+02 (-1.08904e+02), Variance: 1.11739e+00 (1.25745e+00), Accept ratio: 0.46367, 
INFO:root:Epoch  1491, Energy: -1.08927e+02 (-1.08873e+02), Variance: 1.19636e+00 (3.93993e+00), Accept ratio: 0.47098, 
INFO:root:Epoch  1492, Energy: -1.08857e+02 (-1.08852e+02), Variance: 1.09920e+00 (1.62611e+00), Accept ratio: 0.46276, 
INFO:root:Epoch  1493, Energy: -1.08906e+02 (-1.08898e+02), Variance: 1.03482e+00 (1.46095e+00), Accept ratio: 0.46723, 
INFO:root:Epoch  1494, Energy: -1.08862e+02 (-1.08845e+02), Variance: 1.07121e+00 (1.47231e+00), Accept ratio: 0.46846, 
INFO:root:Epoch  1495, Energy: -1.08874e+02 (-1.08876e+02), Variance: 9.17946e-01 (1.00151e+00), Accept ratio: 0.47115, 
INFO:root:Epoch  1496, Energy: -1.08873e+02 (-1.08865e+02), Variance: 1.06133e+00 (1.37261e+00), Accept ratio: 0.46541, 
INFO:root:Epoch  1497, Energy: -1.08927e+02 (-1.08923e+02), Variance: 1.08868e+00 (1.71929e+00), Accept ratio: 0.47216, 
INFO:root:Epoch  1498, Energy: -1.08883e+02 (-1.08862e+02), Variance: 1.05765e+00 (1.55768e+00), Accept ratio: 0.47106, 
INFO:root:Epoch  1499, Energy: -1.08865e+02 (-1.08876e+02), Variance: 1.11506e+00 (1.90949e+00), Accept ratio: 0.46189, 
INFO:root:Epoch  1500, Energy: -1.08900e+02 (-1.08919e+02), Variance: 1.17459e+00 (1.73978e+00), Accept ratio: 0.46147, , best weights saved
INFO:root:Epoch  1501, Energy: -1.08898e+02 (-1.08906e+02), Variance: 1.09238e+00 (1.60781e+00), Accept ratio: 0.47408, 
INFO:root:Epoch  1502, Energy: -1.08903e+02 (-1.08899e+02), Variance: 1.23839e+00 (2.20985e+00), Accept ratio: 0.47038, 
INFO:root:Epoch  1503, Energy: -1.08854e+02 (-1.08838e+02), Variance: 1.09472e+00 (1.52851e+00), Accept ratio: 0.46856, 
INFO:root:Epoch  1504, Energy: -1.08861e+02 (-1.08865e+02), Variance: 9.97547e-01 (1.21615e+00), Accept ratio: 0.47362, 
INFO:root:Epoch  1505, Energy: -1.08851e+02 (-1.08849e+02), Variance: 9.64463e-01 (1.09267e+00), Accept ratio: 0.47498, 
INFO:root:Epoch  1506, Energy: -1.08862e+02 (-1.08875e+02), Variance: 1.20363e+00 (1.72208e+00), Accept ratio: 0.47181, 
INFO:root:Epoch  1507, Energy: -1.08866e+02 (-1.08875e+02), Variance: 1.04614e+00 (1.18595e+00), Accept ratio: 0.47111, 
INFO:root:Epoch  1508, Energy: -1.08854e+02 (-1.08835e+02), Variance: 1.08682e+00 (1.75188e+00), Accept ratio: 0.47270, 
INFO:root:Epoch  1509, Energy: -1.08833e+02 (-1.08785e+02), Variance: 1.12240e+00 (4.37884e+00), Accept ratio: 0.47023, 
INFO:root:Epoch  1510, Energy: -1.08912e+02 (-1.08929e+02), Variance: 1.03277e+00 (1.33177e+00), Accept ratio: 0.46883, 
INFO:root:Epoch  1511, Energy: -1.08899e+02 (-1.08876e+02), Variance: 1.01915e+00 (1.63672e+00), Accept ratio: 0.46730, 
INFO:root:Epoch  1512, Energy: -1.08894e+02 (-1.08919e+02), Variance: 9.94814e-01 (3.40523e+00), Accept ratio: 0.47285, 
INFO:root:Epoch  1513, Energy: -1.08876e+02 (-1.08882e+02), Variance: 9.84178e-01 (1.29189e+00), Accept ratio: 0.46710, 
INFO:root:Epoch  1514, Energy: -1.08862e+02 (-1.08844e+02), Variance: 9.90066e-01 (1.43610e+00), Accept ratio: 0.47181, 
INFO:root:Epoch  1515, Energy: -1.08868e+02 (-1.08868e+02), Variance: 9.34217e-01 (1.01517e+00), Accept ratio: 0.47122, 
INFO:root:Epoch  1516, Energy: -1.08880e+02 (-1.08891e+02), Variance: 1.05576e+00 (1.35428e+00), Accept ratio: 0.47035, 
INFO:root:Epoch  1517, Energy: -1.08811e+02 (-1.08800e+02), Variance: 1.03557e+00 (1.45907e+00), Accept ratio: 0.47588, 
INFO:root:Epoch  1518, Energy: -1.08839e+02 (-1.08835e+02), Variance: 1.07037e+00 (1.19801e+00), Accept ratio: 0.47068, 
INFO:root:Epoch  1519, Energy: -1.08865e+02 (-1.08902e+02), Variance: 1.20340e+00 (2.30947e+00), Accept ratio: 0.46928, 
INFO:root:Epoch  1520, Energy: -1.08866e+02 (-1.08867e+02), Variance: 1.14292e+00 (1.78978e+00), Accept ratio: 0.46723, 
INFO:root:Epoch  1521, Energy: -1.08886e+02 (-1.08832e+02), Variance: 1.21575e+00 (3.11855e+00), Accept ratio: 0.47184, 
INFO:root:Epoch  1522, Energy: -1.08852e+02 (-1.08855e+02), Variance: 1.22547e+00 (1.49130e+00), Accept ratio: 0.47326, 
INFO:root:Epoch  1523, Energy: -1.08854e+02 (-1.08832e+02), Variance: 1.12508e+00 (1.74929e+00), Accept ratio: 0.46677, 
INFO:root:Epoch  1524, Energy: -1.08842e+02 (-1.08832e+02), Variance: 1.21137e+00 (1.53729e+00), Accept ratio: 0.46926, 
INFO:root:Epoch  1525, Energy: -1.08852e+02 (-1.08861e+02), Variance: 1.03179e+00 (1.24304e+00), Accept ratio: 0.46642, 
INFO:root:Epoch  1526, Energy: -1.08864e+02 (-1.08855e+02), Variance: 1.05319e+00 (1.19086e+00), Accept ratio: 0.47046, 
INFO:root:Epoch  1527, Energy: -1.08840e+02 (-1.08817e+02), Variance: 1.22119e+00 (1.67176e+00), Accept ratio: 0.46991, 
INFO:root:Epoch  1528, Energy: -1.08933e+02 (-1.08914e+02), Variance: 1.18259e+00 (1.76188e+00), Accept ratio: 0.46967, 
INFO:root:Epoch  1529, Energy: -1.08875e+02 (-1.08848e+02), Variance: 1.16780e+00 (3.86165e+00), Accept ratio: 0.46291, 
INFO:root:Epoch  1530, Energy: -1.08906e+02 (-1.08918e+02), Variance: 1.07747e+00 (1.23922e+00), Accept ratio: 0.47331, 
INFO:root:Epoch  1531, Energy: -1.08920e+02 (-1.08935e+02), Variance: 1.07268e+00 (1.48691e+00), Accept ratio: 0.47776, 
INFO:root:Epoch  1532, Energy: -1.08957e+02 (-1.08931e+02), Variance: 1.11811e+00 (2.63803e+00), Accept ratio: 0.47211, 
INFO:root:Epoch  1533, Energy: -1.08885e+02 (-1.08875e+02), Variance: 1.06330e+00 (1.27695e+00), Accept ratio: 0.47144, 
INFO:root:Epoch  1534, Energy: -1.08841e+02 (-1.08856e+02), Variance: 1.04790e+00 (1.58010e+00), Accept ratio: 0.47082, 
INFO:root:Epoch  1535, Energy: -1.08868e+02 (-1.08849e+02), Variance: 9.45292e-01 (1.21746e+00), Accept ratio: 0.47552, 
INFO:root:Epoch  1536, Energy: -1.08899e+02 (-1.08855e+02), Variance: 1.10331e+00 (2.98530e+00), Accept ratio: 0.46980, 
INFO:root:Epoch  1537, Energy: -1.08897e+02 (-1.08821e+02), Variance: 1.19437e+00 (1.50558e+01), Accept ratio: 0.46973, 
INFO:root:Epoch  1538, Energy: -1.08959e+02 (-1.08915e+02), Variance: 9.86568e-01 (2.34950e+00), Accept ratio: 0.47859, 
INFO:root:Epoch  1539, Energy: -1.08885e+02 (-1.08889e+02), Variance: 1.15462e+00 (1.70335e+00), Accept ratio: 0.47039, 
INFO:root:Epoch  1540, Energy: -1.08894e+02 (-1.08904e+02), Variance: 9.71810e-01 (1.42331e+00), Accept ratio: 0.47016, 
INFO:root:Epoch  1541, Energy: -1.08881e+02 (-1.08915e+02), Variance: 1.19916e+00 (2.62886e+00), Accept ratio: 0.47407, 
INFO:root:Epoch  1542, Energy: -1.08902e+02 (-1.08911e+02), Variance: 1.07154e+00 (1.30182e+00), Accept ratio: 0.46774, 
INFO:root:Epoch  1543, Energy: -1.08841e+02 (-1.08839e+02), Variance: 1.01909e+00 (1.39574e+00), Accept ratio: 0.47227, 
INFO:root:Epoch  1544, Energy: -1.08863e+02 (-1.08854e+02), Variance: 1.06424e+00 (1.29256e+00), Accept ratio: 0.46658, 
INFO:root:Epoch  1545, Energy: -1.08842e+02 (-1.08850e+02), Variance: 1.04270e+00 (1.63239e+00), Accept ratio: 0.47417, 
INFO:root:Epoch  1546, Energy: -1.08915e+02 (-1.08919e+02), Variance: 1.14210e+00 (1.55861e+00), Accept ratio: 0.46769, 
INFO:root:Epoch  1547, Energy: -1.08881e+02 (-1.08880e+02), Variance: 9.51161e-01 (1.02138e+00), Accept ratio: 0.47750, 
INFO:root:Epoch  1548, Energy: -1.08897e+02 (-1.08904e+02), Variance: 1.05642e+00 (1.36784e+00), Accept ratio: 0.47132, 
INFO:root:Epoch  1549, Energy: -1.08897e+02 (-1.08898e+02), Variance: 1.07308e+00 (1.28257e+00), Accept ratio: 0.47812, 
INFO:root:Epoch  1550, Energy: -1.08868e+02 (-1.08904e+02), Variance: 1.13219e+00 (2.06358e+00), Accept ratio: 0.47226, 
INFO:root:Epoch  1551, Energy: -1.08938e+02 (-1.08913e+02), Variance: 1.16042e+00 (1.74333e+00), Accept ratio: 0.47634, 
INFO:root:Epoch  1552, Energy: -1.08903e+02 (-1.08910e+02), Variance: 1.09442e+00 (1.31674e+00), Accept ratio: 0.46753, 
INFO:root:Epoch  1553, Energy: -1.08875e+02 (-1.08873e+02), Variance: 9.36516e-01 (9.90598e-01), Accept ratio: 0.46997, 
INFO:root:Epoch  1554, Energy: -1.08895e+02 (-1.08877e+02), Variance: 1.18246e+00 (2.06995e+00), Accept ratio: 0.46485, 
INFO:root:Epoch  1555, Energy: -1.08899e+02 (-1.08891e+02), Variance: 1.28320e+00 (2.27032e+00), Accept ratio: 0.46880, 
INFO:root:Epoch  1556, Energy: -1.08881e+02 (-1.08883e+02), Variance: 1.16724e+00 (1.38785e+00), Accept ratio: 0.47262, 
INFO:root:Epoch  1557, Energy: -1.08856e+02 (-1.08795e+02), Variance: 1.07898e+00 (3.13356e+00), Accept ratio: 0.46850, 
INFO:root:Epoch  1558, Energy: -1.08796e+02 (-1.08773e+02), Variance: 1.17528e+00 (1.96139e+00), Accept ratio: 0.47263, 
INFO:root:Epoch  1559, Energy: -1.08893e+02 (-1.08854e+02), Variance: 1.07353e+00 (3.10280e+00), Accept ratio: 0.46818, 
INFO:root:Epoch  1560, Energy: -1.08886e+02 (-1.08889e+02), Variance: 1.16149e+00 (1.32742e+00), Accept ratio: 0.47712, 
INFO:root:Epoch  1561, Energy: -1.08912e+02 (-1.08914e+02), Variance: 1.01950e+00 (1.20260e+00), Accept ratio: 0.47771, 
INFO:root:Epoch  1562, Energy: -1.08883e+02 (-1.08882e+02), Variance: 1.01741e+00 (1.29165e+00), Accept ratio: 0.46337, 
INFO:root:Epoch  1563, Energy: -1.08907e+02 (-1.08908e+02), Variance: 1.16028e+00 (1.41950e+00), Accept ratio: 0.47199, 
INFO:root:Epoch  1564, Energy: -1.08870e+02 (-1.08879e+02), Variance: 1.02888e+00 (1.26539e+00), Accept ratio: 0.46989, 
INFO:root:Epoch  1565, Energy: -1.08844e+02 (-1.08833e+02), Variance: 9.16872e-01 (1.12584e+00), Accept ratio: 0.46700, 
INFO:root:Epoch  1566, Energy: -1.08863e+02 (-1.08866e+02), Variance: 9.26710e-01 (1.10371e+00), Accept ratio: 0.46872, 
INFO:root:Epoch  1567, Energy: -1.08870e+02 (-1.08851e+02), Variance: 1.05458e+00 (1.39236e+00), Accept ratio: 0.47056, 
INFO:root:Epoch  1568, Energy: -1.08853e+02 (-1.08857e+02), Variance: 9.88037e-01 (1.20412e+00), Accept ratio: 0.47060, 
INFO:root:Epoch  1569, Energy: -1.08856e+02 (-1.08851e+02), Variance: 1.00296e+00 (1.23165e+00), Accept ratio: 0.46691, 
INFO:root:Epoch  1570, Energy: -1.08834e+02 (-1.08817e+02), Variance: 9.65833e-01 (1.41559e+00), Accept ratio: 0.47397, 
INFO:root:Epoch  1571, Energy: -1.08893e+02 (-1.08897e+02), Variance: 1.07982e+00 (1.31066e+00), Accept ratio: 0.47758, 
INFO:root:Epoch  1572, Energy: -1.08853e+02 (-1.08861e+02), Variance: 1.03585e+00 (1.69173e+00), Accept ratio: 0.47103, 
INFO:root:Epoch  1573, Energy: -1.08904e+02 (-1.08898e+02), Variance: 1.05930e+00 (1.32090e+00), Accept ratio: 0.46882, 
INFO:root:Epoch  1574, Energy: -1.08893e+02 (-1.08881e+02), Variance: 1.09859e+00 (1.35680e+00), Accept ratio: 0.47464, 
INFO:root:Epoch  1575, Energy: -1.08849e+02 (-1.08837e+02), Variance: 1.07415e+00 (1.48599e+00), Accept ratio: 0.46926, 
INFO:root:Epoch  1576, Energy: -1.08888e+02 (-1.08880e+02), Variance: 9.75548e-01 (1.29342e+00), Accept ratio: 0.47258, 
INFO:root:Epoch  1577, Energy: -1.08923e+02 (-1.08917e+02), Variance: 1.12561e+00 (1.45766e+00), Accept ratio: 0.47357, 
INFO:root:Epoch  1578, Energy: -1.08914e+02 (-1.08913e+02), Variance: 1.19025e+00 (1.69225e+00), Accept ratio: 0.47506, 
INFO:root:Epoch  1579, Energy: -1.08862e+02 (-1.08854e+02), Variance: 9.62238e-01 (1.30419e+00), Accept ratio: 0.46460, 
INFO:root:Epoch  1580, Energy: -1.08887e+02 (-1.08878e+02), Variance: 1.02534e+00 (1.16188e+00), Accept ratio: 0.47345, 
INFO:root:Epoch  1581, Energy: -1.08896e+02 (-1.08886e+02), Variance: 1.16318e+00 (1.63306e+00), Accept ratio: 0.46839, 
INFO:root:Epoch  1582, Energy: -1.08902e+02 (-1.08872e+02), Variance: 1.04747e+00 (1.96315e+00), Accept ratio: 0.46821, 
INFO:root:Epoch  1583, Energy: -1.08898e+02 (-1.08913e+02), Variance: 9.78268e-01 (1.32197e+00), Accept ratio: 0.46944, 
INFO:root:Epoch  1584, Energy: -1.08879e+02 (-1.08906e+02), Variance: 1.02055e+00 (2.48302e+00), Accept ratio: 0.46877, 
INFO:root:Epoch  1585, Energy: -1.08914e+02 (-1.08921e+02), Variance: 1.02277e+00 (1.32665e+00), Accept ratio: 0.47710, 
INFO:root:Epoch  1586, Energy: -1.08877e+02 (-1.08908e+02), Variance: 9.49716e-01 (1.89892e+00), Accept ratio: 0.47559, 
INFO:root:Epoch  1587, Energy: -1.08967e+02 (-1.09008e+02), Variance: 1.09373e+00 (2.22187e+00), Accept ratio: 0.46817, 
INFO:root:Epoch  1588, Energy: -1.08921e+02 (-1.08940e+02), Variance: 1.08654e+00 (1.74401e+00), Accept ratio: 0.46777, 
INFO:root:Epoch  1589, Energy: -1.08914e+02 (-1.08920e+02), Variance: 1.03835e+00 (1.25134e+00), Accept ratio: 0.46769, 
INFO:root:Epoch  1590, Energy: -1.08939e+02 (-1.08938e+02), Variance: 1.16784e+00 (1.50515e+00), Accept ratio: 0.47017, 
INFO:root:Epoch  1591, Energy: -1.08906e+02 (-1.08904e+02), Variance: 1.06583e+00 (1.29346e+00), Accept ratio: 0.47001, 
INFO:root:Epoch  1592, Energy: -1.08959e+02 (-1.09003e+02), Variance: 1.16114e+00 (4.91918e+00), Accept ratio: 0.46042, 
INFO:root:Epoch  1593, Energy: -1.08931e+02 (-1.08988e+02), Variance: 1.13502e+00 (6.83596e+00), Accept ratio: 0.47274, 
INFO:root:Epoch  1594, Energy: -1.08846e+02 (-1.08807e+02), Variance: 1.05125e+00 (3.19010e+00), Accept ratio: 0.46827, 
INFO:root:Epoch  1595, Energy: -1.08919e+02 (-1.08898e+02), Variance: 1.21792e+00 (2.64090e+00), Accept ratio: 0.46813, 
INFO:root:Epoch  1596, Energy: -1.08904e+02 (-1.08897e+02), Variance: 1.09662e+00 (1.27633e+00), Accept ratio: 0.47051, 
INFO:root:Epoch  1597, Energy: -1.08906e+02 (-1.08876e+02), Variance: 1.19451e+00 (1.89559e+00), Accept ratio: 0.47250, 
INFO:root:Epoch  1598, Energy: -1.08870e+02 (-1.08909e+02), Variance: 1.13414e+00 (6.35212e+00), Accept ratio: 0.47083, 
INFO:root:Epoch  1599, Energy: -1.08892e+02 (-1.08898e+02), Variance: 1.11941e+00 (1.38424e+00), Accept ratio: 0.47323, 
INFO:root:Epoch  1600, Energy: -1.08903e+02 (-1.08902e+02), Variance: 9.78552e-01 (1.20674e+00), Accept ratio: 0.47171, , best weights saved
INFO:root:Epoch  1601, Energy: -1.08894e+02 (-1.08881e+02), Variance: 1.13270e+00 (1.47425e+00), Accept ratio: 0.46459, 
INFO:root:Epoch  1602, Energy: -1.08893e+02 (-1.08891e+02), Variance: 1.03923e+00 (1.70698e+00), Accept ratio: 0.46843, 
INFO:root:Epoch  1603, Energy: -1.08923e+02 (-1.08909e+02), Variance: 1.00859e+00 (1.21583e+00), Accept ratio: 0.47511, 
INFO:root:Epoch  1604, Energy: -1.08879e+02 (-1.08875e+02), Variance: 1.07269e+00 (1.45318e+00), Accept ratio: 0.46728, 
INFO:root:Epoch  1605, Energy: -1.08908e+02 (-1.08916e+02), Variance: 9.99552e-01 (1.15581e+00), Accept ratio: 0.47318, 
INFO:root:Epoch  1606, Energy: -1.08874e+02 (-1.08874e+02), Variance: 9.69982e-01 (1.63492e+00), Accept ratio: 0.46604, 
INFO:root:Epoch  1607, Energy: -1.08838e+02 (-1.08829e+02), Variance: 1.17146e+00 (1.67272e+00), Accept ratio: 0.46931, 
INFO:root:Epoch  1608, Energy: -1.08921e+02 (-1.08948e+02), Variance: 1.12183e+00 (1.91003e+00), Accept ratio: 0.46856, 
INFO:root:Epoch  1609, Energy: -1.08866e+02 (-1.08868e+02), Variance: 1.17022e+00 (1.33523e+00), Accept ratio: 0.47787, 
INFO:root:Epoch  1610, Energy: -1.08872e+02 (-1.08856e+02), Variance: 1.13343e+00 (2.06094e+00), Accept ratio: 0.47271, 
INFO:root:Epoch  1611, Energy: -1.08896e+02 (-1.08880e+02), Variance: 1.05982e+00 (1.38660e+00), Accept ratio: 0.47069, 
INFO:root:Epoch  1612, Energy: -1.08926e+02 (-1.08923e+02), Variance: 1.08986e+00 (1.49533e+00), Accept ratio: 0.46488, 
INFO:root:Epoch  1613, Energy: -1.08846e+02 (-1.08821e+02), Variance: 1.19824e+00 (2.82469e+00), Accept ratio: 0.47249, 
INFO:root:Epoch  1614, Energy: -1.08895e+02 (-1.08902e+02), Variance: 1.07967e+00 (1.43327e+00), Accept ratio: 0.46720, 
INFO:root:Epoch  1615, Energy: -1.08876e+02 (-1.08882e+02), Variance: 1.08886e+00 (1.22273e+00), Accept ratio: 0.47231, 
INFO:root:Epoch  1616, Energy: -1.08851e+02 (-1.08847e+02), Variance: 1.00896e+00 (1.14068e+00), Accept ratio: 0.47088, 
INFO:root:Epoch  1617, Energy: -1.08882e+02 (-1.08863e+02), Variance: 1.24058e+00 (2.21782e+00), Accept ratio: 0.46682, 
INFO:root:Epoch  1618, Energy: -1.08858e+02 (-1.08848e+02), Variance: 1.02685e+00 (1.53707e+00), Accept ratio: 0.47019, 
INFO:root:Epoch  1619, Energy: -1.08899e+02 (-1.08875e+02), Variance: 1.04116e+00 (1.81527e+00), Accept ratio: 0.47291, 
INFO:root:Epoch  1620, Energy: -1.08919e+02 (-1.08923e+02), Variance: 1.08632e+00 (1.52767e+00), Accept ratio: 0.47316, 
INFO:root:Epoch  1621, Energy: -1.08948e+02 (-1.08942e+02), Variance: 1.14601e+00 (1.59117e+00), Accept ratio: 0.47287, 
INFO:root:Epoch  1622, Energy: -1.08934e+02 (-1.08932e+02), Variance: 1.15701e+00 (1.32054e+00), Accept ratio: 0.47583, 
INFO:root:Epoch  1623, Energy: -1.08972e+02 (-1.08941e+02), Variance: 1.16478e+00 (1.85125e+00), Accept ratio: 0.46543, 
INFO:root:Epoch  1624, Energy: -1.08912e+02 (-1.08843e+02), Variance: 1.22107e+00 (3.94527e+00), Accept ratio: 0.46612, 
INFO:root:Epoch  1625, Energy: -1.08887e+02 (-1.08849e+02), Variance: 1.07486e+00 (2.28559e+00), Accept ratio: 0.47494, 
INFO:root:Epoch  1626, Energy: -1.08935e+02 (-1.08921e+02), Variance: 1.10663e+00 (1.92770e+00), Accept ratio: 0.46905, 
INFO:root:Epoch  1627, Energy: -1.08913e+02 (-1.08929e+02), Variance: 1.08848e+00 (2.14788e+00), Accept ratio: 0.47828, 
INFO:root:Epoch  1628, Energy: -1.08933e+02 (-1.08900e+02), Variance: 1.16941e+00 (2.66279e+00), Accept ratio: 0.47131, 
INFO:root:Epoch  1629, Energy: -1.08903e+02 (-1.08886e+02), Variance: 1.10056e+00 (1.31891e+00), Accept ratio: 0.46873, 
INFO:root:Epoch  1630, Energy: -1.08908e+02 (-1.08909e+02), Variance: 9.54904e-01 (1.00514e+00), Accept ratio: 0.47554, 
INFO:root:Epoch  1631, Energy: -1.08887e+02 (-1.08895e+02), Variance: 1.05557e+00 (1.26521e+00), Accept ratio: 0.47215, 
INFO:root:Epoch  1632, Energy: -1.08883e+02 (-1.08869e+02), Variance: 1.06194e+00 (1.43003e+00), Accept ratio: 0.47069, 
INFO:root:Epoch  1633, Energy: -1.08905e+02 (-1.08905e+02), Variance: 1.22165e+00 (1.89287e+00), Accept ratio: 0.46943, 
INFO:root:Epoch  1634, Energy: -1.08891e+02 (-1.08847e+02), Variance: 1.05698e+00 (3.45133e+00), Accept ratio: 0.47042, 
INFO:root:Epoch  1635, Energy: -1.08886e+02 (-1.08875e+02), Variance: 9.46173e-01 (1.09587e+00), Accept ratio: 0.47120, 
INFO:root:Epoch  1636, Energy: -1.08865e+02 (-1.08864e+02), Variance: 1.04281e+00 (1.31274e+00), Accept ratio: 0.46927, 
INFO:root:Epoch  1637, Energy: -1.08870e+02 (-1.08873e+02), Variance: 1.06355e+00 (1.43027e+00), Accept ratio: 0.47508, 
INFO:root:Epoch  1638, Energy: -1.08856e+02 (-1.08820e+02), Variance: 1.13632e+00 (2.63807e+00), Accept ratio: 0.47099, 
INFO:root:Epoch  1639, Energy: -1.08876e+02 (-1.08893e+02), Variance: 1.07567e+00 (1.33653e+00), Accept ratio: 0.46983, 
INFO:root:Epoch  1640, Energy: -1.08901e+02 (-1.08916e+02), Variance: 1.11835e+00 (2.51007e+00), Accept ratio: 0.46922, 
INFO:root:Epoch  1641, Energy: -1.08916e+02 (-1.08910e+02), Variance: 1.01108e+00 (1.33158e+00), Accept ratio: 0.46963, 
INFO:root:Epoch  1642, Energy: -1.08856e+02 (-1.08849e+02), Variance: 1.07955e+00 (1.46230e+00), Accept ratio: 0.46725, 
INFO:root:Epoch  1643, Energy: -1.08885e+02 (-1.08870e+02), Variance: 1.07906e+00 (1.39208e+00), Accept ratio: 0.47034, 
INFO:root:Epoch  1644, Energy: -1.08917e+02 (-1.08912e+02), Variance: 9.30079e-01 (1.17983e+00), Accept ratio: 0.47275, 
INFO:root:Epoch  1645, Energy: -1.08904e+02 (-1.08885e+02), Variance: 1.00098e+00 (1.51908e+00), Accept ratio: 0.47049, 
INFO:root:Epoch  1646, Energy: -1.08920e+02 (-1.08885e+02), Variance: 1.14478e+00 (2.17408e+00), Accept ratio: 0.47547, 
INFO:root:Epoch  1647, Energy: -1.08892e+02 (-1.08853e+02), Variance: 1.15103e+00 (1.76988e+00), Accept ratio: 0.47480, 
INFO:root:Epoch  1648, Energy: -1.08861e+02 (-1.08846e+02), Variance: 1.01418e+00 (1.60683e+00), Accept ratio: 0.47175, 
INFO:root:Epoch  1649, Energy: -1.08881e+02 (-1.08885e+02), Variance: 9.76903e-01 (1.02695e+00), Accept ratio: 0.46609, 
INFO:root:Epoch  1650, Energy: -1.08900e+02 (-1.08896e+02), Variance: 1.09176e+00 (1.29394e+00), Accept ratio: 0.47486, 
INFO:root:Epoch  1651, Energy: -1.08889e+02 (-1.08874e+02), Variance: 1.01313e+00 (1.41860e+00), Accept ratio: 0.47132, 
INFO:root:Epoch  1652, Energy: -1.08925e+02 (-1.08930e+02), Variance: 1.04403e+00 (1.27233e+00), Accept ratio: 0.47266, 
INFO:root:Epoch  1653, Energy: -1.08875e+02 (-1.08853e+02), Variance: 1.00942e+00 (1.95391e+00), Accept ratio: 0.46935, 
INFO:root:Epoch  1654, Energy: -1.08938e+02 (-1.08967e+02), Variance: 9.41021e-01 (2.63029e+00), Accept ratio: 0.47345, 
INFO:root:Epoch  1655, Energy: -1.08886e+02 (-1.08865e+02), Variance: 1.12922e+00 (1.54901e+00), Accept ratio: 0.46560, 
INFO:root:Epoch  1656, Energy: -1.08868e+02 (-1.08868e+02), Variance: 8.79910e-01 (9.95961e-01), Accept ratio: 0.47009, 
INFO:root:Epoch  1657, Energy: -1.08903e+02 (-1.08916e+02), Variance: 9.83454e-01 (1.27837e+00), Accept ratio: 0.46734, 
INFO:root:Epoch  1658, Energy: -1.08888e+02 (-1.08889e+02), Variance: 1.05632e+00 (1.15651e+00), Accept ratio: 0.46445, 
INFO:root:Epoch  1659, Energy: -1.08880e+02 (-1.08868e+02), Variance: 9.80503e-01 (1.41156e+00), Accept ratio: 0.47264, 
INFO:root:Epoch  1660, Energy: -1.08888e+02 (-1.08883e+02), Variance: 9.97881e-01 (1.28324e+00), Accept ratio: 0.46750, 
INFO:root:Epoch  1661, Energy: -1.08919e+02 (-1.08862e+02), Variance: 1.03791e+00 (3.41798e+00), Accept ratio: 0.46967, 
INFO:root:Epoch  1662, Energy: -1.08884e+02 (-1.08856e+02), Variance: 9.78078e-01 (2.27430e+00), Accept ratio: 0.47277, 
INFO:root:Epoch  1663, Energy: -1.08882e+02 (-1.08864e+02), Variance: 1.06795e+00 (1.51077e+00), Accept ratio: 0.46922, 
INFO:root:Epoch  1664, Energy: -1.08860e+02 (-1.08859e+02), Variance: 1.06876e+00 (1.54865e+00), Accept ratio: 0.46219, 
INFO:root:Epoch  1665, Energy: -1.08878e+02 (-1.08881e+02), Variance: 1.04138e+00 (1.19028e+00), Accept ratio: 0.46871, 
INFO:root:Epoch  1666, Energy: -1.08847e+02 (-1.08820e+02), Variance: 8.88328e-01 (1.76257e+00), Accept ratio: 0.46219, 
INFO:root:Epoch  1667, Energy: -1.08882e+02 (-1.08866e+02), Variance: 1.02384e+00 (1.33910e+00), Accept ratio: 0.46750, 
INFO:root:Epoch  1668, Energy: -1.08862e+02 (-1.08876e+02), Variance: 1.06014e+00 (2.34103e+00), Accept ratio: 0.47029, 
INFO:root:Epoch  1669, Energy: -1.08914e+02 (-1.08862e+02), Variance: 1.05289e+00 (3.33373e+00), Accept ratio: 0.47169, 
INFO:root:Epoch  1670, Energy: -1.08923e+02 (-1.08875e+02), Variance: 9.97690e-01 (2.00751e+00), Accept ratio: 0.46849, 
INFO:root:Epoch  1671, Energy: -1.08953e+02 (-1.08959e+02), Variance: 9.56219e-01 (1.18410e+00), Accept ratio: 0.46505, 
INFO:root:Epoch  1672, Energy: -1.08912e+02 (-1.08891e+02), Variance: 8.99119e-01 (1.68221e+00), Accept ratio: 0.47050, 
INFO:root:Epoch  1673, Energy: -1.08953e+02 (-1.08961e+02), Variance: 9.15501e-01 (1.05692e+00), Accept ratio: 0.47316, 
INFO:root:Epoch  1674, Energy: -1.08939e+02 (-1.08940e+02), Variance: 9.45764e-01 (1.23958e+00), Accept ratio: 0.47773, 
INFO:root:Epoch  1675, Energy: -1.08883e+02 (-1.08869e+02), Variance: 1.03316e+00 (1.53180e+00), Accept ratio: 0.47063, 
INFO:root:Epoch  1676, Energy: -1.08866e+02 (-1.08877e+02), Variance: 9.40846e-01 (2.46888e+00), Accept ratio: 0.46839, 
INFO:root:Epoch  1677, Energy: -1.08863e+02 (-1.08850e+02), Variance: 1.15363e+00 (1.35636e+00), Accept ratio: 0.46858, 
INFO:root:Epoch  1678, Energy: -1.08871e+02 (-1.08936e+02), Variance: 1.01599e+00 (4.92707e+00), Accept ratio: 0.46598, 
INFO:root:Epoch  1679, Energy: -1.08946e+02 (-1.08938e+02), Variance: 9.96543e-01 (1.14769e+00), Accept ratio: 0.47154, 
INFO:root:Epoch  1680, Energy: -1.08894e+02 (-1.08836e+02), Variance: 1.00748e+00 (3.19223e+00), Accept ratio: 0.48020, 
INFO:root:Epoch  1681, Energy: -1.08902e+02 (-1.08887e+02), Variance: 9.98512e-01 (1.48881e+00), Accept ratio: 0.46955, 
INFO:root:Epoch  1682, Energy: -1.08900e+02 (-1.08902e+02), Variance: 1.00859e+00 (1.38184e+00), Accept ratio: 0.46469, 
INFO:root:Epoch  1683, Energy: -1.08944e+02 (-1.08918e+02), Variance: 1.10724e+00 (2.05762e+00), Accept ratio: 0.47242, 
INFO:root:Epoch  1684, Energy: -1.08897e+02 (-1.08873e+02), Variance: 9.31124e-01 (1.46759e+00), Accept ratio: 0.46902, 
INFO:root:Epoch  1685, Energy: -1.08932e+02 (-1.08934e+02), Variance: 1.10168e+00 (1.52177e+00), Accept ratio: 0.46761, 
INFO:root:Epoch  1686, Energy: -1.08948e+02 (-1.08949e+02), Variance: 1.11378e+00 (1.29036e+00), Accept ratio: 0.46768, 
INFO:root:Epoch  1687, Energy: -1.08937e+02 (-1.08945e+02), Variance: 1.00228e+00 (1.29103e+00), Accept ratio: 0.46794, 
INFO:root:Epoch  1688, Energy: -1.08911e+02 (-1.08900e+02), Variance: 8.60570e-01 (9.73611e-01), Accept ratio: 0.47367, 
INFO:root:Epoch  1689, Energy: -1.08925e+02 (-1.08923e+02), Variance: 8.99285e-01 (9.61465e-01), Accept ratio: 0.47179, 
INFO:root:Epoch  1690, Energy: -1.08887e+02 (-1.08875e+02), Variance: 1.10227e+00 (2.15490e+00), Accept ratio: 0.46980, 
INFO:root:Epoch  1691, Energy: -1.08964e+02 (-1.08951e+02), Variance: 8.27756e-01 (1.31438e+00), Accept ratio: 0.46912, 
INFO:root:Epoch  1692, Energy: -1.08950e+02 (-1.08957e+02), Variance: 1.00810e+00 (1.29018e+00), Accept ratio: 0.47418, 
INFO:root:Epoch  1693, Energy: -1.08969e+02 (-1.09015e+02), Variance: 1.09842e+00 (3.84841e+00), Accept ratio: 0.47217, 
INFO:root:Epoch  1694, Energy: -1.09001e+02 (-1.09054e+02), Variance: 1.00275e+00 (4.35351e+00), Accept ratio: 0.47216, 
INFO:root:Epoch  1695, Energy: -1.08950e+02 (-1.08973e+02), Variance: 1.15927e+00 (1.90432e+00), Accept ratio: 0.47080, 
INFO:root:Epoch  1696, Energy: -1.08986e+02 (-1.09011e+02), Variance: 9.96657e-01 (2.27465e+00), Accept ratio: 0.46772, 
INFO:root:Epoch  1697, Energy: -1.08961e+02 (-1.08961e+02), Variance: 1.20457e+00 (1.77065e+00), Accept ratio: 0.46451, 
INFO:root:Epoch  1698, Energy: -1.08918e+02 (-1.08945e+02), Variance: 9.55825e-01 (1.69772e+00), Accept ratio: 0.47142, 
INFO:root:Epoch  1699, Energy: -1.08919e+02 (-1.08935e+02), Variance: 1.02636e+00 (1.61113e+00), Accept ratio: 0.47526, 
INFO:root:Epoch  1700, Energy: -1.08920e+02 (-1.08920e+02), Variance: 9.56794e-01 (1.33973e+00), Accept ratio: 0.46589, , best weights saved
INFO:root:Epoch  1701, Energy: -1.08919e+02 (-1.08993e+02), Variance: 1.15067e+00 (1.09813e+01), Accept ratio: 0.47439, 
INFO:root:Epoch  1702, Energy: -1.08891e+02 (-1.08677e+02), Variance: 1.08946e+00 (4.78490e+01), Accept ratio: 0.47056, 
INFO:root:Epoch  1703, Energy: -1.08913e+02 (-1.08890e+02), Variance: 1.13342e+00 (1.50086e+00), Accept ratio: 0.47385, 
INFO:root:Epoch  1704, Energy: -1.08946e+02 (-1.08923e+02), Variance: 1.08166e+00 (1.73774e+00), Accept ratio: 0.47134, 
INFO:root:Epoch  1705, Energy: -1.08919e+02 (-1.08905e+02), Variance: 1.09888e+00 (1.71112e+00), Accept ratio: 0.47388, 
INFO:root:Epoch  1706, Energy: -1.08939e+02 (-1.08903e+02), Variance: 9.94012e-01 (3.07484e+00), Accept ratio: 0.46872, 
INFO:root:Epoch  1707, Energy: -1.08930e+02 (-1.08919e+02), Variance: 9.27194e-01 (1.33016e+00), Accept ratio: 0.46574, 
INFO:root:Epoch  1708, Energy: -1.08942e+02 (-1.08925e+02), Variance: 9.44631e-01 (1.47154e+00), Accept ratio: 0.46961, 
INFO:root:Epoch  1709, Energy: -1.08916e+02 (-1.08914e+02), Variance: 9.15202e-01 (1.26906e+00), Accept ratio: 0.47543, 
INFO:root:Epoch  1710, Energy: -1.08906e+02 (-1.08895e+02), Variance: 9.82750e-01 (1.45502e+00), Accept ratio: 0.47146, 
INFO:root:Epoch  1711, Energy: -1.08915e+02 (-1.08910e+02), Variance: 9.93306e-01 (1.26224e+00), Accept ratio: 0.46107, 
INFO:root:Epoch  1712, Energy: -1.08944e+02 (-1.08933e+02), Variance: 1.00899e+00 (1.41554e+00), Accept ratio: 0.47226, 
INFO:root:Epoch  1713, Energy: -1.08933e+02 (-1.08930e+02), Variance: 9.98106e-01 (1.48687e+00), Accept ratio: 0.46881, 
INFO:root:Epoch  1714, Energy: -1.08890e+02 (-1.08870e+02), Variance: 9.50397e-01 (1.22089e+00), Accept ratio: 0.47080, 
INFO:root:Epoch  1715, Energy: -1.08901e+02 (-1.08886e+02), Variance: 9.52740e-01 (1.71994e+00), Accept ratio: 0.46927, 
INFO:root:Epoch  1716, Energy: -1.08940e+02 (-1.08913e+02), Variance: 8.90624e-01 (1.71420e+00), Accept ratio: 0.47356, 
INFO:root:Epoch  1717, Energy: -1.08966e+02 (-1.08947e+02), Variance: 1.02794e+00 (1.32712e+00), Accept ratio: 0.47065, 
INFO:root:Epoch  1718, Energy: -1.08935e+02 (-1.08912e+02), Variance: 1.01459e+00 (1.65971e+00), Accept ratio: 0.46920, 
INFO:root:Epoch  1719, Energy: -1.08964e+02 (-1.08960e+02), Variance: 9.92479e-01 (2.13618e+00), Accept ratio: 0.46284, 
INFO:root:Epoch  1720, Energy: -1.08915e+02 (-1.08926e+02), Variance: 8.44465e-01 (1.53594e+00), Accept ratio: 0.46396, 
INFO:root:Epoch  1721, Energy: -1.08949e+02 (-1.08975e+02), Variance: 1.09548e+00 (1.56184e+00), Accept ratio: 0.47088, 
INFO:root:Epoch  1722, Energy: -1.08924e+02 (-1.08913e+02), Variance: 9.52464e-01 (1.11770e+00), Accept ratio: 0.46649, 
INFO:root:Epoch  1723, Energy: -1.08963e+02 (-1.08962e+02), Variance: 9.46648e-01 (1.61186e+00), Accept ratio: 0.46541, 
INFO:root:Epoch  1724, Energy: -1.08919e+02 (-1.08901e+02), Variance: 1.09589e+00 (1.61383e+00), Accept ratio: 0.46414, 
INFO:root:Epoch  1725, Energy: -1.08948e+02 (-1.08940e+02), Variance: 1.00734e+00 (1.23425e+00), Accept ratio: 0.46828, 
INFO:root:Epoch  1726, Energy: -1.08893e+02 (-1.08920e+02), Variance: 9.37364e-01 (1.45623e+00), Accept ratio: 0.46571, 
INFO:root:Epoch  1727, Energy: -1.08900e+02 (-1.08912e+02), Variance: 1.04182e+00 (1.36925e+00), Accept ratio: 0.47143, 
INFO:root:Epoch  1728, Energy: -1.08938e+02 (-1.08951e+02), Variance: 9.67558e-01 (1.42162e+00), Accept ratio: 0.47498, 
INFO:root:Epoch  1729, Energy: -1.08930e+02 (-1.08945e+02), Variance: 1.00916e+00 (1.69650e+00), Accept ratio: 0.46825, 
INFO:root:Epoch  1730, Energy: -1.08971e+02 (-1.08974e+02), Variance: 1.07321e+00 (2.36143e+00), Accept ratio: 0.46861, 
INFO:root:Epoch  1731, Energy: -1.08966e+02 (-1.08985e+02), Variance: 9.69652e-01 (1.26831e+00), Accept ratio: 0.47753, 
INFO:root:Epoch  1732, Energy: -1.08956e+02 (-1.08956e+02), Variance: 9.25469e-01 (1.55895e+00), Accept ratio: 0.46707, 
INFO:root:Epoch  1733, Energy: -1.08909e+02 (-1.08909e+02), Variance: 9.56771e-01 (1.05575e+00), Accept ratio: 0.46376, 
INFO:root:Epoch  1734, Energy: -1.08903e+02 (-1.08907e+02), Variance: 1.01266e+00 (1.13028e+00), Accept ratio: 0.46880, 
INFO:root:Epoch  1735, Energy: -1.08833e+02 (-1.08820e+02), Variance: 1.15195e+00 (1.71816e+00), Accept ratio: 0.46757, 
INFO:root:Epoch  1736, Energy: -1.08922e+02 (-1.08932e+02), Variance: 9.47192e-01 (1.30815e+00), Accept ratio: 0.46733, 
INFO:root:Epoch  1737, Energy: -1.08914e+02 (-1.08916e+02), Variance: 1.01440e+00 (1.33560e+00), Accept ratio: 0.46906, 
INFO:root:Epoch  1738, Energy: -1.08906e+02 (-1.08859e+02), Variance: 9.90564e-01 (1.90361e+00), Accept ratio: 0.47303, 
INFO:root:Epoch  1739, Energy: -1.08947e+02 (-1.08901e+02), Variance: 1.00861e+00 (2.17301e+00), Accept ratio: 0.47430, 
INFO:root:Epoch  1740, Energy: -1.08933e+02 (-1.08906e+02), Variance: 1.12446e+00 (1.62312e+00), Accept ratio: 0.47339, 
INFO:root:Epoch  1741, Energy: -1.08907e+02 (-1.08886e+02), Variance: 1.15560e+00 (1.62518e+00), Accept ratio: 0.46094, 
INFO:root:Epoch  1742, Energy: -1.08958e+02 (-1.08965e+02), Variance: 9.59358e-01 (1.20038e+00), Accept ratio: 0.46881, 
INFO:root:Epoch  1743, Energy: -1.08975e+02 (-1.08998e+02), Variance: 1.16090e+00 (2.17156e+00), Accept ratio: 0.47682, 
INFO:root:Epoch  1744, Energy: -1.08902e+02 (-1.08902e+02), Variance: 9.62028e-01 (1.06590e+00), Accept ratio: 0.47032, 
INFO:root:Epoch  1745, Energy: -1.08941e+02 (-1.08973e+02), Variance: 9.80642e-01 (2.21665e+00), Accept ratio: 0.47084, 
INFO:root:Epoch  1746, Energy: -1.08960e+02 (-1.08985e+02), Variance: 1.08002e+00 (2.33103e+00), Accept ratio: 0.47122, 
INFO:root:Epoch  1747, Energy: -1.08943e+02 (-1.08933e+02), Variance: 9.75122e-01 (1.89217e+00), Accept ratio: 0.46978, 
INFO:root:Epoch  1748, Energy: -1.08893e+02 (-1.08879e+02), Variance: 9.09738e-01 (1.78981e+00), Accept ratio: 0.47312, 
INFO:root:Epoch  1749, Energy: -1.08953e+02 (-1.08950e+02), Variance: 9.21883e-01 (1.16176e+00), Accept ratio: 0.47192, 
INFO:root:Epoch  1750, Energy: -1.08949e+02 (-1.08942e+02), Variance: 1.01914e+00 (1.32782e+00), Accept ratio: 0.47014, 
INFO:root:Epoch  1751, Energy: -1.08970e+02 (-1.09001e+02), Variance: 9.94828e-01 (2.10170e+00), Accept ratio: 0.46229, 
INFO:root:Epoch  1752, Energy: -1.08900e+02 (-1.08904e+02), Variance: 9.65457e-01 (1.17663e+00), Accept ratio: 0.46622, 
INFO:root:Epoch  1753, Energy: -1.08914e+02 (-1.08895e+02), Variance: 9.24487e-01 (1.33009e+00), Accept ratio: 0.47448, 
INFO:root:Epoch  1754, Energy: -1.08883e+02 (-1.08844e+02), Variance: 9.76232e-01 (2.29971e+00), Accept ratio: 0.46949, 
INFO:root:Epoch  1755, Energy: -1.08915e+02 (-1.08910e+02), Variance: 9.09804e-01 (1.07081e+00), Accept ratio: 0.47363, 
INFO:root:Epoch  1756, Energy: -1.08916e+02 (-1.08921e+02), Variance: 9.31063e-01 (1.12159e+00), Accept ratio: 0.47010, 
INFO:root:Epoch  1757, Energy: -1.08919e+02 (-1.08910e+02), Variance: 9.57340e-01 (1.55098e+00), Accept ratio: 0.47452, 
INFO:root:Epoch  1758, Energy: -1.08984e+02 (-1.08981e+02), Variance: 9.26815e-01 (1.34410e+00), Accept ratio: 0.47309, 
INFO:root:Epoch  1759, Energy: -1.08985e+02 (-1.08992e+02), Variance: 9.56125e-01 (1.13640e+00), Accept ratio: 0.46705, 
INFO:root:Epoch  1760, Energy: -1.08945e+02 (-1.08922e+02), Variance: 1.06566e+00 (1.82439e+00), Accept ratio: 0.46811, 
INFO:root:Epoch  1761, Energy: -1.08940e+02 (-1.08931e+02), Variance: 1.05217e+00 (2.26818e+00), Accept ratio: 0.46792, 
INFO:root:Epoch  1762, Energy: -1.08911e+02 (-1.08914e+02), Variance: 9.46701e-01 (1.41206e+00), Accept ratio: 0.47598, 
INFO:root:Epoch  1763, Energy: -1.08924e+02 (-1.08918e+02), Variance: 8.06613e-01 (9.23410e-01), Accept ratio: 0.47124, 
INFO:root:Epoch  1764, Energy: -1.08914e+02 (-1.08906e+02), Variance: 9.09923e-01 (1.19558e+00), Accept ratio: 0.46285, 
INFO:root:Epoch  1765, Energy: -1.08913e+02 (-1.08916e+02), Variance: 9.24820e-01 (1.68314e+00), Accept ratio: 0.47215, 
INFO:root:Epoch  1766, Energy: -1.08901e+02 (-1.08921e+02), Variance: 9.53754e-01 (1.29647e+00), Accept ratio: 0.47123, 
INFO:root:Epoch  1767, Energy: -1.08932e+02 (-1.08917e+02), Variance: 8.48605e-01 (1.23111e+00), Accept ratio: 0.46394, 
INFO:root:Epoch  1768, Energy: -1.08927e+02 (-1.08908e+02), Variance: 1.01390e+00 (1.23631e+00), Accept ratio: 0.46925, 
INFO:root:Epoch  1769, Energy: -1.08963e+02 (-1.08978e+02), Variance: 9.83595e-01 (1.41020e+00), Accept ratio: 0.47151, 
INFO:root:Epoch  1770, Energy: -1.08980e+02 (-1.08971e+02), Variance: 9.07429e-01 (1.08878e+00), Accept ratio: 0.47298, 
INFO:root:Epoch  1771, Energy: -1.08924e+02 (-1.08916e+02), Variance: 9.33981e-01 (1.13367e+00), Accept ratio: 0.46730, 
INFO:root:Epoch  1772, Energy: -1.08925e+02 (-1.08939e+02), Variance: 1.01921e+00 (1.55115e+00), Accept ratio: 0.46620, 
INFO:root:Epoch  1773, Energy: -1.08921e+02 (-1.08842e+02), Variance: 9.80015e-01 (4.65470e+00), Accept ratio: 0.46987, 
INFO:root:Epoch  1774, Energy: -1.08889e+02 (-1.08854e+02), Variance: 1.03858e+00 (2.33941e+00), Accept ratio: 0.47005, 
INFO:root:Epoch  1775, Energy: -1.08918e+02 (-1.08892e+02), Variance: 9.59885e-01 (1.52506e+00), Accept ratio: 0.48198, 
INFO:root:Epoch  1776, Energy: -1.08919e+02 (-1.08940e+02), Variance: 9.92557e-01 (2.05009e+00), Accept ratio: 0.47118, 
INFO:root:Epoch  1777, Energy: -1.08925e+02 (-1.08921e+02), Variance: 8.77708e-01 (9.73491e-01), Accept ratio: 0.46670, 
INFO:root:Epoch  1778, Energy: -1.08899e+02 (-1.08861e+02), Variance: 1.07542e+00 (1.87139e+00), Accept ratio: 0.47563, 
INFO:root:Epoch  1779, Energy: -1.08933e+02 (-1.08932e+02), Variance: 9.21344e-01 (1.29991e+00), Accept ratio: 0.47474, 
INFO:root:Epoch  1780, Energy: -1.09012e+02 (-1.09042e+02), Variance: 9.20192e-01 (1.32542e+00), Accept ratio: 0.47417, 
INFO:root:Epoch  1781, Energy: -1.08967e+02 (-1.08962e+02), Variance: 8.96458e-01 (1.09421e+00), Accept ratio: 0.46662, 
INFO:root:Epoch  1782, Energy: -1.08981e+02 (-1.08992e+02), Variance: 9.86900e-01 (1.29153e+00), Accept ratio: 0.46379, 
INFO:root:Epoch  1783, Energy: -1.08975e+02 (-1.08975e+02), Variance: 9.46736e-01 (1.35486e+00), Accept ratio: 0.46621, 
INFO:root:Epoch  1784, Energy: -1.08916e+02 (-1.08905e+02), Variance: 9.80377e-01 (1.31170e+00), Accept ratio: 0.47163, 
INFO:root:Epoch  1785, Energy: -1.08926e+02 (-1.08895e+02), Variance: 9.64591e-01 (2.88690e+00), Accept ratio: 0.47284, 
INFO:root:Epoch  1786, Energy: -1.08988e+02 (-1.08984e+02), Variance: 1.01998e+00 (1.17361e+00), Accept ratio: 0.47066, 
INFO:root:Epoch  1787, Energy: -1.08970e+02 (-1.08998e+02), Variance: 1.00460e+00 (2.09826e+00), Accept ratio: 0.46692, 
INFO:root:Epoch  1788, Energy: -1.08917e+02 (-1.08894e+02), Variance: 8.89106e-01 (1.32300e+00), Accept ratio: 0.47127, 
INFO:root:Epoch  1789, Energy: -1.08924e+02 (-1.08912e+02), Variance: 9.39349e-01 (1.21255e+00), Accept ratio: 0.47194, 
INFO:root:Epoch  1790, Energy: -1.08931e+02 (-1.08915e+02), Variance: 8.93835e-01 (1.11855e+00), Accept ratio: 0.46853, 
INFO:root:Epoch  1791, Energy: -1.08911e+02 (-1.08901e+02), Variance: 1.05545e+00 (1.46543e+00), Accept ratio: 0.46938, 
INFO:root:Epoch  1792, Energy: -1.08915e+02 (-1.08904e+02), Variance: 1.10855e+00 (2.25628e+00), Accept ratio: 0.47024, 
INFO:root:Epoch  1793, Energy: -1.08926e+02 (-1.08927e+02), Variance: 1.00557e+00 (1.13558e+00), Accept ratio: 0.46922, 
INFO:root:Epoch  1794, Energy: -1.08920e+02 (-1.08920e+02), Variance: 9.28677e-01 (9.53644e-01), Accept ratio: 0.47439, 
INFO:root:Epoch  1795, Energy: -1.08915e+02 (-1.08896e+02), Variance: 9.72759e-01 (1.70415e+00), Accept ratio: 0.47198, 
INFO:root:Epoch  1796, Energy: -1.08910e+02 (-1.08910e+02), Variance: 9.62193e-01 (1.18995e+00), Accept ratio: 0.47121, 
INFO:root:Epoch  1797, Energy: -1.08975e+02 (-1.08984e+02), Variance: 9.36561e-01 (1.29242e+00), Accept ratio: 0.46838, 
INFO:root:Epoch  1798, Energy: -1.08979e+02 (-1.08978e+02), Variance: 9.32741e-01 (1.02348e+00), Accept ratio: 0.46580, 
INFO:root:Epoch  1799, Energy: -1.08953e+02 (-1.08951e+02), Variance: 8.50622e-01 (9.72242e-01), Accept ratio: 0.47334, 
INFO:root:Epoch  1800, Energy: -1.08899e+02 (-1.08905e+02), Variance: 8.95366e-01 (1.22556e+00), Accept ratio: 0.47582, , best weights saved
INFO:root:Epoch  1801, Energy: -1.08891e+02 (-1.08872e+02), Variance: 9.56456e-01 (2.12509e+00), Accept ratio: 0.46896, 
INFO:root:Epoch  1802, Energy: -1.08963e+02 (-1.08966e+02), Variance: 9.92058e-01 (1.17341e+00), Accept ratio: 0.47591, 
INFO:root:Epoch  1803, Energy: -1.08964e+02 (-1.08971e+02), Variance: 9.32258e-01 (1.08080e+00), Accept ratio: 0.46912, 
INFO:root:Epoch  1804, Energy: -1.08884e+02 (-1.08888e+02), Variance: 9.13258e-01 (1.48727e+00), Accept ratio: 0.46975, 
INFO:root:Epoch  1805, Energy: -1.08893e+02 (-1.08902e+02), Variance: 8.51273e-01 (9.81686e-01), Accept ratio: 0.46099, 
INFO:root:Epoch  1806, Energy: -1.08921e+02 (-1.08928e+02), Variance: 9.99078e-01 (1.61511e+00), Accept ratio: 0.46244, 
INFO:root:Epoch  1807, Energy: -1.08926e+02 (-1.08925e+02), Variance: 8.75190e-01 (1.01181e+00), Accept ratio: 0.47248, 
INFO:root:Epoch  1808, Energy: -1.08898e+02 (-1.08882e+02), Variance: 8.51421e-01 (1.09360e+00), Accept ratio: 0.47012, 
INFO:root:Epoch  1809, Energy: -1.08896e+02 (-1.08850e+02), Variance: 1.09530e+00 (3.52118e+00), Accept ratio: 0.46900, 
INFO:root:Epoch  1810, Energy: -1.08943e+02 (-1.08971e+02), Variance: 1.09398e+00 (3.25760e+00), Accept ratio: 0.47405, 
INFO:root:Epoch  1811, Energy: -1.08931e+02 (-1.08904e+02), Variance: 8.85781e-01 (1.96373e+00), Accept ratio: 0.46852, 
INFO:root:Epoch  1812, Energy: -1.08920e+02 (-1.08916e+02), Variance: 9.28117e-01 (1.06297e+00), Accept ratio: 0.47105, 
INFO:root:Epoch  1813, Energy: -1.08939e+02 (-1.08942e+02), Variance: 9.02197e-01 (1.22828e+00), Accept ratio: 0.47419, 
INFO:root:Epoch  1814, Energy: -1.08964e+02 (-1.08962e+02), Variance: 7.42253e-01 (1.03132e+00), Accept ratio: 0.46594, 
INFO:root:Epoch  1815, Energy: -1.08940e+02 (-1.08929e+02), Variance: 9.38360e-01 (1.27122e+00), Accept ratio: 0.47742, 
INFO:root:Epoch  1816, Energy: -1.08906e+02 (-1.08900e+02), Variance: 9.51057e-01 (1.42583e+00), Accept ratio: 0.46961, 
INFO:root:Epoch  1817, Energy: -1.08908e+02 (-1.08954e+02), Variance: 9.76387e-01 (4.51510e+00), Accept ratio: 0.46811, 
INFO:root:Epoch  1818, Energy: -1.08931e+02 (-1.08900e+02), Variance: 9.54441e-01 (1.63689e+00), Accept ratio: 0.46811, 
INFO:root:Epoch  1819, Energy: -1.08912e+02 (-1.08915e+02), Variance: 9.71916e-01 (1.19472e+00), Accept ratio: 0.46845, 
INFO:root:Epoch  1820, Energy: -1.08941e+02 (-1.08943e+02), Variance: 1.03460e+00 (1.61467e+00), Accept ratio: 0.46589, 
INFO:root:Epoch  1821, Energy: -1.08981e+02 (-1.09007e+02), Variance: 9.34948e-01 (1.59172e+00), Accept ratio: 0.46586, 
INFO:root:Epoch  1822, Energy: -1.08975e+02 (-1.08979e+02), Variance: 8.88302e-01 (1.08033e+00), Accept ratio: 0.46852, 
INFO:root:Epoch  1823, Energy: -1.09000e+02 (-1.08997e+02), Variance: 9.61352e-01 (1.17106e+00), Accept ratio: 0.47385, 
INFO:root:Epoch  1824, Energy: -1.08948e+02 (-1.08944e+02), Variance: 9.23404e-01 (1.05483e+00), Accept ratio: 0.46789, 
INFO:root:Epoch  1825, Energy: -1.08970e+02 (-1.08988e+02), Variance: 9.34810e-01 (1.29133e+00), Accept ratio: 0.46571, 
INFO:root:Epoch  1826, Energy: -1.08979e+02 (-1.08968e+02), Variance: 1.01062e+00 (1.95596e+00), Accept ratio: 0.47539, 
INFO:root:Epoch  1827, Energy: -1.08923e+02 (-1.08916e+02), Variance: 9.56304e-01 (1.14757e+00), Accept ratio: 0.47187, 
INFO:root:Epoch  1828, Energy: -1.08972e+02 (-1.08971e+02), Variance: 9.65250e-01 (1.30605e+00), Accept ratio: 0.46958, 
INFO:root:Epoch  1829, Energy: -1.08919e+02 (-1.08918e+02), Variance: 7.18817e-01 (7.74025e-01), Accept ratio: 0.47072, 
INFO:root:Epoch  1830, Energy: -1.08947e+02 (-1.08943e+02), Variance: 8.21532e-01 (9.17044e-01), Accept ratio: 0.47279, 
INFO:root:Epoch  1831, Energy: -1.08951e+02 (-1.08951e+02), Variance: 7.56405e-01 (7.96638e-01), Accept ratio: 0.46796, 
INFO:root:Epoch  1832, Energy: -1.08970e+02 (-1.08989e+02), Variance: 8.96280e-01 (1.20462e+00), Accept ratio: 0.46844, 
INFO:root:Epoch  1833, Energy: -1.08937e+02 (-1.08913e+02), Variance: 9.35219e-01 (1.51024e+00), Accept ratio: 0.46359, 
INFO:root:Epoch  1834, Energy: -1.08926e+02 (-1.08917e+02), Variance: 9.58386e-01 (1.73010e+00), Accept ratio: 0.47198, 
INFO:root:Epoch  1835, Energy: -1.08954e+02 (-1.08951e+02), Variance: 8.72277e-01 (9.84444e-01), Accept ratio: 0.47732, 
INFO:root:Epoch  1836, Energy: -1.08927e+02 (-1.08923e+02), Variance: 1.00800e+00 (1.62719e+00), Accept ratio: 0.47306, 
INFO:root:Epoch  1837, Energy: -1.08969e+02 (-1.08981e+02), Variance: 9.07257e-01 (1.19042e+00), Accept ratio: 0.47672, 
INFO:root:Epoch  1838, Energy: -1.08942e+02 (-1.08945e+02), Variance: 1.02584e+00 (1.42846e+00), Accept ratio: 0.46814, 
INFO:root:Epoch  1839, Energy: -1.08951e+02 (-1.08932e+02), Variance: 8.82297e-01 (1.39975e+00), Accept ratio: 0.46984, 
INFO:root:Epoch  1840, Energy: -1.08923e+02 (-1.08920e+02), Variance: 8.74744e-01 (1.08374e+00), Accept ratio: 0.47785, 
INFO:root:Epoch  1841, Energy: -1.08920e+02 (-1.08901e+02), Variance: 8.08415e-01 (1.08761e+00), Accept ratio: 0.46891, 
INFO:root:Epoch  1842, Energy: -1.08918e+02 (-1.08923e+02), Variance: 8.05416e-01 (1.10299e+00), Accept ratio: 0.46309, 
INFO:root:Epoch  1843, Energy: -1.08951e+02 (-1.08944e+02), Variance: 9.95595e-01 (1.09623e+00), Accept ratio: 0.47493, 
INFO:root:Epoch  1844, Energy: -1.08969e+02 (-1.08963e+02), Variance: 8.61493e-01 (1.16844e+00), Accept ratio: 0.47406, 
INFO:root:Epoch  1845, Energy: -1.08959e+02 (-1.08910e+02), Variance: 9.80269e-01 (3.90574e+00), Accept ratio: 0.47023, 
INFO:root:Epoch  1846, Energy: -1.08960e+02 (-1.08965e+02), Variance: 1.03847e+00 (1.29892e+00), Accept ratio: 0.46811, 
INFO:root:Epoch  1847, Energy: -1.08945e+02 (-1.08937e+02), Variance: 1.01791e+00 (1.16804e+00), Accept ratio: 0.47478, 
INFO:root:Epoch  1848, Energy: -1.08933e+02 (-1.08928e+02), Variance: 9.66545e-01 (1.16972e+00), Accept ratio: 0.47038, 
INFO:root:Epoch  1849, Energy: -1.08892e+02 (-1.08884e+02), Variance: 9.09755e-01 (1.32169e+00), Accept ratio: 0.46571, 
INFO:root:Epoch  1850, Energy: -1.08939e+02 (-1.08953e+02), Variance: 1.08924e+00 (1.62352e+00), Accept ratio: 0.47004, 
INFO:root:Epoch  1851, Energy: -1.08924e+02 (-1.08926e+02), Variance: 9.59032e-01 (1.34138e+00), Accept ratio: 0.47015, 
INFO:root:Epoch  1852, Energy: -1.08922e+02 (-1.08922e+02), Variance: 9.07334e-01 (1.02639e+00), Accept ratio: 0.46950, 
INFO:root:Epoch  1853, Energy: -1.08880e+02 (-1.08869e+02), Variance: 9.28000e-01 (1.31968e+00), Accept ratio: 0.46911, 
INFO:root:Epoch  1854, Energy: -1.08941e+02 (-1.08933e+02), Variance: 1.01794e+00 (1.49539e+00), Accept ratio: 0.46432, 
INFO:root:Epoch  1855, Energy: -1.08897e+02 (-1.08905e+02), Variance: 9.84306e-01 (1.15730e+00), Accept ratio: 0.47378, 
INFO:root:Epoch  1856, Energy: -1.08928e+02 (-1.08937e+02), Variance: 9.67976e-01 (1.48677e+00), Accept ratio: 0.46630, 
INFO:root:Epoch  1857, Energy: -1.08923e+02 (-1.08927e+02), Variance: 8.37574e-01 (1.18160e+00), Accept ratio: 0.47560, 
INFO:root:Epoch  1858, Energy: -1.08948e+02 (-1.08895e+02), Variance: 1.03558e+00 (6.57923e+00), Accept ratio: 0.46911, 
INFO:root:Epoch  1859, Energy: -1.08932e+02 (-1.08933e+02), Variance: 1.01922e+00 (1.85344e+00), Accept ratio: 0.47296, 
INFO:root:Epoch  1860, Energy: -1.08927e+02 (-1.08919e+02), Variance: 9.60749e-01 (1.26568e+00), Accept ratio: 0.47465, 
INFO:root:Epoch  1861, Energy: -1.08937e+02 (-1.08924e+02), Variance: 8.44414e-01 (1.12044e+00), Accept ratio: 0.46599, 
INFO:root:Epoch  1862, Energy: -1.08912e+02 (-1.08884e+02), Variance: 8.97396e-01 (1.42959e+00), Accept ratio: 0.46792, 
INFO:root:Epoch  1863, Energy: -1.08920e+02 (-1.08912e+02), Variance: 8.89216e-01 (1.14100e+00), Accept ratio: 0.48434, 
INFO:root:Epoch  1864, Energy: -1.08912e+02 (-1.08896e+02), Variance: 8.04489e-01 (1.09469e+00), Accept ratio: 0.46807, 
INFO:root:Epoch  1865, Energy: -1.08935e+02 (-1.08932e+02), Variance: 7.68531e-01 (8.46088e-01), Accept ratio: 0.47572, 
INFO:root:Epoch  1866, Energy: -1.08971e+02 (-1.08973e+02), Variance: 9.05241e-01 (1.75778e+00), Accept ratio: 0.47044, 
INFO:root:Epoch  1867, Energy: -1.08963e+02 (-1.08977e+02), Variance: 9.53580e-01 (2.66711e+00), Accept ratio: 0.46768, 
INFO:root:Epoch  1868, Energy: -1.08926e+02 (-1.08898e+02), Variance: 9.56787e-01 (2.16573e+00), Accept ratio: 0.47298, 
INFO:root:Epoch  1869, Energy: -1.08977e+02 (-1.08978e+02), Variance: 9.98868e-01 (2.02654e+00), Accept ratio: 0.46925, 
INFO:root:Epoch  1870, Energy: -1.08909e+02 (-1.08923e+02), Variance: 8.30987e-01 (1.08249e+00), Accept ratio: 0.46603, 
INFO:root:Epoch  1871, Energy: -1.08953e+02 (-1.08941e+02), Variance: 9.37585e-01 (1.17132e+00), Accept ratio: 0.47719, 
INFO:root:Epoch  1872, Energy: -1.08968e+02 (-1.08976e+02), Variance: 8.22873e-01 (9.02105e-01), Accept ratio: 0.46416, 
INFO:root:Epoch  1873, Energy: -1.08936e+02 (-1.08969e+02), Variance: 9.49376e-01 (3.58310e+00), Accept ratio: 0.47033, 
INFO:root:Epoch  1874, Energy: -1.08955e+02 (-1.08939e+02), Variance: 8.43197e-01 (1.08563e+00), Accept ratio: 0.47223, 
INFO:root:Epoch  1875, Energy: -1.08942e+02 (-1.08939e+02), Variance: 8.59421e-01 (1.01080e+00), Accept ratio: 0.47095, 
INFO:root:Epoch  1876, Energy: -1.08995e+02 (-1.08998e+02), Variance: 9.68363e-01 (1.14859e+00), Accept ratio: 0.47228, 
INFO:root:Epoch  1877, Energy: -1.08938e+02 (-1.08941e+02), Variance: 8.76948e-01 (1.04140e+00), Accept ratio: 0.46763, 
INFO:root:Epoch  1878, Energy: -1.08944e+02 (-1.08930e+02), Variance: 1.07912e+00 (1.94721e+00), Accept ratio: 0.46881, 
INFO:root:Epoch  1879, Energy: -1.08938e+02 (-1.08936e+02), Variance: 8.63101e-01 (1.16243e+00), Accept ratio: 0.47384, 
INFO:root:Epoch  1880, Energy: -1.08928e+02 (-1.08927e+02), Variance: 1.08784e+00 (1.33708e+00), Accept ratio: 0.46122, 
INFO:root:Epoch  1881, Energy: -1.08990e+02 (-1.08998e+02), Variance: 9.71572e-01 (1.14230e+00), Accept ratio: 0.46922, 
INFO:root:Epoch  1882, Energy: -1.08946e+02 (-1.08976e+02), Variance: 9.75391e-01 (1.62734e+00), Accept ratio: 0.47073, 
INFO:root:Epoch  1883, Energy: -1.08956e+02 (-1.08967e+02), Variance: 9.04411e-01 (1.12252e+00), Accept ratio: 0.46813, 
INFO:root:Epoch  1884, Energy: -1.08939e+02 (-1.08934e+02), Variance: 8.89454e-01 (1.31715e+00), Accept ratio: 0.46836, 
INFO:root:Epoch  1885, Energy: -1.08925e+02 (-1.08924e+02), Variance: 9.89565e-01 (1.33692e+00), Accept ratio: 0.47236, 
INFO:root:Epoch  1886, Energy: -1.08935e+02 (-1.08949e+02), Variance: 9.17373e-01 (1.18697e+00), Accept ratio: 0.47320, 
INFO:root:Epoch  1887, Energy: -1.08931e+02 (-1.08923e+02), Variance: 9.02770e-01 (1.07713e+00), Accept ratio: 0.46965, 
INFO:root:Epoch  1888, Energy: -1.09002e+02 (-1.08950e+02), Variance: 1.08596e+00 (3.14129e+00), Accept ratio: 0.47299, 
INFO:root:Epoch  1889, Energy: -1.08960e+02 (-1.08949e+02), Variance: 8.95758e-01 (1.47475e+00), Accept ratio: 0.47026, 
INFO:root:Epoch  1890, Energy: -1.08996e+02 (-1.08976e+02), Variance: 9.73208e-01 (2.14069e+00), Accept ratio: 0.46781, 
INFO:root:Epoch  1891, Energy: -1.08977e+02 (-1.08970e+02), Variance: 1.04048e+00 (1.59893e+00), Accept ratio: 0.47280, 
INFO:root:Epoch  1892, Energy: -1.08992e+02 (-1.09045e+02), Variance: 9.95988e-01 (5.00475e+00), Accept ratio: 0.47306, 
INFO:root:Epoch  1893, Energy: -1.08952e+02 (-1.08713e+02), Variance: 1.14285e+00 (5.19858e+01), Accept ratio: 0.47226, 
INFO:root:Epoch  1894, Energy: -1.08948e+02 (-1.08938e+02), Variance: 9.96149e-01 (1.54561e+00), Accept ratio: 0.47218, 
INFO:root:Epoch  1895, Energy: -1.08945e+02 (-1.08933e+02), Variance: 8.90881e-01 (1.23600e+00), Accept ratio: 0.46964, 
INFO:root:Epoch  1896, Energy: -1.08963e+02 (-1.08972e+02), Variance: 8.89703e-01 (1.44385e+00), Accept ratio: 0.47361, 
INFO:root:Epoch  1897, Energy: -1.08958e+02 (-1.08930e+02), Variance: 8.83164e-01 (2.09285e+00), Accept ratio: 0.46425, 
INFO:root:Epoch  1898, Energy: -1.08958e+02 (-1.08960e+02), Variance: 1.01989e+00 (1.35280e+00), Accept ratio: 0.47018, 
INFO:root:Epoch  1899, Energy: -1.08958e+02 (-1.08969e+02), Variance: 1.07557e+00 (1.50537e+00), Accept ratio: 0.47415, 
INFO:root:Epoch  1900, Energy: -1.08947e+02 (-1.08932e+02), Variance: 9.11677e-01 (1.13380e+00), Accept ratio: 0.47420, , best weights saved
INFO:root:Epoch  1901, Energy: -1.08944e+02 (-1.08934e+02), Variance: 9.37982e-01 (1.15225e+00), Accept ratio: 0.46458, 
INFO:root:Epoch  1902, Energy: -1.08922e+02 (-1.08905e+02), Variance: 9.28052e-01 (1.18975e+00), Accept ratio: 0.46812, 
INFO:root:Epoch  1903, Energy: -1.08935e+02 (-1.08932e+02), Variance: 9.09409e-01 (1.04317e+00), Accept ratio: 0.47243, 
INFO:root:Epoch  1904, Energy: -1.08966e+02 (-1.08963e+02), Variance: 9.76805e-01 (1.31429e+00), Accept ratio: 0.47266, 
INFO:root:Epoch  1905, Energy: -1.08956e+02 (-1.08943e+02), Variance: 8.99370e-01 (1.06808e+00), Accept ratio: 0.47276, 
INFO:root:Epoch  1906, Energy: -1.08900e+02 (-1.08876e+02), Variance: 9.36668e-01 (1.37097e+00), Accept ratio: 0.47516, 
INFO:root:Epoch  1907, Energy: -1.08959e+02 (-1.08960e+02), Variance: 9.40549e-01 (1.18050e+00), Accept ratio: 0.47581, 
INFO:root:Epoch  1908, Energy: -1.08916e+02 (-1.08922e+02), Variance: 8.15189e-01 (1.00201e+00), Accept ratio: 0.47114, 
INFO:root:Epoch  1909, Energy: -1.08912e+02 (-1.08893e+02), Variance: 8.16712e-01 (1.09670e+00), Accept ratio: 0.46781, 
INFO:root:Epoch  1910, Energy: -1.08903e+02 (-1.08889e+02), Variance: 9.67570e-01 (1.11558e+00), Accept ratio: 0.47477, 
INFO:root:Epoch  1911, Energy: -1.08918e+02 (-1.08914e+02), Variance: 9.08350e-01 (1.19196e+00), Accept ratio: 0.47143, 
INFO:root:Epoch  1912, Energy: -1.08955e+02 (-1.08939e+02), Variance: 9.24267e-01 (1.78827e+00), Accept ratio: 0.46793, 
INFO:root:Epoch  1913, Energy: -1.08977e+02 (-1.08968e+02), Variance: 1.01680e+00 (1.14526e+00), Accept ratio: 0.47098, 
INFO:root:Epoch  1914, Energy: -1.08991e+02 (-1.08985e+02), Variance: 9.13669e-01 (1.02812e+00), Accept ratio: 0.46450, 
INFO:root:Epoch  1915, Energy: -1.09015e+02 (-1.09015e+02), Variance: 8.46165e-01 (9.65916e-01), Accept ratio: 0.46958, 
INFO:root:Epoch  1916, Energy: -1.08951e+02 (-1.08930e+02), Variance: 8.64618e-01 (1.21690e+00), Accept ratio: 0.46672, 
INFO:root:Epoch  1917, Energy: -1.08950e+02 (-1.09000e+02), Variance: 8.62500e-01 (4.83185e+00), Accept ratio: 0.46407, 
INFO:root:Epoch  1918, Energy: -1.08993e+02 (-1.09000e+02), Variance: 7.65804e-01 (9.31681e-01), Accept ratio: 0.46875, 
INFO:root:Epoch  1919, Energy: -1.08985e+02 (-1.08982e+02), Variance: 8.14298e-01 (9.47051e-01), Accept ratio: 0.46496, 
INFO:root:Epoch  1920, Energy: -1.09015e+02 (-1.09005e+02), Variance: 8.21333e-01 (9.87053e-01), Accept ratio: 0.47331, 
INFO:root:Epoch  1921, Energy: -1.08949e+02 (-1.08927e+02), Variance: 9.48649e-01 (1.40945e+00), Accept ratio: 0.47120, 
INFO:root:Epoch  1922, Energy: -1.08973e+02 (-1.08964e+02), Variance: 9.92038e-01 (1.34443e+00), Accept ratio: 0.47726, 
INFO:root:Epoch  1923, Energy: -1.08933e+02 (-1.08940e+02), Variance: 9.38422e-01 (1.50063e+00), Accept ratio: 0.47395, 
INFO:root:Epoch  1924, Energy: -1.08933e+02 (-1.08932e+02), Variance: 7.58397e-01 (8.36731e-01), Accept ratio: 0.46858, 
INFO:root:Epoch  1925, Energy: -1.08952e+02 (-1.08905e+02), Variance: 7.97709e-01 (2.42972e+00), Accept ratio: 0.46806, 
INFO:root:Epoch  1926, Energy: -1.08928e+02 (-1.08897e+02), Variance: 8.07899e-01 (1.25705e+00), Accept ratio: 0.47439, 
INFO:root:Epoch  1927, Energy: -1.08934e+02 (-1.08950e+02), Variance: 7.86641e-01 (1.87535e+00), Accept ratio: 0.47260, 
INFO:root:Epoch  1928, Energy: -1.08928e+02 (-1.08924e+02), Variance: 9.23581e-01 (1.15538e+00), Accept ratio: 0.47096, 
INFO:root:Epoch  1929, Energy: -1.08905e+02 (-1.08890e+02), Variance: 8.63210e-01 (1.19838e+00), Accept ratio: 0.47312, 
INFO:root:Epoch  1930, Energy: -1.08956e+02 (-1.08956e+02), Variance: 8.05727e-01 (1.11750e+00), Accept ratio: 0.46453, 
INFO:root:Epoch  1931, Energy: -1.08941e+02 (-1.08937e+02), Variance: 8.07876e-01 (1.30976e+00), Accept ratio: 0.47466, 
INFO:root:Epoch  1932, Energy: -1.08952e+02 (-1.08957e+02), Variance: 8.32046e-01 (9.96406e-01), Accept ratio: 0.47115, 
INFO:root:Epoch  1933, Energy: -1.08953e+02 (-1.08926e+02), Variance: 8.18387e-01 (1.38957e+00), Accept ratio: 0.47131, 
INFO:root:Epoch  1934, Energy: -1.08937e+02 (-1.08927e+02), Variance: 7.47898e-01 (9.07083e-01), Accept ratio: 0.47589, 
INFO:root:Epoch  1935, Energy: -1.08944e+02 (-1.08940e+02), Variance: 7.55790e-01 (8.12167e-01), Accept ratio: 0.47147, 
INFO:root:Epoch  1936, Energy: -1.08970e+02 (-1.08965e+02), Variance: 7.84210e-01 (9.69878e-01), Accept ratio: 0.47889, 
INFO:root:Epoch  1937, Energy: -1.08950e+02 (-1.08935e+02), Variance: 9.28150e-01 (2.61872e+00), Accept ratio: 0.46911, 
INFO:root:Epoch  1938, Energy: -1.08903e+02 (-1.08878e+02), Variance: 8.45697e-01 (1.21646e+00), Accept ratio: 0.47444, 
INFO:root:Epoch  1939, Energy: -1.08896e+02 (-1.08889e+02), Variance: 8.16182e-01 (1.62100e+00), Accept ratio: 0.47425, 
INFO:root:Epoch  1940, Energy: -1.08922e+02 (-1.08900e+02), Variance: 8.93173e-01 (1.32235e+00), Accept ratio: 0.47428, 
INFO:root:Epoch  1941, Energy: -1.08949e+02 (-1.08940e+02), Variance: 8.84184e-01 (1.18213e+00), Accept ratio: 0.46515, 
INFO:root:Epoch  1942, Energy: -1.08989e+02 (-1.08975e+02), Variance: 8.10851e-01 (1.25607e+00), Accept ratio: 0.47579, 
INFO:root:Epoch  1943, Energy: -1.09000e+02 (-1.08989e+02), Variance: 9.12636e-01 (1.61855e+00), Accept ratio: 0.46872, 
INFO:root:Epoch  1944, Energy: -1.08971e+02 (-1.08972e+02), Variance: 8.59071e-01 (1.12472e+00), Accept ratio: 0.46923, 
INFO:root:Epoch  1945, Energy: -1.08906e+02 (-1.08911e+02), Variance: 9.09630e-01 (1.41362e+00), Accept ratio: 0.47161, 
INFO:root:Epoch  1946, Energy: -1.08899e+02 (-1.08916e+02), Variance: 9.10976e-01 (1.32161e+00), Accept ratio: 0.46952, 
INFO:root:Epoch  1947, Energy: -1.08936e+02 (-1.08939e+02), Variance: 7.68166e-01 (1.07187e+00), Accept ratio: 0.46601, 
INFO:root:Epoch  1948, Energy: -1.08961e+02 (-1.08951e+02), Variance: 8.32655e-01 (1.45867e+00), Accept ratio: 0.46935, 
INFO:root:Epoch  1949, Energy: -1.08895e+02 (-1.08894e+02), Variance: 8.94250e-01 (1.04992e+00), Accept ratio: 0.46856, 
INFO:root:Epoch  1950, Energy: -1.08890e+02 (-1.08873e+02), Variance: 8.81165e-01 (1.32321e+00), Accept ratio: 0.46398, 
INFO:root:Epoch  1951, Energy: -1.08902e+02 (-1.08898e+02), Variance: 9.46444e-01 (1.16041e+00), Accept ratio: 0.47026, 
INFO:root:Epoch  1952, Energy: -1.08914e+02 (-1.08913e+02), Variance: 8.83414e-01 (1.16922e+00), Accept ratio: 0.47057, 
INFO:root:Epoch  1953, Energy: -1.08926e+02 (-1.08959e+02), Variance: 9.18645e-01 (2.94594e+00), Accept ratio: 0.46930, 
INFO:root:Epoch  1954, Energy: -1.08922e+02 (-1.08908e+02), Variance: 8.36755e-01 (1.31211e+00), Accept ratio: 0.46917, 
INFO:root:Epoch  1955, Energy: -1.08867e+02 (-1.08867e+02), Variance: 9.86220e-01 (1.40959e+00), Accept ratio: 0.46581, 
INFO:root:Epoch  1956, Energy: -1.08882e+02 (-1.08824e+02), Variance: 9.47022e-01 (3.30722e+00), Accept ratio: 0.46980, 
INFO:root:Epoch  1957, Energy: -1.08918e+02 (-1.08904e+02), Variance: 9.74586e-01 (1.26631e+00), Accept ratio: 0.47204, 
INFO:root:Epoch  1958, Energy: -1.08910e+02 (-1.08916e+02), Variance: 7.52019e-01 (9.28474e-01), Accept ratio: 0.47254, 
INFO:root:Epoch  1959, Energy: -1.08932e+02 (-1.08919e+02), Variance: 9.26493e-01 (1.19225e+00), Accept ratio: 0.47099, 
INFO:root:Epoch  1960, Energy: -1.08959e+02 (-1.08965e+02), Variance: 1.00307e+00 (1.58136e+00), Accept ratio: 0.46364, 
INFO:root:Epoch  1961, Energy: -1.08888e+02 (-1.08874e+02), Variance: 8.85493e-01 (1.30929e+00), Accept ratio: 0.46987, 
INFO:root:Epoch  1962, Energy: -1.08938e+02 (-1.08861e+02), Variance: 9.22331e-01 (8.29146e+00), Accept ratio: 0.47435, 
INFO:root:Epoch  1963, Energy: -1.08926e+02 (-1.08895e+02), Variance: 7.45409e-01 (1.90885e+00), Accept ratio: 0.46510, 
INFO:root:Epoch  1964, Energy: -1.08933e+02 (-1.08916e+02), Variance: 7.53179e-01 (9.67445e-01), Accept ratio: 0.47218, 
INFO:root:Epoch  1965, Energy: -1.08989e+02 (-1.08985e+02), Variance: 8.77407e-01 (9.42445e-01), Accept ratio: 0.47386, 
INFO:root:Epoch  1966, Energy: -1.08957e+02 (-1.08955e+02), Variance: 8.31491e-01 (9.79994e-01), Accept ratio: 0.47232, 
INFO:root:Epoch  1967, Energy: -1.08943e+02 (-1.08939e+02), Variance: 8.57780e-01 (1.14763e+00), Accept ratio: 0.46049, 
INFO:root:Epoch  1968, Energy: -1.08956e+02 (-1.08942e+02), Variance: 8.14463e-01 (1.01046e+00), Accept ratio: 0.47206, 
INFO:root:Epoch  1969, Energy: -1.08933e+02 (-1.08796e+02), Variance: 9.49535e-01 (2.29365e+01), Accept ratio: 0.47429, 
INFO:root:Epoch  1970, Energy: -1.08921e+02 (-1.08897e+02), Variance: 9.28869e-01 (1.42956e+00), Accept ratio: 0.46376, 
INFO:root:Epoch  1971, Energy: -1.08941e+02 (-1.08940e+02), Variance: 9.19768e-01 (1.72902e+00), Accept ratio: 0.46623, 
INFO:root:Epoch  1972, Energy: -1.08907e+02 (-1.08882e+02), Variance: 9.37499e-01 (1.34100e+00), Accept ratio: 0.46996, 
INFO:root:Epoch  1973, Energy: -1.08945e+02 (-1.08938e+02), Variance: 8.70968e-01 (2.62658e+00), Accept ratio: 0.47392, 
INFO:root:Epoch  1974, Energy: -1.08901e+02 (-1.08895e+02), Variance: 8.26820e-01 (1.09606e+00), Accept ratio: 0.46807, 
INFO:root:Epoch  1975, Energy: -1.08928e+02 (-1.08915e+02), Variance: 8.92951e-01 (1.49936e+00), Accept ratio: 0.46901, 
INFO:root:Epoch  1976, Energy: -1.08921e+02 (-1.08907e+02), Variance: 7.73353e-01 (9.71621e-01), Accept ratio: 0.47115, 
INFO:root:Epoch  1977, Energy: -1.08972e+02 (-1.09500e+02), Variance: 1.11616e+00 (2.86569e+02), Accept ratio: 0.47006, 
INFO:root:Epoch  1978, Energy: -1.08915e+02 (-1.08908e+02), Variance: 8.53568e-01 (9.84908e-01), Accept ratio: 0.46325, 
INFO:root:Epoch  1979, Energy: -1.08884e+02 (-1.08875e+02), Variance: 8.68841e-01 (1.09242e+00), Accept ratio: 0.46863, 
INFO:root:Epoch  1980, Energy: -1.08895e+02 (-1.08886e+02), Variance: 9.44688e-01 (1.21542e+00), Accept ratio: 0.46507, 
INFO:root:Epoch  1981, Energy: -1.08935e+02 (-1.08928e+02), Variance: 7.67455e-01 (8.35673e-01), Accept ratio: 0.46257, 
INFO:root:Epoch  1982, Energy: -1.08954e+02 (-1.08937e+02), Variance: 8.77389e-01 (1.13314e+00), Accept ratio: 0.47096, 
INFO:root:Epoch  1983, Energy: -1.08969e+02 (-1.08955e+02), Variance: 8.91701e-01 (1.15766e+00), Accept ratio: 0.46871, 
INFO:root:Epoch  1984, Energy: -1.08880e+02 (-1.08859e+02), Variance: 9.32138e-01 (1.70709e+00), Accept ratio: 0.46725, 
INFO:root:Epoch  1985, Energy: -1.08934e+02 (-1.08913e+02), Variance: 8.69511e-01 (1.14671e+00), Accept ratio: 0.47503, 
INFO:root:Epoch  1986, Energy: -1.08925e+02 (-1.08931e+02), Variance: 9.32689e-01 (1.12970e+00), Accept ratio: 0.47475, 
INFO:root:Epoch  1987, Energy: -1.08934e+02 (-1.08943e+02), Variance: 7.48748e-01 (1.02409e+00), Accept ratio: 0.46699, 
INFO:root:Epoch  1988, Energy: -1.08921e+02 (-1.08892e+02), Variance: 8.69783e-01 (1.35549e+00), Accept ratio: 0.46748, 
INFO:root:Epoch  1989, Energy: -1.08933e+02 (-1.08934e+02), Variance: 7.73750e-01 (9.73548e-01), Accept ratio: 0.47059, 
INFO:root:Epoch  1990, Energy: -1.08956e+02 (-1.08945e+02), Variance: 8.20960e-01 (9.77326e-01), Accept ratio: 0.47725, 
INFO:root:Epoch  1991, Energy: -1.08962e+02 (-1.08963e+02), Variance: 8.59201e-01 (1.01688e+00), Accept ratio: 0.46445, 
INFO:root:Epoch  1992, Energy: -1.08962e+02 (-1.08951e+02), Variance: 9.30850e-01 (1.20324e+00), Accept ratio: 0.46692, 
INFO:root:Epoch  1993, Energy: -1.08935e+02 (-1.08919e+02), Variance: 8.87719e-01 (1.16704e+00), Accept ratio: 0.46748, 
INFO:root:Epoch  1994, Energy: -1.08985e+02 (-1.08999e+02), Variance: 8.38779e-01 (1.14984e+00), Accept ratio: 0.47238, 
INFO:root:Epoch  1995, Energy: -1.08940e+02 (-1.08931e+02), Variance: 9.14357e-01 (1.04737e+00), Accept ratio: 0.47398, 
INFO:root:Epoch  1996, Energy: -1.08954e+02 (-1.08951e+02), Variance: 8.32962e-01 (1.11861e+00), Accept ratio: 0.46947, 
INFO:root:Epoch  1997, Energy: -1.08938e+02 (-1.08934e+02), Variance: 8.87757e-01 (1.31400e+00), Accept ratio: 0.47038, 
INFO:root:Epoch  1998, Energy: -1.08913e+02 (-1.08884e+02), Variance: 1.00013e+00 (1.48164e+00), Accept ratio: 0.47283, 
INFO:root:Epoch  1999, Energy: -1.08950e+02 (-1.08949e+02), Variance: 9.12219e-01 (1.30707e+00), Accept ratio: 0.46961, 
INFO:root:Epoch  2000, Energy: -1.08941e+02 (-1.08982e+02), Variance: 9.50614e-01 (2.16388e+00), Accept ratio: 0.47104, , best weights saved
INFO:root:Epoch  2001, Energy: -1.08949e+02 (-1.08948e+02), Variance: 8.88123e-01 (9.54683e-01), Accept ratio: 0.46593, 
INFO:root:Epoch  2002, Energy: -1.08951e+02 (-1.08940e+02), Variance: 8.29334e-01 (1.12678e+00), Accept ratio: 0.47431, 
INFO:root:Epoch  2003, Energy: -1.08909e+02 (-1.08901e+02), Variance: 8.31208e-01 (1.00291e+00), Accept ratio: 0.47424, 
INFO:root:Epoch  2004, Energy: -1.08926e+02 (-1.08919e+02), Variance: 8.88328e-01 (1.16112e+00), Accept ratio: 0.47354, 
INFO:root:Epoch  2005, Energy: -1.08920e+02 (-1.08875e+02), Variance: 1.04695e+00 (2.18763e+00), Accept ratio: 0.46593, 
INFO:root:Epoch  2006, Energy: -1.08940e+02 (-1.08933e+02), Variance: 9.42971e-01 (1.01835e+00), Accept ratio: 0.47281, 
INFO:root:Epoch  2007, Energy: -1.08915e+02 (-1.08915e+02), Variance: 7.96903e-01 (9.00177e-01), Accept ratio: 0.47235, 
INFO:root:Epoch  2008, Energy: -1.08931e+02 (-1.08928e+02), Variance: 9.77296e-01 (1.80174e+00), Accept ratio: 0.46922, 
INFO:root:Epoch  2009, Energy: -1.08895e+02 (-1.08874e+02), Variance: 8.90596e-01 (1.67588e+00), Accept ratio: 0.46985, 
INFO:root:Epoch  2010, Energy: -1.08895e+02 (-1.08889e+02), Variance: 8.32175e-01 (1.11864e+00), Accept ratio: 0.47011, 
INFO:root:Epoch  2011, Energy: -1.08874e+02 (-1.08860e+02), Variance: 8.31501e-01 (1.05610e+00), Accept ratio: 0.47555, 
INFO:root:Epoch  2012, Energy: -1.08900e+02 (-1.08879e+02), Variance: 9.81515e-01 (1.21728e+00), Accept ratio: 0.47242, 
INFO:root:Epoch  2013, Energy: -1.08924e+02 (-1.08905e+02), Variance: 9.19906e-01 (1.18923e+00), Accept ratio: 0.46958, 
INFO:root:Epoch  2014, Energy: -1.08920e+02 (-1.08904e+02), Variance: 8.56435e-01 (1.21800e+00), Accept ratio: 0.46425, 
INFO:root:Epoch  2015, Energy: -1.08898e+02 (-1.08903e+02), Variance: 8.02554e-01 (1.22658e+00), Accept ratio: 0.47305, 
INFO:root:Epoch  2016, Energy: -1.08887e+02 (-1.08883e+02), Variance: 9.32429e-01 (1.07039e+00), Accept ratio: 0.47163, 
INFO:root:Epoch  2017, Energy: -1.08957e+02 (-1.08953e+02), Variance: 9.47923e-01 (1.05269e+00), Accept ratio: 0.47116, 
INFO:root:Epoch  2018, Energy: -1.08909e+02 (-1.08919e+02), Variance: 9.21256e-01 (1.16169e+00), Accept ratio: 0.46755, 
INFO:root:Epoch  2019, Energy: -1.08929e+02 (-1.08937e+02), Variance: 8.19896e-01 (1.11847e+00), Accept ratio: 0.47350, 
INFO:root:Epoch  2020, Energy: -1.08904e+02 (-1.08920e+02), Variance: 9.73852e-01 (1.16012e+00), Accept ratio: 0.47546, 
INFO:root:Epoch  2021, Energy: -1.08952e+02 (-1.08952e+02), Variance: 8.30889e-01 (9.66065e-01), Accept ratio: 0.47135, 
INFO:root:Epoch  2022, Energy: -1.08990e+02 (-1.09027e+02), Variance: 8.93141e-01 (3.04419e+00), Accept ratio: 0.47261, 
INFO:root:Epoch  2023, Energy: -1.08977e+02 (-1.08973e+02), Variance: 8.94724e-01 (1.12964e+00), Accept ratio: 0.47613, 
INFO:root:Epoch  2024, Energy: -1.09002e+02 (-1.09017e+02), Variance: 9.77070e-01 (1.34874e+00), Accept ratio: 0.46736, 
INFO:root:Epoch  2025, Energy: -1.08930e+02 (-1.08952e+02), Variance: 1.00530e+00 (2.16636e+00), Accept ratio: 0.46804, 
INFO:root:Epoch  2026, Energy: -1.08937e+02 (-1.08926e+02), Variance: 9.45641e-01 (1.15285e+00), Accept ratio: 0.46729, 
INFO:root:Epoch  2027, Energy: -1.08978e+02 (-1.09000e+02), Variance: 8.85431e-01 (1.28011e+00), Accept ratio: 0.46602, 
INFO:root:Epoch  2028, Energy: -1.08937e+02 (-1.08948e+02), Variance: 9.04104e-01 (1.90738e+00), Accept ratio: 0.47250, 
INFO:root:Epoch  2029, Energy: -1.08920e+02 (-1.08924e+02), Variance: 9.19906e-01 (1.62197e+00), Accept ratio: 0.46495, 
INFO:root:Epoch  2030, Energy: -1.08873e+02 (-1.08873e+02), Variance: 9.99291e-01 (1.20213e+00), Accept ratio: 0.47078, 
INFO:root:Epoch  2031, Energy: -1.08885e+02 (-1.08903e+02), Variance: 9.73875e-01 (1.53471e+00), Accept ratio: 0.47048, 
INFO:root:Epoch  2032, Energy: -1.08938e+02 (-1.08931e+02), Variance: 1.00550e+00 (1.22910e+00), Accept ratio: 0.46969, 
INFO:root:Epoch  2033, Energy: -1.08915e+02 (-1.08983e+02), Variance: 1.01532e+00 (8.12814e+00), Accept ratio: 0.46817, 
INFO:root:Epoch  2034, Energy: -1.08935e+02 (-1.08979e+02), Variance: 9.45075e-01 (5.02326e+00), Accept ratio: 0.46561, 
INFO:root:Epoch  2035, Energy: -1.08928e+02 (-1.08910e+02), Variance: 9.68377e-01 (1.76705e+00), Accept ratio: 0.47106, 
INFO:root:Epoch  2036, Energy: -1.08917e+02 (-1.08894e+02), Variance: 1.03101e+00 (1.80525e+00), Accept ratio: 0.47269, 
INFO:root:Epoch  2037, Energy: -1.08954e+02 (-1.08956e+02), Variance: 8.46126e-01 (9.38262e-01), Accept ratio: 0.47734, 
INFO:root:Epoch  2038, Energy: -1.08984e+02 (-1.08975e+02), Variance: 8.67710e-01 (1.06724e+00), Accept ratio: 0.46810, 
INFO:root:Epoch  2039, Energy: -1.08954e+02 (-1.08937e+02), Variance: 9.08975e-01 (1.44237e+00), Accept ratio: 0.46795, 
INFO:root:Epoch  2040, Energy: -1.08931e+02 (-1.08918e+02), Variance: 9.47961e-01 (1.34144e+00), Accept ratio: 0.47014, 
INFO:root:Epoch  2041, Energy: -1.08983e+02 (-1.09005e+02), Variance: 8.38276e-01 (1.20677e+00), Accept ratio: 0.47371, 
INFO:root:Epoch  2042, Energy: -1.08945e+02 (-1.08942e+02), Variance: 8.26324e-01 (8.51042e-01), Accept ratio: 0.47295, 
INFO:root:Epoch  2043, Energy: -1.08958e+02 (-1.08965e+02), Variance: 8.62164e-01 (1.37545e+00), Accept ratio: 0.47198, 
INFO:root:Epoch  2044, Energy: -1.08958e+02 (-1.08960e+02), Variance: 9.20694e-01 (1.22993e+00), Accept ratio: 0.46685, 
INFO:root:Epoch  2045, Energy: -1.08948e+02 (-1.08960e+02), Variance: 8.65076e-01 (1.83327e+00), Accept ratio: 0.46946, 
INFO:root:Epoch  2046, Energy: -1.08924e+02 (-1.08919e+02), Variance: 9.71204e-01 (1.19173e+00), Accept ratio: 0.46635, 
INFO:root:Epoch  2047, Energy: -1.08953e+02 (-1.08947e+02), Variance: 8.66042e-01 (1.01618e+00), Accept ratio: 0.47294, 
INFO:root:Epoch  2048, Energy: -1.08959e+02 (-1.08964e+02), Variance: 8.62948e-01 (9.86942e-01), Accept ratio: 0.47459, 
INFO:root:Epoch  2049, Energy: -1.08972e+02 (-1.08930e+02), Variance: 8.50281e-01 (2.23411e+00), Accept ratio: 0.46866, 
INFO:root:Epoch  2050, Energy: -1.08950e+02 (-1.08947e+02), Variance: 7.72476e-01 (9.09091e-01), Accept ratio: 0.47381, 
INFO:root:Epoch  2051, Energy: -1.08991e+02 (-1.08989e+02), Variance: 9.19999e-01 (1.06306e+00), Accept ratio: 0.46585, 
INFO:root:Epoch  2052, Energy: -1.08918e+02 (-1.08911e+02), Variance: 8.43975e-01 (9.01603e-01), Accept ratio: 0.46865, 
INFO:root:Epoch  2053, Energy: -1.08946e+02 (-1.08949e+02), Variance: 8.17043e-01 (1.07026e+00), Accept ratio: 0.46633, 
INFO:root:Epoch  2054, Energy: -1.08988e+02 (-1.08999e+02), Variance: 8.69747e-01 (1.11935e+00), Accept ratio: 0.46685, 
INFO:root:Epoch  2055, Energy: -1.08939e+02 (-1.08927e+02), Variance: 9.42759e-01 (1.12798e+00), Accept ratio: 0.47310, 
INFO:root:Epoch  2056, Energy: -1.08958e+02 (-1.08947e+02), Variance: 8.94317e-01 (1.05785e+00), Accept ratio: 0.47044, 
INFO:root:Epoch  2057, Energy: -1.08929e+02 (-1.08913e+02), Variance: 8.69816e-01 (1.25319e+00), Accept ratio: 0.46551, 
INFO:root:Epoch  2058, Energy: -1.08943e+02 (-1.08958e+02), Variance: 8.43641e-01 (1.20710e+00), Accept ratio: 0.46954, 
INFO:root:Epoch  2059, Energy: -1.08917e+02 (-1.08928e+02), Variance: 9.05811e-01 (1.33161e+00), Accept ratio: 0.47354, 
INFO:root:Epoch  2060, Energy: -1.08911e+02 (-1.08902e+02), Variance: 8.51498e-01 (1.00750e+00), Accept ratio: 0.46894, 
INFO:root:Epoch  2061, Energy: -1.08925e+02 (-1.08930e+02), Variance: 7.66921e-01 (8.99510e-01), Accept ratio: 0.46554, 
INFO:root:Epoch  2062, Energy: -1.08951e+02 (-1.08938e+02), Variance: 9.60506e-01 (1.42689e+00), Accept ratio: 0.47014, 
INFO:root:Epoch  2063, Energy: -1.09015e+02 (-1.09020e+02), Variance: 8.55135e-01 (9.63495e-01), Accept ratio: 0.46987, 
INFO:root:Epoch  2064, Energy: -1.08999e+02 (-1.08990e+02), Variance: 9.33731e-01 (1.18160e+00), Accept ratio: 0.46925, 
INFO:root:Epoch  2065, Energy: -1.08975e+02 (-1.08957e+02), Variance: 9.12925e-01 (1.31080e+00), Accept ratio: 0.47372, 
INFO:root:Epoch  2066, Energy: -1.08962e+02 (-1.08951e+02), Variance: 8.01701e-01 (1.70862e+00), Accept ratio: 0.47162, 
INFO:root:Epoch  2067, Energy: -1.08908e+02 (-1.08905e+02), Variance: 8.74292e-01 (9.51302e-01), Accept ratio: 0.46868, 
INFO:root:Epoch  2068, Energy: -1.08937e+02 (-1.08949e+02), Variance: 8.90202e-01 (1.20784e+00), Accept ratio: 0.46970, 
INFO:root:Epoch  2069, Energy: -1.08905e+02 (-1.08903e+02), Variance: 1.09135e+00 (1.25788e+00), Accept ratio: 0.47455, 
INFO:root:Epoch  2070, Energy: -1.08963e+02 (-1.08956e+02), Variance: 9.35253e-01 (1.07277e+00), Accept ratio: 0.46770, 
INFO:root:Epoch  2071, Energy: -1.08991e+02 (-1.08904e+02), Variance: 9.84405e-01 (7.00678e+00), Accept ratio: 0.46869, 
INFO:root:Epoch  2072, Energy: -1.09015e+02 (-1.09020e+02), Variance: 8.83050e-01 (1.17832e+00), Accept ratio: 0.46723, 
INFO:root:Epoch  2073, Energy: -1.08936e+02 (-1.08922e+02), Variance: 8.88935e-01 (1.21841e+00), Accept ratio: 0.47298, 
INFO:root:Epoch  2074, Energy: -1.08945e+02 (-1.08950e+02), Variance: 9.57592e-01 (1.31714e+00), Accept ratio: 0.46967, 
INFO:root:Epoch  2075, Energy: -1.08909e+02 (-1.08906e+02), Variance: 1.10006e+00 (1.81480e+00), Accept ratio: 0.47231, 
INFO:root:Epoch  2076, Energy: -1.08992e+02 (-1.09002e+02), Variance: 8.53700e-01 (9.94147e-01), Accept ratio: 0.46945, 
INFO:root:Epoch  2077, Energy: -1.08959e+02 (-1.08961e+02), Variance: 9.58803e-01 (1.35892e+00), Accept ratio: 0.47102, 
INFO:root:Epoch  2078, Energy: -1.08986e+02 (-1.08975e+02), Variance: 8.63154e-01 (1.14313e+00), Accept ratio: 0.46754, 
INFO:root:Epoch  2079, Energy: -1.08959e+02 (-1.08863e+02), Variance: 9.67018e-01 (1.01420e+01), Accept ratio: 0.46761, 
INFO:root:Epoch  2080, Energy: -1.08955e+02 (-1.08941e+02), Variance: 9.90325e-01 (2.49785e+00), Accept ratio: 0.47115, 
INFO:root:Epoch  2081, Energy: -1.08907e+02 (-1.08904e+02), Variance: 8.92686e-01 (9.99313e-01), Accept ratio: 0.46805, 
INFO:root:Epoch  2082, Energy: -1.08918e+02 (-1.08912e+02), Variance: 8.71355e-01 (9.31994e-01), Accept ratio: 0.46966, 
INFO:root:Epoch  2083, Energy: -1.08944e+02 (-1.08961e+02), Variance: 9.34185e-01 (1.42361e+00), Accept ratio: 0.46891, 
INFO:root:Epoch  2084, Energy: -1.08938e+02 (-1.08930e+02), Variance: 8.53075e-01 (1.10390e+00), Accept ratio: 0.46520, 
INFO:root:Epoch  2085, Energy: -1.08900e+02 (-1.08879e+02), Variance: 8.71240e-01 (1.27061e+00), Accept ratio: 0.46666, 
INFO:root:Epoch  2086, Energy: -1.08969e+02 (-1.08966e+02), Variance: 8.16500e-01 (8.63568e-01), Accept ratio: 0.47395, 
INFO:root:Epoch  2087, Energy: -1.08953e+02 (-1.08962e+02), Variance: 7.95293e-01 (1.41347e+00), Accept ratio: 0.46720, 
INFO:root:Epoch  2088, Energy: -1.08978e+02 (-1.08969e+02), Variance: 9.66496e-01 (1.21458e+00), Accept ratio: 0.47691, 
INFO:root:Epoch  2089, Energy: -1.08985e+02 (-1.08978e+02), Variance: 1.03950e+00 (1.20126e+00), Accept ratio: 0.47496, 
INFO:root:Epoch  2090, Energy: -1.08995e+02 (-1.09004e+02), Variance: 9.77060e-01 (1.23429e+00), Accept ratio: 0.46301, 
INFO:root:Epoch  2091, Energy: -1.08963e+02 (-1.08937e+02), Variance: 8.66913e-01 (1.46833e+00), Accept ratio: 0.46917, 
INFO:root:Epoch  2092, Energy: -1.08963e+02 (-1.08890e+02), Variance: 8.85782e-01 (5.84795e+00), Accept ratio: 0.46626, 
INFO:root:Epoch  2093, Energy: -1.08955e+02 (-1.08954e+02), Variance: 8.24385e-01 (9.05398e-01), Accept ratio: 0.46776, 
INFO:root:Epoch  2094, Energy: -1.08978e+02 (-1.08976e+02), Variance: 7.41650e-01 (8.05603e-01), Accept ratio: 0.47012, 
INFO:root:Epoch  2095, Energy: -1.08976e+02 (-1.08956e+02), Variance: 9.11089e-01 (1.81735e+00), Accept ratio: 0.47403, 
INFO:root:Epoch  2096, Energy: -1.08951e+02 (-1.08944e+02), Variance: 8.95086e-01 (1.17416e+00), Accept ratio: 0.46901, 
INFO:root:Epoch  2097, Energy: -1.08972e+02 (-1.08962e+02), Variance: 8.91718e-01 (1.27532e+00), Accept ratio: 0.46945, 
INFO:root:Epoch  2098, Energy: -1.08948e+02 (-1.08934e+02), Variance: 8.37082e-01 (1.23824e+00), Accept ratio: 0.47028, 
INFO:root:Epoch  2099, Energy: -1.08943e+02 (-1.08931e+02), Variance: 9.00668e-01 (1.38131e+00), Accept ratio: 0.46863, 
INFO:root:Epoch  2100, Energy: -1.08970e+02 (-1.08964e+02), Variance: 1.04587e+00 (1.44648e+00), Accept ratio: 0.46753, , best weights saved
INFO:root:Epoch  2101, Energy: -1.08958e+02 (-1.08965e+02), Variance: 9.52266e-01 (1.43089e+00), Accept ratio: 0.46663, 
INFO:root:Epoch  2102, Energy: -1.08926e+02 (-1.08901e+02), Variance: 1.01093e+00 (1.37573e+00), Accept ratio: 0.46613, 
INFO:root:Epoch  2103, Energy: -1.08923e+02 (-1.08919e+02), Variance: 9.85722e-01 (1.38815e+00), Accept ratio: 0.46971, 
INFO:root:Epoch  2104, Energy: -1.08906e+02 (-1.08911e+02), Variance: 8.75645e-01 (1.00529e+00), Accept ratio: 0.47158, 
INFO:root:Epoch  2105, Energy: -1.08953e+02 (-1.08952e+02), Variance: 9.38750e-01 (1.20103e+00), Accept ratio: 0.47139, 
INFO:root:Epoch  2106, Energy: -1.08952e+02 (-1.08947e+02), Variance: 8.07172e-01 (1.04209e+00), Accept ratio: 0.46950, 
INFO:root:Epoch  2107, Energy: -1.08904e+02 (-1.08902e+02), Variance: 8.79045e-01 (9.39214e-01), Accept ratio: 0.46655, 
INFO:root:Epoch  2108, Energy: -1.08920e+02 (-1.08906e+02), Variance: 9.17303e-01 (1.31035e+00), Accept ratio: 0.46919, 
INFO:root:Epoch  2109, Energy: -1.08937e+02 (-1.08934e+02), Variance: 9.89149e-01 (1.67170e+00), Accept ratio: 0.46982, 
INFO:root:Epoch  2110, Energy: -1.08913e+02 (-1.08899e+02), Variance: 8.31646e-01 (1.06971e+00), Accept ratio: 0.47326, 
INFO:root:Epoch  2111, Energy: -1.08913e+02 (-1.08907e+02), Variance: 8.56216e-01 (9.32216e-01), Accept ratio: 0.46048, 
INFO:root:Epoch  2112, Energy: -1.08913e+02 (-1.08909e+02), Variance: 9.61113e-01 (1.12694e+00), Accept ratio: 0.46856, 
INFO:root:Epoch  2113, Energy: -1.08903e+02 (-1.08883e+02), Variance: 9.08896e-01 (1.25567e+00), Accept ratio: 0.46643, 
INFO:root:Epoch  2114, Energy: -1.08923e+02 (-1.08915e+02), Variance: 8.12902e-01 (1.16462e+00), Accept ratio: 0.46903, 
INFO:root:Epoch  2115, Energy: -1.08934e+02 (-1.08966e+02), Variance: 9.17503e-01 (1.78496e+00), Accept ratio: 0.47138, 
INFO:root:Epoch  2116, Energy: -1.08892e+02 (-1.08885e+02), Variance: 7.35538e-01 (8.83106e-01), Accept ratio: 0.47296, 
INFO:root:Epoch  2117, Energy: -1.08910e+02 (-1.08929e+02), Variance: 8.37388e-01 (1.58107e+00), Accept ratio: 0.46964, 
INFO:root:Epoch  2118, Energy: -1.08891e+02 (-1.08891e+02), Variance: 9.16054e-01 (1.10802e+00), Accept ratio: 0.47262, 
INFO:root:Epoch  2119, Energy: -1.08939e+02 (-1.08913e+02), Variance: 9.21137e-01 (2.52467e+00), Accept ratio: 0.47420, 
INFO:root:Epoch  2120, Energy: -1.08945e+02 (-1.08930e+02), Variance: 9.12443e-01 (1.26164e+00), Accept ratio: 0.47101, 
INFO:root:Epoch  2121, Energy: -1.08912e+02 (-1.08896e+02), Variance: 9.70574e-01 (1.52966e+00), Accept ratio: 0.47126, 
INFO:root:Epoch  2122, Energy: -1.08915e+02 (-1.08907e+02), Variance: 9.52606e-01 (1.14769e+00), Accept ratio: 0.46635, 
INFO:root:Epoch  2123, Energy: -1.08957e+02 (-1.08963e+02), Variance: 8.85014e-01 (1.54026e+00), Accept ratio: 0.47176, 
INFO:root:Epoch  2124, Energy: -1.08940e+02 (-1.08930e+02), Variance: 8.36692e-01 (1.06206e+00), Accept ratio: 0.46989, 
INFO:root:Epoch  2125, Energy: -1.08925e+02 (-1.08918e+02), Variance: 8.04333e-01 (1.57770e+00), Accept ratio: 0.47628, 
INFO:root:Epoch  2126, Energy: -1.08988e+02 (-1.08981e+02), Variance: 9.40837e-01 (1.51394e+00), Accept ratio: 0.47480, 
INFO:root:Epoch  2127, Energy: -1.09029e+02 (-1.09001e+02), Variance: 8.42922e-01 (2.06162e+00), Accept ratio: 0.46868, 
INFO:root:Epoch  2128, Energy: -1.08965e+02 (-1.08960e+02), Variance: 7.80241e-01 (1.02034e+00), Accept ratio: 0.46594, 
INFO:root:Epoch  2129, Energy: -1.08964e+02 (-1.08949e+02), Variance: 9.25786e-01 (1.17578e+00), Accept ratio: 0.46556, 
INFO:root:Epoch  2130, Energy: -1.09010e+02 (-1.09022e+02), Variance: 8.58112e-01 (1.05805e+00), Accept ratio: 0.46651, 
INFO:root:Epoch  2131, Energy: -1.08938e+02 (-1.08918e+02), Variance: 9.15881e-01 (1.24681e+00), Accept ratio: 0.47194, 
INFO:root:Epoch  2132, Energy: -1.09014e+02 (-1.09019e+02), Variance: 7.45316e-01 (9.47605e-01), Accept ratio: 0.46785, 
INFO:root:Epoch  2133, Energy: -1.08967e+02 (-1.08948e+02), Variance: 8.37484e-01 (1.19576e+00), Accept ratio: 0.46299, 
INFO:root:Epoch  2134, Energy: -1.08976e+02 (-1.08967e+02), Variance: 8.07415e-01 (9.15858e-01), Accept ratio: 0.46984, 
INFO:root:Epoch  2135, Energy: -1.08991e+02 (-1.08960e+02), Variance: 8.83346e-01 (3.58397e+00), Accept ratio: 0.46851, 
INFO:root:Epoch  2136, Energy: -1.08967e+02 (-1.08968e+02), Variance: 8.01386e-01 (8.55890e-01), Accept ratio: 0.46244, 
INFO:root:Epoch  2137, Energy: -1.08980e+02 (-1.08976e+02), Variance: 8.73782e-01 (1.45587e+00), Accept ratio: 0.46701, 
INFO:root:Epoch  2138, Energy: -1.08917e+02 (-1.08938e+02), Variance: 7.70647e-01 (1.09414e+00), Accept ratio: 0.46274, 
INFO:root:Epoch  2139, Energy: -1.08860e+02 (-1.08840e+02), Variance: 8.58233e-01 (2.09318e+00), Accept ratio: 0.47288, 
INFO:root:Epoch  2140, Energy: -1.08902e+02 (-1.08888e+02), Variance: 1.04364e+00 (2.15316e+00), Accept ratio: 0.46472, 
INFO:root:Epoch  2141, Energy: -1.08919e+02 (-1.08920e+02), Variance: 8.15013e-01 (8.86066e-01), Accept ratio: 0.46869, 
INFO:root:Epoch  2142, Energy: -1.08939e+02 (-1.08945e+02), Variance: 8.98219e-01 (1.34537e+00), Accept ratio: 0.46842, 
INFO:root:Epoch  2143, Energy: -1.08925e+02 (-1.08923e+02), Variance: 7.67925e-01 (8.98618e-01), Accept ratio: 0.47089, 
INFO:root:Epoch  2144, Energy: -1.08941e+02 (-1.08940e+02), Variance: 7.65041e-01 (8.45991e-01), Accept ratio: 0.47133, 
INFO:root:Epoch  2145, Energy: -1.08967e+02 (-1.08974e+02), Variance: 7.97916e-01 (9.60127e-01), Accept ratio: 0.47102, 
INFO:root:Epoch  2146, Energy: -1.08919e+02 (-1.08902e+02), Variance: 8.68734e-01 (1.53434e+00), Accept ratio: 0.47427, 
INFO:root:Epoch  2147, Energy: -1.08920e+02 (-1.08918e+02), Variance: 8.08308e-01 (1.11455e+00), Accept ratio: 0.46809, 
INFO:root:Epoch  2148, Energy: -1.08932e+02 (-1.08968e+02), Variance: 9.82622e-01 (2.41692e+00), Accept ratio: 0.47310, 
INFO:root:Epoch  2149, Energy: -1.08931e+02 (-1.08914e+02), Variance: 8.12819e-01 (1.05316e+00), Accept ratio: 0.46753, 
INFO:root:Epoch  2150, Energy: -1.08946e+02 (-1.08943e+02), Variance: 8.96282e-01 (1.05174e+00), Accept ratio: 0.46608, 
INFO:root:Epoch  2151, Energy: -1.08926e+02 (-1.08910e+02), Variance: 7.93659e-01 (2.07718e+00), Accept ratio: 0.46619, 
INFO:root:Epoch  2152, Energy: -1.08895e+02 (-1.08899e+02), Variance: 8.40961e-01 (1.06596e+00), Accept ratio: 0.47116, 
INFO:root:Epoch  2153, Energy: -1.08919e+02 (-1.08934e+02), Variance: 8.15158e-01 (1.37492e+00), Accept ratio: 0.47285, 
INFO:root:Epoch  2154, Energy: -1.08915e+02 (-1.08922e+02), Variance: 8.24651e-01 (1.35297e+00), Accept ratio: 0.46488, 
INFO:root:Epoch  2155, Energy: -1.08958e+02 (-1.08930e+02), Variance: 8.15102e-01 (1.36780e+00), Accept ratio: 0.47036, 
INFO:root:Epoch  2156, Energy: -1.08933e+02 (-1.08931e+02), Variance: 9.02738e-01 (1.41106e+00), Accept ratio: 0.47024, 
INFO:root:Epoch  2157, Energy: -1.08928e+02 (-1.08924e+02), Variance: 8.61655e-01 (1.24452e+00), Accept ratio: 0.47152, 
INFO:root:Epoch  2158, Energy: -1.08926e+02 (-1.08909e+02), Variance: 8.47966e-01 (1.60647e+00), Accept ratio: 0.47280, 
INFO:root:Epoch  2159, Energy: -1.08965e+02 (-1.08984e+02), Variance: 8.65979e-01 (1.29210e+00), Accept ratio: 0.47222, 
INFO:root:Epoch  2160, Energy: -1.08935e+02 (-1.08943e+02), Variance: 7.98929e-01 (1.20935e+00), Accept ratio: 0.46867, 
INFO:root:Epoch  2161, Energy: -1.08911e+02 (-1.08917e+02), Variance: 8.79842e-01 (1.11025e+00), Accept ratio: 0.47414, 
INFO:root:Epoch  2162, Energy: -1.08990e+02 (-1.08996e+02), Variance: 9.19217e-01 (1.44428e+00), Accept ratio: 0.46975, 
INFO:root:Epoch  2163, Energy: -1.09009e+02 (-1.09033e+02), Variance: 8.12488e-01 (1.37959e+00), Accept ratio: 0.47485, 
INFO:root:Epoch  2164, Energy: -1.08964e+02 (-1.08975e+02), Variance: 8.08924e-01 (1.22796e+00), Accept ratio: 0.47155, 
INFO:root:Epoch  2165, Energy: -1.08951e+02 (-1.08959e+02), Variance: 7.90845e-01 (9.66992e-01), Accept ratio: 0.46264, 
INFO:root:Epoch  2166, Energy: -1.08899e+02 (-1.08904e+02), Variance: 8.78978e-01 (1.02253e+00), Accept ratio: 0.47187, 
INFO:root:Epoch  2167, Energy: -1.08962e+02 (-1.08952e+02), Variance: 8.91616e-01 (1.33444e+00), Accept ratio: 0.46971, 
INFO:root:Epoch  2168, Energy: -1.08974e+02 (-1.08980e+02), Variance: 8.63531e-01 (1.12045e+00), Accept ratio: 0.47168, 
INFO:root:Epoch  2169, Energy: -1.09015e+02 (-1.09016e+02), Variance: 9.85194e-01 (1.14676e+00), Accept ratio: 0.47064, 
INFO:root:Epoch  2170, Energy: -1.09025e+02 (-1.09022e+02), Variance: 8.25095e-01 (9.97015e-01), Accept ratio: 0.47224, 
INFO:root:Epoch  2171, Energy: -1.08952e+02 (-1.08960e+02), Variance: 7.97028e-01 (1.40921e+00), Accept ratio: 0.47381, 
INFO:root:Epoch  2172, Energy: -1.08972e+02 (-1.08992e+02), Variance: 9.41710e-01 (1.21428e+00), Accept ratio: 0.47431, 
INFO:root:Epoch  2173, Energy: -1.08983e+02 (-1.08989e+02), Variance: 7.80773e-01 (1.11193e+00), Accept ratio: 0.46591, 
INFO:root:Epoch  2174, Energy: -1.08977e+02 (-1.08978e+02), Variance: 7.98801e-01 (9.42196e-01), Accept ratio: 0.46743, 
INFO:root:Epoch  2175, Energy: -1.09025e+02 (-1.09056e+02), Variance: 9.51476e-01 (1.96916e+00), Accept ratio: 0.46404, 
INFO:root:Epoch  2176, Energy: -1.09025e+02 (-1.09020e+02), Variance: 7.94076e-01 (1.24793e+00), Accept ratio: 0.46911, 
INFO:root:Epoch  2177, Energy: -1.08983e+02 (-1.08972e+02), Variance: 8.81570e-01 (1.02102e+00), Accept ratio: 0.47003, 
INFO:root:Epoch  2178, Energy: -1.08929e+02 (-1.08912e+02), Variance: 8.92551e-01 (1.35728e+00), Accept ratio: 0.47359, 
INFO:root:Epoch  2179, Energy: -1.08892e+02 (-1.08885e+02), Variance: 9.23292e-01 (1.24807e+00), Accept ratio: 0.46710, 
INFO:root:Epoch  2180, Energy: -1.08897e+02 (-1.08883e+02), Variance: 9.17672e-01 (1.49218e+00), Accept ratio: 0.46699, 
INFO:root:Epoch  2181, Energy: -1.08959e+02 (-1.08952e+02), Variance: 1.01933e+00 (1.56646e+00), Accept ratio: 0.46408, 
INFO:root:Epoch  2182, Energy: -1.08982e+02 (-1.08913e+02), Variance: 8.66843e-01 (5.82439e+00), Accept ratio: 0.46675, 
INFO:root:Epoch  2183, Energy: -1.08930e+02 (-1.08897e+02), Variance: 8.95817e-01 (1.69488e+00), Accept ratio: 0.47147, 
INFO:root:Epoch  2184, Energy: -1.08980e+02 (-1.08992e+02), Variance: 8.73303e-01 (1.17009e+00), Accept ratio: 0.46580, 
INFO:root:Epoch  2185, Energy: -1.09004e+02 (-1.09012e+02), Variance: 8.33805e-01 (9.55357e-01), Accept ratio: 0.47097, 
INFO:root:Epoch  2186, Energy: -1.08948e+02 (-1.08946e+02), Variance: 9.22844e-01 (1.49881e+00), Accept ratio: 0.47579, 
INFO:root:Epoch  2187, Energy: -1.08963e+02 (-1.08872e+02), Variance: 9.30672e-01 (9.47754e+00), Accept ratio: 0.45630, 
INFO:root:Epoch  2188, Energy: -1.08983e+02 (-1.08988e+02), Variance: 9.45939e-01 (1.42369e+00), Accept ratio: 0.46720, 
INFO:root:Epoch  2189, Energy: -1.08945e+02 (-1.08951e+02), Variance: 8.88874e-01 (1.06362e+00), Accept ratio: 0.46993, 
INFO:root:Epoch  2190, Energy: -1.08972e+02 (-1.08969e+02), Variance: 8.78947e-01 (1.14988e+00), Accept ratio: 0.47370, 
INFO:root:Epoch  2191, Energy: -1.08960e+02 (-1.08882e+02), Variance: 8.95416e-01 (5.73974e+00), Accept ratio: 0.47677, 
INFO:root:Epoch  2192, Energy: -1.08980e+02 (-1.08994e+02), Variance: 8.03790e-01 (1.25403e+00), Accept ratio: 0.46572, 
INFO:root:Epoch  2193, Energy: -1.08989e+02 (-1.08997e+02), Variance: 8.32974e-01 (1.06939e+00), Accept ratio: 0.47145, 
INFO:root:Epoch  2194, Energy: -1.08966e+02 (-1.08966e+02), Variance: 8.14223e-01 (8.57460e-01), Accept ratio: 0.46787, 
INFO:root:Epoch  2195, Energy: -1.08953e+02 (-1.08955e+02), Variance: 8.09338e-01 (1.00685e+00), Accept ratio: 0.47357, 
INFO:root:Epoch  2196, Energy: -1.08942e+02 (-1.08949e+02), Variance: 7.94418e-01 (8.95254e-01), Accept ratio: 0.47034, 
INFO:root:Epoch  2197, Energy: -1.08973e+02 (-1.08993e+02), Variance: 8.53806e-01 (1.53880e+00), Accept ratio: 0.46288, 
INFO:root:Epoch  2198, Energy: -1.08943e+02 (-1.08944e+02), Variance: 7.52679e-01 (8.11587e-01), Accept ratio: 0.46891, 
INFO:root:Epoch  2199, Energy: -1.08993e+02 (-1.08971e+02), Variance: 8.76464e-01 (1.78572e+00), Accept ratio: 0.46987, 
INFO:root:Epoch  2200, Energy: -1.08959e+02 (-1.08967e+02), Variance: 8.32830e-01 (9.44189e-01), Accept ratio: 0.47036, , best weights saved
INFO:root:Epoch  2201, Energy: -1.08934e+02 (-1.08929e+02), Variance: 7.65824e-01 (9.01646e-01), Accept ratio: 0.47679, 
INFO:root:Epoch  2202, Energy: -1.08936e+02 (-1.08925e+02), Variance: 7.39653e-01 (1.39258e+00), Accept ratio: 0.46570, 
INFO:root:Epoch  2203, Energy: -1.08942e+02 (-1.08969e+02), Variance: 9.94068e-01 (2.15225e+00), Accept ratio: 0.46998, 
INFO:root:Epoch  2204, Energy: -1.08950e+02 (-1.08954e+02), Variance: 8.80270e-01 (1.01523e+00), Accept ratio: 0.46805, 
INFO:root:Epoch  2205, Energy: -1.08942e+02 (-1.08934e+02), Variance: 8.88293e-01 (1.00267e+00), Accept ratio: 0.47069, 
INFO:root:Epoch  2206, Energy: -1.08945e+02 (-1.08933e+02), Variance: 9.08511e-01 (1.24726e+00), Accept ratio: 0.46907, 
INFO:root:Epoch  2207, Energy: -1.08992e+02 (-1.08997e+02), Variance: 9.28613e-01 (1.27580e+00), Accept ratio: 0.47482, 
INFO:root:Epoch  2208, Energy: -1.08962e+02 (-1.08964e+02), Variance: 7.94586e-01 (9.04618e-01), Accept ratio: 0.46866, 
INFO:root:Epoch  2209, Energy: -1.08978e+02 (-1.08967e+02), Variance: 8.92913e-01 (1.04428e+00), Accept ratio: 0.46565, 
INFO:root:Epoch  2210, Energy: -1.08950e+02 (-1.08964e+02), Variance: 8.27232e-01 (1.08146e+00), Accept ratio: 0.46848, 
INFO:root:Epoch  2211, Energy: -1.08927e+02 (-1.08929e+02), Variance: 9.15864e-01 (1.34175e+00), Accept ratio: 0.47480, 
INFO:root:Epoch  2212, Energy: -1.08910e+02 (-1.08898e+02), Variance: 8.39209e-01 (1.09655e+00), Accept ratio: 0.46643, 
INFO:root:Epoch  2213, Energy: -1.08930e+02 (-1.08933e+02), Variance: 9.37426e-01 (1.60032e+00), Accept ratio: 0.45971, 
INFO:root:Epoch  2214, Energy: -1.08941e+02 (-1.08961e+02), Variance: 8.55296e-01 (1.27095e+00), Accept ratio: 0.46741, 
INFO:root:Epoch  2215, Energy: -1.08922e+02 (-1.08963e+02), Variance: 8.83125e-01 (2.19951e+00), Accept ratio: 0.46847, 
INFO:root:Epoch  2216, Energy: -1.08951e+02 (-1.08978e+02), Variance: 7.86599e-01 (2.13450e+00), Accept ratio: 0.47362, 
INFO:root:Epoch  2217, Energy: -1.08908e+02 (-1.08895e+02), Variance: 9.28210e-01 (1.21141e+00), Accept ratio: 0.46635, 
INFO:root:Epoch  2218, Energy: -1.08906e+02 (-1.08885e+02), Variance: 1.01805e+00 (1.44573e+00), Accept ratio: 0.46975, 
INFO:root:Epoch  2219, Energy: -1.08976e+02 (-1.08977e+02), Variance: 8.99240e-01 (1.05787e+00), Accept ratio: 0.47145, 
INFO:root:Epoch  2220, Energy: -1.08950e+02 (-1.08940e+02), Variance: 8.29167e-01 (1.33132e+00), Accept ratio: 0.46494, 
INFO:root:Epoch  2221, Energy: -1.08982e+02 (-1.08983e+02), Variance: 8.06132e-01 (1.01210e+00), Accept ratio: 0.46989, 
INFO:root:Epoch  2222, Energy: -1.08983e+02 (-1.08988e+02), Variance: 8.25895e-01 (9.32731e-01), Accept ratio: 0.47231, 
INFO:root:Epoch  2223, Energy: -1.08932e+02 (-1.08929e+02), Variance: 8.42024e-01 (9.70891e-01), Accept ratio: 0.47423, 
INFO:root:Epoch  2224, Energy: -1.08917e+02 (-1.08902e+02), Variance: 9.82954e-01 (1.51765e+00), Accept ratio: 0.45774, 
INFO:root:Epoch  2225, Energy: -1.08908e+02 (-1.08898e+02), Variance: 9.66897e-01 (1.24559e+00), Accept ratio: 0.46948, 
INFO:root:Epoch  2226, Energy: -1.08934e+02 (-1.08886e+02), Variance: 9.13367e-01 (3.46900e+00), Accept ratio: 0.46425, 
INFO:root:Epoch  2227, Energy: -1.08919e+02 (-1.08937e+02), Variance: 8.61852e-01 (2.73787e+00), Accept ratio: 0.47096, 
INFO:root:Epoch  2228, Energy: -1.08973e+02 (-1.08976e+02), Variance: 8.46144e-01 (9.64383e-01), Accept ratio: 0.46450, 
INFO:root:Epoch  2229, Energy: -1.08951e+02 (-1.08959e+02), Variance: 9.24134e-01 (1.81691e+00), Accept ratio: 0.46983, 
INFO:root:Epoch  2230, Energy: -1.08996e+02 (-1.08954e+02), Variance: 8.50338e-01 (1.88573e+00), Accept ratio: 0.47168, 
INFO:root:Epoch  2231, Energy: -1.09005e+02 (-1.09025e+02), Variance: 1.00657e+00 (1.95439e+00), Accept ratio: 0.46978, 
INFO:root:Epoch  2232, Energy: -1.08978e+02 (-1.08986e+02), Variance: 8.88632e-01 (1.16776e+00), Accept ratio: 0.46849, 
INFO:root:Epoch  2233, Energy: -1.08952e+02 (-1.08950e+02), Variance: 8.09589e-01 (9.13871e-01), Accept ratio: 0.46692, 
INFO:root:Epoch  2234, Energy: -1.08997e+02 (-1.09013e+02), Variance: 9.85023e-01 (1.42676e+00), Accept ratio: 0.47118, 
INFO:root:Epoch  2235, Energy: -1.08952e+02 (-1.08960e+02), Variance: 9.11710e-01 (1.29571e+00), Accept ratio: 0.46748, 
INFO:root:Epoch  2236, Energy: -1.08931e+02 (-1.08918e+02), Variance: 9.07473e-01 (1.20532e+00), Accept ratio: 0.46769, 
INFO:root:Epoch  2237, Energy: -1.08926e+02 (-1.08947e+02), Variance: 8.42687e-01 (1.25750e+00), Accept ratio: 0.46623, 
INFO:root:Epoch  2238, Energy: -1.08912e+02 (-1.08914e+02), Variance: 8.15965e-01 (9.66859e-01), Accept ratio: 0.46757, 
INFO:root:Epoch  2239, Energy: -1.08906e+02 (-1.08906e+02), Variance: 8.99166e-01 (1.08870e+00), Accept ratio: 0.46610, 
INFO:root:Epoch  2240, Energy: -1.08969e+02 (-1.08973e+02), Variance: 8.24476e-01 (1.20393e+00), Accept ratio: 0.46638, 
INFO:root:Epoch  2241, Energy: -1.08976e+02 (-1.08978e+02), Variance: 8.51617e-01 (1.08653e+00), Accept ratio: 0.46966, 
INFO:root:Epoch  2242, Energy: -1.08913e+02 (-1.08888e+02), Variance: 8.11038e-01 (1.21471e+00), Accept ratio: 0.46627, 
INFO:root:Epoch  2243, Energy: -1.08951e+02 (-1.08950e+02), Variance: 8.99179e-01 (1.17777e+00), Accept ratio: 0.46425, 
INFO:root:Epoch  2244, Energy: -1.08972e+02 (-1.08969e+02), Variance: 8.47573e-01 (1.00320e+00), Accept ratio: 0.47310, 
INFO:root:Epoch  2245, Energy: -1.08934e+02 (-1.08954e+02), Variance: 8.19461e-01 (1.60057e+00), Accept ratio: 0.46927, 
INFO:root:Epoch  2246, Energy: -1.08930e+02 (-1.08921e+02), Variance: 8.27043e-01 (1.30870e+00), Accept ratio: 0.47353, 
INFO:root:Epoch  2247, Energy: -1.08951e+02 (-1.08941e+02), Variance: 7.02781e-01 (8.27122e-01), Accept ratio: 0.46768, 
INFO:root:Epoch  2248, Energy: -1.08919e+02 (-1.08913e+02), Variance: 8.77089e-01 (2.35881e+00), Accept ratio: 0.47428, 
INFO:root:Epoch  2249, Energy: -1.08976e+02 (-1.08974e+02), Variance: 7.55280e-01 (8.73807e-01), Accept ratio: 0.47436, 
INFO:root:Epoch  2250, Energy: -1.08905e+02 (-1.08901e+02), Variance: 7.98045e-01 (9.39436e-01), Accept ratio: 0.47068, 
INFO:root:Epoch  2251, Energy: -1.08933e+02 (-1.08944e+02), Variance: 7.44554e-01 (9.33024e-01), Accept ratio: 0.46671, 
INFO:root:Epoch  2252, Energy: -1.08903e+02 (-1.08896e+02), Variance: 8.96508e-01 (1.23166e+00), Accept ratio: 0.46897, 
INFO:root:Epoch  2253, Energy: -1.08952e+02 (-1.08954e+02), Variance: 8.00645e-01 (9.28096e-01), Accept ratio: 0.46649, 
INFO:root:Epoch  2254, Energy: -1.08975e+02 (-1.08925e+02), Variance: 9.82324e-01 (3.47459e+00), Accept ratio: 0.46710, 
INFO:root:Epoch  2255, Energy: -1.08955e+02 (-1.08954e+02), Variance: 8.70709e-01 (9.83565e-01), Accept ratio: 0.47077, 
INFO:root:Epoch  2256, Energy: -1.08980e+02 (-1.08980e+02), Variance: 8.53076e-01 (1.06941e+00), Accept ratio: 0.47153, 
INFO:root:Epoch  2257, Energy: -1.08987e+02 (-1.08975e+02), Variance: 8.36952e-01 (9.98927e-01), Accept ratio: 0.46860, 
INFO:root:Epoch  2258, Energy: -1.08954e+02 (-1.08951e+02), Variance: 8.90695e-01 (1.93545e+00), Accept ratio: 0.46552, 
INFO:root:Epoch  2259, Energy: -1.08954e+02 (-1.08957e+02), Variance: 8.52765e-01 (9.95729e-01), Accept ratio: 0.47214, 
INFO:root:Epoch  2260, Energy: -1.08955e+02 (-1.08951e+02), Variance: 8.87907e-01 (1.06885e+00), Accept ratio: 0.46543, 
INFO:root:Epoch  2261, Energy: -1.08982e+02 (-1.08932e+02), Variance: 9.27767e-01 (3.65066e+00), Accept ratio: 0.47189, 
INFO:root:Epoch  2262, Energy: -1.08997e+02 (-1.08998e+02), Variance: 9.31375e-01 (1.10702e+00), Accept ratio: 0.47163, 
INFO:root:Epoch  2263, Energy: -1.08998e+02 (-1.08985e+02), Variance: 8.20698e-01 (1.00255e+00), Accept ratio: 0.47272, 
INFO:root:Epoch  2264, Energy: -1.08976e+02 (-1.08974e+02), Variance: 8.88775e-01 (1.05847e+00), Accept ratio: 0.46949, 
INFO:root:Epoch  2265, Energy: -1.08994e+02 (-1.09022e+02), Variance: 9.39725e-01 (1.62149e+00), Accept ratio: 0.46770, 
INFO:root:Epoch  2266, Energy: -1.08981e+02 (-1.08981e+02), Variance: 7.96666e-01 (8.72268e-01), Accept ratio: 0.46807, 
INFO:root:Epoch  2267, Energy: -1.08989e+02 (-1.08971e+02), Variance: 8.93892e-01 (1.25748e+00), Accept ratio: 0.46873, 
INFO:root:Epoch  2268, Energy: -1.08971e+02 (-1.08970e+02), Variance: 7.87166e-01 (9.82026e-01), Accept ratio: 0.46824, 
INFO:root:Epoch  2269, Energy: -1.08960e+02 (-1.08971e+02), Variance: 8.67209e-01 (1.10558e+00), Accept ratio: 0.47478, 
INFO:root:Epoch  2270, Energy: -1.08979e+02 (-1.08981e+02), Variance: 9.88110e-01 (1.69979e+00), Accept ratio: 0.47396, 
INFO:root:Epoch  2271, Energy: -1.08970e+02 (-1.08986e+02), Variance: 9.58848e-01 (1.40185e+00), Accept ratio: 0.46854, 
INFO:root:Epoch  2272, Energy: -1.08987e+02 (-1.08986e+02), Variance: 9.61187e-01 (1.78505e+00), Accept ratio: 0.47132, 
INFO:root:Epoch  2273, Energy: -1.09000e+02 (-1.08982e+02), Variance: 8.40747e-01 (1.15198e+00), Accept ratio: 0.47344, 
INFO:root:Epoch  2274, Energy: -1.08997e+02 (-1.09007e+02), Variance: 8.16416e-01 (9.85328e-01), Accept ratio: 0.46869, 
INFO:root:Epoch  2275, Energy: -1.08985e+02 (-1.08983e+02), Variance: 7.91675e-01 (9.95172e-01), Accept ratio: 0.46833, 
INFO:root:Epoch  2276, Energy: -1.08995e+02 (-1.08995e+02), Variance: 8.18403e-01 (8.81381e-01), Accept ratio: 0.47631, 
INFO:root:Epoch  2277, Energy: -1.08901e+02 (-1.08891e+02), Variance: 8.21631e-01 (9.65360e-01), Accept ratio: 0.47866, 
INFO:root:Epoch  2278, Energy: -1.08942e+02 (-1.08938e+02), Variance: 8.84825e-01 (9.72617e-01), Accept ratio: 0.46819, 
INFO:root:Epoch  2279, Energy: -1.08989e+02 (-1.09024e+02), Variance: 8.44000e-01 (1.52332e+00), Accept ratio: 0.47680, 
INFO:root:Epoch  2280, Energy: -1.08985e+02 (-1.08988e+02), Variance: 8.26546e-01 (1.00658e+00), Accept ratio: 0.47166, 
INFO:root:Epoch  2281, Energy: -1.08980e+02 (-1.08963e+02), Variance: 8.08810e-01 (1.20044e+00), Accept ratio: 0.46221, 
INFO:root:Epoch  2282, Energy: -1.08943e+02 (-1.08892e+02), Variance: 9.37890e-01 (3.03930e+00), Accept ratio: 0.47156, 
INFO:root:Epoch  2283, Energy: -1.09001e+02 (-1.09024e+02), Variance: 9.30814e-01 (1.29674e+00), Accept ratio: 0.47448, 
INFO:root:Epoch  2284, Energy: -1.08926e+02 (-1.08905e+02), Variance: 9.19107e-01 (1.53647e+00), Accept ratio: 0.46566, 
INFO:root:Epoch  2285, Energy: -1.08935e+02 (-1.08940e+02), Variance: 8.25688e-01 (1.09877e+00), Accept ratio: 0.46972, 
INFO:root:Epoch  2286, Energy: -1.08940e+02 (-1.08939e+02), Variance: 8.49343e-01 (1.11432e+00), Accept ratio: 0.47133, 
INFO:root:Epoch  2287, Energy: -1.08999e+02 (-1.09006e+02), Variance: 8.95267e-01 (1.22172e+00), Accept ratio: 0.47407, 
INFO:root:Epoch  2288, Energy: -1.08943e+02 (-1.08921e+02), Variance: 8.62554e-01 (1.42664e+00), Accept ratio: 0.47171, 
INFO:root:Epoch  2289, Energy: -1.08936e+02 (-1.08922e+02), Variance: 8.68321e-01 (4.54378e+00), Accept ratio: 0.46411, 
INFO:root:Epoch  2290, Energy: -1.08941e+02 (-1.08950e+02), Variance: 8.71634e-01 (1.12002e+00), Accept ratio: 0.47202, 
INFO:root:Epoch  2291, Energy: -1.08942e+02 (-1.08940e+02), Variance: 8.27496e-01 (1.23636e+00), Accept ratio: 0.46987, 
INFO:root:Epoch  2292, Energy: -1.08892e+02 (-1.08883e+02), Variance: 8.24876e-01 (1.16489e+00), Accept ratio: 0.47215, 
INFO:root:Epoch  2293, Energy: -1.08935e+02 (-1.08956e+02), Variance: 8.89930e-01 (1.20359e+00), Accept ratio: 0.46212, 
INFO:root:Epoch  2294, Energy: -1.08955e+02 (-1.08950e+02), Variance: 8.51947e-01 (1.07936e+00), Accept ratio: 0.46888, 
INFO:root:Epoch  2295, Energy: -1.08945e+02 (-1.08947e+02), Variance: 9.07268e-01 (1.03475e+00), Accept ratio: 0.46549, 
INFO:root:Epoch  2296, Energy: -1.08923e+02 (-1.08916e+02), Variance: 7.79826e-01 (8.60589e-01), Accept ratio: 0.46861, 
INFO:root:Epoch  2297, Energy: -1.08968e+02 (-1.08968e+02), Variance: 8.74686e-01 (1.32539e+00), Accept ratio: 0.47216, 
INFO:root:Epoch  2298, Energy: -1.08956e+02 (-1.08950e+02), Variance: 7.77090e-01 (8.52929e-01), Accept ratio: 0.47284, 
INFO:root:Epoch  2299, Energy: -1.08973e+02 (-1.08965e+02), Variance: 8.40957e-01 (1.19531e+00), Accept ratio: 0.46735, 
INFO:root:Epoch  2300, Energy: -1.08949e+02 (-1.08933e+02), Variance: 9.26274e-01 (1.14019e+00), Accept ratio: 0.46386, , best weights saved
INFO:root:Epoch  2301, Energy: -1.08966e+02 (-1.08934e+02), Variance: 1.04851e+00 (1.72096e+00), Accept ratio: 0.46028, 
INFO:root:Epoch  2302, Energy: -1.09005e+02 (-1.09013e+02), Variance: 1.02548e+00 (1.17189e+00), Accept ratio: 0.46889, 
INFO:root:Epoch  2303, Energy: -1.08986e+02 (-1.08978e+02), Variance: 8.91639e-01 (1.03916e+00), Accept ratio: 0.46736, 
INFO:root:Epoch  2304, Energy: -1.08898e+02 (-1.08905e+02), Variance: 7.87802e-01 (1.16875e+00), Accept ratio: 0.46819, 
INFO:root:Epoch  2305, Energy: -1.08944e+02 (-1.08970e+02), Variance: 8.76071e-01 (1.35517e+00), Accept ratio: 0.46511, 
INFO:root:Epoch  2306, Energy: -1.08966e+02 (-1.08969e+02), Variance: 8.76593e-01 (1.05946e+00), Accept ratio: 0.46621, 
INFO:root:Epoch  2307, Energy: -1.08949e+02 (-1.08942e+02), Variance: 8.84993e-01 (9.77223e-01), Accept ratio: 0.47038, 
INFO:root:Epoch  2308, Energy: -1.08921e+02 (-1.08917e+02), Variance: 7.80783e-01 (1.77271e+00), Accept ratio: 0.47290, 
INFO:root:Epoch  2309, Energy: -1.08918e+02 (-1.08914e+02), Variance: 9.95353e-01 (1.40186e+00), Accept ratio: 0.46563, 
INFO:root:Epoch  2310, Energy: -1.08983e+02 (-1.08959e+02), Variance: 1.02079e+00 (2.55283e+00), Accept ratio: 0.46702, 
INFO:root:Epoch  2311, Energy: -1.08935e+02 (-1.08938e+02), Variance: 9.22141e-01 (1.29016e+00), Accept ratio: 0.47600, 
INFO:root:Epoch  2312, Energy: -1.08951e+02 (-1.08938e+02), Variance: 8.72368e-01 (1.28195e+00), Accept ratio: 0.46627, 
INFO:root:Epoch  2313, Energy: -1.08964e+02 (-1.08907e+02), Variance: 9.04588e-01 (5.94777e+00), Accept ratio: 0.47233, 
INFO:root:Epoch  2314, Energy: -1.08933e+02 (-1.08940e+02), Variance: 1.07090e+00 (1.34086e+00), Accept ratio: 0.46157, 
INFO:root:Epoch  2315, Energy: -1.08918e+02 (-1.08928e+02), Variance: 9.28367e-01 (1.37150e+00), Accept ratio: 0.47057, 
INFO:root:Epoch  2316, Energy: -1.08977e+02 (-1.08969e+02), Variance: 8.24936e-01 (9.81149e-01), Accept ratio: 0.46509, 
INFO:root:Epoch  2317, Energy: -1.08927e+02 (-1.08932e+02), Variance: 8.58447e-01 (1.22671e+00), Accept ratio: 0.46625, 
INFO:root:Epoch  2318, Energy: -1.08924e+02 (-1.08914e+02), Variance: 8.15523e-01 (1.38318e+00), Accept ratio: 0.47025, 
INFO:root:Epoch  2319, Energy: -1.08971e+02 (-1.08996e+02), Variance: 7.91874e-01 (1.57734e+00), Accept ratio: 0.46586, 
INFO:root:Epoch  2320, Energy: -1.08996e+02 (-1.08983e+02), Variance: 8.80382e-01 (1.34808e+00), Accept ratio: 0.47307, 
INFO:root:Epoch  2321, Energy: -1.08936e+02 (-1.08933e+02), Variance: 9.17483e-01 (1.37384e+00), Accept ratio: 0.47283, 
INFO:root:Epoch  2322, Energy: -1.08909e+02 (-1.08913e+02), Variance: 8.67430e-01 (1.05708e+00), Accept ratio: 0.47322, 
INFO:root:Epoch  2323, Energy: -1.08998e+02 (-1.09004e+02), Variance: 7.96903e-01 (9.11564e-01), Accept ratio: 0.47210, 
INFO:root:Epoch  2324, Energy: -1.08970e+02 (-1.08956e+02), Variance: 9.65182e-01 (1.27524e+00), Accept ratio: 0.46811, 
INFO:root:Epoch  2325, Energy: -1.08957e+02 (-1.08960e+02), Variance: 1.00146e+00 (1.56422e+00), Accept ratio: 0.46672, 
INFO:root:Epoch  2326, Energy: -1.08970e+02 (-1.08988e+02), Variance: 9.43176e-01 (1.41296e+00), Accept ratio: 0.46981, 
INFO:root:Epoch  2327, Energy: -1.08936e+02 (-1.08934e+02), Variance: 9.37183e-01 (1.30184e+00), Accept ratio: 0.46780, 
INFO:root:Epoch  2328, Energy: -1.08947e+02 (-1.08938e+02), Variance: 9.32886e-01 (1.98464e+00), Accept ratio: 0.47609, 
INFO:root:Epoch  2329, Energy: -1.08989e+02 (-1.09018e+02), Variance: 8.47617e-01 (2.48460e+00), Accept ratio: 0.46753, 
INFO:root:Epoch  2330, Energy: -1.08971e+02 (-1.08980e+02), Variance: 1.01236e+00 (1.43654e+00), Accept ratio: 0.46982, 
INFO:root:Epoch  2331, Energy: -1.08984e+02 (-1.08991e+02), Variance: 8.87803e-01 (1.34127e+00), Accept ratio: 0.47141, 
INFO:root:Epoch  2332, Energy: -1.09018e+02 (-1.09019e+02), Variance: 8.59247e-01 (1.03737e+00), Accept ratio: 0.46603, 
INFO:root:Epoch  2333, Energy: -1.08987e+02 (-1.08980e+02), Variance: 8.68792e-01 (1.41635e+00), Accept ratio: 0.47481, 
INFO:root:Epoch  2334, Energy: -1.09000e+02 (-1.08992e+02), Variance: 8.46884e-01 (9.96599e-01), Accept ratio: 0.46829, 
INFO:root:Epoch  2335, Energy: -1.08998e+02 (-1.09000e+02), Variance: 7.96975e-01 (8.90350e-01), Accept ratio: 0.47526, 
INFO:root:Epoch  2336, Energy: -1.08971e+02 (-1.08968e+02), Variance: 9.22759e-01 (1.10337e+00), Accept ratio: 0.47511, 
INFO:root:Epoch  2337, Energy: -1.08940e+02 (-1.08895e+02), Variance: 1.00888e+00 (3.10066e+00), Accept ratio: 0.47086, 
INFO:root:Epoch  2338, Energy: -1.08996e+02 (-1.08998e+02), Variance: 8.66551e-01 (1.01058e+00), Accept ratio: 0.47146, 
INFO:root:Epoch  2339, Energy: -1.09000e+02 (-1.09038e+02), Variance: 8.41587e-01 (2.38185e+00), Accept ratio: 0.46808, 
INFO:root:Epoch  2340, Energy: -1.08981e+02 (-1.08982e+02), Variance: 9.42011e-01 (1.07188e+00), Accept ratio: 0.47213, 
INFO:root:Epoch  2341, Energy: -1.09051e+02 (-1.09051e+02), Variance: 8.07095e-01 (9.49844e-01), Accept ratio: 0.46537, 
INFO:root:Epoch  2342, Energy: -1.08963e+02 (-1.08953e+02), Variance: 8.85962e-01 (1.45142e+00), Accept ratio: 0.47390, 
INFO:root:Epoch  2343, Energy: -1.09000e+02 (-1.09016e+02), Variance: 9.60007e-01 (1.20779e+00), Accept ratio: 0.46671, 
INFO:root:Epoch  2344, Energy: -1.08950e+02 (-1.08942e+02), Variance: 1.03442e+00 (1.38152e+00), Accept ratio: 0.46760, 
INFO:root:Epoch  2345, Energy: -1.08983e+02 (-1.08978e+02), Variance: 9.59505e-01 (1.92039e+00), Accept ratio: 0.46676, 
INFO:root:Epoch  2346, Energy: -1.08994e+02 (-1.08993e+02), Variance: 9.08980e-01 (1.09054e+00), Accept ratio: 0.47393, 
INFO:root:Epoch  2347, Energy: -1.09004e+02 (-1.08998e+02), Variance: 9.00992e-01 (1.27702e+00), Accept ratio: 0.47171, 
INFO:root:Epoch  2348, Energy: -1.08953e+02 (-1.08940e+02), Variance: 8.78283e-01 (1.27755e+00), Accept ratio: 0.47155, 
INFO:root:Epoch  2349, Energy: -1.08937e+02 (-1.08955e+02), Variance: 8.69871e-01 (1.29569e+00), Accept ratio: 0.47064, 
INFO:root:Epoch  2350, Energy: -1.08974e+02 (-1.08975e+02), Variance: 8.19970e-01 (1.24538e+00), Accept ratio: 0.47055, 
INFO:root:Epoch  2351, Energy: -1.08981e+02 (-1.08966e+02), Variance: 8.83058e-01 (1.58275e+00), Accept ratio: 0.46899, 
INFO:root:Epoch  2352, Energy: -1.08950e+02 (-1.08949e+02), Variance: 8.49050e-01 (9.83210e-01), Accept ratio: 0.47429, 
INFO:root:Epoch  2353, Energy: -1.08931e+02 (-1.08921e+02), Variance: 7.96207e-01 (1.21785e+00), Accept ratio: 0.47291, 
INFO:root:Epoch  2354, Energy: -1.08937e+02 (-1.08932e+02), Variance: 8.10927e-01 (1.09165e+00), Accept ratio: 0.46095, 
INFO:root:Epoch  2355, Energy: -1.08991e+02 (-1.09012e+02), Variance: 9.08918e-01 (1.43025e+00), Accept ratio: 0.46459, 
INFO:root:Epoch  2356, Energy: -1.08988e+02 (-1.08992e+02), Variance: 9.38052e-01 (1.10784e+00), Accept ratio: 0.45920, 
INFO:root:Epoch  2357, Energy: -1.08994e+02 (-1.09003e+02), Variance: 8.31122e-01 (1.45614e+00), Accept ratio: 0.46748, 
INFO:root:Epoch  2358, Energy: -1.08990e+02 (-1.08980e+02), Variance: 7.45377e-01 (8.67666e-01), Accept ratio: 0.47371, 
INFO:root:Epoch  2359, Energy: -1.09022e+02 (-1.09013e+02), Variance: 9.74524e-01 (1.49804e+00), Accept ratio: 0.46364, 
INFO:root:Epoch  2360, Energy: -1.09020e+02 (-1.09009e+02), Variance: 8.73266e-01 (1.19226e+00), Accept ratio: 0.47200, 
INFO:root:Epoch  2361, Energy: -1.08993e+02 (-1.09013e+02), Variance: 9.16161e-01 (1.28771e+00), Accept ratio: 0.46875, 
INFO:root:Epoch  2362, Energy: -1.09017e+02 (-1.09002e+02), Variance: 9.32937e-01 (1.33857e+00), Accept ratio: 0.46973, 
INFO:root:Epoch  2363, Energy: -1.09006e+02 (-1.09005e+02), Variance: 7.61560e-01 (8.33865e-01), Accept ratio: 0.46637, 
INFO:root:Epoch  2364, Energy: -1.09023e+02 (-1.09019e+02), Variance: 8.22160e-01 (1.01167e+00), Accept ratio: 0.47028, 
INFO:root:Epoch  2365, Energy: -1.09023e+02 (-1.08962e+02), Variance: 9.02217e-01 (4.28424e+00), Accept ratio: 0.46974, 
INFO:root:Epoch  2366, Energy: -1.09008e+02 (-1.08992e+02), Variance: 8.89349e-01 (1.28607e+00), Accept ratio: 0.46378, 
INFO:root:Epoch  2367, Energy: -1.08991e+02 (-1.08979e+02), Variance: 9.43012e-01 (1.41955e+00), Accept ratio: 0.46657, 
INFO:root:Epoch  2368, Energy: -1.08936e+02 (-1.08928e+02), Variance: 7.23613e-01 (8.25562e-01), Accept ratio: 0.46295, 
INFO:root:Epoch  2369, Energy: -1.08989e+02 (-1.08995e+02), Variance: 9.75619e-01 (1.16398e+00), Accept ratio: 0.47353, 
INFO:root:Epoch  2370, Energy: -1.08980e+02 (-1.08979e+02), Variance: 9.01376e-01 (1.12868e+00), Accept ratio: 0.47333, 
INFO:root:Epoch  2371, Energy: -1.08956e+02 (-1.08958e+02), Variance: 8.05604e-01 (1.15242e+00), Accept ratio: 0.46836, 
INFO:root:Epoch  2372, Energy: -1.08916e+02 (-1.08926e+02), Variance: 8.00777e-01 (1.18646e+00), Accept ratio: 0.47531, 
INFO:root:Epoch  2373, Energy: -1.08923e+02 (-1.08930e+02), Variance: 7.79044e-01 (1.25605e+00), Accept ratio: 0.47324, 
INFO:root:Epoch  2374, Energy: -1.08929e+02 (-1.08952e+02), Variance: 8.71228e-01 (1.98359e+00), Accept ratio: 0.47082, 
INFO:root:Epoch  2375, Energy: -1.08936e+02 (-1.08939e+02), Variance: 8.86966e-01 (1.99522e+00), Accept ratio: 0.47095, 
INFO:root:Epoch  2376, Energy: -1.08903e+02 (-1.08903e+02), Variance: 7.70298e-01 (1.07707e+00), Accept ratio: 0.46375, 
INFO:root:Epoch  2377, Energy: -1.08936e+02 (-1.08928e+02), Variance: 9.07364e-01 (1.18983e+00), Accept ratio: 0.47706, 
INFO:root:Epoch  2378, Energy: -1.08926e+02 (-1.08917e+02), Variance: 8.05659e-01 (1.01046e+00), Accept ratio: 0.46509, 
INFO:root:Epoch  2379, Energy: -1.08961e+02 (-1.08945e+02), Variance: 8.90928e-01 (1.20755e+00), Accept ratio: 0.46622, 
INFO:root:Epoch  2380, Energy: -1.08989e+02 (-1.09005e+02), Variance: 7.96857e-01 (9.65531e-01), Accept ratio: 0.46579, 
INFO:root:Epoch  2381, Energy: -1.08922e+02 (-1.08891e+02), Variance: 8.93910e-01 (1.32949e+00), Accept ratio: 0.47216, 
INFO:root:Epoch  2382, Energy: -1.08948e+02 (-1.08928e+02), Variance: 9.79145e-01 (1.27113e+00), Accept ratio: 0.46921, 
INFO:root:Epoch  2383, Energy: -1.08974e+02 (-1.08980e+02), Variance: 8.87147e-01 (1.46203e+00), Accept ratio: 0.46741, 
INFO:root:Epoch  2384, Energy: -1.08953e+02 (-1.08941e+02), Variance: 8.83552e-01 (1.15919e+00), Accept ratio: 0.46388, 
INFO:root:Epoch  2385, Energy: -1.08948e+02 (-1.08959e+02), Variance: 9.24306e-01 (1.28016e+00), Accept ratio: 0.47117, 
INFO:root:Epoch  2386, Energy: -1.08919e+02 (-1.08897e+02), Variance: 8.50751e-01 (1.24333e+00), Accept ratio: 0.46652, 
INFO:root:Epoch  2387, Energy: -1.08925e+02 (-1.08956e+02), Variance: 9.64805e-01 (3.39497e+00), Accept ratio: 0.47126, 
INFO:root:Epoch  2388, Energy: -1.08966e+02 (-1.08957e+02), Variance: 8.80459e-01 (1.13574e+00), Accept ratio: 0.47327, 
INFO:root:Epoch  2389, Energy: -1.08942e+02 (-1.08930e+02), Variance: 7.83279e-01 (9.85422e-01), Accept ratio: 0.47142, 
INFO:root:Epoch  2390, Energy: -1.08972e+02 (-1.08956e+02), Variance: 8.38050e-01 (1.01284e+00), Accept ratio: 0.47315, 
INFO:root:Epoch  2391, Energy: -1.08927e+02 (-1.08920e+02), Variance: 8.65614e-01 (2.53217e+00), Accept ratio: 0.46956, 
INFO:root:Epoch  2392, Energy: -1.09058e+02 (-1.09083e+02), Variance: 9.35443e-01 (1.36886e+00), Accept ratio: 0.47656, 
INFO:root:Epoch  2393, Energy: -1.08963e+02 (-1.08950e+02), Variance: 8.84099e-01 (1.36435e+00), Accept ratio: 0.46764, 
INFO:root:Epoch  2394, Energy: -1.08932e+02 (-1.08955e+02), Variance: 9.78315e-01 (1.76731e+00), Accept ratio: 0.46536, 
INFO:root:Epoch  2395, Energy: -1.08933e+02 (-1.08936e+02), Variance: 9.29371e-01 (1.02000e+00), Accept ratio: 0.46585, 
INFO:root:Epoch  2396, Energy: -1.08905e+02 (-1.08879e+02), Variance: 9.96061e-01 (1.91194e+00), Accept ratio: 0.46051, 
INFO:root:Epoch  2397, Energy: -1.08976e+02 (-1.08982e+02), Variance: 8.44042e-01 (1.00686e+00), Accept ratio: 0.46891, 
INFO:root:Epoch  2398, Energy: -1.09015e+02 (-1.08998e+02), Variance: 8.59088e-01 (1.18508e+00), Accept ratio: 0.46464, 
INFO:root:Epoch  2399, Energy: -1.08979e+02 (-1.08990e+02), Variance: 8.78143e-01 (1.49560e+00), Accept ratio: 0.46758, 
INFO:root:Epoch  2400, Energy: -1.08970e+02 (-1.08967e+02), Variance: 8.44943e-01 (1.02161e+00), Accept ratio: 0.46822, , best weights saved
INFO:root:Epoch  2401, Energy: -1.08938e+02 (-1.08979e+02), Variance: 9.16560e-01 (2.06710e+00), Accept ratio: 0.46743, 
INFO:root:Epoch  2402, Energy: -1.08974e+02 (-1.08922e+02), Variance: 7.84830e-01 (3.17319e+00), Accept ratio: 0.46095, 
INFO:root:Epoch  2403, Energy: -1.08933e+02 (-1.08934e+02), Variance: 8.33338e-01 (1.02487e+00), Accept ratio: 0.47085, 
INFO:root:Epoch  2404, Energy: -1.08962e+02 (-1.08967e+02), Variance: 7.97404e-01 (9.95887e-01), Accept ratio: 0.47029, 
INFO:root:Epoch  2405, Energy: -1.08959e+02 (-1.08969e+02), Variance: 8.65413e-01 (1.00985e+00), Accept ratio: 0.46524, 
INFO:root:Epoch  2406, Energy: -1.08949e+02 (-1.08926e+02), Variance: 8.62530e-01 (1.65318e+00), Accept ratio: 0.47227, 
INFO:root:Epoch  2407, Energy: -1.08983e+02 (-1.09000e+02), Variance: 8.69748e-01 (1.30715e+00), Accept ratio: 0.47420, 
INFO:root:Epoch  2408, Energy: -1.08968e+02 (-1.08968e+02), Variance: 8.59910e-01 (1.04913e+00), Accept ratio: 0.46784, 
INFO:root:Epoch  2409, Energy: -1.08915e+02 (-1.08879e+02), Variance: 9.60234e-01 (1.73518e+00), Accept ratio: 0.47100, 
INFO:root:Epoch  2410, Energy: -1.08921e+02 (-1.08919e+02), Variance: 7.79675e-01 (9.09951e-01), Accept ratio: 0.46708, 
INFO:root:Epoch  2411, Energy: -1.08960e+02 (-1.08960e+02), Variance: 9.21498e-01 (1.25462e+00), Accept ratio: 0.47126, 
INFO:root:Epoch  2412, Energy: -1.08996e+02 (-1.08982e+02), Variance: 7.98401e-01 (9.60874e-01), Accept ratio: 0.47287, 
INFO:root:Epoch  2413, Energy: -1.08977e+02 (-1.08975e+02), Variance: 9.32788e-01 (1.29040e+00), Accept ratio: 0.46901, 
INFO:root:Epoch  2414, Energy: -1.08946e+02 (-1.08935e+02), Variance: 8.01878e-01 (9.96256e-01), Accept ratio: 0.47220, 
INFO:root:Epoch  2415, Energy: -1.08949e+02 (-1.08944e+02), Variance: 8.30129e-01 (1.10872e+00), Accept ratio: 0.47242, 
INFO:root:Epoch  2416, Energy: -1.08950e+02 (-1.08945e+02), Variance: 8.03490e-01 (8.52330e-01), Accept ratio: 0.47294, 
INFO:root:Epoch  2417, Energy: -1.08988e+02 (-1.08956e+02), Variance: 8.24385e-01 (1.76920e+00), Accept ratio: 0.47375, 
INFO:root:Epoch  2418, Energy: -1.08941e+02 (-1.08916e+02), Variance: 1.01098e+00 (1.46343e+00), Accept ratio: 0.47334, 
INFO:root:Epoch  2419, Energy: -1.09018e+02 (-1.09021e+02), Variance: 9.03277e-01 (1.09207e+00), Accept ratio: 0.46678, 
INFO:root:Epoch  2420, Energy: -1.08940e+02 (-1.08929e+02), Variance: 9.17458e-01 (1.37582e+00), Accept ratio: 0.47400, 
INFO:root:Epoch  2421, Energy: -1.08964e+02 (-1.08946e+02), Variance: 7.82642e-01 (1.35044e+00), Accept ratio: 0.47292, 
INFO:root:Epoch  2422, Energy: -1.08962e+02 (-1.08959e+02), Variance: 8.48132e-01 (9.60173e-01), Accept ratio: 0.46894, 
INFO:root:Epoch  2423, Energy: -1.08941e+02 (-1.08903e+02), Variance: 8.15831e-01 (2.62569e+00), Accept ratio: 0.47365, 
INFO:root:Epoch  2424, Energy: -1.08968e+02 (-1.08969e+02), Variance: 8.27653e-01 (9.48341e-01), Accept ratio: 0.46239, 
INFO:root:Epoch  2425, Energy: -1.08983e+02 (-1.08971e+02), Variance: 8.82148e-01 (1.05768e+00), Accept ratio: 0.46737, 
INFO:root:Epoch  2426, Energy: -1.08949e+02 (-1.08932e+02), Variance: 9.25236e-01 (1.09478e+00), Accept ratio: 0.46800, 
INFO:root:Epoch  2427, Energy: -1.08970e+02 (-1.08971e+02), Variance: 9.46462e-01 (1.08766e+00), Accept ratio: 0.45974, 
INFO:root:Epoch  2428, Energy: -1.08965e+02 (-1.08960e+02), Variance: 9.29480e-01 (1.19727e+00), Accept ratio: 0.47333, 
INFO:root:Epoch  2429, Energy: -1.08970e+02 (-1.08975e+02), Variance: 8.13871e-01 (1.09882e+00), Accept ratio: 0.47508, 
INFO:root:Epoch  2430, Energy: -1.08947e+02 (-1.08962e+02), Variance: 7.70024e-01 (1.14110e+00), Accept ratio: 0.47298, 
INFO:root:Epoch  2431, Energy: -1.08964e+02 (-1.08962e+02), Variance: 9.49250e-01 (1.07296e+00), Accept ratio: 0.47065, 
INFO:root:Epoch  2432, Energy: -1.08970e+02 (-1.08975e+02), Variance: 7.97035e-01 (1.07761e+00), Accept ratio: 0.47373, 
INFO:root:Epoch  2433, Energy: -1.08969e+02 (-1.08978e+02), Variance: 8.59751e-01 (1.00460e+00), Accept ratio: 0.46696, 
INFO:root:Epoch  2434, Energy: -1.08939e+02 (-1.08944e+02), Variance: 8.81658e-01 (9.32497e-01), Accept ratio: 0.46921, 
INFO:root:Epoch  2435, Energy: -1.08982e+02 (-1.08990e+02), Variance: 8.30533e-01 (1.24590e+00), Accept ratio: 0.47266, 
INFO:root:Epoch  2436, Energy: -1.08929e+02 (-1.08921e+02), Variance: 8.24661e-01 (9.13425e-01), Accept ratio: 0.46322, 
INFO:root:Epoch  2437, Energy: -1.08976e+02 (-1.08961e+02), Variance: 7.72812e-01 (1.11752e+00), Accept ratio: 0.47063, 
INFO:root:Epoch  2438, Energy: -1.08961e+02 (-1.08958e+02), Variance: 8.06325e-01 (1.02924e+00), Accept ratio: 0.47050, 
INFO:root:Epoch  2439, Energy: -1.08977e+02 (-1.08964e+02), Variance: 8.79007e-01 (1.19034e+00), Accept ratio: 0.46687, 
INFO:root:Epoch  2440, Energy: -1.08968e+02 (-1.08923e+02), Variance: 9.86500e-01 (1.92987e+00), Accept ratio: 0.47164, 
INFO:root:Epoch  2441, Energy: -1.08981e+02 (-1.08997e+02), Variance: 9.30842e-01 (1.35787e+00), Accept ratio: 0.47113, 
INFO:root:Epoch  2442, Energy: -1.08948e+02 (-1.08956e+02), Variance: 9.37797e-01 (1.32246e+00), Accept ratio: 0.46673, 
INFO:root:Epoch  2443, Energy: -1.08971e+02 (-1.08965e+02), Variance: 8.17386e-01 (8.98950e-01), Accept ratio: 0.47712, 
INFO:root:Epoch  2444, Energy: -1.08962e+02 (-1.08953e+02), Variance: 8.51645e-01 (1.24030e+00), Accept ratio: 0.46941, 
INFO:root:Epoch  2445, Energy: -1.08952e+02 (-1.08956e+02), Variance: 8.66855e-01 (9.79448e-01), Accept ratio: 0.47276, 
INFO:root:Epoch  2446, Energy: -1.08926e+02 (-1.08874e+02), Variance: 1.06026e+00 (2.44499e+00), Accept ratio: 0.47281, 
INFO:root:Epoch  2447, Energy: -1.08955e+02 (-1.08941e+02), Variance: 8.57968e-01 (1.03665e+00), Accept ratio: 0.47187, 
INFO:root:Epoch  2448, Energy: -1.08971e+02 (-1.08958e+02), Variance: 8.40708e-01 (1.04014e+00), Accept ratio: 0.46926, 
INFO:root:Epoch  2449, Energy: -1.08948e+02 (-1.08949e+02), Variance: 8.28077e-01 (9.99917e-01), Accept ratio: 0.46456, 
INFO:root:Epoch  2450, Energy: -1.09004e+02 (-1.09009e+02), Variance: 9.68947e-01 (1.95869e+00), Accept ratio: 0.46833, 
INFO:root:Epoch  2451, Energy: -1.09027e+02 (-1.09023e+02), Variance: 8.38091e-01 (9.99081e-01), Accept ratio: 0.46978, 
INFO:root:Epoch  2452, Energy: -1.08978e+02 (-1.08932e+02), Variance: 9.26941e-01 (4.43078e+00), Accept ratio: 0.47003, 
INFO:root:Epoch  2453, Energy: -1.08942e+02 (-1.08938e+02), Variance: 7.40551e-01 (8.10752e-01), Accept ratio: 0.47241, 
INFO:root:Epoch  2454, Energy: -1.08962e+02 (-1.08942e+02), Variance: 8.71531e-01 (1.78622e+00), Accept ratio: 0.47426, 
INFO:root:Epoch  2455, Energy: -1.08989e+02 (-1.08979e+02), Variance: 7.54982e-01 (8.71224e-01), Accept ratio: 0.47422, 
INFO:root:Epoch  2456, Energy: -1.09004e+02 (-1.09006e+02), Variance: 8.44960e-01 (9.10856e-01), Accept ratio: 0.47703, 
INFO:root:Epoch  2457, Energy: -1.08978e+02 (-1.08964e+02), Variance: 8.53487e-01 (1.02060e+00), Accept ratio: 0.46798, 
INFO:root:Epoch  2458, Energy: -1.08996e+02 (-1.08999e+02), Variance: 8.66739e-01 (9.35766e-01), Accept ratio: 0.46309, 
INFO:root:Epoch  2459, Energy: -1.08958e+02 (-1.08968e+02), Variance: 8.86705e-01 (2.02437e+00), Accept ratio: 0.47448, 
INFO:root:Epoch  2460, Energy: -1.08983e+02 (-1.08950e+02), Variance: 9.09858e-01 (1.37341e+00), Accept ratio: 0.46339, 
INFO:root:Epoch  2461, Energy: -1.08966e+02 (-1.08975e+02), Variance: 8.72482e-01 (1.67563e+00), Accept ratio: 0.47375, 
INFO:root:Epoch  2462, Energy: -1.08976e+02 (-1.08996e+02), Variance: 9.54960e-01 (1.57979e+00), Accept ratio: 0.47307, 
INFO:root:Epoch  2463, Energy: -1.09016e+02 (-1.09024e+02), Variance: 8.82599e-01 (9.68446e-01), Accept ratio: 0.47134, 
INFO:root:Epoch  2464, Energy: -1.09030e+02 (-1.09042e+02), Variance: 9.22206e-01 (1.09237e+00), Accept ratio: 0.46714, 
INFO:root:Epoch  2465, Energy: -1.09012e+02 (-1.09027e+02), Variance: 1.02790e+00 (1.48040e+00), Accept ratio: 0.47982, 
INFO:root:Epoch  2466, Energy: -1.09033e+02 (-1.09040e+02), Variance: 8.45123e-01 (1.00533e+00), Accept ratio: 0.47619, 
INFO:root:Epoch  2467, Energy: -1.09036e+02 (-1.09035e+02), Variance: 9.12894e-01 (1.04982e+00), Accept ratio: 0.46664, 
INFO:root:Epoch  2468, Energy: -1.08994e+02 (-1.08991e+02), Variance: 8.63332e-01 (1.09598e+00), Accept ratio: 0.47103, 
INFO:root:Epoch  2469, Energy: -1.08952e+02 (-1.08947e+02), Variance: 9.41698e-01 (1.29651e+00), Accept ratio: 0.47382, 
INFO:root:Epoch  2470, Energy: -1.08971e+02 (-1.08977e+02), Variance: 8.59497e-01 (1.28132e+00), Accept ratio: 0.46811, 
INFO:root:Epoch  2471, Energy: -1.09032e+02 (-1.09008e+02), Variance: 8.38984e-01 (1.55553e+00), Accept ratio: 0.46598, 
INFO:root:Epoch  2472, Energy: -1.09010e+02 (-1.09043e+02), Variance: 8.23698e-01 (1.76607e+00), Accept ratio: 0.46866, 
INFO:root:Epoch  2473, Energy: -1.08989e+02 (-1.08993e+02), Variance: 8.44287e-01 (1.16195e+00), Accept ratio: 0.47047, 
INFO:root:Epoch  2474, Energy: -1.08990e+02 (-1.08983e+02), Variance: 9.16400e-01 (1.06783e+00), Accept ratio: 0.47245, 
INFO:root:Epoch  2475, Energy: -1.08986e+02 (-1.08991e+02), Variance: 7.96202e-01 (8.93086e-01), Accept ratio: 0.47426, 
INFO:root:Epoch  2476, Energy: -1.08971e+02 (-1.08987e+02), Variance: 8.42147e-01 (1.36097e+00), Accept ratio: 0.47010, 
INFO:root:Epoch  2477, Energy: -1.08943e+02 (-1.08936e+02), Variance: 7.63350e-01 (8.87365e-01), Accept ratio: 0.47199, 
INFO:root:Epoch  2478, Energy: -1.08943e+02 (-1.08931e+02), Variance: 8.34216e-01 (1.09308e+00), Accept ratio: 0.47029, 
INFO:root:Epoch  2479, Energy: -1.08959e+02 (-1.08962e+02), Variance: 9.88239e-01 (1.61237e+00), Accept ratio: 0.47223, 
INFO:root:Epoch  2480, Energy: -1.08959e+02 (-1.08985e+02), Variance: 7.67082e-01 (2.02274e+00), Accept ratio: 0.46667, 
INFO:root:Epoch  2481, Energy: -1.08988e+02 (-1.08986e+02), Variance: 7.76613e-01 (8.31955e-01), Accept ratio: 0.47186, 
INFO:root:Epoch  2482, Energy: -1.09030e+02 (-1.09046e+02), Variance: 9.00909e-01 (1.80611e+00), Accept ratio: 0.47346, 
INFO:root:Epoch  2483, Energy: -1.08951e+02 (-1.08934e+02), Variance: 9.38724e-01 (1.25486e+00), Accept ratio: 0.47332, 
INFO:root:Epoch  2484, Energy: -1.08986e+02 (-1.08987e+02), Variance: 8.96185e-01 (1.06378e+00), Accept ratio: 0.47116, 
INFO:root:Epoch  2485, Energy: -1.08973e+02 (-1.08970e+02), Variance: 8.84099e-01 (1.13024e+00), Accept ratio: 0.46183, 
INFO:root:Epoch  2486, Energy: -1.08953e+02 (-1.08946e+02), Variance: 8.12895e-01 (9.67163e-01), Accept ratio: 0.47424, 
INFO:root:Epoch  2487, Energy: -1.08915e+02 (-1.08879e+02), Variance: 8.73567e-01 (1.47892e+00), Accept ratio: 0.47361, 
INFO:root:Epoch  2488, Energy: -1.08952e+02 (-1.08928e+02), Variance: 9.22421e-01 (1.45444e+00), Accept ratio: 0.46744, 
INFO:root:Epoch  2489, Energy: -1.08984e+02 (-1.08984e+02), Variance: 9.44058e-01 (1.15829e+00), Accept ratio: 0.46886, 
INFO:root:Epoch  2490, Energy: -1.08968e+02 (-1.08963e+02), Variance: 8.83361e-01 (1.65526e+00), Accept ratio: 0.47042, 
INFO:root:Epoch  2491, Energy: -1.08988e+02 (-1.08989e+02), Variance: 9.00900e-01 (1.04523e+00), Accept ratio: 0.47215, 
INFO:root:Epoch  2492, Energy: -1.09006e+02 (-1.09009e+02), Variance: 8.84529e-01 (1.17546e+00), Accept ratio: 0.46979, 
INFO:root:Epoch  2493, Energy: -1.08991e+02 (-1.08992e+02), Variance: 9.60192e-01 (1.14156e+00), Accept ratio: 0.46885, 
INFO:root:Epoch  2494, Energy: -1.08960e+02 (-1.08960e+02), Variance: 8.63534e-01 (1.04901e+00), Accept ratio: 0.46805, 
INFO:root:Epoch  2495, Energy: -1.08996e+02 (-1.08990e+02), Variance: 8.49717e-01 (1.06745e+00), Accept ratio: 0.47406, 
INFO:root:Epoch  2496, Energy: -1.08965e+02 (-1.08974e+02), Variance: 8.37544e-01 (1.01315e+00), Accept ratio: 0.47247, 
INFO:root:Epoch  2497, Energy: -1.08979e+02 (-1.08969e+02), Variance: 1.01378e+00 (1.16551e+00), Accept ratio: 0.46964, 
INFO:root:Epoch  2498, Energy: -1.08986e+02 (-1.08956e+02), Variance: 9.73137e-01 (1.61511e+00), Accept ratio: 0.46113, 
INFO:root:Epoch  2499, Energy: -1.08965e+02 (-1.08961e+02), Variance: 8.68946e-01 (1.12816e+00), Accept ratio: 0.46960, 
INFO:root:Epoch  2500, Energy: -1.08950e+02 (-1.08966e+02), Variance: 8.11898e-01 (2.20689e+00), Accept ratio: 0.46492, , best weights saved
INFO:root:Epoch  2501, Energy: -1.08974e+02 (-1.08991e+02), Variance: 9.20599e-01 (1.58780e+00), Accept ratio: 0.47792, 
INFO:root:Epoch  2502, Energy: -1.08985e+02 (-1.09004e+02), Variance: 9.27307e-01 (1.57057e+00), Accept ratio: 0.47326, 
INFO:root:Epoch  2503, Energy: -1.09023e+02 (-1.09076e+02), Variance: 1.02281e+00 (2.18502e+00), Accept ratio: 0.46511, 
INFO:root:Epoch  2504, Energy: -1.08906e+02 (-1.08906e+02), Variance: 8.74298e-01 (1.06088e+00), Accept ratio: 0.47480, 
INFO:root:Epoch  2505, Energy: -1.08895e+02 (-1.08894e+02), Variance: 8.13948e-01 (9.01792e-01), Accept ratio: 0.47044, 
INFO:root:Epoch  2506, Energy: -1.08913e+02 (-1.08886e+02), Variance: 9.02361e-01 (1.37839e+00), Accept ratio: 0.46998, 
INFO:root:Epoch  2507, Energy: -1.08933e+02 (-1.08923e+02), Variance: 7.94256e-01 (8.96180e-01), Accept ratio: 0.47119, 
INFO:root:Epoch  2508, Energy: -1.08956e+02 (-1.08949e+02), Variance: 9.36794e-01 (1.04781e+00), Accept ratio: 0.47007, 
INFO:root:Epoch  2509, Energy: -1.08998e+02 (-1.09016e+02), Variance: 9.28644e-01 (1.29781e+00), Accept ratio: 0.47442, 
INFO:root:Epoch  2510, Energy: -1.08963e+02 (-1.08995e+02), Variance: 8.94391e-01 (2.48139e+00), Accept ratio: 0.47645, 
INFO:root:Epoch  2511, Energy: -1.08985e+02 (-1.08979e+02), Variance: 8.52114e-01 (9.64855e-01), Accept ratio: 0.47661, 
INFO:root:Epoch  2512, Energy: -1.08952e+02 (-1.08947e+02), Variance: 9.27343e-01 (1.01447e+00), Accept ratio: 0.47317, 
INFO:root:Epoch  2513, Energy: -1.08971e+02 (-1.08960e+02), Variance: 8.81605e-01 (1.08204e+00), Accept ratio: 0.46897, 
INFO:root:Epoch  2514, Energy: -1.09027e+02 (-1.09027e+02), Variance: 9.05372e-01 (1.27187e+00), Accept ratio: 0.47032, 
INFO:root:Epoch  2515, Energy: -1.08976e+02 (-1.08984e+02), Variance: 7.99779e-01 (1.06894e+00), Accept ratio: 0.47452, 
INFO:root:Epoch  2516, Energy: -1.08954e+02 (-1.08943e+02), Variance: 9.12417e-01 (1.05742e+00), Accept ratio: 0.47078, 
INFO:root:Epoch  2517, Energy: -1.08951e+02 (-1.08954e+02), Variance: 9.38182e-01 (1.35820e+00), Accept ratio: 0.47423, 
INFO:root:Epoch  2518, Energy: -1.08965e+02 (-1.08979e+02), Variance: 1.03622e+00 (2.36058e+00), Accept ratio: 0.46733, 
INFO:root:Epoch  2519, Energy: -1.08973e+02 (-1.08981e+02), Variance: 8.56263e-01 (1.36775e+00), Accept ratio: 0.47027, 
INFO:root:Epoch  2520, Energy: -1.08950e+02 (-1.08940e+02), Variance: 8.20864e-01 (1.43507e+00), Accept ratio: 0.46955, 
INFO:root:Epoch  2521, Energy: -1.08968e+02 (-1.08968e+02), Variance: 8.98207e-01 (1.01853e+00), Accept ratio: 0.47072, 
INFO:root:Epoch  2522, Energy: -1.08968e+02 (-1.09001e+02), Variance: 8.96866e-01 (2.56423e+00), Accept ratio: 0.47121, 
INFO:root:Epoch  2523, Energy: -1.09001e+02 (-1.09009e+02), Variance: 9.59466e-01 (1.17498e+00), Accept ratio: 0.46912, 
INFO:root:Epoch  2524, Energy: -1.08968e+02 (-1.08962e+02), Variance: 8.37822e-01 (1.52583e+00), Accept ratio: 0.46761, 
INFO:root:Epoch  2525, Energy: -1.08970e+02 (-1.08982e+02), Variance: 8.30393e-01 (1.37516e+00), Accept ratio: 0.47003, 
INFO:root:Epoch  2526, Energy: -1.08936e+02 (-1.08921e+02), Variance: 8.42542e-01 (1.23906e+00), Accept ratio: 0.46232, 
INFO:root:Epoch  2527, Energy: -1.08984e+02 (-1.08966e+02), Variance: 8.81376e-01 (1.54558e+00), Accept ratio: 0.46320, 
INFO:root:Epoch  2528, Energy: -1.08965e+02 (-1.08962e+02), Variance: 8.76993e-01 (1.15583e+00), Accept ratio: 0.46986, 
INFO:root:Epoch  2529, Energy: -1.08960e+02 (-1.08961e+02), Variance: 7.75252e-01 (9.44449e-01), Accept ratio: 0.46828, 
INFO:root:Epoch  2530, Energy: -1.08945e+02 (-1.08939e+02), Variance: 8.44507e-01 (9.59333e-01), Accept ratio: 0.46928, 
INFO:root:Epoch  2531, Energy: -1.08983e+02 (-1.08941e+02), Variance: 8.57185e-01 (3.26752e+00), Accept ratio: 0.46735, 
INFO:root:Epoch  2532, Energy: -1.08943e+02 (-1.08947e+02), Variance: 8.62318e-01 (1.05257e+00), Accept ratio: 0.47018, 
INFO:root:Epoch  2533, Energy: -1.08943e+02 (-1.08935e+02), Variance: 8.48997e-01 (9.68767e-01), Accept ratio: 0.46843, 
INFO:root:Epoch  2534, Energy: -1.08902e+02 (-1.08889e+02), Variance: 8.67462e-01 (1.40973e+00), Accept ratio: 0.46335, 
INFO:root:Epoch  2535, Energy: -1.08927e+02 (-1.08926e+02), Variance: 9.70999e-01 (1.35165e+00), Accept ratio: 0.46990, 
INFO:root:Epoch  2536, Energy: -1.08968e+02 (-1.08982e+02), Variance: 8.53113e-01 (1.18077e+00), Accept ratio: 0.47310, 
INFO:root:Epoch  2537, Energy: -1.08950e+02 (-1.08996e+02), Variance: 9.47091e-01 (1.92506e+00), Accept ratio: 0.47345, 
INFO:root:Epoch  2538, Energy: -1.09006e+02 (-1.09009e+02), Variance: 9.91887e-01 (2.24815e+00), Accept ratio: 0.46439, 
INFO:root:Epoch  2539, Energy: -1.08939e+02 (-1.08940e+02), Variance: 8.10848e-01 (9.89298e-01), Accept ratio: 0.46345, 
INFO:root:Epoch  2540, Energy: -1.08975e+02 (-1.08992e+02), Variance: 8.44501e-01 (1.22876e+00), Accept ratio: 0.47241, 
INFO:root:Epoch  2541, Energy: -1.09014e+02 (-1.09029e+02), Variance: 7.97769e-01 (9.94219e-01), Accept ratio: 0.46867, 
INFO:root:Epoch  2542, Energy: -1.08990e+02 (-1.08991e+02), Variance: 8.30663e-01 (1.21175e+00), Accept ratio: 0.46505, 
INFO:root:Epoch  2543, Energy: -1.08944e+02 (-1.08970e+02), Variance: 8.67409e-01 (1.78869e+00), Accept ratio: 0.46533, 
INFO:root:Epoch  2544, Energy: -1.08953e+02 (-1.08954e+02), Variance: 9.16994e-01 (1.16336e+00), Accept ratio: 0.47240, 
INFO:root:Epoch  2545, Energy: -1.08951e+02 (-1.08938e+02), Variance: 8.17925e-01 (1.27165e+00), Accept ratio: 0.47063, 
INFO:root:Epoch  2546, Energy: -1.08947e+02 (-1.08940e+02), Variance: 9.20340e-01 (1.25848e+00), Accept ratio: 0.47288, 
INFO:root:Epoch  2547, Energy: -1.08972e+02 (-1.08971e+02), Variance: 8.26472e-01 (9.18385e-01), Accept ratio: 0.47307, 
INFO:root:Epoch  2548, Energy: -1.08965e+02 (-1.08973e+02), Variance: 8.08962e-01 (9.77068e-01), Accept ratio: 0.47004, 
INFO:root:Epoch  2549, Energy: -1.08937e+02 (-1.08947e+02), Variance: 7.83642e-01 (1.35705e+00), Accept ratio: 0.47206, 
INFO:root:Epoch  2550, Energy: -1.08946e+02 (-1.08953e+02), Variance: 8.90983e-01 (1.09354e+00), Accept ratio: 0.47325, 
INFO:root:Epoch  2551, Energy: -1.08930e+02 (-1.08929e+02), Variance: 8.06672e-01 (9.95808e-01), Accept ratio: 0.46558, 
INFO:root:Epoch  2552, Energy: -1.08915e+02 (-1.08906e+02), Variance: 9.52107e-01 (1.20405e+00), Accept ratio: 0.47243, 
INFO:root:Epoch  2553, Energy: -1.08998e+02 (-1.09005e+02), Variance: 8.73360e-01 (1.02383e+00), Accept ratio: 0.46613, 
INFO:root:Epoch  2554, Energy: -1.08970e+02 (-1.08959e+02), Variance: 7.90477e-01 (1.01230e+00), Accept ratio: 0.47490, 
INFO:root:Epoch  2555, Energy: -1.09019e+02 (-1.09030e+02), Variance: 8.84026e-01 (1.56597e+00), Accept ratio: 0.47103, 
INFO:root:Epoch  2556, Energy: -1.09026e+02 (-1.09060e+02), Variance: 8.25831e-01 (2.10334e+00), Accept ratio: 0.47598, 
INFO:root:Epoch  2557, Energy: -1.08982e+02 (-1.08934e+02), Variance: 7.94351e-01 (3.54953e+00), Accept ratio: 0.46167, 
INFO:root:Epoch  2558, Energy: -1.08982e+02 (-1.08989e+02), Variance: 8.79904e-01 (1.72293e+00), Accept ratio: 0.47424, 
INFO:root:Epoch  2559, Energy: -1.09000e+02 (-1.08992e+02), Variance: 8.79380e-01 (1.19032e+00), Accept ratio: 0.46365, 
INFO:root:Epoch  2560, Energy: -1.08947e+02 (-1.08936e+02), Variance: 7.93623e-01 (1.01998e+00), Accept ratio: 0.46218, 
INFO:root:Epoch  2561, Energy: -1.08997e+02 (-1.08990e+02), Variance: 7.85170e-01 (1.32043e+00), Accept ratio: 0.46800, 
INFO:root:Epoch  2562, Energy: -1.08987e+02 (-1.08981e+02), Variance: 8.06692e-01 (9.47281e-01), Accept ratio: 0.47567, 
INFO:root:Epoch  2563, Energy: -1.08997e+02 (-1.08984e+02), Variance: 9.09657e-01 (1.43123e+00), Accept ratio: 0.46819, 
INFO:root:Epoch  2564, Energy: -1.08947e+02 (-1.08942e+02), Variance: 8.24017e-01 (9.63935e-01), Accept ratio: 0.46671, 
INFO:root:Epoch  2565, Energy: -1.08975e+02 (-1.08964e+02), Variance: 8.78122e-01 (1.07904e+00), Accept ratio: 0.46607, 
INFO:root:Epoch  2566, Energy: -1.08954e+02 (-1.08926e+02), Variance: 8.22159e-01 (2.21222e+00), Accept ratio: 0.46473, 
INFO:root:Epoch  2567, Energy: -1.08956e+02 (-1.08925e+02), Variance: 9.48201e-01 (1.92849e+00), Accept ratio: 0.46647, 
INFO:root:Epoch  2568, Energy: -1.09003e+02 (-1.08997e+02), Variance: 8.80648e-01 (1.00075e+00), Accept ratio: 0.47168, 
INFO:root:Epoch  2569, Energy: -1.08994e+02 (-1.08987e+02), Variance: 7.99689e-01 (1.21713e+00), Accept ratio: 0.46986, 
INFO:root:Epoch  2570, Energy: -1.08986e+02 (-1.08971e+02), Variance: 7.46668e-01 (1.60245e+00), Accept ratio: 0.47560, 
INFO:root:Epoch  2571, Energy: -1.09002e+02 (-1.09023e+02), Variance: 6.85310e-01 (1.10793e+00), Accept ratio: 0.46602, 
INFO:root:Epoch  2572, Energy: -1.08986e+02 (-1.08991e+02), Variance: 7.40190e-01 (8.26597e-01), Accept ratio: 0.47605, 
INFO:root:Epoch  2573, Energy: -1.09004e+02 (-1.09003e+02), Variance: 7.78802e-01 (8.16674e-01), Accept ratio: 0.46613, 
INFO:root:Epoch  2574, Energy: -1.08978e+02 (-1.08983e+02), Variance: 8.08020e-01 (9.65951e-01), Accept ratio: 0.47419, 
INFO:root:Epoch  2575, Energy: -1.08961e+02 (-1.08953e+02), Variance: 9.40055e-01 (1.26914e+00), Accept ratio: 0.46664, 
INFO:root:Epoch  2576, Energy: -1.08963e+02 (-1.08979e+02), Variance: 7.85114e-01 (1.42998e+00), Accept ratio: 0.47642, 
INFO:root:Epoch  2577, Energy: -1.08953e+02 (-1.08949e+02), Variance: 7.97286e-01 (8.79776e-01), Accept ratio: 0.46809, 
INFO:root:Epoch  2578, Energy: -1.08977e+02 (-1.08972e+02), Variance: 8.76355e-01 (1.18114e+00), Accept ratio: 0.47191, 
INFO:root:Epoch  2579, Energy: -1.08967e+02 (-1.08971e+02), Variance: 7.89045e-01 (8.68285e-01), Accept ratio: 0.47421, 
INFO:root:Epoch  2580, Energy: -1.08973e+02 (-1.08980e+02), Variance: 8.72866e-01 (1.15649e+00), Accept ratio: 0.46519, 
INFO:root:Epoch  2581, Energy: -1.09011e+02 (-1.09019e+02), Variance: 8.90043e-01 (1.13232e+00), Accept ratio: 0.46859, 
INFO:root:Epoch  2582, Energy: -1.09050e+02 (-1.09050e+02), Variance: 8.67342e-01 (1.54838e+00), Accept ratio: 0.46318, 
INFO:root:Epoch  2583, Energy: -1.09006e+02 (-1.09004e+02), Variance: 8.78408e-01 (1.70470e+00), Accept ratio: 0.46424, 
INFO:root:Epoch  2584, Energy: -1.08994e+02 (-1.08993e+02), Variance: 8.72209e-01 (1.01383e+00), Accept ratio: 0.46652, 
INFO:root:Epoch  2585, Energy: -1.08954e+02 (-1.08968e+02), Variance: 7.78669e-01 (1.12963e+00), Accept ratio: 0.47413, 
INFO:root:Epoch  2586, Energy: -1.08955e+02 (-1.08958e+02), Variance: 8.96677e-01 (1.13824e+00), Accept ratio: 0.46721, 
INFO:root:Epoch  2587, Energy: -1.08954e+02 (-1.08931e+02), Variance: 8.60119e-01 (1.82485e+00), Accept ratio: 0.47280, 
INFO:root:Epoch  2588, Energy: -1.09035e+02 (-1.09049e+02), Variance: 8.82835e-01 (1.36313e+00), Accept ratio: 0.47227, 
INFO:root:Epoch  2589, Energy: -1.08994e+02 (-1.08960e+02), Variance: 9.29171e-01 (1.92048e+00), Accept ratio: 0.47134, 
INFO:root:Epoch  2590, Energy: -1.09048e+02 (-1.09024e+02), Variance: 8.48398e-01 (1.77806e+00), Accept ratio: 0.46379, 
INFO:root:Epoch  2591, Energy: -1.08993e+02 (-1.08988e+02), Variance: 7.84655e-01 (1.03103e+00), Accept ratio: 0.47117, 
INFO:root:Epoch  2592, Energy: -1.08965e+02 (-1.08953e+02), Variance: 8.45503e-01 (1.12089e+00), Accept ratio: 0.47206, 
INFO:root:Epoch  2593, Energy: -1.09024e+02 (-1.09025e+02), Variance: 7.23302e-01 (8.33310e-01), Accept ratio: 0.47319, 
INFO:root:Epoch  2594, Energy: -1.08937e+02 (-1.08940e+02), Variance: 8.74250e-01 (1.09770e+00), Accept ratio: 0.47856, 
INFO:root:Epoch  2595, Energy: -1.08981e+02 (-1.08977e+02), Variance: 8.88879e-01 (1.40470e+00), Accept ratio: 0.47154, 
INFO:root:Epoch  2596, Energy: -1.08960e+02 (-1.08975e+02), Variance: 8.61060e-01 (1.45897e+00), Accept ratio: 0.47040, 
INFO:root:Epoch  2597, Energy: -1.08961e+02 (-1.08950e+02), Variance: 8.59194e-01 (1.17638e+00), Accept ratio: 0.47349, 
INFO:root:Epoch  2598, Energy: -1.08980e+02 (-1.08970e+02), Variance: 8.68796e-01 (1.24825e+00), Accept ratio: 0.47060, 
INFO:root:Epoch  2599, Energy: -1.08971e+02 (-1.08948e+02), Variance: 7.77253e-01 (1.16340e+00), Accept ratio: 0.47498, 
INFO:root:Epoch  2600, Energy: -1.08986e+02 (-1.09016e+02), Variance: 8.81520e-01 (1.29010e+00), Accept ratio: 0.47096, , best weights saved
INFO:root:Epoch  2601, Energy: -1.08909e+02 (-1.08880e+02), Variance: 8.80028e-01 (1.42751e+00), Accept ratio: 0.47616, 
INFO:root:Epoch  2602, Energy: -1.08990e+02 (-1.08993e+02), Variance: 8.47044e-01 (1.17787e+00), Accept ratio: 0.46950, 
INFO:root:Epoch  2603, Energy: -1.08974e+02 (-1.08974e+02), Variance: 8.45780e-01 (9.93404e-01), Accept ratio: 0.47134, 
INFO:root:Epoch  2604, Energy: -1.08975e+02 (-1.08987e+02), Variance: 8.09363e-01 (1.02291e+00), Accept ratio: 0.46531, 
INFO:root:Epoch  2605, Energy: -1.08992e+02 (-1.08996e+02), Variance: 8.53836e-01 (1.23189e+00), Accept ratio: 0.46507, 
INFO:root:Epoch  2606, Energy: -1.08985e+02 (-1.09006e+02), Variance: 8.93511e-01 (1.31210e+00), Accept ratio: 0.47173, 
INFO:root:Epoch  2607, Energy: -1.08990e+02 (-1.08990e+02), Variance: 7.83248e-01 (8.54383e-01), Accept ratio: 0.47137, 
INFO:root:Epoch  2608, Energy: -1.08963e+02 (-1.08945e+02), Variance: 7.65104e-01 (1.13799e+00), Accept ratio: 0.47168, 
INFO:root:Epoch  2609, Energy: -1.08992e+02 (-1.09010e+02), Variance: 9.13352e-01 (1.38810e+00), Accept ratio: 0.47196, 
INFO:root:Epoch  2610, Energy: -1.08971e+02 (-1.08970e+02), Variance: 8.84320e-01 (1.18472e+00), Accept ratio: 0.47373, 
INFO:root:Epoch  2611, Energy: -1.08985e+02 (-1.08980e+02), Variance: 7.30089e-01 (9.13573e-01), Accept ratio: 0.47031, 
INFO:root:Epoch  2612, Energy: -1.09002e+02 (-1.09011e+02), Variance: 8.81393e-01 (1.16395e+00), Accept ratio: 0.46425, 
INFO:root:Epoch  2613, Energy: -1.09006e+02 (-1.09008e+02), Variance: 8.92965e-01 (1.35626e+00), Accept ratio: 0.46948, 
INFO:root:Epoch  2614, Energy: -1.08943e+02 (-1.08928e+02), Variance: 8.18113e-01 (1.01463e+00), Accept ratio: 0.46984, 
INFO:root:Epoch  2615, Energy: -1.08991e+02 (-1.08997e+02), Variance: 7.48982e-01 (8.67983e-01), Accept ratio: 0.46941, 
INFO:root:Epoch  2616, Energy: -1.08960e+02 (-1.08982e+02), Variance: 8.00459e-01 (1.22449e+00), Accept ratio: 0.46972, 
INFO:root:Epoch  2617, Energy: -1.08912e+02 (-1.08921e+02), Variance: 9.66938e-01 (1.68260e+00), Accept ratio: 0.46975, 
INFO:root:Epoch  2618, Energy: -1.08933e+02 (-1.08909e+02), Variance: 8.51153e-01 (2.00393e+00), Accept ratio: 0.47147, 
INFO:root:Epoch  2619, Energy: -1.08932e+02 (-1.08943e+02), Variance: 8.13693e-01 (1.10468e+00), Accept ratio: 0.47026, 
INFO:root:Epoch  2620, Energy: -1.08984e+02 (-1.08987e+02), Variance: 8.54302e-01 (1.01462e+00), Accept ratio: 0.47118, 
INFO:root:Epoch  2621, Energy: -1.08925e+02 (-1.08917e+02), Variance: 8.94787e-01 (1.30539e+00), Accept ratio: 0.47155, 
INFO:root:Epoch  2622, Energy: -1.08942e+02 (-1.08946e+02), Variance: 8.11739e-01 (9.39722e-01), Accept ratio: 0.46919, 
INFO:root:Epoch  2623, Energy: -1.08970e+02 (-1.08964e+02), Variance: 9.24958e-01 (1.09868e+00), Accept ratio: 0.47498, 
INFO:root:Epoch  2624, Energy: -1.09028e+02 (-1.09042e+02), Variance: 8.95152e-01 (1.18174e+00), Accept ratio: 0.46994, 
INFO:root:Epoch  2625, Energy: -1.08996e+02 (-1.08979e+02), Variance: 9.57728e-01 (2.68306e+00), Accept ratio: 0.46622, 
INFO:root:Epoch  2626, Energy: -1.08987e+02 (-1.08983e+02), Variance: 8.86322e-01 (1.04163e+00), Accept ratio: 0.46271, 
INFO:root:Epoch  2627, Energy: -1.08978e+02 (-1.08978e+02), Variance: 9.10564e-01 (1.11344e+00), Accept ratio: 0.46378, 
INFO:root:Epoch  2628, Energy: -1.09016e+02 (-1.08994e+02), Variance: 7.97755e-01 (1.64420e+00), Accept ratio: 0.47014, 
INFO:root:Epoch  2629, Energy: -1.09044e+02 (-1.09036e+02), Variance: 9.39984e-01 (1.61573e+00), Accept ratio: 0.47482, 
INFO:root:Epoch  2630, Energy: -1.08960e+02 (-1.08957e+02), Variance: 8.11464e-01 (1.01410e+00), Accept ratio: 0.47181, 
INFO:root:Epoch  2631, Energy: -1.08993e+02 (-1.08985e+02), Variance: 8.76358e-01 (1.02832e+00), Accept ratio: 0.46811, 
INFO:root:Epoch  2632, Energy: -1.08978e+02 (-1.08966e+02), Variance: 9.07751e-01 (1.20950e+00), Accept ratio: 0.47489, 
INFO:root:Epoch  2633, Energy: -1.09019e+02 (-1.09032e+02), Variance: 8.98464e-01 (1.16310e+00), Accept ratio: 0.47423, 
INFO:root:Epoch  2634, Energy: -1.08929e+02 (-1.08935e+02), Variance: 8.73513e-01 (1.09361e+00), Accept ratio: 0.46596, 
INFO:root:Epoch  2635, Energy: -1.08974e+02 (-1.08972e+02), Variance: 8.55480e-01 (1.03606e+00), Accept ratio: 0.46579, 
INFO:root:Epoch  2636, Energy: -1.08978e+02 (-1.08947e+02), Variance: 9.25362e-01 (1.56446e+00), Accept ratio: 0.47317, 
INFO:root:Epoch  2637, Energy: -1.08960e+02 (-1.08957e+02), Variance: 8.74241e-01 (1.12102e+00), Accept ratio: 0.47264, 
INFO:root:Epoch  2638, Energy: -1.08963e+02 (-1.08956e+02), Variance: 1.03395e+00 (1.48871e+00), Accept ratio: 0.47105, 
INFO:root:Epoch  2639, Energy: -1.09001e+02 (-1.08982e+02), Variance: 8.71319e-01 (1.22276e+00), Accept ratio: 0.46703, 
INFO:root:Epoch  2640, Energy: -1.08928e+02 (-1.08934e+02), Variance: 8.28516e-01 (1.01703e+00), Accept ratio: 0.46931, 
INFO:root:Epoch  2641, Energy: -1.08911e+02 (-1.08906e+02), Variance: 7.97856e-01 (8.66573e-01), Accept ratio: 0.46646, 
INFO:root:Epoch  2642, Energy: -1.08947e+02 (-1.08927e+02), Variance: 8.56113e-01 (1.91965e+00), Accept ratio: 0.46882, 
INFO:root:Epoch  2643, Energy: -1.08945e+02 (-1.08933e+02), Variance: 7.77787e-01 (1.15389e+00), Accept ratio: 0.47143, 
INFO:root:Epoch  2644, Energy: -1.08966e+02 (-1.08975e+02), Variance: 8.50105e-01 (1.48187e+00), Accept ratio: 0.46475, 
INFO:root:Epoch  2645, Energy: -1.08908e+02 (-1.08919e+02), Variance: 9.38558e-01 (1.20404e+00), Accept ratio: 0.47323, 
INFO:root:Epoch  2646, Energy: -1.08933e+02 (-1.08903e+02), Variance: 9.23946e-01 (1.54186e+00), Accept ratio: 0.46824, 
INFO:root:Epoch  2647, Energy: -1.08966e+02 (-1.08957e+02), Variance: 7.96864e-01 (9.89188e-01), Accept ratio: 0.46409, 
INFO:root:Epoch  2648, Energy: -1.08934e+02 (-1.08885e+02), Variance: 9.69840e-01 (2.23383e+00), Accept ratio: 0.46715, 
INFO:root:Epoch  2649, Energy: -1.08971e+02 (-1.08955e+02), Variance: 9.26978e-01 (1.61701e+00), Accept ratio: 0.46352, 
INFO:root:Epoch  2650, Energy: -1.08929e+02 (-1.08920e+02), Variance: 9.08634e-01 (1.58489e+00), Accept ratio: 0.46698, 
INFO:root:Epoch  2651, Energy: -1.08929e+02 (-1.08892e+02), Variance: 8.43624e-01 (2.04074e+00), Accept ratio: 0.46600, 
INFO:root:Epoch  2652, Energy: -1.09004e+02 (-1.08977e+02), Variance: 1.05610e+00 (2.22344e+00), Accept ratio: 0.46486, 
INFO:root:Epoch  2653, Energy: -1.08966e+02 (-1.08934e+02), Variance: 9.34173e-01 (1.81469e+00), Accept ratio: 0.46634, 
INFO:root:Epoch  2654, Energy: -1.08963e+02 (-1.08974e+02), Variance: 8.86972e-01 (1.05961e+00), Accept ratio: 0.46422, 
INFO:root:Epoch  2655, Energy: -1.08982e+02 (-1.09002e+02), Variance: 9.39902e-01 (1.39233e+00), Accept ratio: 0.46861, 
INFO:root:Epoch  2656, Energy: -1.08996e+02 (-1.08989e+02), Variance: 8.45162e-01 (9.96728e-01), Accept ratio: 0.46729, 
INFO:root:Epoch  2657, Energy: -1.08940e+02 (-1.08960e+02), Variance: 9.46737e-01 (1.35442e+00), Accept ratio: 0.46969, 
INFO:root:Epoch  2658, Energy: -1.08940e+02 (-1.08937e+02), Variance: 8.77129e-01 (1.07737e+00), Accept ratio: 0.46789, 
INFO:root:Epoch  2659, Energy: -1.08952e+02 (-1.08967e+02), Variance: 9.24010e-01 (1.59300e+00), Accept ratio: 0.47109, 
INFO:root:Epoch  2660, Energy: -1.08972e+02 (-1.08973e+02), Variance: 7.81790e-01 (9.00472e-01), Accept ratio: 0.46240, 
INFO:root:Epoch  2661, Energy: -1.08982e+02 (-1.08997e+02), Variance: 8.45735e-01 (1.05982e+00), Accept ratio: 0.46570, 
INFO:root:Epoch  2662, Energy: -1.08959e+02 (-1.08961e+02), Variance: 9.66870e-01 (1.54084e+00), Accept ratio: 0.46706, 
INFO:root:Epoch  2663, Energy: -1.08971e+02 (-1.08962e+02), Variance: 8.43328e-01 (1.38725e+00), Accept ratio: 0.46409, 
INFO:root:Epoch  2664, Energy: -1.08984e+02 (-1.08980e+02), Variance: 8.49872e-01 (1.14708e+00), Accept ratio: 0.47091, 
INFO:root:Epoch  2665, Energy: -1.08951e+02 (-1.08991e+02), Variance: 8.05431e-01 (2.76930e+00), Accept ratio: 0.46769, 
INFO:root:Epoch  2666, Energy: -1.08993e+02 (-1.08996e+02), Variance: 8.41809e-01 (9.19011e-01), Accept ratio: 0.47111, 
INFO:root:Epoch  2667, Energy: -1.08970e+02 (-1.08963e+02), Variance: 9.31522e-01 (1.36124e+00), Accept ratio: 0.46462, 
INFO:root:Epoch  2668, Energy: -1.08964e+02 (-1.08982e+02), Variance: 8.85311e-01 (1.50093e+00), Accept ratio: 0.47382, 
INFO:root:Epoch  2669, Energy: -1.09018e+02 (-1.09056e+02), Variance: 9.96866e-01 (2.42369e+00), Accept ratio: 0.46813, 
INFO:root:Epoch  2670, Energy: -1.08997e+02 (-1.09017e+02), Variance: 8.96398e-01 (1.55676e+00), Accept ratio: 0.46944, 
INFO:root:Epoch  2671, Energy: -1.08990e+02 (-1.08970e+02), Variance: 8.27147e-01 (1.28669e+00), Accept ratio: 0.46500, 
INFO:root:Epoch  2672, Energy: -1.08993e+02 (-1.09001e+02), Variance: 9.60078e-01 (1.32660e+00), Accept ratio: 0.46887, 
INFO:root:Epoch  2673, Energy: -1.08961e+02 (-1.08970e+02), Variance: 8.43986e-01 (9.68286e-01), Accept ratio: 0.47184, 
INFO:root:Epoch  2674, Energy: -1.08996e+02 (-1.09000e+02), Variance: 8.30193e-01 (1.16932e+00), Accept ratio: 0.47002, 
INFO:root:Epoch  2675, Energy: -1.09036e+02 (-1.09018e+02), Variance: 8.93071e-01 (1.38465e+00), Accept ratio: 0.47050, 
INFO:root:Epoch  2676, Energy: -1.09079e+02 (-1.09100e+02), Variance: 1.01148e+00 (1.51744e+00), Accept ratio: 0.47242, 
INFO:root:Epoch  2677, Energy: -1.08980e+02 (-1.08989e+02), Variance: 8.40328e-01 (1.18418e+00), Accept ratio: 0.47267, 
INFO:root:Epoch  2678, Energy: -1.08992e+02 (-1.09000e+02), Variance: 9.18851e-01 (1.15743e+00), Accept ratio: 0.47280, 
INFO:root:Epoch  2679, Energy: -1.08995e+02 (-1.09004e+02), Variance: 8.31803e-01 (1.36006e+00), Accept ratio: 0.47080, 
INFO:root:Epoch  2680, Energy: -1.09018e+02 (-1.09003e+02), Variance: 8.32551e-01 (1.22200e+00), Accept ratio: 0.45845, 
INFO:root:Epoch  2681, Energy: -1.08961e+02 (-1.08958e+02), Variance: 7.54620e-01 (8.35808e-01), Accept ratio: 0.47186, 
INFO:root:Epoch  2682, Energy: -1.08964e+02 (-1.08931e+02), Variance: 9.13239e-01 (2.73378e+00), Accept ratio: 0.46897, 
INFO:root:Epoch  2683, Energy: -1.08980e+02 (-1.09020e+02), Variance: 8.70388e-01 (3.85822e+00), Accept ratio: 0.47021, 
INFO:root:Epoch  2684, Energy: -1.08953e+02 (-1.08933e+02), Variance: 8.86123e-01 (1.56321e+00), Accept ratio: 0.47359, 
INFO:root:Epoch  2685, Energy: -1.08951e+02 (-1.08960e+02), Variance: 9.39603e-01 (1.17150e+00), Accept ratio: 0.46497, 
INFO:root:Epoch  2686, Energy: -1.08969e+02 (-1.08963e+02), Variance: 8.79646e-01 (1.00313e+00), Accept ratio: 0.46405, 
INFO:root:Epoch  2687, Energy: -1.08995e+02 (-1.08999e+02), Variance: 8.31825e-01 (9.31847e-01), Accept ratio: 0.46172, 
INFO:root:Epoch  2688, Energy: -1.09025e+02 (-1.08976e+02), Variance: 8.42063e-01 (2.94314e+00), Accept ratio: 0.46513, 
INFO:root:Epoch  2689, Energy: -1.09015e+02 (-1.09024e+02), Variance: 8.28117e-01 (9.53059e-01), Accept ratio: 0.46864, 
INFO:root:Epoch  2690, Energy: -1.08969e+02 (-1.08971e+02), Variance: 9.21759e-01 (1.13848e+00), Accept ratio: 0.47498, 
INFO:root:Epoch  2691, Energy: -1.08979e+02 (-1.08986e+02), Variance: 8.70278e-01 (1.02190e+00), Accept ratio: 0.47021, 
INFO:root:Epoch  2692, Energy: -1.09011e+02 (-1.09023e+02), Variance: 8.16119e-01 (1.09352e+00), Accept ratio: 0.46368, 
INFO:root:Epoch  2693, Energy: -1.08994e+02 (-1.08999e+02), Variance: 8.74604e-01 (9.35263e-01), Accept ratio: 0.46509, 
INFO:root:Epoch  2694, Energy: -1.08949e+02 (-1.08953e+02), Variance: 9.22151e-01 (1.24521e+00), Accept ratio: 0.46878, 
INFO:root:Epoch  2695, Energy: -1.08972e+02 (-1.08989e+02), Variance: 8.37737e-01 (1.18625e+00), Accept ratio: 0.46778, 
INFO:root:Epoch  2696, Energy: -1.08971e+02 (-1.08942e+02), Variance: 8.23738e-01 (1.25861e+00), Accept ratio: 0.47050, 
INFO:root:Epoch  2697, Energy: -1.09037e+02 (-1.09042e+02), Variance: 7.89761e-01 (9.56377e-01), Accept ratio: 0.46473, 
INFO:root:Epoch  2698, Energy: -1.08968e+02 (-1.08969e+02), Variance: 7.38133e-01 (8.23815e-01), Accept ratio: 0.46252, 
INFO:root:Epoch  2699, Energy: -1.08967e+02 (-1.09025e+02), Variance: 8.50076e-01 (5.51662e+00), Accept ratio: 0.46679, 
INFO:root:Epoch  2700, Energy: -1.08979e+02 (-1.08985e+02), Variance: 8.66917e-01 (1.02766e+00), Accept ratio: 0.46488, , best weights saved
INFO:root:Epoch  2701, Energy: -1.08996e+02 (-1.08969e+02), Variance: 8.57772e-01 (1.95506e+00), Accept ratio: 0.46199, 
INFO:root:Epoch  2702, Energy: -1.08946e+02 (-1.08928e+02), Variance: 8.41992e-01 (1.27153e+00), Accept ratio: 0.47313, 
INFO:root:Epoch  2703, Energy: -1.08983e+02 (-1.08964e+02), Variance: 7.65254e-01 (1.24662e+00), Accept ratio: 0.46738, 
INFO:root:Epoch  2704, Energy: -1.09012e+02 (-1.09014e+02), Variance: 8.81103e-01 (1.05760e+00), Accept ratio: 0.47215, 
INFO:root:Epoch  2705, Energy: -1.08975e+02 (-1.08989e+02), Variance: 9.03684e-01 (3.13169e+00), Accept ratio: 0.47290, 
INFO:root:Epoch  2706, Energy: -1.08960e+02 (-1.08959e+02), Variance: 8.65870e-01 (1.11896e+00), Accept ratio: 0.46992, 
INFO:root:Epoch  2707, Energy: -1.09020e+02 (-1.09032e+02), Variance: 8.35055e-01 (1.59913e+00), Accept ratio: 0.46874, 
INFO:root:Epoch  2708, Energy: -1.09012e+02 (-1.09020e+02), Variance: 8.22813e-01 (8.90521e-01), Accept ratio: 0.46876, 
INFO:root:Epoch  2709, Energy: -1.08996e+02 (-1.08999e+02), Variance: 9.02381e-01 (1.23703e+00), Accept ratio: 0.47154, 
INFO:root:Epoch  2710, Energy: -1.09002e+02 (-1.08993e+02), Variance: 8.46164e-01 (9.80527e-01), Accept ratio: 0.46444, 
INFO:root:Epoch  2711, Energy: -1.09004e+02 (-1.09002e+02), Variance: 7.56815e-01 (1.66515e+00), Accept ratio: 0.47177, 
INFO:root:Epoch  2712, Energy: -1.08948e+02 (-1.08947e+02), Variance: 8.11364e-01 (1.17756e+00), Accept ratio: 0.47710, 
INFO:root:Epoch  2713, Energy: -1.08977e+02 (-1.08965e+02), Variance: 9.31270e-01 (1.19112e+00), Accept ratio: 0.46902, 
INFO:root:Epoch  2714, Energy: -1.08970e+02 (-1.08931e+02), Variance: 9.32710e-01 (2.39891e+00), Accept ratio: 0.46678, 
INFO:root:Epoch  2715, Energy: -1.08963e+02 (-1.08955e+02), Variance: 1.02597e+00 (1.24753e+00), Accept ratio: 0.46827, 
INFO:root:Epoch  2716, Energy: -1.08925e+02 (-1.08921e+02), Variance: 9.58818e-01 (1.05967e+00), Accept ratio: 0.46876, 
INFO:root:Epoch  2717, Energy: -1.08921e+02 (-1.08914e+02), Variance: 9.74308e-01 (1.21008e+00), Accept ratio: 0.47034, 
INFO:root:Epoch  2718, Energy: -1.08926e+02 (-1.08914e+02), Variance: 7.70884e-01 (1.59882e+00), Accept ratio: 0.47059, 
INFO:root:Epoch  2719, Energy: -1.08900e+02 (-1.08892e+02), Variance: 8.30777e-01 (1.02201e+00), Accept ratio: 0.47166, 
INFO:root:Epoch  2720, Energy: -1.08943e+02 (-1.08943e+02), Variance: 8.28289e-01 (8.94691e-01), Accept ratio: 0.47165, 
INFO:root:Epoch  2721, Energy: -1.08953e+02 (-1.08936e+02), Variance: 7.96295e-01 (1.09885e+00), Accept ratio: 0.47111, 
INFO:root:Epoch  2722, Energy: -1.08921e+02 (-1.08891e+02), Variance: 8.94699e-01 (1.75243e+00), Accept ratio: 0.47206, 
INFO:root:Epoch  2723, Energy: -1.09000e+02 (-1.08999e+02), Variance: 7.91704e-01 (8.25258e-01), Accept ratio: 0.46416, 
INFO:root:Epoch  2724, Energy: -1.08955e+02 (-1.08899e+02), Variance: 8.32203e-01 (2.42245e+00), Accept ratio: 0.46711, 
INFO:root:Epoch  2725, Energy: -1.08989e+02 (-1.08984e+02), Variance: 8.57385e-01 (9.78351e-01), Accept ratio: 0.46767, 
INFO:root:Epoch  2726, Energy: -1.08990e+02 (-1.08995e+02), Variance: 8.90158e-01 (1.06451e+00), Accept ratio: 0.46254, 
INFO:root:Epoch  2727, Energy: -1.09051e+02 (-1.09068e+02), Variance: 8.54223e-01 (1.33219e+00), Accept ratio: 0.46768, 
INFO:root:Epoch  2728, Energy: -1.08983e+02 (-1.08969e+02), Variance: 8.72451e-01 (1.16419e+00), Accept ratio: 0.46815, 
INFO:root:Epoch  2729, Energy: -1.09014e+02 (-1.09018e+02), Variance: 8.77590e-01 (9.27236e-01), Accept ratio: 0.47015, 
INFO:root:Epoch  2730, Energy: -1.08959e+02 (-1.08961e+02), Variance: 8.81524e-01 (1.11866e+00), Accept ratio: 0.46540, 
INFO:root:Epoch  2731, Energy: -1.08956e+02 (-1.08961e+02), Variance: 7.37780e-01 (9.57969e-01), Accept ratio: 0.46148, 
INFO:root:Epoch  2732, Energy: -1.08975e+02 (-1.08966e+02), Variance: 8.83954e-01 (1.19983e+00), Accept ratio: 0.47100, 
INFO:root:Epoch  2733, Energy: -1.09004e+02 (-1.09003e+02), Variance: 8.49620e-01 (1.25824e+00), Accept ratio: 0.46832, 
INFO:root:Epoch  2734, Energy: -1.08956e+02 (-1.08946e+02), Variance: 8.05926e-01 (9.38094e-01), Accept ratio: 0.46841, 
INFO:root:Epoch  2735, Energy: -1.08959e+02 (-1.08951e+02), Variance: 9.29911e-01 (1.19381e+00), Accept ratio: 0.47076, 
INFO:root:Epoch  2736, Energy: -1.08960e+02 (-1.08958e+02), Variance: 8.73347e-01 (1.12442e+00), Accept ratio: 0.47044, 
INFO:root:Epoch  2737, Energy: -1.08997e+02 (-1.08975e+02), Variance: 9.35896e-01 (1.53044e+00), Accept ratio: 0.46887, 
INFO:root:Epoch  2738, Energy: -1.09014e+02 (-1.08923e+02), Variance: 9.25891e-01 (9.47459e+00), Accept ratio: 0.46380, 
INFO:root:Epoch  2739, Energy: -1.08965e+02 (-1.08952e+02), Variance: 8.43344e-01 (1.15631e+00), Accept ratio: 0.46585, 
INFO:root:Epoch  2740, Energy: -1.08956e+02 (-1.08898e+02), Variance: 8.11015e-01 (2.75709e+00), Accept ratio: 0.47328, 
INFO:root:Epoch  2741, Energy: -1.09005e+02 (-1.09004e+02), Variance: 8.10691e-01 (9.91911e-01), Accept ratio: 0.46760, 
INFO:root:Epoch  2742, Energy: -1.09028e+02 (-1.09040e+02), Variance: 8.65230e-01 (1.10949e+00), Accept ratio: 0.46835, 
INFO:root:Epoch  2743, Energy: -1.09000e+02 (-1.08980e+02), Variance: 8.21465e-01 (1.08100e+00), Accept ratio: 0.47267, 
INFO:root:Epoch  2744, Energy: -1.09026e+02 (-1.09026e+02), Variance: 8.74915e-01 (1.02443e+00), Accept ratio: 0.47207, 
INFO:root:Epoch  2745, Energy: -1.09019e+02 (-1.09020e+02), Variance: 8.00361e-01 (9.29383e-01), Accept ratio: 0.46103, 
INFO:root:Epoch  2746, Energy: -1.08989e+02 (-1.08987e+02), Variance: 8.22535e-01 (9.94428e-01), Accept ratio: 0.46595, 
INFO:root:Epoch  2747, Energy: -1.09069e+02 (-1.09102e+02), Variance: 9.60123e-01 (1.67652e+00), Accept ratio: 0.46881, 
INFO:root:Epoch  2748, Energy: -1.09025e+02 (-1.09042e+02), Variance: 8.72338e-01 (1.39258e+00), Accept ratio: 0.46948, 
INFO:root:Epoch  2749, Energy: -1.08980e+02 (-1.08992e+02), Variance: 8.11737e-01 (1.34457e+00), Accept ratio: 0.46721, 
INFO:root:Epoch  2750, Energy: -1.09015e+02 (-1.09009e+02), Variance: 8.05163e-01 (1.17194e+00), Accept ratio: 0.46853, 
INFO:root:Epoch  2751, Energy: -1.09006e+02 (-1.08984e+02), Variance: 8.79133e-01 (1.74724e+00), Accept ratio: 0.46458, 
INFO:root:Epoch  2752, Energy: -1.09007e+02 (-1.08999e+02), Variance: 8.70372e-01 (1.13611e+00), Accept ratio: 0.46877, 
INFO:root:Epoch  2753, Energy: -1.09023e+02 (-1.09029e+02), Variance: 8.89783e-01 (1.05869e+00), Accept ratio: 0.46854, 
INFO:root:Epoch  2754, Energy: -1.08954e+02 (-1.08956e+02), Variance: 7.59206e-01 (8.85672e-01), Accept ratio: 0.46874, 
INFO:root:Epoch  2755, Energy: -1.08918e+02 (-1.08921e+02), Variance: 8.95023e-01 (1.28767e+00), Accept ratio: 0.46626, 
INFO:root:Epoch  2756, Energy: -1.08911e+02 (-1.08899e+02), Variance: 8.55421e-01 (1.01295e+00), Accept ratio: 0.47372, 
INFO:root:Epoch  2757, Energy: -1.08974e+02 (-1.08952e+02), Variance: 7.97832e-01 (1.26100e+00), Accept ratio: 0.46365, 
INFO:root:Epoch  2758, Energy: -1.09003e+02 (-1.08992e+02), Variance: 8.31005e-01 (1.16383e+00), Accept ratio: 0.47181, 
INFO:root:Epoch  2759, Energy: -1.08963e+02 (-1.08938e+02), Variance: 8.51393e-01 (1.19422e+00), Accept ratio: 0.46629, 
INFO:root:Epoch  2760, Energy: -1.08965e+02 (-1.08965e+02), Variance: 8.39529e-01 (1.16572e+00), Accept ratio: 0.47217, 
INFO:root:Epoch  2761, Energy: -1.08913e+02 (-1.08884e+02), Variance: 9.77102e-01 (1.67115e+00), Accept ratio: 0.46476, 
INFO:root:Epoch  2762, Energy: -1.08933e+02 (-1.08935e+02), Variance: 8.66753e-01 (9.78061e-01), Accept ratio: 0.46498, 
INFO:root:Epoch  2763, Energy: -1.08904e+02 (-1.08849e+02), Variance: 8.11953e-01 (2.96254e+00), Accept ratio: 0.47559, 
INFO:root:Epoch  2764, Energy: -1.09000e+02 (-1.09019e+02), Variance: 8.41279e-01 (1.14901e+00), Accept ratio: 0.46348, 
INFO:root:Epoch  2765, Energy: -1.08975e+02 (-1.08961e+02), Variance: 8.83895e-01 (1.35407e+00), Accept ratio: 0.47253, 
INFO:root:Epoch  2766, Energy: -1.08978e+02 (-1.08995e+02), Variance: 8.84955e-01 (3.97040e+00), Accept ratio: 0.46405, 
INFO:root:Epoch  2767, Energy: -1.08988e+02 (-1.08995e+02), Variance: 8.35736e-01 (1.46958e+00), Accept ratio: 0.46044, 
INFO:root:Epoch  2768, Energy: -1.09011e+02 (-1.08996e+02), Variance: 9.15973e-01 (1.44688e+00), Accept ratio: 0.46619, 
INFO:root:Epoch  2769, Energy: -1.09023e+02 (-1.09039e+02), Variance: 9.98705e-01 (1.93937e+00), Accept ratio: 0.46406, 
INFO:root:Epoch  2770, Energy: -1.08999e+02 (-1.08996e+02), Variance: 8.85651e-01 (1.31897e+00), Accept ratio: 0.47149, 
INFO:root:Epoch  2771, Energy: -1.08976e+02 (-1.08972e+02), Variance: 9.65960e-01 (1.58471e+00), Accept ratio: 0.47161, 
INFO:root:Epoch  2772, Energy: -1.09032e+02 (-1.09050e+02), Variance: 8.43165e-01 (1.08361e+00), Accept ratio: 0.47262, 
INFO:root:Epoch  2773, Energy: -1.08983e+02 (-1.08983e+02), Variance: 8.20017e-01 (1.04293e+00), Accept ratio: 0.46486, 
INFO:root:Epoch  2774, Energy: -1.08991e+02 (-1.08954e+02), Variance: 8.31694e-01 (2.58465e+00), Accept ratio: 0.47167, 
INFO:root:Epoch  2775, Energy: -1.09001e+02 (-1.09006e+02), Variance: 8.39635e-01 (1.30028e+00), Accept ratio: 0.46778, 
INFO:root:Epoch  2776, Energy: -1.09049e+02 (-1.09050e+02), Variance: 9.71552e-01 (1.18969e+00), Accept ratio: 0.46632, 
INFO:root:Epoch  2777, Energy: -1.09025e+02 (-1.09026e+02), Variance: 7.95278e-01 (9.37912e-01), Accept ratio: 0.46866, 
INFO:root:Epoch  2778, Energy: -1.08997e+02 (-1.08970e+02), Variance: 8.82289e-01 (1.45928e+00), Accept ratio: 0.46771, 
INFO:root:Epoch  2779, Energy: -1.08979e+02 (-1.08992e+02), Variance: 8.43145e-01 (1.41803e+00), Accept ratio: 0.46222, 
INFO:root:Epoch  2780, Energy: -1.08981e+02 (-1.08981e+02), Variance: 8.35056e-01 (9.15802e-01), Accept ratio: 0.47291, 
INFO:root:Epoch  2781, Energy: -1.08984e+02 (-1.08966e+02), Variance: 8.29325e-01 (1.12037e+00), Accept ratio: 0.46708, 
INFO:root:Epoch  2782, Energy: -1.09002e+02 (-1.08990e+02), Variance: 9.47923e-01 (1.49199e+00), Accept ratio: 0.46757, 
INFO:root:Epoch  2783, Energy: -1.08985e+02 (-1.08989e+02), Variance: 1.04507e+00 (1.37786e+00), Accept ratio: 0.46938, 
INFO:root:Epoch  2784, Energy: -1.08950e+02 (-1.08916e+02), Variance: 9.23719e-01 (1.43793e+00), Accept ratio: 0.46420, 
INFO:root:Epoch  2785, Energy: -1.08931e+02 (-1.08953e+02), Variance: 9.13757e-01 (1.54332e+00), Accept ratio: 0.46802, 
INFO:root:Epoch  2786, Energy: -1.08973e+02 (-1.08977e+02), Variance: 9.05721e-01 (1.01746e+00), Accept ratio: 0.46782, 
INFO:root:Epoch  2787, Energy: -1.08970e+02 (-1.08936e+02), Variance: 7.85156e-01 (1.92594e+00), Accept ratio: 0.46917, 
INFO:root:Epoch  2788, Energy: -1.08960e+02 (-1.08957e+02), Variance: 8.74383e-01 (1.01117e+00), Accept ratio: 0.46546, 
INFO:root:Epoch  2789, Energy: -1.08973e+02 (-1.08966e+02), Variance: 8.43479e-01 (1.07934e+00), Accept ratio: 0.46677, 
INFO:root:Epoch  2790, Energy: -1.08953e+02 (-1.08937e+02), Variance: 7.97550e-01 (1.86517e+00), Accept ratio: 0.46981, 
INFO:root:Epoch  2791, Energy: -1.08959e+02 (-1.08979e+02), Variance: 8.75830e-01 (1.84548e+00), Accept ratio: 0.47162, 
INFO:root:Epoch  2792, Energy: -1.08988e+02 (-1.09003e+02), Variance: 8.63780e-01 (1.20211e+00), Accept ratio: 0.47017, 
INFO:root:Epoch  2793, Energy: -1.08993e+02 (-1.08989e+02), Variance: 8.16609e-01 (1.11223e+00), Accept ratio: 0.46681, 
INFO:root:Epoch  2794, Energy: -1.08956e+02 (-1.08936e+02), Variance: 8.65984e-01 (1.38235e+00), Accept ratio: 0.47028, 
INFO:root:Epoch  2795, Energy: -1.08902e+02 (-1.08892e+02), Variance: 8.79829e-01 (1.08865e+00), Accept ratio: 0.46344, 
INFO:root:Epoch  2796, Energy: -1.08965e+02 (-1.08942e+02), Variance: 8.90894e-01 (1.59275e+00), Accept ratio: 0.47290, 
INFO:root:Epoch  2797, Energy: -1.08983e+02 (-1.08973e+02), Variance: 9.61626e-01 (1.18879e+00), Accept ratio: 0.46930, 
INFO:root:Epoch  2798, Energy: -1.09003e+02 (-1.08995e+02), Variance: 9.07609e-01 (1.06213e+00), Accept ratio: 0.46607, 
INFO:root:Epoch  2799, Energy: -1.08986e+02 (-1.08984e+02), Variance: 8.89696e-01 (1.10757e+00), Accept ratio: 0.47141, 
INFO:root:Epoch  2800, Energy: -1.08998e+02 (-1.08992e+02), Variance: 9.16811e-01 (1.20554e+00), Accept ratio: 0.47216, , best weights saved
INFO:root:Epoch  2801, Energy: -1.09000e+02 (-1.08971e+02), Variance: 9.00429e-01 (1.67732e+00), Accept ratio: 0.46857, 
INFO:root:Epoch  2802, Energy: -1.09000e+02 (-1.09002e+02), Variance: 8.92363e-01 (1.07459e+00), Accept ratio: 0.46980, 
INFO:root:Epoch  2803, Energy: -1.09018e+02 (-1.09001e+02), Variance: 1.07350e+00 (1.54795e+00), Accept ratio: 0.46965, 
INFO:root:Epoch  2804, Energy: -1.09014e+02 (-1.08999e+02), Variance: 8.97991e-01 (1.11175e+00), Accept ratio: 0.46153, 
INFO:root:Epoch  2805, Energy: -1.08987e+02 (-1.08985e+02), Variance: 9.40618e-01 (1.26312e+00), Accept ratio: 0.47220, 
INFO:root:Epoch  2806, Energy: -1.09006e+02 (-1.09009e+02), Variance: 9.99635e-01 (1.81943e+00), Accept ratio: 0.46890, 
INFO:root:Epoch  2807, Energy: -1.08972e+02 (-1.08948e+02), Variance: 9.66114e-01 (1.45323e+00), Accept ratio: 0.46560, 
INFO:root:Epoch  2808, Energy: -1.08972e+02 (-1.08999e+02), Variance: 1.01271e+00 (2.54987e+00), Accept ratio: 0.46821, 
INFO:root:Epoch  2809, Energy: -1.08920e+02 (-1.08918e+02), Variance: 8.56485e-01 (9.19091e-01), Accept ratio: 0.47024, 
INFO:root:Epoch  2810, Energy: -1.08984e+02 (-1.08993e+02), Variance: 9.62062e-01 (1.22828e+00), Accept ratio: 0.47519, 
INFO:root:Epoch  2811, Energy: -1.08996e+02 (-1.08972e+02), Variance: 8.61055e-01 (2.14352e+00), Accept ratio: 0.46909, 
INFO:root:Epoch  2812, Energy: -1.08914e+02 (-1.08923e+02), Variance: 9.54515e-01 (1.41225e+00), Accept ratio: 0.46961, 
INFO:root:Epoch  2813, Energy: -1.08968e+02 (-1.08954e+02), Variance: 1.01502e+00 (1.32578e+00), Accept ratio: 0.46668, 
INFO:root:Epoch  2814, Energy: -1.09019e+02 (-1.09010e+02), Variance: 1.01327e+00 (1.39433e+00), Accept ratio: 0.46708, 
INFO:root:Epoch  2815, Energy: -1.08943e+02 (-1.08947e+02), Variance: 9.66742e-01 (1.20705e+00), Accept ratio: 0.46788, 
INFO:root:Epoch  2816, Energy: -1.08950e+02 (-1.08965e+02), Variance: 8.96049e-01 (1.21080e+00), Accept ratio: 0.46644, 
INFO:root:Epoch  2817, Energy: -1.08974e+02 (-1.08977e+02), Variance: 1.05565e+00 (1.37887e+00), Accept ratio: 0.46407, 
INFO:root:Epoch  2818, Energy: -1.08978e+02 (-1.08990e+02), Variance: 9.34006e-01 (1.52120e+00), Accept ratio: 0.46342, 
INFO:root:Epoch  2819, Energy: -1.08967e+02 (-1.08983e+02), Variance: 9.73637e-01 (1.84196e+00), Accept ratio: 0.47146, 
INFO:root:Epoch  2820, Energy: -1.08946e+02 (-1.08950e+02), Variance: 8.83973e-01 (1.05256e+00), Accept ratio: 0.47074, 
INFO:root:Epoch  2821, Energy: -1.08951e+02 (-1.08949e+02), Variance: 9.47979e-01 (1.61957e+00), Accept ratio: 0.46551, 
INFO:root:Epoch  2822, Energy: -1.08935e+02 (-1.08939e+02), Variance: 9.80878e-01 (1.13166e+00), Accept ratio: 0.47428, 
INFO:root:Epoch  2823, Energy: -1.09026e+02 (-1.09037e+02), Variance: 9.90080e-01 (1.76350e+00), Accept ratio: 0.46924, 
INFO:root:Epoch  2824, Energy: -1.08984e+02 (-1.08966e+02), Variance: 1.03108e+00 (2.11686e+00), Accept ratio: 0.47424, 
INFO:root:Epoch  2825, Energy: -1.08980e+02 (-1.08973e+02), Variance: 9.68370e-01 (1.35404e+00), Accept ratio: 0.47422, 
INFO:root:Epoch  2826, Energy: -1.09003e+02 (-1.08974e+02), Variance: 8.91993e-01 (2.25371e+00), Accept ratio: 0.47121, 
INFO:root:Epoch  2827, Energy: -1.08944e+02 (-1.08943e+02), Variance: 8.13991e-01 (1.38681e+00), Accept ratio: 0.47118, 
INFO:root:Epoch  2828, Energy: -1.08939e+02 (-1.08899e+02), Variance: 9.06868e-01 (1.78017e+00), Accept ratio: 0.46753, 
INFO:root:Epoch  2829, Energy: -1.08941e+02 (-1.08920e+02), Variance: 8.18816e-01 (1.15503e+00), Accept ratio: 0.47358, 
INFO:root:Epoch  2830, Energy: -1.08967e+02 (-1.08972e+02), Variance: 9.07828e-01 (1.68890e+00), Accept ratio: 0.46907, 
INFO:root:Epoch  2831, Energy: -1.08927e+02 (-1.08926e+02), Variance: 8.78447e-01 (1.06777e+00), Accept ratio: 0.47196, 
INFO:root:Epoch  2832, Energy: -1.08990e+02 (-1.08994e+02), Variance: 9.06496e-01 (1.24712e+00), Accept ratio: 0.46519, 
INFO:root:Epoch  2833, Energy: -1.08970e+02 (-1.08927e+02), Variance: 9.56697e-01 (2.42245e+00), Accept ratio: 0.46867, 
INFO:root:Epoch  2834, Energy: -1.08989e+02 (-1.09060e+02), Variance: 1.09624e+00 (8.91838e+00), Accept ratio: 0.47117, 
INFO:root:Epoch  2835, Energy: -1.08962e+02 (-1.08874e+02), Variance: 9.79056e-01 (8.17079e+00), Accept ratio: 0.46518, 
INFO:root:Epoch  2836, Energy: -1.09016e+02 (-1.09058e+02), Variance: 1.02282e+00 (3.71094e+00), Accept ratio: 0.46511, 
INFO:root:Epoch  2837, Energy: -1.09027e+02 (-1.09042e+02), Variance: 9.32588e-01 (1.61218e+00), Accept ratio: 0.46570, 
INFO:root:Epoch  2838, Energy: -1.08995e+02 (-1.09005e+02), Variance: 9.55369e-01 (1.29684e+00), Accept ratio: 0.47176, 
INFO:root:Epoch  2839, Energy: -1.09009e+02 (-1.09007e+02), Variance: 9.74142e-01 (1.06624e+00), Accept ratio: 0.46776, 
INFO:root:Epoch  2840, Energy: -1.09008e+02 (-1.09001e+02), Variance: 9.18574e-01 (1.02460e+00), Accept ratio: 0.46646, 
INFO:root:Epoch  2841, Energy: -1.09047e+02 (-1.09059e+02), Variance: 9.22880e-01 (1.14216e+00), Accept ratio: 0.47326, 
INFO:root:Epoch  2842, Energy: -1.09024e+02 (-1.09029e+02), Variance: 8.55706e-01 (1.00828e+00), Accept ratio: 0.47018, 
INFO:root:Epoch  2843, Energy: -1.09013e+02 (-1.09023e+02), Variance: 8.88578e-01 (1.27688e+00), Accept ratio: 0.46684, 
INFO:root:Epoch  2844, Energy: -1.08982e+02 (-1.08981e+02), Variance: 8.94275e-01 (1.02773e+00), Accept ratio: 0.46913, 
INFO:root:Epoch  2845, Energy: -1.08994e+02 (-1.09020e+02), Variance: 9.50219e-01 (2.20929e+00), Accept ratio: 0.46575, 
INFO:root:Epoch  2846, Energy: -1.08942e+02 (-1.08945e+02), Variance: 9.53843e-01 (1.16150e+00), Accept ratio: 0.46960, 
INFO:root:Epoch  2847, Energy: -1.08967e+02 (-1.08963e+02), Variance: 8.99821e-01 (1.18574e+00), Accept ratio: 0.46508, 
INFO:root:Epoch  2848, Energy: -1.08965e+02 (-1.08947e+02), Variance: 9.52047e-01 (1.44045e+00), Accept ratio: 0.46773, 
INFO:root:Epoch  2849, Energy: -1.09044e+02 (-1.09033e+02), Variance: 9.99823e-01 (1.43324e+00), Accept ratio: 0.46894, 
INFO:root:Epoch  2850, Energy: -1.09015e+02 (-1.08993e+02), Variance: 1.09509e+00 (1.45495e+00), Accept ratio: 0.47131, 
INFO:root:Epoch  2851, Energy: -1.08959e+02 (-1.08949e+02), Variance: 9.67984e-01 (1.23597e+00), Accept ratio: 0.47367, 
INFO:root:Epoch  2852, Energy: -1.08973e+02 (-1.08971e+02), Variance: 9.05352e-01 (1.05625e+00), Accept ratio: 0.46783, 
INFO:root:Epoch  2853, Energy: -1.08999e+02 (-1.09014e+02), Variance: 8.83344e-01 (1.19477e+00), Accept ratio: 0.46746, 
INFO:root:Epoch  2854, Energy: -1.08993e+02 (-1.08996e+02), Variance: 9.24461e-01 (1.07217e+00), Accept ratio: 0.47040, 
INFO:root:Epoch  2855, Energy: -1.08994e+02 (-1.08989e+02), Variance: 9.02160e-01 (1.20700e+00), Accept ratio: 0.46863, 
INFO:root:Epoch  2856, Energy: -1.09019e+02 (-1.09021e+02), Variance: 8.83885e-01 (1.09011e+00), Accept ratio: 0.47647, 
INFO:root:Epoch  2857, Energy: -1.09004e+02 (-1.08988e+02), Variance: 9.56432e-01 (1.43975e+00), Accept ratio: 0.46678, 
INFO:root:Epoch  2858, Energy: -1.08975e+02 (-1.08955e+02), Variance: 8.00607e-01 (1.61884e+00), Accept ratio: 0.46609, 
INFO:root:Epoch  2859, Energy: -1.08953e+02 (-1.08945e+02), Variance: 8.44151e-01 (1.12347e+00), Accept ratio: 0.46775, 
INFO:root:Epoch  2860, Energy: -1.08958e+02 (-1.08963e+02), Variance: 7.92370e-01 (1.41206e+00), Accept ratio: 0.46552, 
INFO:root:Epoch  2861, Energy: -1.08919e+02 (-1.08896e+02), Variance: 9.46065e-01 (1.24513e+00), Accept ratio: 0.46411, 
INFO:root:Epoch  2862, Energy: -1.08929e+02 (-1.08904e+02), Variance: 8.60585e-01 (1.69508e+00), Accept ratio: 0.47062, 
INFO:root:Epoch  2863, Energy: -1.08945e+02 (-1.08942e+02), Variance: 8.62326e-01 (1.01251e+00), Accept ratio: 0.47250, 
INFO:root:Epoch  2864, Energy: -1.08988e+02 (-1.08987e+02), Variance: 8.99945e-01 (1.23736e+00), Accept ratio: 0.46971, 
INFO:root:Epoch  2865, Energy: -1.08968e+02 (-1.08953e+02), Variance: 9.59567e-01 (1.22288e+00), Accept ratio: 0.46706, 
INFO:root:Epoch  2866, Energy: -1.08980e+02 (-1.08962e+02), Variance: 9.70545e-01 (1.20751e+00), Accept ratio: 0.46080, 
INFO:root:Epoch  2867, Energy: -1.08946e+02 (-1.08926e+02), Variance: 9.21360e-01 (1.29693e+00), Accept ratio: 0.46536, 
INFO:root:Epoch  2868, Energy: -1.08992e+02 (-1.08983e+02), Variance: 9.17668e-01 (1.56320e+00), Accept ratio: 0.46725, 
INFO:root:Epoch  2869, Energy: -1.08965e+02 (-1.08965e+02), Variance: 8.67331e-01 (9.54891e-01), Accept ratio: 0.46985, 
INFO:root:Epoch  2870, Energy: -1.08968e+02 (-1.08954e+02), Variance: 8.67849e-01 (1.48999e+00), Accept ratio: 0.46593, 
INFO:root:Epoch  2871, Energy: -1.09009e+02 (-1.09019e+02), Variance: 9.81814e-01 (1.16422e+00), Accept ratio: 0.47591, 
INFO:root:Epoch  2872, Energy: -1.08965e+02 (-1.08961e+02), Variance: 8.55392e-01 (8.99016e-01), Accept ratio: 0.46458, 
INFO:root:Epoch  2873, Energy: -1.09005e+02 (-1.09010e+02), Variance: 8.42921e-01 (1.31221e+00), Accept ratio: 0.46690, 
INFO:root:Epoch  2874, Energy: -1.09018e+02 (-1.09038e+02), Variance: 9.36280e-01 (1.36114e+00), Accept ratio: 0.46825, 
INFO:root:Epoch  2875, Energy: -1.09017e+02 (-1.08998e+02), Variance: 8.97811e-01 (1.21776e+00), Accept ratio: 0.46411, 
INFO:root:Epoch  2876, Energy: -1.08959e+02 (-1.08931e+02), Variance: 8.66961e-01 (1.24313e+00), Accept ratio: 0.46937, 
INFO:root:Epoch  2877, Energy: -1.08958e+02 (-1.08971e+02), Variance: 9.67496e-01 (1.32971e+00), Accept ratio: 0.47702, 
INFO:root:Epoch  2878, Energy: -1.09001e+02 (-1.09023e+02), Variance: 8.93719e-01 (1.28048e+00), Accept ratio: 0.48009, 
INFO:root:Epoch  2879, Energy: -1.08981e+02 (-1.08946e+02), Variance: 9.45341e-01 (2.17423e+00), Accept ratio: 0.46518, 
INFO:root:Epoch  2880, Energy: -1.08931e+02 (-1.08906e+02), Variance: 8.48818e-01 (1.77795e+00), Accept ratio: 0.46793, 
INFO:root:Epoch  2881, Energy: -1.08931e+02 (-1.08963e+02), Variance: 1.02330e+00 (1.67385e+00), Accept ratio: 0.47188, 
INFO:root:Epoch  2882, Energy: -1.09007e+02 (-1.09036e+02), Variance: 1.01796e+00 (2.06491e+00), Accept ratio: 0.46940, 
INFO:root:Epoch  2883, Energy: -1.08997e+02 (-1.08992e+02), Variance: 8.93687e-01 (1.14410e+00), Accept ratio: 0.46779, 
INFO:root:Epoch  2884, Energy: -1.09042e+02 (-1.09052e+02), Variance: 9.76359e-01 (1.34977e+00), Accept ratio: 0.46890, 
INFO:root:Epoch  2885, Energy: -1.08997e+02 (-1.08968e+02), Variance: 8.84859e-01 (1.73780e+00), Accept ratio: 0.47445, 
INFO:root:Epoch  2886, Energy: -1.09023e+02 (-1.09026e+02), Variance: 8.29087e-01 (8.82895e-01), Accept ratio: 0.46908, 
INFO:root:Epoch  2887, Energy: -1.09002e+02 (-1.09002e+02), Variance: 8.85262e-01 (1.11531e+00), Accept ratio: 0.47126, 
INFO:root:Epoch  2888, Energy: -1.08995e+02 (-1.08990e+02), Variance: 8.67030e-01 (9.55437e-01), Accept ratio: 0.47562, 
INFO:root:Epoch  2889, Energy: -1.08996e+02 (-1.08993e+02), Variance: 8.81724e-01 (9.43692e-01), Accept ratio: 0.46944, 
INFO:root:Epoch  2890, Energy: -1.08983e+02 (-1.08989e+02), Variance: 9.47093e-01 (1.15862e+00), Accept ratio: 0.46944, 
INFO:root:Epoch  2891, Energy: -1.09013e+02 (-1.09023e+02), Variance: 1.02345e+00 (2.55593e+00), Accept ratio: 0.45812, 
INFO:root:Epoch  2892, Energy: -1.09001e+02 (-1.09006e+02), Variance: 9.31928e-01 (1.51319e+00), Accept ratio: 0.46659, 
INFO:root:Epoch  2893, Energy: -1.09020e+02 (-1.09017e+02), Variance: 8.81839e-01 (1.23617e+00), Accept ratio: 0.46605, 
INFO:root:Epoch  2894, Energy: -1.09009e+02 (-1.09005e+02), Variance: 9.29480e-01 (1.11265e+00), Accept ratio: 0.47378, 
INFO:root:Epoch  2895, Energy: -1.08930e+02 (-1.08895e+02), Variance: 7.86364e-01 (1.38388e+00), Accept ratio: 0.47062, 
INFO:root:Epoch  2896, Energy: -1.08968e+02 (-1.08965e+02), Variance: 7.53942e-01 (7.95141e-01), Accept ratio: 0.47353, 
INFO:root:Epoch  2897, Energy: -1.08965e+02 (-1.08959e+02), Variance: 8.35215e-01 (9.88381e-01), Accept ratio: 0.47262, 
INFO:root:Epoch  2898, Energy: -1.08956e+02 (-1.08907e+02), Variance: 8.70741e-01 (2.55882e+00), Accept ratio: 0.47116, 
INFO:root:Epoch  2899, Energy: -1.09017e+02 (-1.09019e+02), Variance: 7.27303e-01 (8.08764e-01), Accept ratio: 0.47200, 
INFO:root:Epoch  2900, Energy: -1.09023e+02 (-1.09044e+02), Variance: 9.35496e-01 (2.06987e+00), Accept ratio: 0.46277, , best weights saved
INFO:root:Epoch  2901, Energy: -1.08979e+02 (-1.08987e+02), Variance: 8.30610e-01 (9.98056e-01), Accept ratio: 0.46804, 
INFO:root:Epoch  2902, Energy: -1.08992e+02 (-1.08969e+02), Variance: 9.37307e-01 (1.55961e+00), Accept ratio: 0.46494, 
INFO:root:Epoch  2903, Energy: -1.08977e+02 (-1.08976e+02), Variance: 9.17038e-01 (1.06319e+00), Accept ratio: 0.46547, 
INFO:root:Epoch  2904, Energy: -1.08974e+02 (-1.08956e+02), Variance: 9.63121e-01 (1.79544e+00), Accept ratio: 0.46683, 
INFO:root:Epoch  2905, Energy: -1.08988e+02 (-1.09006e+02), Variance: 8.80242e-01 (1.36793e+00), Accept ratio: 0.46361, 
INFO:root:Epoch  2906, Energy: -1.08992e+02 (-1.08994e+02), Variance: 8.00034e-01 (1.19671e+00), Accept ratio: 0.46886, 
INFO:root:Epoch  2907, Energy: -1.09003e+02 (-1.09017e+02), Variance: 9.33356e-01 (1.99243e+00), Accept ratio: 0.46845, 
INFO:root:Epoch  2908, Energy: -1.08985e+02 (-1.08973e+02), Variance: 8.47078e-01 (1.14373e+00), Accept ratio: 0.47211, 
INFO:root:Epoch  2909, Energy: -1.09002e+02 (-1.08993e+02), Variance: 7.63689e-01 (9.84861e-01), Accept ratio: 0.47152, 
INFO:root:Epoch  2910, Energy: -1.09024e+02 (-1.09019e+02), Variance: 8.88745e-01 (1.24297e+00), Accept ratio: 0.46880, 
INFO:root:Epoch  2911, Energy: -1.08989e+02 (-1.08984e+02), Variance: 8.20852e-01 (1.11853e+00), Accept ratio: 0.46912, 
INFO:root:Epoch  2912, Energy: -1.08966e+02 (-1.08950e+02), Variance: 8.71643e-01 (1.28268e+00), Accept ratio: 0.46735, 
INFO:root:Epoch  2913, Energy: -1.08973e+02 (-1.08984e+02), Variance: 7.84983e-01 (1.32984e+00), Accept ratio: 0.46297, 
INFO:root:Epoch  2914, Energy: -1.09008e+02 (-1.09006e+02), Variance: 8.88477e-01 (1.39084e+00), Accept ratio: 0.47264, 
INFO:root:Epoch  2915, Energy: -1.08971e+02 (-1.08953e+02), Variance: 9.41673e-01 (1.83644e+00), Accept ratio: 0.47355, 
INFO:root:Epoch  2916, Energy: -1.08932e+02 (-1.08931e+02), Variance: 9.34883e-01 (1.39432e+00), Accept ratio: 0.47565, 
INFO:root:Epoch  2917, Energy: -1.08987e+02 (-1.08993e+02), Variance: 7.56560e-01 (9.31281e-01), Accept ratio: 0.47046, 
INFO:root:Epoch  2918, Energy: -1.09025e+02 (-1.09007e+02), Variance: 8.39434e-01 (1.36725e+00), Accept ratio: 0.47088, 
INFO:root:Epoch  2919, Energy: -1.09023e+02 (-1.09045e+02), Variance: 8.46986e-01 (1.20836e+00), Accept ratio: 0.46627, 
INFO:root:Epoch  2920, Energy: -1.08980e+02 (-1.08976e+02), Variance: 9.03066e-01 (1.21109e+00), Accept ratio: 0.47159, 
INFO:root:Epoch  2921, Energy: -1.08970e+02 (-1.08965e+02), Variance: 8.91111e-01 (1.11651e+00), Accept ratio: 0.46764, 
INFO:root:Epoch  2922, Energy: -1.09012e+02 (-1.08997e+02), Variance: 8.89250e-01 (1.28332e+00), Accept ratio: 0.46671, 
INFO:root:Epoch  2923, Energy: -1.08987e+02 (-1.08980e+02), Variance: 8.35387e-01 (1.29525e+00), Accept ratio: 0.46945, 
INFO:root:Epoch  2924, Energy: -1.09020e+02 (-1.09028e+02), Variance: 8.44678e-01 (1.37747e+00), Accept ratio: 0.45844, 
INFO:root:Epoch  2925, Energy: -1.09002e+02 (-1.09009e+02), Variance: 8.05794e-01 (1.07196e+00), Accept ratio: 0.46749, 
INFO:root:Epoch  2926, Energy: -1.08968e+02 (-1.08982e+02), Variance: 8.80744e-01 (1.16357e+00), Accept ratio: 0.46078, 
INFO:root:Epoch  2927, Energy: -1.08980e+02 (-1.08944e+02), Variance: 9.57830e-01 (2.17585e+00), Accept ratio: 0.46588, 
INFO:root:Epoch  2928, Energy: -1.08993e+02 (-1.09011e+02), Variance: 8.14626e-01 (1.14114e+00), Accept ratio: 0.47049, 
INFO:root:Epoch  2929, Energy: -1.08972e+02 (-1.08960e+02), Variance: 8.86472e-01 (1.17770e+00), Accept ratio: 0.47026, 
INFO:root:Epoch  2930, Energy: -1.08958e+02 (-1.08934e+02), Variance: 1.01708e+00 (2.13451e+00), Accept ratio: 0.47770, 
INFO:root:Epoch  2931, Energy: -1.08924e+02 (-1.08927e+02), Variance: 9.65120e-01 (1.18905e+00), Accept ratio: 0.47333, 
INFO:root:Epoch  2932, Energy: -1.08904e+02 (-1.08859e+02), Variance: 9.59073e-01 (2.25765e+00), Accept ratio: 0.46759, 
INFO:root:Epoch  2933, Energy: -1.08982e+02 (-1.08958e+02), Variance: 8.89279e-01 (1.63910e+00), Accept ratio: 0.46603, 
INFO:root:Epoch  2934, Energy: -1.08969e+02 (-1.08956e+02), Variance: 8.39089e-01 (1.25001e+00), Accept ratio: 0.46909, 
INFO:root:Epoch  2935, Energy: -1.09038e+02 (-1.09054e+02), Variance: 8.17961e-01 (1.77851e+00), Accept ratio: 0.47289, 
INFO:root:Epoch  2936, Energy: -1.09038e+02 (-1.09031e+02), Variance: 8.53447e-01 (1.07629e+00), Accept ratio: 0.46840, 
INFO:root:Epoch  2937, Energy: -1.08992e+02 (-1.09010e+02), Variance: 8.23629e-01 (2.48881e+00), Accept ratio: 0.46764, 
INFO:root:Epoch  2938, Energy: -1.08990e+02 (-1.08993e+02), Variance: 8.35361e-01 (1.17628e+00), Accept ratio: 0.47436, 
INFO:root:Epoch  2939, Energy: -1.08974e+02 (-1.08971e+02), Variance: 7.96885e-01 (1.03970e+00), Accept ratio: 0.46663, 
INFO:root:Epoch  2940, Energy: -1.08978e+02 (-1.08998e+02), Variance: 8.18362e-01 (2.18218e+00), Accept ratio: 0.47154, 
INFO:root:Epoch  2941, Energy: -1.08989e+02 (-1.08976e+02), Variance: 8.23310e-01 (1.22027e+00), Accept ratio: 0.47233, 
INFO:root:Epoch  2942, Energy: -1.08905e+02 (-1.08882e+02), Variance: 8.46091e-01 (1.10816e+00), Accept ratio: 0.47496, 
INFO:root:Epoch  2943, Energy: -1.08983e+02 (-1.08960e+02), Variance: 7.23541e-01 (1.18247e+00), Accept ratio: 0.47180, 
INFO:root:Epoch  2944, Energy: -1.08961e+02 (-1.08963e+02), Variance: 9.68848e-01 (1.13410e+00), Accept ratio: 0.46523, 
INFO:root:Epoch  2945, Energy: -1.09028e+02 (-1.09041e+02), Variance: 8.84241e-01 (1.27990e+00), Accept ratio: 0.47418, 
INFO:root:Epoch  2946, Energy: -1.08989e+02 (-1.09012e+02), Variance: 8.97952e-01 (1.96560e+00), Accept ratio: 0.47109, 
INFO:root:Epoch  2947, Energy: -1.08983e+02 (-1.08955e+02), Variance: 8.21990e-01 (1.57819e+00), Accept ratio: 0.47226, 
INFO:root:Epoch  2948, Energy: -1.08963e+02 (-1.08956e+02), Variance: 7.76119e-01 (9.16701e-01), Accept ratio: 0.47046, 
INFO:root:Epoch  2949, Energy: -1.08945e+02 (-1.08950e+02), Variance: 9.47501e-01 (1.76878e+00), Accept ratio: 0.46992, 
INFO:root:Epoch  2950, Energy: -1.08977e+02 (-1.08997e+02), Variance: 7.78465e-01 (1.19790e+00), Accept ratio: 0.47017, 
INFO:root:Epoch  2951, Energy: -1.08968e+02 (-1.08964e+02), Variance: 7.31493e-01 (8.31539e-01), Accept ratio: 0.47125, 
INFO:root:Epoch  2952, Energy: -1.08989e+02 (-1.08962e+02), Variance: 8.05652e-01 (1.86945e+00), Accept ratio: 0.46724, 
INFO:root:Epoch  2953, Energy: -1.09040e+02 (-1.09045e+02), Variance: 8.64127e-01 (1.17853e+00), Accept ratio: 0.47419, 
INFO:root:Epoch  2954, Energy: -1.08981e+02 (-1.08966e+02), Variance: 8.27322e-01 (1.09708e+00), Accept ratio: 0.47616, 
INFO:root:Epoch  2955, Energy: -1.09007e+02 (-1.08976e+02), Variance: 8.62270e-01 (1.90311e+00), Accept ratio: 0.47341, 
INFO:root:Epoch  2956, Energy: -1.08951e+02 (-1.08944e+02), Variance: 8.44455e-01 (1.25646e+00), Accept ratio: 0.47381, 
INFO:root:Epoch  2957, Energy: -1.08990e+02 (-1.08983e+02), Variance: 8.31653e-01 (1.51596e+00), Accept ratio: 0.46932, 
INFO:root:Epoch  2958, Energy: -1.09027e+02 (-1.09009e+02), Variance: 7.72022e-01 (1.11697e+00), Accept ratio: 0.47796, 
INFO:root:Epoch  2959, Energy: -1.09016e+02 (-1.09019e+02), Variance: 8.08318e-01 (9.68056e-01), Accept ratio: 0.46805, 
INFO:root:Epoch  2960, Energy: -1.08972e+02 (-1.08983e+02), Variance: 8.98613e-01 (2.16728e+00), Accept ratio: 0.46623, 
INFO:root:Epoch  2961, Energy: -1.08990e+02 (-1.08995e+02), Variance: 8.93205e-01 (1.16254e+00), Accept ratio: 0.47483, 
INFO:root:Epoch  2962, Energy: -1.09001e+02 (-1.08955e+02), Variance: 8.68925e-01 (3.48991e+00), Accept ratio: 0.46594, 
INFO:root:Epoch  2963, Energy: -1.08982e+02 (-1.08977e+02), Variance: 9.00834e-01 (1.17691e+00), Accept ratio: 0.47180, 
INFO:root:Epoch  2964, Energy: -1.09007e+02 (-1.09009e+02), Variance: 8.57407e-01 (1.17064e+00), Accept ratio: 0.47323, 
INFO:root:Epoch  2965, Energy: -1.09014e+02 (-1.09015e+02), Variance: 8.14828e-01 (9.08105e-01), Accept ratio: 0.46897, 
INFO:root:Epoch  2966, Energy: -1.09005e+02 (-1.08977e+02), Variance: 1.06967e+00 (2.64658e+00), Accept ratio: 0.47717, 
INFO:root:Epoch  2967, Energy: -1.08961e+02 (-1.08933e+02), Variance: 8.54589e-01 (1.81160e+00), Accept ratio: 0.46956, 
INFO:root:Epoch  2968, Energy: -1.08962e+02 (-1.08953e+02), Variance: 7.42164e-01 (9.60992e-01), Accept ratio: 0.47458, 
INFO:root:Epoch  2969, Energy: -1.08999e+02 (-1.08962e+02), Variance: 8.95199e-01 (3.27657e+00), Accept ratio: 0.47519, 
INFO:root:Epoch  2970, Energy: -1.09031e+02 (-1.09032e+02), Variance: 8.29168e-01 (9.82941e-01), Accept ratio: 0.46814, 
INFO:root:Epoch  2971, Energy: -1.09022e+02 (-1.09020e+02), Variance: 7.79072e-01 (1.10254e+00), Accept ratio: 0.46637, 
INFO:root:Epoch  2972, Energy: -1.08983e+02 (-1.08981e+02), Variance: 8.56366e-01 (1.48153e+00), Accept ratio: 0.46707, 
INFO:root:Epoch  2973, Energy: -1.08993e+02 (-1.08939e+02), Variance: 7.99735e-01 (5.20846e+00), Accept ratio: 0.47103, 
INFO:root:Epoch  2974, Energy: -1.09001e+02 (-1.09002e+02), Variance: 7.93910e-01 (1.24909e+00), Accept ratio: 0.47243, 
INFO:root:Epoch  2975, Energy: -1.09024e+02 (-1.09005e+02), Variance: 7.92630e-01 (1.24345e+00), Accept ratio: 0.46672, 
INFO:root:Epoch  2976, Energy: -1.09008e+02 (-1.09002e+02), Variance: 7.80771e-01 (8.98934e-01), Accept ratio: 0.46732, 
INFO:root:Epoch  2977, Energy: -1.08979e+02 (-1.08941e+02), Variance: 8.52678e-01 (3.05874e+00), Accept ratio: 0.46698, 
INFO:root:Epoch  2978, Energy: -1.08997e+02 (-1.09069e+02), Variance: 8.65838e-01 (3.73345e+00), Accept ratio: 0.47235, 
INFO:root:Epoch  2979, Energy: -1.09001e+02 (-1.09000e+02), Variance: 8.91189e-01 (1.26129e+00), Accept ratio: 0.46946, 
INFO:root:Epoch  2980, Energy: -1.08986e+02 (-1.08977e+02), Variance: 7.53126e-01 (1.07399e+00), Accept ratio: 0.47088, 
INFO:root:Epoch  2981, Energy: -1.09041e+02 (-1.09029e+02), Variance: 9.46661e-01 (1.17787e+00), Accept ratio: 0.47383, 
INFO:root:Epoch  2982, Energy: -1.08990e+02 (-1.08974e+02), Variance: 1.10098e+00 (1.68563e+00), Accept ratio: 0.47008, 
INFO:root:Epoch  2983, Energy: -1.08965e+02 (-1.08965e+02), Variance: 7.99827e-01 (8.61414e-01), Accept ratio: 0.46628, 
INFO:root:Epoch  2984, Energy: -1.08970e+02 (-1.08964e+02), Variance: 8.78074e-01 (1.15924e+00), Accept ratio: 0.46834, 
INFO:root:Epoch  2985, Energy: -1.08993e+02 (-1.08983e+02), Variance: 7.92300e-01 (9.72122e-01), Accept ratio: 0.47091, 
INFO:root:Epoch  2986, Energy: -1.08973e+02 (-1.08968e+02), Variance: 8.52661e-01 (1.21144e+00), Accept ratio: 0.47372, 
INFO:root:Epoch  2987, Energy: -1.08991e+02 (-1.09002e+02), Variance: 8.59116e-01 (2.63868e+00), Accept ratio: 0.46897, 
INFO:root:Epoch  2988, Energy: -1.09005e+02 (-1.09006e+02), Variance: 8.66179e-01 (1.06393e+00), Accept ratio: 0.47454, 
INFO:root:Epoch  2989, Energy: -1.08968e+02 (-1.08961e+02), Variance: 8.21689e-01 (1.03264e+00), Accept ratio: 0.47443, 
INFO:root:Epoch  2990, Energy: -1.08993e+02 (-1.08967e+02), Variance: 8.18077e-01 (1.33427e+00), Accept ratio: 0.46628, 
INFO:root:Epoch  2991, Energy: -1.08999e+02 (-1.08953e+02), Variance: 8.28770e-01 (3.03682e+00), Accept ratio: 0.46953, 
INFO:root:Epoch  2992, Energy: -1.08993e+02 (-1.09006e+02), Variance: 9.06938e-01 (1.27470e+00), Accept ratio: 0.46371, 
INFO:root:Epoch  2993, Energy: -1.08941e+02 (-1.08924e+02), Variance: 8.00387e-01 (1.07757e+00), Accept ratio: 0.47041, 
INFO:root:Epoch  2994, Energy: -1.08972e+02 (-1.08971e+02), Variance: 8.04736e-01 (1.04152e+00), Accept ratio: 0.47503, 
INFO:root:Epoch  2995, Energy: -1.08959e+02 (-1.08953e+02), Variance: 8.82644e-01 (1.06060e+00), Accept ratio: 0.46327, 
INFO:root:Epoch  2996, Energy: -1.08992e+02 (-1.08992e+02), Variance: 8.21774e-01 (9.39186e-01), Accept ratio: 0.45717, 
INFO:root:Epoch  2997, Energy: -1.09012e+02 (-1.09014e+02), Variance: 7.62032e-01 (1.27789e+00), Accept ratio: 0.47346, 
INFO:root:Epoch  2998, Energy: -1.08958e+02 (-1.08927e+02), Variance: 8.83170e-01 (1.48623e+00), Accept ratio: 0.46756, 
INFO:root:Epoch  2999, Energy: -1.08983e+02 (-1.08993e+02), Variance: 8.43077e-01 (1.82455e+00), Accept ratio: 0.47195, 
INFO:root:Epoch  3000, Energy: -1.09027e+02 (-1.09031e+02), Variance: 8.21196e-01 (1.03890e+00), Accept ratio: 0.47171, , best weights saved
INFO:root:Epoch  3001, Energy: -1.08984e+02 (-1.08963e+02), Variance: 7.25441e-01 (1.05729e+00), Accept ratio: 0.47074, 
INFO:root:Epoch  3002, Energy: -1.08976e+02 (-1.08968e+02), Variance: 8.40479e-01 (1.55759e+00), Accept ratio: 0.47166, 
INFO:root:Epoch  3003, Energy: -1.08992e+02 (-1.08988e+02), Variance: 7.11093e-01 (1.15440e+00), Accept ratio: 0.46732, 
INFO:root:Epoch  3004, Energy: -1.08992e+02 (-1.08986e+02), Variance: 8.59048e-01 (1.20043e+00), Accept ratio: 0.46780, 
INFO:root:Epoch  3005, Energy: -1.08982e+02 (-1.09011e+02), Variance: 9.04373e-01 (3.65749e+00), Accept ratio: 0.47123, 
INFO:root:Epoch  3006, Energy: -1.09055e+02 (-1.09050e+02), Variance: 7.80162e-01 (9.70680e-01), Accept ratio: 0.47284, 
INFO:root:Epoch  3007, Energy: -1.08970e+02 (-1.08956e+02), Variance: 7.05135e-01 (9.39881e-01), Accept ratio: 0.46639, 
INFO:root:Epoch  3008, Energy: -1.08986e+02 (-1.08982e+02), Variance: 8.80369e-01 (1.10377e+00), Accept ratio: 0.46626, 
INFO:root:Epoch  3009, Energy: -1.08998e+02 (-1.09034e+02), Variance: 9.25092e-01 (1.55983e+00), Accept ratio: 0.46419, 
INFO:root:Epoch  3010, Energy: -1.09027e+02 (-1.09065e+02), Variance: 9.20203e-01 (2.53887e+00), Accept ratio: 0.47906, 
INFO:root:Epoch  3011, Energy: -1.09020e+02 (-1.09024e+02), Variance: 7.52906e-01 (7.97674e-01), Accept ratio: 0.47184, 
INFO:root:Epoch  3012, Energy: -1.08941e+02 (-1.08952e+02), Variance: 8.62230e-01 (1.69207e+00), Accept ratio: 0.46587, 
INFO:root:Epoch  3013, Energy: -1.09022e+02 (-1.09012e+02), Variance: 7.95823e-01 (1.33382e+00), Accept ratio: 0.47195, 
INFO:root:Epoch  3014, Energy: -1.08991e+02 (-1.08975e+02), Variance: 8.37332e-01 (1.15916e+00), Accept ratio: 0.47626, 
INFO:root:Epoch  3015, Energy: -1.08965e+02 (-1.08962e+02), Variance: 8.55497e-01 (9.11881e-01), Accept ratio: 0.47198, 
INFO:root:Epoch  3016, Energy: -1.08959e+02 (-1.08958e+02), Variance: 8.11363e-01 (9.08346e-01), Accept ratio: 0.47357, 
INFO:root:Epoch  3017, Energy: -1.08958e+02 (-1.08919e+02), Variance: 9.09505e-01 (2.24066e+00), Accept ratio: 0.47174, 
INFO:root:Epoch  3018, Energy: -1.08938e+02 (-1.08864e+02), Variance: 7.93192e-01 (4.28134e+00), Accept ratio: 0.46903, 
INFO:root:Epoch  3019, Energy: -1.09011e+02 (-1.09079e+02), Variance: 9.37305e-01 (6.12004e+00), Accept ratio: 0.46682, 
INFO:root:Epoch  3020, Energy: -1.08962e+02 (-1.08958e+02), Variance: 9.71556e-01 (1.17942e+00), Accept ratio: 0.46999, 
INFO:root:Epoch  3021, Energy: -1.08986e+02 (-1.08986e+02), Variance: 1.03411e+00 (1.71434e+00), Accept ratio: 0.47326, 
INFO:root:Epoch  3022, Energy: -1.08995e+02 (-1.08987e+02), Variance: 9.06506e-01 (1.22816e+00), Accept ratio: 0.46693, 
INFO:root:Epoch  3023, Energy: -1.08990e+02 (-1.09013e+02), Variance: 9.32935e-01 (1.77390e+00), Accept ratio: 0.46133, 
INFO:root:Epoch  3024, Energy: -1.08949e+02 (-1.08954e+02), Variance: 8.25436e-01 (1.04480e+00), Accept ratio: 0.47410, 
INFO:root:Epoch  3025, Energy: -1.08961e+02 (-1.08890e+02), Variance: 8.77407e-01 (9.90282e+00), Accept ratio: 0.47199, 
INFO:root:Epoch  3026, Energy: -1.08999e+02 (-1.09020e+02), Variance: 8.34863e-01 (2.63939e+00), Accept ratio: 0.46568, 
INFO:root:Epoch  3027, Energy: -1.09015e+02 (-1.09008e+02), Variance: 9.34639e-01 (1.31926e+00), Accept ratio: 0.46846, 
INFO:root:Epoch  3028, Energy: -1.08970e+02 (-1.08951e+02), Variance: 8.93114e-01 (1.26780e+00), Accept ratio: 0.47109, 
INFO:root:Epoch  3029, Energy: -1.08981e+02 (-1.08968e+02), Variance: 1.00121e+00 (1.46095e+00), Accept ratio: 0.46147, 
INFO:root:Epoch  3030, Energy: -1.08985e+02 (-1.08988e+02), Variance: 9.44504e-01 (1.21832e+00), Accept ratio: 0.46530, 
INFO:root:Epoch  3031, Energy: -1.09024e+02 (-1.09016e+02), Variance: 8.02502e-01 (1.01712e+00), Accept ratio: 0.46837, 
INFO:root:Epoch  3032, Energy: -1.08992e+02 (-1.08974e+02), Variance: 7.97718e-01 (1.06548e+00), Accept ratio: 0.46825, 
INFO:root:Epoch  3033, Energy: -1.08978e+02 (-1.08971e+02), Variance: 9.39564e-01 (1.12222e+00), Accept ratio: 0.46976, 
INFO:root:Epoch  3034, Energy: -1.08971e+02 (-1.08975e+02), Variance: 9.28944e-01 (1.07140e+00), Accept ratio: 0.46120, 
INFO:root:Epoch  3035, Energy: -1.08988e+02 (-1.09004e+02), Variance: 8.71203e-01 (1.55885e+00), Accept ratio: 0.46991, 
INFO:root:Epoch  3036, Energy: -1.08985e+02 (-1.08977e+02), Variance: 8.18996e-01 (9.35650e-01), Accept ratio: 0.46398, 
INFO:root:Epoch  3037, Energy: -1.08985e+02 (-1.09023e+02), Variance: 9.16837e-01 (2.21735e+00), Accept ratio: 0.46868, 
INFO:root:Epoch  3038, Energy: -1.09004e+02 (-1.09011e+02), Variance: 9.26312e-01 (2.04274e+00), Accept ratio: 0.46085, 
INFO:root:Epoch  3039, Energy: -1.08947e+02 (-1.08950e+02), Variance: 8.69856e-01 (1.12429e+00), Accept ratio: 0.47461, 
INFO:root:Epoch  3040, Energy: -1.09025e+02 (-1.08993e+02), Variance: 7.70157e-01 (1.78538e+00), Accept ratio: 0.47630, 
INFO:root:Epoch  3041, Energy: -1.08967e+02 (-1.08949e+02), Variance: 8.55763e-01 (2.55337e+00), Accept ratio: 0.46811, 
INFO:root:Epoch  3042, Energy: -1.08986e+02 (-1.09002e+02), Variance: 9.23724e-01 (1.43559e+00), Accept ratio: 0.46669, 
INFO:root:Epoch  3043, Energy: -1.08959e+02 (-1.08922e+02), Variance: 9.74756e-01 (1.70676e+00), Accept ratio: 0.47735, 
INFO:root:Epoch  3044, Energy: -1.08999e+02 (-1.09009e+02), Variance: 1.04980e+00 (1.80791e+00), Accept ratio: 0.47298, 
INFO:root:Epoch  3045, Energy: -1.09000e+02 (-1.08999e+02), Variance: 8.62322e-01 (1.43047e+00), Accept ratio: 0.46647, 
INFO:root:Epoch  3046, Energy: -1.09004e+02 (-1.08929e+02), Variance: 9.50426e-01 (6.81745e+00), Accept ratio: 0.46938, 
INFO:root:Epoch  3047, Energy: -1.08991e+02 (-1.08981e+02), Variance: 8.83831e-01 (1.08070e+00), Accept ratio: 0.46151, 
INFO:root:Epoch  3048, Energy: -1.08962e+02 (-1.08972e+02), Variance: 9.18680e-01 (1.20535e+00), Accept ratio: 0.47415, 
INFO:root:Epoch  3049, Energy: -1.08940e+02 (-1.08934e+02), Variance: 8.62396e-01 (1.10681e+00), Accept ratio: 0.46741, 
INFO:root:Epoch  3050, Energy: -1.08976e+02 (-1.08979e+02), Variance: 8.78917e-01 (9.95195e-01), Accept ratio: 0.46570, 
INFO:root:Epoch  3051, Energy: -1.08963e+02 (-1.08965e+02), Variance: 8.43537e-01 (9.49958e-01), Accept ratio: 0.47117, 
INFO:root:Epoch  3052, Energy: -1.08968e+02 (-1.08958e+02), Variance: 8.43142e-01 (1.15694e+00), Accept ratio: 0.47103, 
INFO:root:Epoch  3053, Energy: -1.08989e+02 (-1.08992e+02), Variance: 9.38781e-01 (1.09460e+00), Accept ratio: 0.47407, 
INFO:root:Epoch  3054, Energy: -1.09005e+02 (-1.08982e+02), Variance: 9.63653e-01 (3.01713e+00), Accept ratio: 0.47022, 
INFO:root:Epoch  3055, Energy: -1.08951e+02 (-1.08942e+02), Variance: 9.18826e-01 (1.13722e+00), Accept ratio: 0.46583, 
INFO:root:Epoch  3056, Energy: -1.08964e+02 (-1.08968e+02), Variance: 9.30440e-01 (1.12114e+00), Accept ratio: 0.46994, 
INFO:root:Epoch  3057, Energy: -1.08947e+02 (-1.08949e+02), Variance: 8.81771e-01 (9.56347e-01), Accept ratio: 0.46950, 
INFO:root:Epoch  3058, Energy: -1.08984e+02 (-1.09011e+02), Variance: 8.48437e-01 (1.61335e+00), Accept ratio: 0.46737, 
INFO:root:Epoch  3059, Energy: -1.08987e+02 (-1.08986e+02), Variance: 9.99526e-01 (1.56937e+00), Accept ratio: 0.46913, 
INFO:root:Epoch  3060, Energy: -1.08980e+02 (-1.08986e+02), Variance: 8.41979e-01 (9.83117e-01), Accept ratio: 0.46745, 
INFO:root:Epoch  3061, Energy: -1.08996e+02 (-1.08974e+02), Variance: 9.30709e-01 (1.30491e+00), Accept ratio: 0.46640, 
INFO:root:Epoch  3062, Energy: -1.09044e+02 (-1.09046e+02), Variance: 8.01227e-01 (8.72054e-01), Accept ratio: 0.47311, 
INFO:root:Epoch  3063, Energy: -1.09062e+02 (-1.09054e+02), Variance: 9.86141e-01 (1.47352e+00), Accept ratio: 0.46929, 
INFO:root:Epoch  3064, Energy: -1.09018e+02 (-1.09012e+02), Variance: 7.73490e-01 (8.86413e-01), Accept ratio: 0.46535, 
INFO:root:Epoch  3065, Energy: -1.09006e+02 (-1.09005e+02), Variance: 8.79699e-01 (1.03267e+00), Accept ratio: 0.47245, 
INFO:root:Epoch  3066, Energy: -1.09022e+02 (-1.09032e+02), Variance: 8.44928e-01 (1.21190e+00), Accept ratio: 0.47319, 
INFO:root:Epoch  3067, Energy: -1.08985e+02 (-1.08985e+02), Variance: 8.21107e-01 (8.80778e-01), Accept ratio: 0.46610, 
INFO:root:Epoch  3068, Energy: -1.08971e+02 (-1.08967e+02), Variance: 8.28573e-01 (9.05929e-01), Accept ratio: 0.47199, 
INFO:root:Epoch  3069, Energy: -1.09033e+02 (-1.09017e+02), Variance: 8.81225e-01 (1.23868e+00), Accept ratio: 0.46072, 
INFO:root:Epoch  3070, Energy: -1.09015e+02 (-1.09008e+02), Variance: 1.01296e+00 (1.62207e+00), Accept ratio: 0.46952, 
INFO:root:Epoch  3071, Energy: -1.08990e+02 (-1.08992e+02), Variance: 9.33871e-01 (1.39953e+00), Accept ratio: 0.47254, 
INFO:root:Epoch  3072, Energy: -1.09044e+02 (-1.09066e+02), Variance: 9.38460e-01 (1.81032e+00), Accept ratio: 0.46518, 
INFO:root:Epoch  3073, Energy: -1.08964e+02 (-1.08968e+02), Variance: 9.18365e-01 (1.26467e+00), Accept ratio: 0.46869, 
INFO:root:Epoch  3074, Energy: -1.08923e+02 (-1.08916e+02), Variance: 8.44170e-01 (9.77124e-01), Accept ratio: 0.46592, 
INFO:root:Epoch  3075, Energy: -1.08999e+02 (-1.08994e+02), Variance: 8.81004e-01 (1.40169e+00), Accept ratio: 0.47066, 
INFO:root:Epoch  3076, Energy: -1.08994e+02 (-1.08998e+02), Variance: 8.72556e-01 (1.12555e+00), Accept ratio: 0.47909, 
INFO:root:Epoch  3077, Energy: -1.08995e+02 (-1.08984e+02), Variance: 8.73923e-01 (1.33996e+00), Accept ratio: 0.47696, 
INFO:root:Epoch  3078, Energy: -1.08951e+02 (-1.08929e+02), Variance: 8.50624e-01 (1.15624e+00), Accept ratio: 0.47127, 
INFO:root:Epoch  3079, Energy: -1.08987e+02 (-1.08988e+02), Variance: 8.47423e-01 (9.19850e-01), Accept ratio: 0.47486, 
INFO:root:Epoch  3080, Energy: -1.08977e+02 (-1.08970e+02), Variance: 9.41719e-01 (1.66301e+00), Accept ratio: 0.46319, 
INFO:root:Epoch  3081, Energy: -1.08976e+02 (-1.09016e+02), Variance: 8.57814e-01 (1.73688e+00), Accept ratio: 0.47264, 
INFO:root:Epoch  3082, Energy: -1.08902e+02 (-1.08902e+02), Variance: 8.40877e-01 (9.26378e-01), Accept ratio: 0.46451, 
INFO:root:Epoch  3083, Energy: -1.08983e+02 (-1.08985e+02), Variance: 8.72218e-01 (9.88361e-01), Accept ratio: 0.46677, 
INFO:root:Epoch  3084, Energy: -1.08971e+02 (-1.08942e+02), Variance: 1.04312e+00 (1.84431e+00), Accept ratio: 0.46774, 
INFO:root:Epoch  3085, Energy: -1.08968e+02 (-1.08981e+02), Variance: 9.64732e-01 (1.21859e+00), Accept ratio: 0.46494, 
INFO:root:Epoch  3086, Energy: -1.08940e+02 (-1.08935e+02), Variance: 8.95623e-01 (1.06044e+00), Accept ratio: 0.46191, 
INFO:root:Epoch  3087, Energy: -1.08960e+02 (-1.08964e+02), Variance: 8.12956e-01 (1.03872e+00), Accept ratio: 0.47174, 
INFO:root:Epoch  3088, Energy: -1.08979e+02 (-1.08948e+02), Variance: 7.94003e-01 (1.18854e+00), Accept ratio: 0.47379, 
INFO:root:Epoch  3089, Energy: -1.08944e+02 (-1.08941e+02), Variance: 8.02523e-01 (1.30383e+00), Accept ratio: 0.46779, 
INFO:root:Epoch  3090, Energy: -1.08984e+02 (-1.09004e+02), Variance: 8.08171e-01 (1.45505e+00), Accept ratio: 0.47079, 
INFO:root:Epoch  3091, Energy: -1.08964e+02 (-1.08982e+02), Variance: 8.30671e-01 (1.70347e+00), Accept ratio: 0.47015, 
INFO:root:Epoch  3092, Energy: -1.08985e+02 (-1.08987e+02), Variance: 9.12409e-01 (1.45257e+00), Accept ratio: 0.47114, 
INFO:root:Epoch  3093, Energy: -1.09007e+02 (-1.08990e+02), Variance: 9.24438e-01 (1.37273e+00), Accept ratio: 0.46957, 
INFO:root:Epoch  3094, Energy: -1.09011e+02 (-1.08996e+02), Variance: 8.65014e-01 (1.22547e+00), Accept ratio: 0.46790, 
INFO:root:Epoch  3095, Energy: -1.09037e+02 (-1.09031e+02), Variance: 8.05058e-01 (1.06786e+00), Accept ratio: 0.46802, 
INFO:root:Epoch  3096, Energy: -1.09027e+02 (-1.09026e+02), Variance: 8.34347e-01 (1.11351e+00), Accept ratio: 0.46748, 
INFO:root:Epoch  3097, Energy: -1.08976e+02 (-1.08983e+02), Variance: 7.84420e-01 (9.33483e-01), Accept ratio: 0.46532, 
INFO:root:Epoch  3098, Energy: -1.09006e+02 (-1.08997e+02), Variance: 8.91859e-01 (1.09085e+00), Accept ratio: 0.46709, 
INFO:root:Epoch  3099, Energy: -1.08987e+02 (-1.09022e+02), Variance: 8.17181e-01 (2.25046e+00), Accept ratio: 0.47559, 
INFO:root:Epoch  3100, Energy: -1.08979e+02 (-1.08985e+02), Variance: 1.01519e+00 (1.49692e+00), Accept ratio: 0.47019, , best weights saved
INFO:root:Epoch  3101, Energy: -1.08986e+02 (-1.08979e+02), Variance: 8.50278e-01 (9.95300e-01), Accept ratio: 0.47019, 
INFO:root:Epoch  3102, Energy: -1.09004e+02 (-1.09001e+02), Variance: 8.52295e-01 (1.00694e+00), Accept ratio: 0.47009, 
INFO:root:Epoch  3103, Energy: -1.08955e+02 (-1.08954e+02), Variance: 9.81118e-01 (1.13324e+00), Accept ratio: 0.46889, 
INFO:root:Epoch  3104, Energy: -1.09003e+02 (-1.09007e+02), Variance: 7.71422e-01 (1.11323e+00), Accept ratio: 0.46801, 
INFO:root:Epoch  3105, Energy: -1.09006e+02 (-1.08992e+02), Variance: 7.15992e-01 (1.21418e+00), Accept ratio: 0.46687, 
INFO:root:Epoch  3106, Energy: -1.09042e+02 (-1.09053e+02), Variance: 8.78644e-01 (1.19897e+00), Accept ratio: 0.46659, 
INFO:root:Epoch  3107, Energy: -1.09011e+02 (-1.09006e+02), Variance: 8.36043e-01 (1.17944e+00), Accept ratio: 0.47526, 
INFO:root:Epoch  3108, Energy: -1.09049e+02 (-1.09042e+02), Variance: 7.14976e-01 (8.26119e-01), Accept ratio: 0.47520, 
INFO:root:Epoch  3109, Energy: -1.09031e+02 (-1.09031e+02), Variance: 7.71615e-01 (9.51063e-01), Accept ratio: 0.47030, 
INFO:root:Epoch  3110, Energy: -1.08993e+02 (-1.08963e+02), Variance: 8.99277e-01 (1.79578e+00), Accept ratio: 0.46544, 
INFO:root:Epoch  3111, Energy: -1.08921e+02 (-1.08887e+02), Variance: 9.60033e-01 (3.57307e+00), Accept ratio: 0.47356, 
INFO:root:Epoch  3112, Energy: -1.08949e+02 (-1.08857e+02), Variance: 9.76946e-01 (1.06132e+01), Accept ratio: 0.46948, 
INFO:root:Epoch  3113, Energy: -1.08976e+02 (-1.08969e+02), Variance: 7.70124e-01 (9.00152e-01), Accept ratio: 0.47037, 
INFO:root:Epoch  3114, Energy: -1.08976e+02 (-1.08955e+02), Variance: 9.62363e-01 (1.24723e+00), Accept ratio: 0.47306, 
INFO:root:Epoch  3115, Energy: -1.08964e+02 (-1.08914e+02), Variance: 9.63556e-01 (2.33295e+00), Accept ratio: 0.46962, 
INFO:root:Epoch  3116, Energy: -1.09004e+02 (-1.08992e+02), Variance: 8.43765e-01 (1.31923e+00), Accept ratio: 0.46711, 
INFO:root:Epoch  3117, Energy: -1.09006e+02 (-1.08998e+02), Variance: 8.90383e-01 (1.30067e+00), Accept ratio: 0.46902, 
INFO:root:Epoch  3118, Energy: -1.09036e+02 (-1.09061e+02), Variance: 8.67915e-01 (1.26273e+00), Accept ratio: 0.47300, 
INFO:root:Epoch  3119, Energy: -1.08972e+02 (-1.08952e+02), Variance: 8.91391e-01 (1.88980e+00), Accept ratio: 0.47165, 
INFO:root:Epoch  3120, Energy: -1.08967e+02 (-1.08921e+02), Variance: 9.01119e-01 (3.41924e+00), Accept ratio: 0.47487, 
INFO:root:Epoch  3121, Energy: -1.08957e+02 (-1.08995e+02), Variance: 7.96304e-01 (1.91122e+00), Accept ratio: 0.46352, 
INFO:root:Epoch  3122, Energy: -1.08927e+02 (-1.08899e+02), Variance: 8.07660e-01 (1.57255e+00), Accept ratio: 0.46901, 
INFO:root:Epoch  3123, Energy: -1.08939e+02 (-1.08928e+02), Variance: 8.00665e-01 (1.04861e+00), Accept ratio: 0.46239, 
INFO:root:Epoch  3124, Energy: -1.09010e+02 (-1.09012e+02), Variance: 8.45694e-01 (1.18895e+00), Accept ratio: 0.47756, 
INFO:root:Epoch  3125, Energy: -1.09018e+02 (-1.09009e+02), Variance: 8.97719e-01 (1.28707e+00), Accept ratio: 0.47382, 
INFO:root:Epoch  3126, Energy: -1.08978e+02 (-1.08955e+02), Variance: 9.62951e-01 (1.55653e+00), Accept ratio: 0.47259, 
INFO:root:Epoch  3127, Energy: -1.08980e+02 (-1.08932e+02), Variance: 9.50446e-01 (4.87317e+00), Accept ratio: 0.47186, 
INFO:root:Epoch  3128, Energy: -1.08979e+02 (-1.08965e+02), Variance: 8.12697e-01 (1.05772e+00), Accept ratio: 0.46983, 
INFO:root:Epoch  3129, Energy: -1.08985e+02 (-1.08967e+02), Variance: 8.84744e-01 (1.16789e+00), Accept ratio: 0.47003, 
INFO:root:Epoch  3130, Energy: -1.09011e+02 (-1.09019e+02), Variance: 7.88829e-01 (1.20300e+00), Accept ratio: 0.46943, 
INFO:root:Epoch  3131, Energy: -1.09025e+02 (-1.09033e+02), Variance: 8.40506e-01 (1.31947e+00), Accept ratio: 0.47454, 
INFO:root:Epoch  3132, Energy: -1.09002e+02 (-1.08975e+02), Variance: 1.03068e+00 (1.58026e+00), Accept ratio: 0.47436, 
INFO:root:Epoch  3133, Energy: -1.09054e+02 (-1.09063e+02), Variance: 9.53949e-01 (1.71646e+00), Accept ratio: 0.46935, 
INFO:root:Epoch  3134, Energy: -1.08984e+02 (-1.08982e+02), Variance: 9.72992e-01 (1.79026e+00), Accept ratio: 0.47134, 
INFO:root:Epoch  3135, Energy: -1.08975e+02 (-1.08967e+02), Variance: 1.05114e+00 (2.05692e+00), Accept ratio: 0.46795, 
INFO:root:Epoch  3136, Energy: -1.08974e+02 (-1.08945e+02), Variance: 9.51489e-01 (1.45021e+00), Accept ratio: 0.47367, 
INFO:root:Epoch  3137, Energy: -1.08995e+02 (-1.08982e+02), Variance: 8.67936e-01 (1.30602e+00), Accept ratio: 0.47142, 
INFO:root:Epoch  3138, Energy: -1.09013e+02 (-1.09018e+02), Variance: 9.29454e-01 (1.22375e+00), Accept ratio: 0.47249, 
INFO:root:Epoch  3139, Energy: -1.08991e+02 (-1.08993e+02), Variance: 7.49780e-01 (8.70540e-01), Accept ratio: 0.47255, 
INFO:root:Epoch  3140, Energy: -1.08980e+02 (-1.08952e+02), Variance: 8.58511e-01 (3.28717e+00), Accept ratio: 0.46832, 
INFO:root:Epoch  3141, Energy: -1.09013e+02 (-1.08993e+02), Variance: 7.89525e-01 (1.56895e+00), Accept ratio: 0.47062, 
INFO:root:Epoch  3142, Energy: -1.09002e+02 (-1.09011e+02), Variance: 7.66041e-01 (1.02349e+00), Accept ratio: 0.46957, 
INFO:root:Epoch  3143, Energy: -1.08964e+02 (-1.08969e+02), Variance: 8.23812e-01 (9.59262e-01), Accept ratio: 0.46940, 
INFO:root:Epoch  3144, Energy: -1.08993e+02 (-1.08984e+02), Variance: 8.76206e-01 (1.17369e+00), Accept ratio: 0.47351, 
INFO:root:Epoch  3145, Energy: -1.09022e+02 (-1.09099e+02), Variance: 9.04637e-01 (4.69954e+00), Accept ratio: 0.46626, 
INFO:root:Epoch  3146, Energy: -1.09066e+02 (-1.09077e+02), Variance: 8.04107e-01 (9.82979e-01), Accept ratio: 0.46954, 
INFO:root:Epoch  3147, Energy: -1.09019e+02 (-1.09016e+02), Variance: 9.66821e-01 (1.45628e+00), Accept ratio: 0.47627, 
INFO:root:Epoch  3148, Energy: -1.08998e+02 (-1.08981e+02), Variance: 9.79815e-01 (1.23034e+00), Accept ratio: 0.47080, 
INFO:root:Epoch  3149, Energy: -1.08988e+02 (-1.08967e+02), Variance: 1.01625e+00 (2.13417e+00), Accept ratio: 0.47161, 
INFO:root:Epoch  3150, Energy: -1.08926e+02 (-1.08914e+02), Variance: 8.31994e-01 (1.19946e+00), Accept ratio: 0.47063, 
INFO:root:Epoch  3151, Energy: -1.08981e+02 (-1.08934e+02), Variance: 9.25342e-01 (2.81096e+00), Accept ratio: 0.47430, 
INFO:root:Epoch  3152, Energy: -1.09031e+02 (-1.09067e+02), Variance: 8.44211e-01 (1.44748e+00), Accept ratio: 0.46875, 
INFO:root:Epoch  3153, Energy: -1.09005e+02 (-1.09016e+02), Variance: 8.80392e-01 (1.31480e+00), Accept ratio: 0.46784, 
INFO:root:Epoch  3154, Energy: -1.09022e+02 (-1.09022e+02), Variance: 9.27583e-01 (1.13569e+00), Accept ratio: 0.47208, 
INFO:root:Epoch  3155, Energy: -1.08993e+02 (-1.08964e+02), Variance: 8.91534e-01 (1.45031e+00), Accept ratio: 0.47466, 
INFO:root:Epoch  3156, Energy: -1.08996e+02 (-1.08984e+02), Variance: 9.26842e-01 (1.30465e+00), Accept ratio: 0.46834, 
INFO:root:Epoch  3157, Energy: -1.08991e+02 (-1.08987e+02), Variance: 7.47201e-01 (8.68891e-01), Accept ratio: 0.47270, 
INFO:root:Epoch  3158, Energy: -1.09024e+02 (-1.09019e+02), Variance: 8.06095e-01 (9.42397e-01), Accept ratio: 0.46989, 
INFO:root:Epoch  3159, Energy: -1.09032e+02 (-1.09042e+02), Variance: 8.70401e-01 (1.33562e+00), Accept ratio: 0.47441, 
INFO:root:Epoch  3160, Energy: -1.09010e+02 (-1.08985e+02), Variance: 8.85354e-01 (1.83689e+00), Accept ratio: 0.47391, 
INFO:root:Epoch  3161, Energy: -1.09005e+02 (-1.08990e+02), Variance: 1.00316e+00 (1.40250e+00), Accept ratio: 0.47180, 
INFO:root:Epoch  3162, Energy: -1.08946e+02 (-1.08928e+02), Variance: 8.99066e-01 (1.46947e+00), Accept ratio: 0.48252, 
INFO:root:Epoch  3163, Energy: -1.08998e+02 (-1.08993e+02), Variance: 8.78571e-01 (1.17835e+00), Accept ratio: 0.46711, 
INFO:root:Epoch  3164, Energy: -1.08980e+02 (-1.08983e+02), Variance: 7.85193e-01 (8.95934e-01), Accept ratio: 0.47213, 
INFO:root:Epoch  3165, Energy: -1.08988e+02 (-1.09002e+02), Variance: 9.31399e-01 (1.52851e+00), Accept ratio: 0.46900, 
INFO:root:Epoch  3166, Energy: -1.09003e+02 (-1.09004e+02), Variance: 7.69989e-01 (7.88486e-01), Accept ratio: 0.47005, 
INFO:root:Epoch  3167, Energy: -1.08977e+02 (-1.09027e+02), Variance: 8.94183e-01 (2.90915e+00), Accept ratio: 0.46932, 
INFO:root:Epoch  3168, Energy: -1.08954e+02 (-1.08921e+02), Variance: 9.09219e-01 (1.56311e+00), Accept ratio: 0.47507, 
INFO:root:Epoch  3169, Energy: -1.08939e+02 (-1.08934e+02), Variance: 8.53486e-01 (9.61536e-01), Accept ratio: 0.47827, 
INFO:root:Epoch  3170, Energy: -1.08982e+02 (-1.09000e+02), Variance: 9.16617e-01 (1.40878e+00), Accept ratio: 0.46848, 
INFO:root:Epoch  3171, Energy: -1.08907e+02 (-1.08916e+02), Variance: 8.57506e-01 (1.20078e+00), Accept ratio: 0.47245, 
INFO:root:Epoch  3172, Energy: -1.08995e+02 (-1.08996e+02), Variance: 8.33560e-01 (1.40820e+00), Accept ratio: 0.46420, 
INFO:root:Epoch  3173, Energy: -1.08981e+02 (-1.08974e+02), Variance: 8.69173e-01 (1.19316e+00), Accept ratio: 0.46466, 
INFO:root:Epoch  3174, Energy: -1.08926e+02 (-1.08913e+02), Variance: 8.89570e-01 (1.12602e+00), Accept ratio: 0.45995, 
INFO:root:Epoch  3175, Energy: -1.08958e+02 (-1.08948e+02), Variance: 8.98043e-01 (1.11569e+00), Accept ratio: 0.46444, 
INFO:root:Epoch  3176, Energy: -1.08956e+02 (-1.08949e+02), Variance: 9.52405e-01 (1.51183e+00), Accept ratio: 0.47175, 
INFO:root:Epoch  3177, Energy: -1.08997e+02 (-1.09010e+02), Variance: 8.65351e-01 (1.14574e+00), Accept ratio: 0.47174, 
INFO:root:Epoch  3178, Energy: -1.09014e+02 (-1.09028e+02), Variance: 8.10745e-01 (1.07875e+00), Accept ratio: 0.46853, 
INFO:root:Epoch  3179, Energy: -1.08940e+02 (-1.08955e+02), Variance: 9.14475e-01 (1.56344e+00), Accept ratio: 0.47835, 
INFO:root:Epoch  3180, Energy: -1.08961e+02 (-1.08957e+02), Variance: 8.73314e-01 (9.69993e-01), Accept ratio: 0.46526, 
INFO:root:Epoch  3181, Energy: -1.09005e+02 (-1.08998e+02), Variance: 7.96890e-01 (1.04000e+00), Accept ratio: 0.47596, 
INFO:root:Epoch  3182, Energy: -1.08971e+02 (-1.08965e+02), Variance: 8.95840e-01 (1.00858e+00), Accept ratio: 0.47005, 
INFO:root:Epoch  3183, Energy: -1.08958e+02 (-1.08952e+02), Variance: 8.91755e-01 (1.14030e+00), Accept ratio: 0.46547, 
INFO:root:Epoch  3184, Energy: -1.08983e+02 (-1.08984e+02), Variance: 7.26566e-01 (9.18920e-01), Accept ratio: 0.47098, 
INFO:root:Epoch  3185, Energy: -1.08929e+02 (-1.08930e+02), Variance: 7.34388e-01 (9.18246e-01), Accept ratio: 0.46835, 
INFO:root:Epoch  3186, Energy: -1.08978e+02 (-1.08988e+02), Variance: 8.80616e-01 (1.04374e+00), Accept ratio: 0.46920, 
INFO:root:Epoch  3187, Energy: -1.08983e+02 (-1.08988e+02), Variance: 8.65646e-01 (9.72824e-01), Accept ratio: 0.46682, 
INFO:root:Epoch  3188, Energy: -1.08970e+02 (-1.09009e+02), Variance: 8.92452e-01 (2.89101e+00), Accept ratio: 0.47289, 
INFO:root:Epoch  3189, Energy: -1.09003e+02 (-1.08976e+02), Variance: 8.95935e-01 (1.99627e+00), Accept ratio: 0.47000, 
INFO:root:Epoch  3190, Energy: -1.08996e+02 (-1.08985e+02), Variance: 9.12108e-01 (1.33880e+00), Accept ratio: 0.47286, 
INFO:root:Epoch  3191, Energy: -1.09003e+02 (-1.08992e+02), Variance: 7.76462e-01 (9.42955e-01), Accept ratio: 0.47156, 
INFO:root:Epoch  3192, Energy: -1.08989e+02 (-1.08981e+02), Variance: 7.38201e-01 (8.88488e-01), Accept ratio: 0.46964, 
INFO:root:Epoch  3193, Energy: -1.08988e+02 (-1.09002e+02), Variance: 7.56067e-01 (1.21427e+00), Accept ratio: 0.47036, 
INFO:root:Epoch  3194, Energy: -1.08991e+02 (-1.08990e+02), Variance: 7.41237e-01 (8.06057e-01), Accept ratio: 0.47830, 
INFO:root:Epoch  3195, Energy: -1.08989e+02 (-1.08989e+02), Variance: 7.76464e-01 (8.41904e-01), Accept ratio: 0.47082, 
INFO:root:Epoch  3196, Energy: -1.08945e+02 (-1.08955e+02), Variance: 8.20902e-01 (1.13382e+00), Accept ratio: 0.46403, 
INFO:root:Epoch  3197, Energy: -1.09015e+02 (-1.09033e+02), Variance: 8.41458e-01 (1.17127e+00), Accept ratio: 0.46338, 
INFO:root:Epoch  3198, Energy: -1.08984e+02 (-1.08995e+02), Variance: 9.03775e-01 (1.28456e+00), Accept ratio: 0.46461, 
INFO:root:Epoch  3199, Energy: -1.08970e+02 (-1.08951e+02), Variance: 9.81428e-01 (1.78764e+00), Accept ratio: 0.46108, 
INFO:root:Epoch  3200, Energy: -1.09011e+02 (-1.09005e+02), Variance: 9.92111e-01 (1.48197e+00), Accept ratio: 0.46939, , best weights saved
INFO:root:Epoch  3201, Energy: -1.08922e+02 (-1.08931e+02), Variance: 9.27431e-01 (1.29308e+00), Accept ratio: 0.46749, 
INFO:root:Epoch  3202, Energy: -1.08963e+02 (-1.08978e+02), Variance: 8.21917e-01 (1.07097e+00), Accept ratio: 0.46948, 
INFO:root:Epoch  3203, Energy: -1.08995e+02 (-1.08985e+02), Variance: 8.38400e-01 (1.30276e+00), Accept ratio: 0.46936, 
INFO:root:Epoch  3204, Energy: -1.08992e+02 (-1.08979e+02), Variance: 9.11146e-01 (1.42644e+00), Accept ratio: 0.46589, 
INFO:root:Epoch  3205, Energy: -1.08971e+02 (-1.08981e+02), Variance: 8.38612e-01 (1.78620e+00), Accept ratio: 0.46754, 
INFO:root:Epoch  3206, Energy: -1.08973e+02 (-1.08963e+02), Variance: 8.28331e-01 (9.53295e-01), Accept ratio: 0.46428, 
INFO:root:Epoch  3207, Energy: -1.09008e+02 (-1.09010e+02), Variance: 8.52779e-01 (9.68120e-01), Accept ratio: 0.46580, 
INFO:root:Epoch  3208, Energy: -1.09021e+02 (-1.09019e+02), Variance: 9.32032e-01 (1.01456e+00), Accept ratio: 0.46926, 
INFO:root:Epoch  3209, Energy: -1.08944e+02 (-1.08902e+02), Variance: 9.11123e-01 (2.55816e+00), Accept ratio: 0.46887, 
INFO:root:Epoch  3210, Energy: -1.08988e+02 (-1.08991e+02), Variance: 8.94627e-01 (1.35677e+00), Accept ratio: 0.47078, 
INFO:root:Epoch  3211, Energy: -1.08971e+02 (-1.08952e+02), Variance: 8.11612e-01 (1.05176e+00), Accept ratio: 0.46521, 
INFO:root:Epoch  3212, Energy: -1.08973e+02 (-1.08988e+02), Variance: 8.33887e-01 (1.34369e+00), Accept ratio: 0.46892, 
INFO:root:Epoch  3213, Energy: -1.09002e+02 (-1.09001e+02), Variance: 8.13670e-01 (1.12507e+00), Accept ratio: 0.47109, 
INFO:root:Epoch  3214, Energy: -1.08959e+02 (-1.08946e+02), Variance: 8.38827e-01 (1.04783e+00), Accept ratio: 0.46254, 
INFO:root:Epoch  3215, Energy: -1.08938e+02 (-1.08929e+02), Variance: 9.63299e-01 (1.37534e+00), Accept ratio: 0.47095, 
INFO:root:Epoch  3216, Energy: -1.09001e+02 (-1.08997e+02), Variance: 7.96110e-01 (9.56001e-01), Accept ratio: 0.47316, 
INFO:root:Epoch  3217, Energy: -1.08973e+02 (-1.08969e+02), Variance: 8.06116e-01 (8.85528e-01), Accept ratio: 0.46222, 
INFO:root:Epoch  3218, Energy: -1.08984e+02 (-1.08985e+02), Variance: 7.45598e-01 (8.31578e-01), Accept ratio: 0.47352, 
INFO:root:Epoch  3219, Energy: -1.08964e+02 (-1.08960e+02), Variance: 7.40087e-01 (8.65722e-01), Accept ratio: 0.46595, 
INFO:root:Epoch  3220, Energy: -1.08987e+02 (-1.08979e+02), Variance: 8.68043e-01 (1.91322e+00), Accept ratio: 0.46352, 
INFO:root:Epoch  3221, Energy: -1.08985e+02 (-1.08979e+02), Variance: 9.08140e-01 (1.73025e+00), Accept ratio: 0.45824, 
INFO:root:Epoch  3222, Energy: -1.08952e+02 (-1.08946e+02), Variance: 7.76450e-01 (9.01581e-01), Accept ratio: 0.46574, 
INFO:root:Epoch  3223, Energy: -1.08948e+02 (-1.08914e+02), Variance: 8.74044e-01 (1.63990e+00), Accept ratio: 0.46870, 
INFO:root:Epoch  3224, Energy: -1.08950e+02 (-1.08951e+02), Variance: 9.51475e-01 (1.43629e+00), Accept ratio: 0.46948, 
INFO:root:Epoch  3225, Energy: -1.08951e+02 (-1.08953e+02), Variance: 8.45935e-01 (9.61532e-01), Accept ratio: 0.46864, 
INFO:root:Epoch  3226, Energy: -1.09021e+02 (-1.09015e+02), Variance: 9.02933e-01 (1.26481e+00), Accept ratio: 0.46741, 
INFO:root:Epoch  3227, Energy: -1.08995e+02 (-1.09029e+02), Variance: 9.33694e-01 (3.09029e+00), Accept ratio: 0.47649, 
INFO:root:Epoch  3228, Energy: -1.09014e+02 (-1.09070e+02), Variance: 8.58718e-01 (2.86832e+00), Accept ratio: 0.47143, 
INFO:root:Epoch  3229, Energy: -1.08998e+02 (-1.08997e+02), Variance: 8.69652e-01 (1.17756e+00), Accept ratio: 0.47342, 
INFO:root:Epoch  3230, Energy: -1.09050e+02 (-1.09065e+02), Variance: 9.02002e-01 (1.10855e+00), Accept ratio: 0.46928, 
INFO:root:Epoch  3231, Energy: -1.08970e+02 (-1.08974e+02), Variance: 8.38608e-01 (1.25514e+00), Accept ratio: 0.47027, 
INFO:root:Epoch  3232, Energy: -1.08991e+02 (-1.09076e+02), Variance: 9.55499e-01 (9.04905e+00), Accept ratio: 0.47857, 
INFO:root:Epoch  3233, Energy: -1.09025e+02 (-1.09042e+02), Variance: 8.30386e-01 (1.19277e+00), Accept ratio: 0.46860, 
INFO:root:Epoch  3234, Energy: -1.09025e+02 (-1.09015e+02), Variance: 8.26934e-01 (9.46663e-01), Accept ratio: 0.47167, 
INFO:root:Epoch  3235, Energy: -1.08995e+02 (-1.08993e+02), Variance: 8.86898e-01 (1.22353e+00), Accept ratio: 0.47037, 
INFO:root:Epoch  3236, Energy: -1.09019e+02 (-1.09011e+02), Variance: 1.00293e+00 (1.11553e+00), Accept ratio: 0.47027, 
INFO:root:Epoch  3237, Energy: -1.09048e+02 (-1.09038e+02), Variance: 8.24953e-01 (1.66195e+00), Accept ratio: 0.47139, 
INFO:root:Epoch  3238, Energy: -1.09002e+02 (-1.09009e+02), Variance: 7.37185e-01 (8.40139e-01), Accept ratio: 0.48139, 
INFO:root:Epoch  3239, Energy: -1.08981e+02 (-1.08977e+02), Variance: 6.87449e-01 (8.74119e-01), Accept ratio: 0.47144, 
INFO:root:Epoch  3240, Energy: -1.08949e+02 (-1.08971e+02), Variance: 8.35666e-01 (1.92435e+00), Accept ratio: 0.46490, 
INFO:root:Epoch  3241, Energy: -1.08938e+02 (-1.08936e+02), Variance: 9.11959e-01 (1.03955e+00), Accept ratio: 0.47388, 
INFO:root:Epoch  3242, Energy: -1.08996e+02 (-1.08972e+02), Variance: 8.92885e-01 (1.53531e+00), Accept ratio: 0.46696, 
INFO:root:Epoch  3243, Energy: -1.09006e+02 (-1.09011e+02), Variance: 9.00763e-01 (1.03548e+00), Accept ratio: 0.47373, 
INFO:root:Epoch  3244, Energy: -1.09005e+02 (-1.09021e+02), Variance: 9.31487e-01 (1.56197e+00), Accept ratio: 0.45945, 
INFO:root:Epoch  3245, Energy: -1.08984e+02 (-1.08978e+02), Variance: 9.50156e-01 (1.41263e+00), Accept ratio: 0.46247, 
INFO:root:Epoch  3246, Energy: -1.09002e+02 (-1.08995e+02), Variance: 7.79312e-01 (8.44911e-01), Accept ratio: 0.46781, 
INFO:root:Epoch  3247, Energy: -1.08993e+02 (-1.08991e+02), Variance: 7.83491e-01 (1.01731e+00), Accept ratio: 0.46962, 
INFO:root:Epoch  3248, Energy: -1.09014e+02 (-1.09005e+02), Variance: 8.49671e-01 (1.48938e+00), Accept ratio: 0.46506, 
INFO:root:Epoch  3249, Energy: -1.09013e+02 (-1.09008e+02), Variance: 7.94949e-01 (8.35246e-01), Accept ratio: 0.47007, 
INFO:root:Epoch  3250, Energy: -1.09012e+02 (-1.09010e+02), Variance: 8.02308e-01 (1.11351e+00), Accept ratio: 0.46904, 
INFO:root:Epoch  3251, Energy: -1.09031e+02 (-1.09048e+02), Variance: 8.51340e-01 (2.85253e+00), Accept ratio: 0.47038, 
INFO:root:Epoch  3252, Energy: -1.09050e+02 (-1.09051e+02), Variance: 8.22510e-01 (1.34680e+00), Accept ratio: 0.46654, 
INFO:root:Epoch  3253, Energy: -1.08998e+02 (-1.08997e+02), Variance: 8.77283e-01 (9.97840e-01), Accept ratio: 0.47330, 
INFO:root:Epoch  3254, Energy: -1.09036e+02 (-1.09053e+02), Variance: 8.51742e-01 (1.53223e+00), Accept ratio: 0.47230, 
INFO:root:Epoch  3255, Energy: -1.09008e+02 (-1.08997e+02), Variance: 7.83047e-01 (1.45659e+00), Accept ratio: 0.46898, 
INFO:root:Epoch  3256, Energy: -1.08970e+02 (-1.08960e+02), Variance: 9.04093e-01 (1.46083e+00), Accept ratio: 0.47288, 
INFO:root:Epoch  3257, Energy: -1.08979e+02 (-1.08949e+02), Variance: 8.76283e-01 (1.69135e+00), Accept ratio: 0.47199, 
INFO:root:Epoch  3258, Energy: -1.09006e+02 (-1.09004e+02), Variance: 9.37495e-01 (1.49648e+00), Accept ratio: 0.47024, 
INFO:root:Epoch  3259, Energy: -1.08959e+02 (-1.08939e+02), Variance: 8.95078e-01 (1.23888e+00), Accept ratio: 0.46073, 
INFO:root:Epoch  3260, Energy: -1.08970e+02 (-1.08958e+02), Variance: 8.40507e-01 (1.10572e+00), Accept ratio: 0.47246, 
INFO:root:Epoch  3261, Energy: -1.08985e+02 (-1.09001e+02), Variance: 8.50804e-01 (1.26849e+00), Accept ratio: 0.48085, 
INFO:root:Epoch  3262, Energy: -1.08935e+02 (-1.08939e+02), Variance: 8.35316e-01 (8.88771e-01), Accept ratio: 0.47495, 
INFO:root:Epoch  3263, Energy: -1.08961e+02 (-1.08968e+02), Variance: 8.06505e-01 (1.06604e+00), Accept ratio: 0.46407, 
INFO:root:Epoch  3264, Energy: -1.08970e+02 (-1.09007e+02), Variance: 8.97231e-01 (2.06293e+00), Accept ratio: 0.47154, 
INFO:root:Epoch  3265, Energy: -1.09028e+02 (-1.09011e+02), Variance: 8.88710e-01 (1.27880e+00), Accept ratio: 0.47299, 
INFO:root:Epoch  3266, Energy: -1.09014e+02 (-1.09032e+02), Variance: 8.88122e-01 (1.26579e+00), Accept ratio: 0.47043, 
INFO:root:Epoch  3267, Energy: -1.08976e+02 (-1.08987e+02), Variance: 8.31593e-01 (1.04337e+00), Accept ratio: 0.46682, 
INFO:root:Epoch  3268, Energy: -1.08976e+02 (-1.08935e+02), Variance: 7.97208e-01 (1.50992e+00), Accept ratio: 0.46238, 
INFO:root:Epoch  3269, Energy: -1.08991e+02 (-1.08985e+02), Variance: 9.43990e-01 (1.02743e+00), Accept ratio: 0.47071, 
INFO:root:Epoch  3270, Energy: -1.08987e+02 (-1.08898e+02), Variance: 9.69745e-01 (6.54799e+00), Accept ratio: 0.47187, 
INFO:root:Epoch  3271, Energy: -1.09035e+02 (-1.09038e+02), Variance: 8.57153e-01 (1.17182e+00), Accept ratio: 0.46867, 
INFO:root:Epoch  3272, Energy: -1.08989e+02 (-1.08970e+02), Variance: 9.42370e-01 (1.45810e+00), Accept ratio: 0.46802, 
INFO:root:Epoch  3273, Energy: -1.09009e+02 (-1.09017e+02), Variance: 8.25057e-01 (1.92627e+00), Accept ratio: 0.46406, 
INFO:root:Epoch  3274, Energy: -1.08964e+02 (-1.08956e+02), Variance: 8.51292e-01 (1.02799e+00), Accept ratio: 0.47238, 
INFO:root:Epoch  3275, Energy: -1.08973e+02 (-1.09026e+02), Variance: 1.09960e+00 (1.13437e+01), Accept ratio: 0.47040, 
INFO:root:Epoch  3276, Energy: -1.09000e+02 (-1.08955e+02), Variance: 9.53969e-01 (2.71949e+00), Accept ratio: 0.46602, 
INFO:root:Epoch  3277, Energy: -1.09029e+02 (-1.09007e+02), Variance: 8.35792e-01 (1.32270e+00), Accept ratio: 0.47502, 
INFO:root:Epoch  3278, Energy: -1.09068e+02 (-1.09080e+02), Variance: 8.30492e-01 (1.77443e+00), Accept ratio: 0.47270, 
INFO:root:Epoch  3279, Energy: -1.09081e+02 (-1.09076e+02), Variance: 8.33242e-01 (1.09920e+00), Accept ratio: 0.46477, 
INFO:root:Epoch  3280, Energy: -1.09057e+02 (-1.09050e+02), Variance: 7.69234e-01 (9.67295e-01), Accept ratio: 0.46895, 
INFO:root:Epoch  3281, Energy: -1.09039e+02 (-1.09069e+02), Variance: 8.78187e-01 (1.57839e+00), Accept ratio: 0.47124, 
INFO:root:Epoch  3282, Energy: -1.08978e+02 (-1.08974e+02), Variance: 8.05442e-01 (9.67755e-01), Accept ratio: 0.47040, 
INFO:root:Epoch  3283, Energy: -1.09000e+02 (-1.09012e+02), Variance: 9.30201e-01 (1.25505e+00), Accept ratio: 0.46942, 
INFO:root:Epoch  3284, Energy: -1.09006e+02 (-1.09010e+02), Variance: 8.79821e-01 (1.09321e+00), Accept ratio: 0.47239, 
INFO:root:Epoch  3285, Energy: -1.09041e+02 (-1.09053e+02), Variance: 8.13109e-01 (1.25901e+00), Accept ratio: 0.46263, 
INFO:root:Epoch  3286, Energy: -1.09002e+02 (-1.08998e+02), Variance: 8.20415e-01 (9.37923e-01), Accept ratio: 0.47377, 
INFO:root:Epoch  3287, Energy: -1.08988e+02 (-1.08982e+02), Variance: 9.29405e-01 (1.65579e+00), Accept ratio: 0.46957, 
INFO:root:Epoch  3288, Energy: -1.08991e+02 (-1.08972e+02), Variance: 8.16733e-01 (1.04701e+00), Accept ratio: 0.46842, 
INFO:root:Epoch  3289, Energy: -1.08994e+02 (-1.08968e+02), Variance: 8.68093e-01 (2.59253e+00), Accept ratio: 0.47433, 
INFO:root:Epoch  3290, Energy: -1.08983e+02 (-1.08980e+02), Variance: 9.26701e-01 (1.49532e+00), Accept ratio: 0.46428, 
INFO:root:Epoch  3291, Energy: -1.09025e+02 (-1.09013e+02), Variance: 8.29786e-01 (1.03380e+00), Accept ratio: 0.46400, 
INFO:root:Epoch  3292, Energy: -1.09012e+02 (-1.09011e+02), Variance: 9.45879e-01 (1.03649e+00), Accept ratio: 0.46224, 
INFO:root:Epoch  3293, Energy: -1.09000e+02 (-1.08998e+02), Variance: 8.32650e-01 (1.13569e+00), Accept ratio: 0.46730, 
INFO:root:Epoch  3294, Energy: -1.08966e+02 (-1.08932e+02), Variance: 8.93655e-01 (1.35931e+00), Accept ratio: 0.46958, 
INFO:root:Epoch  3295, Energy: -1.08994e+02 (-1.08995e+02), Variance: 8.23202e-01 (1.07520e+00), Accept ratio: 0.47449, 
INFO:root:Epoch  3296, Energy: -1.09014e+02 (-1.09014e+02), Variance: 8.25458e-01 (1.04313e+00), Accept ratio: 0.47357, 
INFO:root:Epoch  3297, Energy: -1.09012e+02 (-1.09010e+02), Variance: 7.96896e-01 (9.36355e-01), Accept ratio: 0.47410, 
INFO:root:Epoch  3298, Energy: -1.08996e+02 (-1.08999e+02), Variance: 7.51716e-01 (9.68723e-01), Accept ratio: 0.47195, 
INFO:root:Epoch  3299, Energy: -1.09013e+02 (-1.09017e+02), Variance: 8.69025e-01 (1.33934e+00), Accept ratio: 0.47150, 
INFO:root:Epoch  3300, Energy: -1.08985e+02 (-1.08993e+02), Variance: 8.18447e-01 (1.04069e+00), Accept ratio: 0.47183, , best weights saved
INFO:root:Epoch  3301, Energy: -1.08961e+02 (-1.08936e+02), Variance: 8.07057e-01 (1.17683e+00), Accept ratio: 0.46930, 
INFO:root:Epoch  3302, Energy: -1.08974e+02 (-1.08974e+02), Variance: 8.56327e-01 (1.20243e+00), Accept ratio: 0.47509, 
INFO:root:Epoch  3303, Energy: -1.08971e+02 (-1.08966e+02), Variance: 9.06011e-01 (1.13030e+00), Accept ratio: 0.47002, 
INFO:root:Epoch  3304, Energy: -1.08950e+02 (-1.08941e+02), Variance: 8.53302e-01 (1.35439e+00), Accept ratio: 0.47695, 
INFO:root:Epoch  3305, Energy: -1.08968e+02 (-1.08943e+02), Variance: 9.59979e-01 (1.42520e+00), Accept ratio: 0.46271, 
INFO:root:Epoch  3306, Energy: -1.08958e+02 (-1.08960e+02), Variance: 8.55326e-01 (1.33922e+00), Accept ratio: 0.46254, 
INFO:root:Epoch  3307, Energy: -1.08995e+02 (-1.08992e+02), Variance: 7.53358e-01 (1.01083e+00), Accept ratio: 0.47069, 
INFO:root:Epoch  3308, Energy: -1.08998e+02 (-1.08995e+02), Variance: 8.71072e-01 (1.17545e+00), Accept ratio: 0.47486, 
INFO:root:Epoch  3309, Energy: -1.09006e+02 (-1.08992e+02), Variance: 9.21698e-01 (1.42883e+00), Accept ratio: 0.47312, 
INFO:root:Epoch  3310, Energy: -1.08994e+02 (-1.09012e+02), Variance: 8.41508e-01 (1.11509e+00), Accept ratio: 0.46856, 
INFO:root:Epoch  3311, Energy: -1.08986e+02 (-1.08993e+02), Variance: 8.90287e-01 (1.39719e+00), Accept ratio: 0.46581, 
INFO:root:Epoch  3312, Energy: -1.08991e+02 (-1.08970e+02), Variance: 9.37618e-01 (1.46330e+00), Accept ratio: 0.46890, 
INFO:root:Epoch  3313, Energy: -1.09017e+02 (-1.09017e+02), Variance: 7.72843e-01 (9.87058e-01), Accept ratio: 0.46848, 
INFO:root:Epoch  3314, Energy: -1.08995e+02 (-1.09012e+02), Variance: 8.35916e-01 (1.44187e+00), Accept ratio: 0.46410, 
INFO:root:Epoch  3315, Energy: -1.08983e+02 (-1.08995e+02), Variance: 9.32553e-01 (1.17077e+00), Accept ratio: 0.46823, 
INFO:root:Epoch  3316, Energy: -1.08981e+02 (-1.08963e+02), Variance: 9.26364e-01 (2.65932e+00), Accept ratio: 0.46792, 
INFO:root:Epoch  3317, Energy: -1.08966e+02 (-1.08955e+02), Variance: 8.21220e-01 (1.02735e+00), Accept ratio: 0.46736, 
INFO:root:Epoch  3318, Energy: -1.08967e+02 (-1.08975e+02), Variance: 8.97332e-01 (1.64403e+00), Accept ratio: 0.47617, 
INFO:root:Epoch  3319, Energy: -1.08997e+02 (-1.08999e+02), Variance: 9.75196e-01 (1.18907e+00), Accept ratio: 0.47152, 
INFO:root:Epoch  3320, Energy: -1.08972e+02 (-1.08970e+02), Variance: 8.97601e-01 (1.07427e+00), Accept ratio: 0.46874, 
INFO:root:Epoch  3321, Energy: -1.09008e+02 (-1.09014e+02), Variance: 7.51860e-01 (1.07797e+00), Accept ratio: 0.46983, 
INFO:root:Epoch  3322, Energy: -1.08974e+02 (-1.09002e+02), Variance: 8.76748e-01 (1.86502e+00), Accept ratio: 0.46575, 
INFO:root:Epoch  3323, Energy: -1.08995e+02 (-1.09028e+02), Variance: 8.56199e-01 (2.86040e+00), Accept ratio: 0.47695, 
INFO:root:Epoch  3324, Energy: -1.08992e+02 (-1.09025e+02), Variance: 7.85307e-01 (2.03646e+00), Accept ratio: 0.47362, 
INFO:root:Epoch  3325, Energy: -1.08972e+02 (-1.08962e+02), Variance: 7.26624e-01 (8.99829e-01), Accept ratio: 0.46822, 
INFO:root:Epoch  3326, Energy: -1.09020e+02 (-1.09030e+02), Variance: 8.57506e-01 (1.28086e+00), Accept ratio: 0.46717, 
INFO:root:Epoch  3327, Energy: -1.09034e+02 (-1.09055e+02), Variance: 8.43746e-01 (1.65642e+00), Accept ratio: 0.47014, 
INFO:root:Epoch  3328, Energy: -1.09007e+02 (-1.09004e+02), Variance: 9.02772e-01 (1.25433e+00), Accept ratio: 0.46525, 
INFO:root:Epoch  3329, Energy: -1.08995e+02 (-1.09033e+02), Variance: 8.38459e-01 (1.69182e+00), Accept ratio: 0.46395, 
INFO:root:Epoch  3330, Energy: -1.09005e+02 (-1.09029e+02), Variance: 7.91354e-01 (1.13883e+00), Accept ratio: 0.46954, 
INFO:root:Epoch  3331, Energy: -1.09005e+02 (-1.09000e+02), Variance: 8.16432e-01 (9.28640e-01), Accept ratio: 0.47197, 
INFO:root:Epoch  3332, Energy: -1.08999e+02 (-1.08995e+02), Variance: 8.78878e-01 (1.28800e+00), Accept ratio: 0.47938, 
INFO:root:Epoch  3333, Energy: -1.09069e+02 (-1.09102e+02), Variance: 7.57407e-01 (2.09695e+00), Accept ratio: 0.47500, 
INFO:root:Epoch  3334, Energy: -1.09002e+02 (-1.09014e+02), Variance: 7.35135e-01 (8.80721e-01), Accept ratio: 0.46998, 
INFO:root:Epoch  3335, Energy: -1.09005e+02 (-1.09008e+02), Variance: 8.15251e-01 (1.04490e+00), Accept ratio: 0.46728, 
INFO:root:Epoch  3336, Energy: -1.09018e+02 (-1.09011e+02), Variance: 9.37352e-01 (1.34691e+00), Accept ratio: 0.46868, 
INFO:root:Epoch  3337, Energy: -1.08986e+02 (-1.08987e+02), Variance: 8.27383e-01 (1.18918e+00), Accept ratio: 0.47143, 
INFO:root:Epoch  3338, Energy: -1.08942e+02 (-1.08939e+02), Variance: 9.71369e-01 (1.67577e+00), Accept ratio: 0.46914, 
INFO:root:Epoch  3339, Energy: -1.09008e+02 (-1.09034e+02), Variance: 9.01543e-01 (1.43219e+00), Accept ratio: 0.46817, 
INFO:root:Epoch  3340, Energy: -1.08990e+02 (-1.08993e+02), Variance: 8.06401e-01 (9.94222e-01), Accept ratio: 0.46643, 
INFO:root:Epoch  3341, Energy: -1.09005e+02 (-1.08972e+02), Variance: 8.59020e-01 (1.74585e+00), Accept ratio: 0.47069, 
INFO:root:Epoch  3342, Energy: -1.09016e+02 (-1.09013e+02), Variance: 8.36503e-01 (1.00061e+00), Accept ratio: 0.46301, 
INFO:root:Epoch  3343, Energy: -1.08991e+02 (-1.08981e+02), Variance: 8.97700e-01 (1.07481e+00), Accept ratio: 0.46319, 
INFO:root:Epoch  3344, Energy: -1.09087e+02 (-1.09096e+02), Variance: 9.67017e-01 (1.46669e+00), Accept ratio: 0.47080, 
INFO:root:Epoch  3345, Energy: -1.09046e+02 (-1.09077e+02), Variance: 9.22733e-01 (1.84743e+00), Accept ratio: 0.46819, 
INFO:root:Epoch  3346, Energy: -1.08955e+02 (-1.08960e+02), Variance: 9.60485e-01 (1.18460e+00), Accept ratio: 0.46702, 
INFO:root:Epoch  3347, Energy: -1.09018e+02 (-1.09032e+02), Variance: 9.04824e-01 (1.29941e+00), Accept ratio: 0.47021, 
INFO:root:Epoch  3348, Energy: -1.09035e+02 (-1.09033e+02), Variance: 7.90185e-01 (1.43632e+00), Accept ratio: 0.46982, 
INFO:root:Epoch  3349, Energy: -1.09068e+02 (-1.09093e+02), Variance: 8.63213e-01 (1.44187e+00), Accept ratio: 0.46918, 
INFO:root:Epoch  3350, Energy: -1.09044e+02 (-1.09017e+02), Variance: 7.95730e-01 (1.36496e+00), Accept ratio: 0.46816, 
INFO:root:Epoch  3351, Energy: -1.09069e+02 (-1.09069e+02), Variance: 1.02739e+00 (1.46022e+00), Accept ratio: 0.46874, 
INFO:root:Epoch  3352, Energy: -1.08990e+02 (-1.08982e+02), Variance: 8.80861e-01 (1.22172e+00), Accept ratio: 0.47624, 
INFO:root:Epoch  3353, Energy: -1.09012e+02 (-1.09029e+02), Variance: 8.81062e-01 (1.53266e+00), Accept ratio: 0.47244, 
INFO:root:Epoch  3354, Energy: -1.08995e+02 (-1.08993e+02), Variance: 7.05749e-01 (7.96450e-01), Accept ratio: 0.46790, 
INFO:root:Epoch  3355, Energy: -1.08985e+02 (-1.08977e+02), Variance: 8.51543e-01 (9.70671e-01), Accept ratio: 0.46559, 
INFO:root:Epoch  3356, Energy: -1.08993e+02 (-1.09014e+02), Variance: 8.36126e-01 (1.38135e+00), Accept ratio: 0.47015, 
INFO:root:Epoch  3357, Energy: -1.08976e+02 (-1.08930e+02), Variance: 9.65931e-01 (2.67093e+00), Accept ratio: 0.46799, 
INFO:root:Epoch  3358, Energy: -1.08947e+02 (-1.08930e+02), Variance: 9.67154e-01 (1.26062e+00), Accept ratio: 0.46697, 
INFO:root:Epoch  3359, Energy: -1.08982e+02 (-1.09007e+02), Variance: 9.73681e-01 (1.63355e+00), Accept ratio: 0.46844, 
INFO:root:Epoch  3360, Energy: -1.08966e+02 (-1.08964e+02), Variance: 8.26611e-01 (1.07755e+00), Accept ratio: 0.46510, 
INFO:root:Epoch  3361, Energy: -1.08951e+02 (-1.08955e+02), Variance: 9.23602e-01 (1.54590e+00), Accept ratio: 0.46654, 
INFO:root:Epoch  3362, Energy: -1.09009e+02 (-1.09016e+02), Variance: 8.42070e-01 (1.01605e+00), Accept ratio: 0.46804, 
INFO:root:Epoch  3363, Energy: -1.08970e+02 (-1.08965e+02), Variance: 7.81022e-01 (1.10283e+00), Accept ratio: 0.46502, 
INFO:root:Epoch  3364, Energy: -1.08946e+02 (-1.08985e+02), Variance: 8.02785e-01 (1.82593e+00), Accept ratio: 0.46925, 
INFO:root:Epoch  3365, Energy: -1.08998e+02 (-1.08995e+02), Variance: 8.28109e-01 (9.11832e-01), Accept ratio: 0.47256, 
INFO:root:Epoch  3366, Energy: -1.08994e+02 (-1.09005e+02), Variance: 8.25067e-01 (1.04771e+00), Accept ratio: 0.46997, 
INFO:root:Epoch  3367, Energy: -1.08971e+02 (-1.08976e+02), Variance: 8.89015e-01 (1.08720e+00), Accept ratio: 0.47052, 
INFO:root:Epoch  3368, Energy: -1.08978e+02 (-1.08960e+02), Variance: 8.83908e-01 (1.68559e+00), Accept ratio: 0.46503, 
INFO:root:Epoch  3369, Energy: -1.08985e+02 (-1.08929e+02), Variance: 8.17651e-01 (2.43450e+00), Accept ratio: 0.46219, 
INFO:root:Epoch  3370, Energy: -1.08986e+02 (-1.08976e+02), Variance: 8.97524e-01 (1.37386e+00), Accept ratio: 0.45922, 
INFO:root:Epoch  3371, Energy: -1.09030e+02 (-1.09018e+02), Variance: 8.44203e-01 (1.14866e+00), Accept ratio: 0.46133, 
INFO:root:Epoch  3372, Energy: -1.09024e+02 (-1.09042e+02), Variance: 8.63997e-01 (1.50896e+00), Accept ratio: 0.46800, 
INFO:root:Epoch  3373, Energy: -1.08985e+02 (-1.09004e+02), Variance: 8.18048e-01 (1.64436e+00), Accept ratio: 0.46265, 
INFO:root:Epoch  3374, Energy: -1.09008e+02 (-1.09033e+02), Variance: 8.55369e-01 (1.24880e+00), Accept ratio: 0.46673, 
INFO:root:Epoch  3375, Energy: -1.09053e+02 (-1.09072e+02), Variance: 8.58497e-01 (1.70225e+00), Accept ratio: 0.47064, 
INFO:root:Epoch  3376, Energy: -1.09007e+02 (-1.09023e+02), Variance: 7.76521e-01 (1.11701e+00), Accept ratio: 0.46686, 
INFO:root:Epoch  3377, Energy: -1.09010e+02 (-1.09036e+02), Variance: 8.40566e-01 (1.70337e+00), Accept ratio: 0.46773, 
INFO:root:Epoch  3378, Energy: -1.09022e+02 (-1.09026e+02), Variance: 7.93821e-01 (1.09850e+00), Accept ratio: 0.46675, 
INFO:root:Epoch  3379, Energy: -1.09017e+02 (-1.09019e+02), Variance: 8.51934e-01 (1.19011e+00), Accept ratio: 0.46581, 
INFO:root:Epoch  3380, Energy: -1.08987e+02 (-1.08984e+02), Variance: 7.26215e-01 (1.05189e+00), Accept ratio: 0.47539, 
INFO:root:Epoch  3381, Energy: -1.09028e+02 (-1.09056e+02), Variance: 8.19177e-01 (1.29677e+00), Accept ratio: 0.46720, 
INFO:root:Epoch  3382, Energy: -1.09001e+02 (-1.09006e+02), Variance: 7.53980e-01 (9.39902e-01), Accept ratio: 0.46828, 
INFO:root:Epoch  3383, Energy: -1.08993e+02 (-1.08996e+02), Variance: 7.30187e-01 (8.88566e-01), Accept ratio: 0.47578, 
INFO:root:Epoch  3384, Energy: -1.08975e+02 (-1.08980e+02), Variance: 8.51474e-01 (1.10049e+00), Accept ratio: 0.47030, 
INFO:root:Epoch  3385, Energy: -1.08984e+02 (-1.08961e+02), Variance: 8.21875e-01 (1.66069e+00), Accept ratio: 0.47264, 
INFO:root:Epoch  3386, Energy: -1.09009e+02 (-1.09006e+02), Variance: 8.70152e-01 (1.18643e+00), Accept ratio: 0.46750, 
INFO:root:Epoch  3387, Energy: -1.08936e+02 (-1.08923e+02), Variance: 8.01522e-01 (1.13745e+00), Accept ratio: 0.47003, 
INFO:root:Epoch  3388, Energy: -1.08975e+02 (-1.08970e+02), Variance: 7.48766e-01 (8.19839e-01), Accept ratio: 0.46849, 
INFO:root:Epoch  3389, Energy: -1.09013e+02 (-1.09007e+02), Variance: 7.65621e-01 (8.94479e-01), Accept ratio: 0.47035, 
INFO:root:Epoch  3390, Energy: -1.09020e+02 (-1.09012e+02), Variance: 8.38391e-01 (1.06880e+00), Accept ratio: 0.47628, 
INFO:root:Epoch  3391, Energy: -1.09030e+02 (-1.09032e+02), Variance: 8.20976e-01 (1.18746e+00), Accept ratio: 0.47511, 
INFO:root:Epoch  3392, Energy: -1.09015e+02 (-1.09006e+02), Variance: 8.37346e-01 (1.05910e+00), Accept ratio: 0.47114, 
INFO:root:Epoch  3393, Energy: -1.09036e+02 (-1.09038e+02), Variance: 7.45068e-01 (7.87370e-01), Accept ratio: 0.47015, 
INFO:root:Epoch  3394, Energy: -1.09029e+02 (-1.09009e+02), Variance: 8.12697e-01 (1.13996e+00), Accept ratio: 0.47242, 
INFO:root:Epoch  3395, Energy: -1.09021e+02 (-1.09012e+02), Variance: 7.54099e-01 (1.25145e+00), Accept ratio: 0.46754, 
INFO:root:Epoch  3396, Energy: -1.09043e+02 (-1.09054e+02), Variance: 8.29197e-01 (1.24160e+00), Accept ratio: 0.47537, 
INFO:root:Epoch  3397, Energy: -1.09017e+02 (-1.09010e+02), Variance: 9.45036e-01 (1.63840e+00), Accept ratio: 0.46711, 
INFO:root:Epoch  3398, Energy: -1.09010e+02 (-1.09017e+02), Variance: 8.06713e-01 (1.09501e+00), Accept ratio: 0.46434, 
INFO:root:Epoch  3399, Energy: -1.09023e+02 (-1.09023e+02), Variance: 8.09258e-01 (9.03724e-01), Accept ratio: 0.47316, 
INFO:root:Epoch  3400, Energy: -1.09006e+02 (-1.09012e+02), Variance: 9.50185e-01 (1.22091e+00), Accept ratio: 0.47004, , best weights saved
INFO:root:Epoch  3401, Energy: -1.09031e+02 (-1.09040e+02), Variance: 8.08283e-01 (1.40597e+00), Accept ratio: 0.46642, 
INFO:root:Epoch  3402, Energy: -1.09040e+02 (-1.09045e+02), Variance: 8.02719e-01 (8.99279e-01), Accept ratio: 0.46916, 
INFO:root:Epoch  3403, Energy: -1.09001e+02 (-1.09004e+02), Variance: 8.62123e-01 (1.07890e+00), Accept ratio: 0.47600, 
INFO:root:Epoch  3404, Energy: -1.08993e+02 (-1.08994e+02), Variance: 9.60208e-01 (1.71868e+00), Accept ratio: 0.47397, 
INFO:root:Epoch  3405, Energy: -1.08977e+02 (-1.08970e+02), Variance: 7.45605e-01 (8.98148e-01), Accept ratio: 0.47466, 
INFO:root:Epoch  3406, Energy: -1.08972e+02 (-1.08972e+02), Variance: 8.11817e-01 (9.37570e-01), Accept ratio: 0.46326, 
INFO:root:Epoch  3407, Energy: -1.08994e+02 (-1.08998e+02), Variance: 8.65388e-01 (1.15017e+00), Accept ratio: 0.47025, 
INFO:root:Epoch  3408, Energy: -1.08930e+02 (-1.08937e+02), Variance: 9.44080e-01 (1.24131e+00), Accept ratio: 0.47435, 
INFO:root:Epoch  3409, Energy: -1.08960e+02 (-1.08970e+02), Variance: 7.38997e-01 (9.44410e-01), Accept ratio: 0.46976, 
INFO:root:Epoch  3410, Energy: -1.08960e+02 (-1.08957e+02), Variance: 7.97519e-01 (1.06706e+00), Accept ratio: 0.46913, 
INFO:root:Epoch  3411, Energy: -1.08990e+02 (-1.08997e+02), Variance: 8.38401e-01 (1.08750e+00), Accept ratio: 0.46779, 
INFO:root:Epoch  3412, Energy: -1.08964e+02 (-1.08947e+02), Variance: 8.64643e-01 (1.16920e+00), Accept ratio: 0.47184, 
INFO:root:Epoch  3413, Energy: -1.08980e+02 (-1.08961e+02), Variance: 7.95582e-01 (2.04462e+00), Accept ratio: 0.46824, 
INFO:root:Epoch  3414, Energy: -1.09032e+02 (-1.09039e+02), Variance: 8.21669e-01 (1.14446e+00), Accept ratio: 0.46657, 
INFO:root:Epoch  3415, Energy: -1.09017e+02 (-1.09023e+02), Variance: 7.81453e-01 (8.29510e-01), Accept ratio: 0.46233, 
INFO:root:Epoch  3416, Energy: -1.08973e+02 (-1.08979e+02), Variance: 7.08986e-01 (9.13640e-01), Accept ratio: 0.47024, 
INFO:root:Epoch  3417, Energy: -1.08984e+02 (-1.08960e+02), Variance: 8.15594e-01 (2.79502e+00), Accept ratio: 0.47522, 
INFO:root:Epoch  3418, Energy: -1.09029e+02 (-1.09003e+02), Variance: 7.74737e-01 (1.52364e+00), Accept ratio: 0.47158, 
INFO:root:Epoch  3419, Energy: -1.08978e+02 (-1.08965e+02), Variance: 7.15084e-01 (1.21454e+00), Accept ratio: 0.46959, 
INFO:root:Epoch  3420, Energy: -1.08913e+02 (-1.08905e+02), Variance: 8.00745e-01 (1.07454e+00), Accept ratio: 0.46666, 
INFO:root:Epoch  3421, Energy: -1.08955e+02 (-1.08952e+02), Variance: 8.26028e-01 (9.09984e-01), Accept ratio: 0.46474, 
INFO:root:Epoch  3422, Energy: -1.08965e+02 (-1.08959e+02), Variance: 7.73812e-01 (9.66815e-01), Accept ratio: 0.46737, 
INFO:root:Epoch  3423, Energy: -1.08925e+02 (-1.08918e+02), Variance: 7.89610e-01 (1.05818e+00), Accept ratio: 0.47453, 
INFO:root:Epoch  3424, Energy: -1.08955e+02 (-1.08944e+02), Variance: 7.38592e-01 (1.24993e+00), Accept ratio: 0.46870, 
INFO:root:Epoch  3425, Energy: -1.08967e+02 (-1.08973e+02), Variance: 8.15001e-01 (1.22311e+00), Accept ratio: 0.47559, 
INFO:root:Epoch  3426, Energy: -1.09034e+02 (-1.09039e+02), Variance: 8.11357e-01 (9.09620e-01), Accept ratio: 0.47493, 
INFO:root:Epoch  3427, Energy: -1.09000e+02 (-1.09006e+02), Variance: 8.93356e-01 (9.57715e-01), Accept ratio: 0.46715, 
INFO:root:Epoch  3428, Energy: -1.08987e+02 (-1.08969e+02), Variance: 8.94718e-01 (1.85732e+00), Accept ratio: 0.46568, 
INFO:root:Epoch  3429, Energy: -1.08969e+02 (-1.08971e+02), Variance: 7.70303e-01 (8.70218e-01), Accept ratio: 0.47494, 
INFO:root:Epoch  3430, Energy: -1.09009e+02 (-1.09007e+02), Variance: 8.03872e-01 (9.68987e-01), Accept ratio: 0.47439, 
INFO:root:Epoch  3431, Energy: -1.08936e+02 (-1.08914e+02), Variance: 8.13983e-01 (1.40523e+00), Accept ratio: 0.47920, 
INFO:root:Epoch  3432, Energy: -1.08969e+02 (-1.08979e+02), Variance: 7.76519e-01 (1.03220e+00), Accept ratio: 0.47287, 
INFO:root:Epoch  3433, Energy: -1.08996e+02 (-1.08984e+02), Variance: 7.96339e-01 (1.06134e+00), Accept ratio: 0.46999, 
INFO:root:Epoch  3434, Energy: -1.09001e+02 (-1.09055e+02), Variance: 9.28620e-01 (2.47992e+00), Accept ratio: 0.46546, 
INFO:root:Epoch  3435, Energy: -1.08984e+02 (-1.08974e+02), Variance: 7.44078e-01 (9.87887e-01), Accept ratio: 0.47600, 
INFO:root:Epoch  3436, Energy: -1.08994e+02 (-1.09011e+02), Variance: 8.34540e-01 (1.17347e+00), Accept ratio: 0.47106, 
INFO:root:Epoch  3437, Energy: -1.08992e+02 (-1.08998e+02), Variance: 8.52812e-01 (1.10950e+00), Accept ratio: 0.47091, 
INFO:root:Epoch  3438, Energy: -1.08977e+02 (-1.08960e+02), Variance: 8.49819e-01 (1.31489e+00), Accept ratio: 0.47777, 
INFO:root:Epoch  3439, Energy: -1.08989e+02 (-1.08988e+02), Variance: 1.03499e+00 (1.34518e+00), Accept ratio: 0.47002, 
INFO:root:Epoch  3440, Energy: -1.08974e+02 (-1.08969e+02), Variance: 8.07962e-01 (9.06110e-01), Accept ratio: 0.46400, 
INFO:root:Epoch  3441, Energy: -1.08974e+02 (-1.08965e+02), Variance: 8.68552e-01 (1.27594e+00), Accept ratio: 0.47467, 
INFO:root:Epoch  3442, Energy: -1.09002e+02 (-1.09010e+02), Variance: 9.09901e-01 (1.73327e+00), Accept ratio: 0.47750, 
INFO:root:Epoch  3443, Energy: -1.08989e+02 (-1.08987e+02), Variance: 7.26690e-01 (9.22186e-01), Accept ratio: 0.47107, 
INFO:root:Epoch  3444, Energy: -1.09006e+02 (-1.09062e+02), Variance: 8.36259e-01 (2.41381e+00), Accept ratio: 0.47053, 
INFO:root:Epoch  3445, Energy: -1.09005e+02 (-1.09036e+02), Variance: 9.22350e-01 (1.98109e+00), Accept ratio: 0.46750, 
INFO:root:Epoch  3446, Energy: -1.09049e+02 (-1.09062e+02), Variance: 7.52209e-01 (1.87940e+00), Accept ratio: 0.47403, 
INFO:root:Epoch  3447, Energy: -1.09009e+02 (-1.08998e+02), Variance: 7.63840e-01 (1.10204e+00), Accept ratio: 0.46766, 
INFO:root:Epoch  3448, Energy: -1.08991e+02 (-1.08991e+02), Variance: 7.71727e-01 (1.07846e+00), Accept ratio: 0.46562, 
INFO:root:Epoch  3449, Energy: -1.08988e+02 (-1.08998e+02), Variance: 7.68802e-01 (1.08051e+00), Accept ratio: 0.47171, 
INFO:root:Epoch  3450, Energy: -1.09001e+02 (-1.09003e+02), Variance: 7.68914e-01 (8.05442e-01), Accept ratio: 0.47009, 
INFO:root:Epoch  3451, Energy: -1.08993e+02 (-1.08997e+02), Variance: 7.77965e-01 (1.20179e+00), Accept ratio: 0.46784, 
INFO:root:Epoch  3452, Energy: -1.09042e+02 (-1.09044e+02), Variance: 7.52767e-01 (9.48548e-01), Accept ratio: 0.46909, 
INFO:root:Epoch  3453, Energy: -1.09050e+02 (-1.09028e+02), Variance: 8.61488e-01 (1.53486e+00), Accept ratio: 0.47234, 
INFO:root:Epoch  3454, Energy: -1.09009e+02 (-1.08983e+02), Variance: 8.45154e-01 (1.20463e+00), Accept ratio: 0.47221, 
INFO:root:Epoch  3455, Energy: -1.08972e+02 (-1.08962e+02), Variance: 7.80865e-01 (8.84030e-01), Accept ratio: 0.46677, 
INFO:root:Epoch  3456, Energy: -1.08996e+02 (-1.09004e+02), Variance: 8.34536e-01 (1.05641e+00), Accept ratio: 0.46552, 
INFO:root:Epoch  3457, Energy: -1.08960e+02 (-1.08938e+02), Variance: 7.91539e-01 (1.27766e+00), Accept ratio: 0.46652, 
INFO:root:Epoch  3458, Energy: -1.08937e+02 (-1.08939e+02), Variance: 8.55939e-01 (1.15183e+00), Accept ratio: 0.46535, 
INFO:root:Epoch  3459, Energy: -1.08952e+02 (-1.08956e+02), Variance: 7.68511e-01 (8.94405e-01), Accept ratio: 0.46827, 
INFO:root:Epoch  3460, Energy: -1.08949e+02 (-1.08928e+02), Variance: 8.27301e-01 (1.37982e+00), Accept ratio: 0.46978, 
INFO:root:Epoch  3461, Energy: -1.09006e+02 (-1.09023e+02), Variance: 8.71680e-01 (1.47527e+00), Accept ratio: 0.47824, 
INFO:root:Epoch  3462, Energy: -1.09014e+02 (-1.09004e+02), Variance: 8.44114e-01 (9.87441e-01), Accept ratio: 0.47279, 
INFO:root:Epoch  3463, Energy: -1.08988e+02 (-1.08994e+02), Variance: 8.37640e-01 (1.21847e+00), Accept ratio: 0.47058, 
INFO:root:Epoch  3464, Energy: -1.09028e+02 (-1.09021e+02), Variance: 8.28482e-01 (1.34021e+00), Accept ratio: 0.47186, 
INFO:root:Epoch  3465, Energy: -1.08982e+02 (-1.08982e+02), Variance: 7.98257e-01 (1.04092e+00), Accept ratio: 0.46808, 
INFO:root:Epoch  3466, Energy: -1.08989e+02 (-1.08986e+02), Variance: 8.32044e-01 (9.15353e-01), Accept ratio: 0.46858, 
INFO:root:Epoch  3467, Energy: -1.08989e+02 (-1.08986e+02), Variance: 8.31062e-01 (9.72373e-01), Accept ratio: 0.47014, 
INFO:root:Epoch  3468, Energy: -1.08966e+02 (-1.08978e+02), Variance: 8.42288e-01 (1.02483e+00), Accept ratio: 0.46976, 
INFO:root:Epoch  3469, Energy: -1.08971e+02 (-1.08976e+02), Variance: 7.91892e-01 (1.14728e+00), Accept ratio: 0.47041, 
INFO:root:Epoch  3470, Energy: -1.08972e+02 (-1.08980e+02), Variance: 8.67951e-01 (1.03514e+00), Accept ratio: 0.45926, 
INFO:root:Epoch  3471, Energy: -1.08948e+02 (-1.08948e+02), Variance: 8.64377e-01 (1.27782e+00), Accept ratio: 0.46935, 
INFO:root:Epoch  3472, Energy: -1.08953e+02 (-1.08959e+02), Variance: 7.99886e-01 (9.32308e-01), Accept ratio: 0.47229, 
INFO:root:Epoch  3473, Energy: -1.08960e+02 (-1.08947e+02), Variance: 8.35850e-01 (1.08785e+00), Accept ratio: 0.46986, 
INFO:root:Epoch  3474, Energy: -1.08965e+02 (-1.08951e+02), Variance: 9.95379e-01 (1.20167e+00), Accept ratio: 0.47190, 
INFO:root:Epoch  3475, Energy: -1.08984e+02 (-1.08974e+02), Variance: 8.25360e-01 (1.12747e+00), Accept ratio: 0.47316, 
INFO:root:Epoch  3476, Energy: -1.08989e+02 (-1.08986e+02), Variance: 7.93195e-01 (1.10162e+00), Accept ratio: 0.46779, 
INFO:root:Epoch  3477, Energy: -1.09017e+02 (-1.09050e+02), Variance: 9.17083e-01 (1.34062e+00), Accept ratio: 0.46918, 
INFO:root:Epoch  3478, Energy: -1.08997e+02 (-1.09031e+02), Variance: 9.05581e-01 (2.57854e+00), Accept ratio: 0.46938, 
INFO:root:Epoch  3479, Energy: -1.08998e+02 (-1.08997e+02), Variance: 7.94279e-01 (8.99202e-01), Accept ratio: 0.47363, 
INFO:root:Epoch  3480, Energy: -1.09001e+02 (-1.08984e+02), Variance: 7.85931e-01 (2.61857e+00), Accept ratio: 0.47326, 
INFO:root:Epoch  3481, Energy: -1.08941e+02 (-1.08918e+02), Variance: 8.49355e-01 (1.26767e+00), Accept ratio: 0.47483, 
INFO:root:Epoch  3482, Energy: -1.08993e+02 (-1.08984e+02), Variance: 7.54312e-01 (1.07482e+00), Accept ratio: 0.46816, 
INFO:root:Epoch  3483, Energy: -1.09003e+02 (-1.09015e+02), Variance: 8.32043e-01 (1.19494e+00), Accept ratio: 0.46578, 
INFO:root:Epoch  3484, Energy: -1.08951e+02 (-1.08932e+02), Variance: 8.63482e-01 (1.53136e+00), Accept ratio: 0.47859, 
INFO:root:Epoch  3485, Energy: -1.08978e+02 (-1.08970e+02), Variance: 9.37220e-01 (1.15594e+00), Accept ratio: 0.47331, 
INFO:root:Epoch  3486, Energy: -1.09031e+02 (-1.09025e+02), Variance: 8.49333e-01 (1.08162e+00), Accept ratio: 0.46583, 
INFO:root:Epoch  3487, Energy: -1.08967e+02 (-1.08943e+02), Variance: 9.08799e-01 (2.09126e+00), Accept ratio: 0.46889, 
INFO:root:Epoch  3488, Energy: -1.08954e+02 (-1.08958e+02), Variance: 8.86245e-01 (1.03041e+00), Accept ratio: 0.46414, 
INFO:root:Epoch  3489, Energy: -1.08982e+02 (-1.08979e+02), Variance: 8.77858e-01 (1.28920e+00), Accept ratio: 0.46760, 
INFO:root:Epoch  3490, Energy: -1.09008e+02 (-1.09041e+02), Variance: 8.73905e-01 (1.88102e+00), Accept ratio: 0.47161, 
INFO:root:Epoch  3491, Energy: -1.08966e+02 (-1.08965e+02), Variance: 8.39760e-01 (1.40404e+00), Accept ratio: 0.46877, 
INFO:root:Epoch  3492, Energy: -1.09021e+02 (-1.09037e+02), Variance: 8.85187e-01 (1.54140e+00), Accept ratio: 0.46963, 
INFO:root:Epoch  3493, Energy: -1.08998e+02 (-1.08990e+02), Variance: 8.43077e-01 (1.19046e+00), Accept ratio: 0.46881, 
INFO:root:Epoch  3494, Energy: -1.08997e+02 (-1.08998e+02), Variance: 9.57648e-01 (1.48264e+00), Accept ratio: 0.46346, 
INFO:root:Epoch  3495, Energy: -1.09012e+02 (-1.08991e+02), Variance: 1.01334e+00 (1.40826e+00), Accept ratio: 0.46459, 
INFO:root:Epoch  3496, Energy: -1.08994e+02 (-1.08997e+02), Variance: 8.03197e-01 (9.37894e-01), Accept ratio: 0.46608, 
INFO:root:Epoch  3497, Energy: -1.08936e+02 (-1.08930e+02), Variance: 9.53534e-01 (1.32367e+00), Accept ratio: 0.46708, 
INFO:root:Epoch  3498, Energy: -1.08919e+02 (-1.08900e+02), Variance: 8.12272e-01 (1.11387e+00), Accept ratio: 0.46817, 
INFO:root:Epoch  3499, Energy: -1.08961e+02 (-1.08962e+02), Variance: 8.21929e-01 (1.13129e+00), Accept ratio: 0.46478, 
INFO:root:Epoch  3500, Energy: -1.08978e+02 (-1.08950e+02), Variance: 9.21099e-01 (1.65766e+00), Accept ratio: 0.46474, , best weights saved
INFO:root:Epoch  3501, Energy: -1.08944e+02 (-1.08924e+02), Variance: 1.04393e+00 (1.71792e+00), Accept ratio: 0.46312, 
INFO:root:Epoch  3502, Energy: -1.08942e+02 (-1.08947e+02), Variance: 1.00604e+00 (2.10500e+00), Accept ratio: 0.46499, 
INFO:root:Epoch  3503, Energy: -1.09010e+02 (-1.09008e+02), Variance: 9.55235e-01 (1.20246e+00), Accept ratio: 0.46373, 
INFO:root:Epoch  3504, Energy: -1.08970e+02 (-1.08973e+02), Variance: 8.07110e-01 (8.63846e-01), Accept ratio: 0.46804, 
INFO:root:Epoch  3505, Energy: -1.08998e+02 (-1.09000e+02), Variance: 8.63379e-01 (9.14429e-01), Accept ratio: 0.46859, 
INFO:root:Epoch  3506, Energy: -1.08976e+02 (-1.08960e+02), Variance: 8.65498e-01 (1.18310e+00), Accept ratio: 0.46937, 
INFO:root:Epoch  3507, Energy: -1.08981e+02 (-1.08960e+02), Variance: 8.42411e-01 (1.63472e+00), Accept ratio: 0.47298, 
INFO:root:Epoch  3508, Energy: -1.09012e+02 (-1.09016e+02), Variance: 9.40359e-01 (1.49851e+00), Accept ratio: 0.47000, 
INFO:root:Epoch  3509, Energy: -1.08985e+02 (-1.08982e+02), Variance: 9.10560e-01 (1.09340e+00), Accept ratio: 0.47051, 
INFO:root:Epoch  3510, Energy: -1.08986e+02 (-1.08998e+02), Variance: 9.67246e-01 (1.35158e+00), Accept ratio: 0.46726, 
INFO:root:Epoch  3511, Energy: -1.08994e+02 (-1.08994e+02), Variance: 7.27576e-01 (8.55641e-01), Accept ratio: 0.46755, 
INFO:root:Epoch  3512, Energy: -1.08984e+02 (-1.08999e+02), Variance: 7.17677e-01 (9.81708e-01), Accept ratio: 0.46679, 
INFO:root:Epoch  3513, Energy: -1.09002e+02 (-1.09004e+02), Variance: 8.48897e-01 (1.03502e+00), Accept ratio: 0.47341, 
INFO:root:Epoch  3514, Energy: -1.09016e+02 (-1.08975e+02), Variance: 8.97643e-01 (2.12168e+00), Accept ratio: 0.47066, 
INFO:root:Epoch  3515, Energy: -1.08991e+02 (-1.08978e+02), Variance: 8.22305e-01 (1.52821e+00), Accept ratio: 0.46698, 
INFO:root:Epoch  3516, Energy: -1.09002e+02 (-1.09027e+02), Variance: 8.01812e-01 (1.40845e+00), Accept ratio: 0.46630, 
INFO:root:Epoch  3517, Energy: -1.09001e+02 (-1.09016e+02), Variance: 9.01243e-01 (1.64630e+00), Accept ratio: 0.47800, 
INFO:root:Epoch  3518, Energy: -1.08983e+02 (-1.08995e+02), Variance: 7.19647e-01 (1.07989e+00), Accept ratio: 0.47030, 
INFO:root:Epoch  3519, Energy: -1.08939e+02 (-1.08946e+02), Variance: 9.18155e-01 (1.14490e+00), Accept ratio: 0.46905, 
INFO:root:Epoch  3520, Energy: -1.08913e+02 (-1.08928e+02), Variance: 8.12086e-01 (1.18028e+00), Accept ratio: 0.47244, 
INFO:root:Epoch  3521, Energy: -1.08954e+02 (-1.08928e+02), Variance: 7.73187e-01 (2.24176e+00), Accept ratio: 0.47111, 
INFO:root:Epoch  3522, Energy: -1.08960e+02 (-1.08956e+02), Variance: 7.77000e-01 (1.26585e+00), Accept ratio: 0.46826, 
INFO:root:Epoch  3523, Energy: -1.08973e+02 (-1.08972e+02), Variance: 7.92529e-01 (8.56829e-01), Accept ratio: 0.46645, 
INFO:root:Epoch  3524, Energy: -1.08973e+02 (-1.08975e+02), Variance: 8.87255e-01 (1.02893e+00), Accept ratio: 0.47078, 
INFO:root:Epoch  3525, Energy: -1.08969e+02 (-1.08980e+02), Variance: 7.88451e-01 (1.03943e+00), Accept ratio: 0.47004, 
INFO:root:Epoch  3526, Energy: -1.09014e+02 (-1.09007e+02), Variance: 7.55584e-01 (1.14342e+00), Accept ratio: 0.47131, 
INFO:root:Epoch  3527, Energy: -1.08967e+02 (-1.08953e+02), Variance: 8.81028e-01 (1.18759e+00), Accept ratio: 0.46943, 
INFO:root:Epoch  3528, Energy: -1.08981e+02 (-1.08953e+02), Variance: 7.89453e-01 (1.29842e+00), Accept ratio: 0.47028, 
INFO:root:Epoch  3529, Energy: -1.08999e+02 (-1.08937e+02), Variance: 9.20676e-01 (3.35319e+00), Accept ratio: 0.46895, 
INFO:root:Epoch  3530, Energy: -1.08980e+02 (-1.08971e+02), Variance: 9.87015e-01 (1.35812e+00), Accept ratio: 0.46590, 
INFO:root:Epoch  3531, Energy: -1.08992e+02 (-1.08986e+02), Variance: 1.02382e+00 (1.69147e+00), Accept ratio: 0.47344, 
INFO:root:Epoch  3532, Energy: -1.09000e+02 (-1.09007e+02), Variance: 9.48973e-01 (1.13226e+00), Accept ratio: 0.47124, 
INFO:root:Epoch  3533, Energy: -1.08955e+02 (-1.08933e+02), Variance: 9.19316e-01 (1.28563e+00), Accept ratio: 0.47065, 
INFO:root:Epoch  3534, Energy: -1.08968e+02 (-1.08961e+02), Variance: 9.37159e-01 (1.20078e+00), Accept ratio: 0.47087, 
INFO:root:Epoch  3535, Energy: -1.08934e+02 (-1.08909e+02), Variance: 9.44933e-01 (2.04441e+00), Accept ratio: 0.47854, 
INFO:root:Epoch  3536, Energy: -1.08916e+02 (-1.08903e+02), Variance: 8.74586e-01 (1.49578e+00), Accept ratio: 0.47262, 
INFO:root:Epoch  3537, Energy: -1.08932e+02 (-1.08923e+02), Variance: 7.93786e-01 (8.95709e-01), Accept ratio: 0.47544, 
INFO:root:Epoch  3538, Energy: -1.08952e+02 (-1.08947e+02), Variance: 8.32692e-01 (1.03460e+00), Accept ratio: 0.46665, 
INFO:root:Epoch  3539, Energy: -1.08949e+02 (-1.08910e+02), Variance: 8.62669e-01 (2.19205e+00), Accept ratio: 0.47757, 
INFO:root:Epoch  3540, Energy: -1.08979e+02 (-1.08974e+02), Variance: 8.09153e-01 (9.61465e-01), Accept ratio: 0.46919, 
INFO:root:Epoch  3541, Energy: -1.09000e+02 (-1.08994e+02), Variance: 8.37890e-01 (1.05313e+00), Accept ratio: 0.46704, 
INFO:root:Epoch  3542, Energy: -1.08956e+02 (-1.08936e+02), Variance: 7.47122e-01 (1.76588e+00), Accept ratio: 0.47265, 
INFO:root:Epoch  3543, Energy: -1.08963e+02 (-1.08972e+02), Variance: 8.79019e-01 (2.00617e+00), Accept ratio: 0.47097, 
INFO:root:Epoch  3544, Energy: -1.09004e+02 (-1.09002e+02), Variance: 7.94576e-01 (9.67960e-01), Accept ratio: 0.46716, 
INFO:root:Epoch  3545, Energy: -1.08974e+02 (-1.08993e+02), Variance: 8.81032e-01 (1.44952e+00), Accept ratio: 0.46876, 
INFO:root:Epoch  3546, Energy: -1.09039e+02 (-1.09056e+02), Variance: 8.76795e-01 (1.18370e+00), Accept ratio: 0.47019, 
INFO:root:Epoch  3547, Energy: -1.08991e+02 (-1.08996e+02), Variance: 8.64785e-01 (1.12088e+00), Accept ratio: 0.47204, 
INFO:root:Epoch  3548, Energy: -1.08992e+02 (-1.08982e+02), Variance: 8.20578e-01 (9.92737e-01), Accept ratio: 0.46778, 
INFO:root:Epoch  3549, Energy: -1.09013e+02 (-1.09022e+02), Variance: 7.57637e-01 (9.97876e-01), Accept ratio: 0.47089, 
INFO:root:Epoch  3550, Energy: -1.08985e+02 (-1.09004e+02), Variance: 8.91228e-01 (1.16246e+00), Accept ratio: 0.46692, 
INFO:root:Epoch  3551, Energy: -1.08979e+02 (-1.09002e+02), Variance: 8.22749e-01 (1.74517e+00), Accept ratio: 0.47482, 
INFO:root:Epoch  3552, Energy: -1.09020e+02 (-1.09017e+02), Variance: 8.10512e-01 (1.16240e+00), Accept ratio: 0.47162, 
INFO:root:Epoch  3553, Energy: -1.09059e+02 (-1.09059e+02), Variance: 8.17531e-01 (8.90070e-01), Accept ratio: 0.46254, 
INFO:root:Epoch  3554, Energy: -1.08985e+02 (-1.08983e+02), Variance: 8.42594e-01 (1.07496e+00), Accept ratio: 0.46637, 
INFO:root:Epoch  3555, Energy: -1.08974e+02 (-1.08967e+02), Variance: 8.23583e-01 (1.00261e+00), Accept ratio: 0.46826, 
INFO:root:Epoch  3556, Energy: -1.09002e+02 (-1.08998e+02), Variance: 9.31193e-01 (1.36509e+00), Accept ratio: 0.46884, 
INFO:root:Epoch  3557, Energy: -1.09004e+02 (-1.09007e+02), Variance: 8.52649e-01 (1.00905e+00), Accept ratio: 0.47224, 
INFO:root:Epoch  3558, Energy: -1.09019e+02 (-1.09036e+02), Variance: 7.69834e-01 (9.74745e-01), Accept ratio: 0.46660, 
INFO:root:Epoch  3559, Energy: -1.09011e+02 (-1.09007e+02), Variance: 8.29477e-01 (9.38001e-01), Accept ratio: 0.46852, 
INFO:root:Epoch  3560, Energy: -1.08939e+02 (-1.08918e+02), Variance: 8.99778e-01 (1.68113e+00), Accept ratio: 0.47344, 
INFO:root:Epoch  3561, Energy: -1.08956e+02 (-1.08976e+02), Variance: 9.45640e-01 (1.38934e+00), Accept ratio: 0.47704, 
INFO:root:Epoch  3562, Energy: -1.08917e+02 (-1.08902e+02), Variance: 8.99459e-01 (1.20173e+00), Accept ratio: 0.47028, 
INFO:root:Epoch  3563, Energy: -1.08984e+02 (-1.08988e+02), Variance: 8.25094e-01 (1.27988e+00), Accept ratio: 0.47667, 
INFO:root:Epoch  3564, Energy: -1.08999e+02 (-1.09002e+02), Variance: 9.09865e-01 (1.23285e+00), Accept ratio: 0.47451, 
INFO:root:Epoch  3565, Energy: -1.08968e+02 (-1.08955e+02), Variance: 9.10599e-01 (1.42202e+00), Accept ratio: 0.46768, 
INFO:root:Epoch  3566, Energy: -1.08992e+02 (-1.08999e+02), Variance: 8.92607e-01 (1.37845e+00), Accept ratio: 0.46339, 
INFO:root:Epoch  3567, Energy: -1.08961e+02 (-1.08957e+02), Variance: 9.06108e-01 (1.14211e+00), Accept ratio: 0.46873, 
INFO:root:Epoch  3568, Energy: -1.08994e+02 (-1.08987e+02), Variance: 1.00457e+00 (1.54382e+00), Accept ratio: 0.46359, 
INFO:root:Epoch  3569, Energy: -1.08960e+02 (-1.08916e+02), Variance: 7.90463e-01 (4.36481e+00), Accept ratio: 0.47002, 
INFO:root:Epoch  3570, Energy: -1.08988e+02 (-1.08939e+02), Variance: 9.90119e-01 (4.03792e+00), Accept ratio: 0.47587, 
INFO:root:Epoch  3571, Energy: -1.08978e+02 (-1.08975e+02), Variance: 8.85805e-01 (1.05077e+00), Accept ratio: 0.47525, 
INFO:root:Epoch  3572, Energy: -1.08938e+02 (-1.08920e+02), Variance: 1.02926e+00 (1.51859e+00), Accept ratio: 0.46997, 
INFO:root:Epoch  3573, Energy: -1.08985e+02 (-1.08969e+02), Variance: 8.04635e-01 (1.08641e+00), Accept ratio: 0.47771, 
INFO:root:Epoch  3574, Energy: -1.09018e+02 (-1.09037e+02), Variance: 9.32292e-01 (1.72627e+00), Accept ratio: 0.47071, 
INFO:root:Epoch  3575, Energy: -1.09009e+02 (-1.08979e+02), Variance: 1.01131e+00 (5.43396e+00), Accept ratio: 0.46543, 
INFO:root:Epoch  3576, Energy: -1.08983e+02 (-1.08913e+02), Variance: 9.57225e-01 (5.10388e+00), Accept ratio: 0.46860, 
INFO:root:Epoch  3577, Energy: -1.09010e+02 (-1.09003e+02), Variance: 8.35651e-01 (9.16838e-01), Accept ratio: 0.46658, 
INFO:root:Epoch  3578, Energy: -1.08959e+02 (-1.08959e+02), Variance: 7.57334e-01 (8.90266e-01), Accept ratio: 0.47216, 
INFO:root:Epoch  3579, Energy: -1.08973e+02 (-1.08975e+02), Variance: 8.52009e-01 (1.06524e+00), Accept ratio: 0.46905, 
INFO:root:Epoch  3580, Energy: -1.08964e+02 (-1.08957e+02), Variance: 9.48812e-01 (1.34730e+00), Accept ratio: 0.46762, 
INFO:root:Epoch  3581, Energy: -1.08942e+02 (-1.08975e+02), Variance: 7.90908e-01 (1.71617e+00), Accept ratio: 0.46937, 
INFO:root:Epoch  3582, Energy: -1.08981e+02 (-1.08981e+02), Variance: 9.11054e-01 (1.14618e+00), Accept ratio: 0.46711, 
INFO:root:Epoch  3583, Energy: -1.09021e+02 (-1.09030e+02), Variance: 8.20236e-01 (9.01644e-01), Accept ratio: 0.46441, 
INFO:root:Epoch  3584, Energy: -1.09020e+02 (-1.09021e+02), Variance: 8.00603e-01 (8.37908e-01), Accept ratio: 0.47704, 
INFO:root:Epoch  3585, Energy: -1.08999e+02 (-1.09005e+02), Variance: 8.19087e-01 (1.00845e+00), Accept ratio: 0.46912, 
INFO:root:Epoch  3586, Energy: -1.08948e+02 (-1.08933e+02), Variance: 8.43065e-01 (1.37773e+00), Accept ratio: 0.46874, 
INFO:root:Epoch  3587, Energy: -1.08999e+02 (-1.08988e+02), Variance: 8.57115e-01 (2.15201e+00), Accept ratio: 0.46964, 
INFO:root:Epoch  3588, Energy: -1.09033e+02 (-1.09041e+02), Variance: 8.76281e-01 (1.12391e+00), Accept ratio: 0.46697, 
INFO:root:Epoch  3589, Energy: -1.08959e+02 (-1.08962e+02), Variance: 7.66882e-01 (8.88487e-01), Accept ratio: 0.47594, 
INFO:root:Epoch  3590, Energy: -1.08997e+02 (-1.08983e+02), Variance: 9.37822e-01 (1.35309e+00), Accept ratio: 0.46838, 
INFO:root:Epoch  3591, Energy: -1.08973e+02 (-1.08976e+02), Variance: 8.24555e-01 (1.13636e+00), Accept ratio: 0.46923, 
INFO:root:Epoch  3592, Energy: -1.08989e+02 (-1.08996e+02), Variance: 7.80630e-01 (9.93933e-01), Accept ratio: 0.46762, 
INFO:root:Epoch  3593, Energy: -1.09006e+02 (-1.08997e+02), Variance: 7.17757e-01 (1.26284e+00), Accept ratio: 0.47135, 
INFO:root:Epoch  3594, Energy: -1.08971e+02 (-1.08980e+02), Variance: 8.03325e-01 (1.05988e+00), Accept ratio: 0.46913, 
INFO:root:Epoch  3595, Energy: -1.09003e+02 (-1.09029e+02), Variance: 8.58792e-01 (1.46391e+00), Accept ratio: 0.47362, 
INFO:root:Epoch  3596, Energy: -1.08937e+02 (-1.08924e+02), Variance: 7.71804e-01 (1.15101e+00), Accept ratio: 0.46766, 
INFO:root:Epoch  3597, Energy: -1.08983e+02 (-1.08979e+02), Variance: 8.55779e-01 (9.79442e-01), Accept ratio: 0.46465, 
INFO:root:Epoch  3598, Energy: -1.08947e+02 (-1.08933e+02), Variance: 7.94878e-01 (1.01300e+00), Accept ratio: 0.47482, 
INFO:root:Epoch  3599, Energy: -1.08951e+02 (-1.08944e+02), Variance: 7.92160e-01 (9.93821e-01), Accept ratio: 0.47607, 
INFO:root:Epoch  3600, Energy: -1.08982e+02 (-1.08977e+02), Variance: 7.78529e-01 (1.03471e+00), Accept ratio: 0.47301, 
INFO:root:Epoch  3601, Energy: -1.09000e+02 (-1.08996e+02), Variance: 7.74653e-01 (1.15035e+00), Accept ratio: 0.46980, 
INFO:root:Epoch  3602, Energy: -1.09013e+02 (-1.09019e+02), Variance: 8.67615e-01 (1.02485e+00), Accept ratio: 0.47459, 
INFO:root:Epoch  3603, Energy: -1.08942e+02 (-1.08937e+02), Variance: 7.72322e-01 (8.94213e-01), Accept ratio: 0.46779, 
INFO:root:Epoch  3604, Energy: -1.08946e+02 (-1.08943e+02), Variance: 8.86672e-01 (1.13034e+00), Accept ratio: 0.46733, 
INFO:root:Epoch  3605, Energy: -1.08967e+02 (-1.08959e+02), Variance: 9.06953e-01 (1.11502e+00), Accept ratio: 0.46566, 
INFO:root:Epoch  3606, Energy: -1.08941e+02 (-1.08935e+02), Variance: 9.15194e-01 (2.51590e+00), Accept ratio: 0.46953, 
INFO:root:Epoch  3607, Energy: -1.08994e+02 (-1.09009e+02), Variance: 8.57635e-01 (1.08885e+00), Accept ratio: 0.47347, 
INFO:root:Epoch  3608, Energy: -1.08987e+02 (-1.08961e+02), Variance: 8.56930e-01 (1.56920e+00), Accept ratio: 0.46990, 
INFO:root:Epoch  3609, Energy: -1.08959e+02 (-1.08958e+02), Variance: 8.64439e-01 (1.00764e+00), Accept ratio: 0.47617, 
INFO:root:Epoch  3610, Energy: -1.09014e+02 (-1.08983e+02), Variance: 8.95678e-01 (2.18242e+00), Accept ratio: 0.46107, 
INFO:root:Epoch  3611, Energy: -1.08977e+02 (-1.08975e+02), Variance: 8.62876e-01 (1.22214e+00), Accept ratio: 0.46805, 
INFO:root:Epoch  3612, Energy: -1.09015e+02 (-1.09027e+02), Variance: 1.01191e+00 (1.42321e+00), Accept ratio: 0.46661, 
INFO:root:Epoch  3613, Energy: -1.09021e+02 (-1.09015e+02), Variance: 1.01060e+00 (1.27728e+00), Accept ratio: 0.47450, 
INFO:root:Epoch  3614, Energy: -1.08991e+02 (-1.09002e+02), Variance: 8.54813e-01 (1.24094e+00), Accept ratio: 0.46806, 
INFO:root:Epoch  3615, Energy: -1.09072e+02 (-1.09070e+02), Variance: 8.63430e-01 (1.01562e+00), Accept ratio: 0.46963, 
INFO:root:Epoch  3616, Energy: -1.09031e+02 (-1.09045e+02), Variance: 9.75555e-01 (1.86305e+00), Accept ratio: 0.47395, 
INFO:root:Epoch  3617, Energy: -1.09011e+02 (-1.08966e+02), Variance: 8.61175e-01 (2.72899e+00), Accept ratio: 0.46597, 
INFO:root:Epoch  3618, Energy: -1.08990e+02 (-1.08992e+02), Variance: 8.06855e-01 (1.03000e+00), Accept ratio: 0.47605, 
INFO:root:Epoch  3619, Energy: -1.09015e+02 (-1.08997e+02), Variance: 8.30874e-01 (1.43889e+00), Accept ratio: 0.47173, 
INFO:root:Epoch  3620, Energy: -1.09009e+02 (-1.08999e+02), Variance: 8.57865e-01 (1.17748e+00), Accept ratio: 0.46467, 
INFO:root:Epoch  3621, Energy: -1.09021e+02 (-1.09024e+02), Variance: 8.61409e-01 (9.51937e-01), Accept ratio: 0.47033, 
INFO:root:Epoch  3622, Energy: -1.09030e+02 (-1.09041e+02), Variance: 7.95266e-01 (9.82932e-01), Accept ratio: 0.46547, 
INFO:root:Epoch  3623, Energy: -1.09006e+02 (-1.09002e+02), Variance: 8.84606e-01 (1.24048e+00), Accept ratio: 0.47129, 
INFO:root:Epoch  3624, Energy: -1.09033e+02 (-1.09053e+02), Variance: 9.06911e-01 (1.34788e+00), Accept ratio: 0.46299, 
INFO:root:Epoch  3625, Energy: -1.09011e+02 (-1.09014e+02), Variance: 8.82098e-01 (1.10094e+00), Accept ratio: 0.46617, 
INFO:root:Epoch  3626, Energy: -1.09017e+02 (-1.09056e+02), Variance: 8.54689e-01 (1.76374e+00), Accept ratio: 0.46721, 
INFO:root:Epoch  3627, Energy: -1.09030e+02 (-1.09031e+02), Variance: 8.03166e-01 (1.01871e+00), Accept ratio: 0.46928, 
INFO:root:Epoch  3628, Energy: -1.09020e+02 (-1.09016e+02), Variance: 8.98119e-01 (1.26562e+00), Accept ratio: 0.47511, 
INFO:root:Epoch  3629, Energy: -1.08991e+02 (-1.08985e+02), Variance: 8.69417e-01 (1.75292e+00), Accept ratio: 0.46878, 
INFO:root:Epoch  3630, Energy: -1.09019e+02 (-1.09000e+02), Variance: 8.61124e-01 (1.40120e+00), Accept ratio: 0.46850, 
INFO:root:Epoch  3631, Energy: -1.08942e+02 (-1.08941e+02), Variance: 9.22600e-01 (1.20123e+00), Accept ratio: 0.46354, 
INFO:root:Epoch  3632, Energy: -1.08968e+02 (-1.08959e+02), Variance: 9.33432e-01 (1.59566e+00), Accept ratio: 0.46765, 
INFO:root:Epoch  3633, Energy: -1.08998e+02 (-1.08927e+02), Variance: 9.48680e-01 (5.23283e+00), Accept ratio: 0.47436, 
INFO:root:Epoch  3634, Energy: -1.08975e+02 (-1.08969e+02), Variance: 8.64852e-01 (1.14252e+00), Accept ratio: 0.46777, 
INFO:root:Epoch  3635, Energy: -1.08985e+02 (-1.09022e+02), Variance: 9.59279e-01 (1.98095e+00), Accept ratio: 0.47429, 
INFO:root:Epoch  3636, Energy: -1.09032e+02 (-1.09054e+02), Variance: 8.53949e-01 (1.10900e+00), Accept ratio: 0.46855, 
INFO:root:Epoch  3637, Energy: -1.09034e+02 (-1.09048e+02), Variance: 9.28544e-01 (1.37521e+00), Accept ratio: 0.46462, 
INFO:root:Epoch  3638, Energy: -1.09024e+02 (-1.09032e+02), Variance: 8.52049e-01 (1.03085e+00), Accept ratio: 0.47653, 
INFO:root:Epoch  3639, Energy: -1.08993e+02 (-1.08903e+02), Variance: 1.04707e+00 (9.84532e+00), Accept ratio: 0.47109, 
INFO:root:Epoch  3640, Energy: -1.09013e+02 (-1.09003e+02), Variance: 8.02952e-01 (1.00199e+00), Accept ratio: 0.47115, 
INFO:root:Epoch  3641, Energy: -1.08994e+02 (-1.08995e+02), Variance: 8.72396e-01 (2.10721e+00), Accept ratio: 0.47370, 
INFO:root:Epoch  3642, Energy: -1.08955e+02 (-1.08938e+02), Variance: 9.68783e-01 (1.27756e+00), Accept ratio: 0.47866, 
INFO:root:Epoch  3643, Energy: -1.08958e+02 (-1.08963e+02), Variance: 9.52312e-01 (1.32047e+00), Accept ratio: 0.47329, 
INFO:root:Epoch  3644, Energy: -1.08935e+02 (-1.08923e+02), Variance: 1.00386e+00 (1.33981e+00), Accept ratio: 0.46617, 
INFO:root:Epoch  3645, Energy: -1.08982e+02 (-1.08989e+02), Variance: 8.81268e-01 (2.02618e+00), Accept ratio: 0.47571, 
INFO:root:Epoch  3646, Energy: -1.09005e+02 (-1.09010e+02), Variance: 8.98709e-01 (2.03633e+00), Accept ratio: 0.46825, 
INFO:root:Epoch  3647, Energy: -1.08950e+02 (-1.08914e+02), Variance: 9.68330e-01 (2.27470e+00), Accept ratio: 0.47204, 
INFO:root:Epoch  3648, Energy: -1.08970e+02 (-1.08993e+02), Variance: 8.72401e-01 (1.55521e+00), Accept ratio: 0.46814, 
INFO:root:Epoch  3649, Energy: -1.08976e+02 (-1.08944e+02), Variance: 9.17613e-01 (1.76940e+00), Accept ratio: 0.47168, 
INFO:root:Epoch  3650, Energy: -1.08992e+02 (-1.09014e+02), Variance: 8.46170e-01 (1.69589e+00), Accept ratio: 0.47051, 
INFO:root:Epoch  3651, Energy: -1.08941e+02 (-1.08916e+02), Variance: 8.23666e-01 (1.90796e+00), Accept ratio: 0.47206, 
INFO:root:Epoch  3652, Energy: -1.08971e+02 (-1.08962e+02), Variance: 9.34094e-01 (1.13677e+00), Accept ratio: 0.47206, 
INFO:root:Epoch  3653, Energy: -1.08972e+02 (-1.08965e+02), Variance: 9.51608e-01 (1.16264e+00), Accept ratio: 0.47182, 
INFO:root:Epoch  3654, Energy: -1.08930e+02 (-1.08933e+02), Variance: 9.22402e-01 (1.04895e+00), Accept ratio: 0.46341, 
INFO:root:Epoch  3655, Energy: -1.08985e+02 (-1.08997e+02), Variance: 8.91395e-01 (1.54951e+00), Accept ratio: 0.47407, 
INFO:root:Epoch  3656, Energy: -1.08955e+02 (-1.08913e+02), Variance: 1.00619e+00 (2.31409e+00), Accept ratio: 0.46737, 
INFO:root:Epoch  3657, Energy: -1.08932e+02 (-1.08941e+02), Variance: 9.47584e-01 (1.59229e+00), Accept ratio: 0.47232, 
INFO:root:Epoch  3658, Energy: -1.08976e+02 (-1.08972e+02), Variance: 9.33912e-01 (1.20804e+00), Accept ratio: 0.46888, 
INFO:root:Epoch  3659, Energy: -1.09009e+02 (-1.08986e+02), Variance: 1.03513e+00 (1.77197e+00), Accept ratio: 0.46644, 
INFO:root:Epoch  3660, Energy: -1.08990e+02 (-1.08996e+02), Variance: 9.34423e-01 (1.38973e+00), Accept ratio: 0.47466, 
INFO:root:Epoch  3661, Energy: -1.08961e+02 (-1.08953e+02), Variance: 8.58000e-01 (1.02256e+00), Accept ratio: 0.47089, 
INFO:root:Epoch  3662, Energy: -1.08977e+02 (-1.08952e+02), Variance: 1.02776e+00 (1.50140e+00), Accept ratio: 0.47172, 
INFO:root:Epoch  3663, Energy: -1.08982e+02 (-1.08967e+02), Variance: 9.85038e-01 (1.29883e+00), Accept ratio: 0.47541, 
INFO:root:Epoch  3664, Energy: -1.08990e+02 (-1.08993e+02), Variance: 8.74622e-01 (1.09360e+00), Accept ratio: 0.47270, 
INFO:root:Epoch  3665, Energy: -1.08996e+02 (-1.09006e+02), Variance: 9.68942e-01 (1.26844e+00), Accept ratio: 0.46850, 
INFO:root:Epoch  3666, Energy: -1.09000e+02 (-1.08990e+02), Variance: 1.04850e+00 (1.63781e+00), Accept ratio: 0.46667, 
INFO:root:Epoch  3667, Energy: -1.08951e+02 (-1.08938e+02), Variance: 1.03401e+00 (2.23555e+00), Accept ratio: 0.46193, 
INFO:root:Epoch  3668, Energy: -1.08974e+02 (-1.09000e+02), Variance: 9.24966e-01 (2.05257e+00), Accept ratio: 0.47158, 
INFO:root:Epoch  3669, Energy: -1.09001e+02 (-1.09004e+02), Variance: 8.44260e-01 (1.02491e+00), Accept ratio: 0.46526, 
INFO:root:Epoch  3670, Energy: -1.08998e+02 (-1.08996e+02), Variance: 9.22078e-01 (1.61342e+00), Accept ratio: 0.46804, 
INFO:root:Epoch  3671, Energy: -1.08924e+02 (-1.08918e+02), Variance: 9.18655e-01 (1.94277e+00), Accept ratio: 0.46918, 
INFO:root:Epoch  3672, Energy: -1.08943e+02 (-1.08939e+02), Variance: 8.44093e-01 (1.12727e+00), Accept ratio: 0.47072, 
INFO:root:Epoch  3673, Energy: -1.09007e+02 (-1.09037e+02), Variance: 8.61689e-01 (1.66241e+00), Accept ratio: 0.46723, 
INFO:root:Epoch  3674, Energy: -1.08977e+02 (-1.08353e+02), Variance: 1.11296e+00 (2.42906e+02), Accept ratio: 0.47777, 
INFO:root:Epoch  3675, Energy: -1.08976e+02 (-1.08969e+02), Variance: 8.21964e-01 (1.03693e+00), Accept ratio: 0.47637, 
INFO:root:Epoch  3676, Energy: -1.09020e+02 (-1.09037e+02), Variance: 9.10967e-01 (1.27067e+00), Accept ratio: 0.47324, 
INFO:root:Epoch  3677, Energy: -1.08984e+02 (-1.09083e+02), Variance: 1.07067e+00 (1.18977e+01), Accept ratio: 0.46994, 
INFO:root:Epoch  3678, Energy: -1.09002e+02 (-1.09004e+02), Variance: 8.19021e-01 (8.82200e-01), Accept ratio: 0.46948, 
INFO:root:Epoch  3679, Energy: -1.08973e+02 (-1.08975e+02), Variance: 7.37239e-01 (7.49459e-01), Accept ratio: 0.46885, 
INFO:root:Epoch  3680, Energy: -1.09023e+02 (-1.09006e+02), Variance: 9.36059e-01 (2.06366e+00), Accept ratio: 0.47240, 
INFO:root:Epoch  3681, Energy: -1.08939e+02 (-1.08972e+02), Variance: 8.46781e-01 (2.85653e+00), Accept ratio: 0.46525, 
INFO:root:Epoch  3682, Energy: -1.08990e+02 (-1.08992e+02), Variance: 9.72510e-01 (1.41901e+00), Accept ratio: 0.47169, 
INFO:root:Epoch  3683, Energy: -1.08954e+02 (-1.08954e+02), Variance: 8.22968e-01 (9.74218e-01), Accept ratio: 0.46774, 
INFO:root:Epoch  3684, Energy: -1.08998e+02 (-1.08995e+02), Variance: 8.88674e-01 (1.03530e+00), Accept ratio: 0.47238, 
INFO:root:Epoch  3685, Energy: -1.08985e+02 (-1.09041e+02), Variance: 9.21982e-01 (4.06193e+00), Accept ratio: 0.46926, 
INFO:root:Epoch  3686, Energy: -1.08996e+02 (-1.08996e+02), Variance: 9.59890e-01 (1.48283e+00), Accept ratio: 0.47002, 
INFO:root:Epoch  3687, Energy: -1.08964e+02 (-1.08960e+02), Variance: 8.26802e-01 (9.09750e-01), Accept ratio: 0.47857, 
INFO:root:Epoch  3688, Energy: -1.08973e+02 (-1.08958e+02), Variance: 1.02440e+00 (1.68230e+00), Accept ratio: 0.46208, 
INFO:root:Epoch  3689, Energy: -1.08989e+02 (-1.08994e+02), Variance: 1.09736e+00 (1.68297e+00), Accept ratio: 0.46447, 
INFO:root:Epoch  3690, Energy: -1.09010e+02 (-1.09010e+02), Variance: 9.13015e-01 (1.47871e+00), Accept ratio: 0.47613, 
INFO:root:Epoch  3691, Energy: -1.08997e+02 (-1.08962e+02), Variance: 9.09976e-01 (1.81931e+00), Accept ratio: 0.47357, 
INFO:root:Epoch  3692, Energy: -1.09000e+02 (-1.09000e+02), Variance: 8.10584e-01 (8.72299e-01), Accept ratio: 0.46997, 
INFO:root:Epoch  3693, Energy: -1.08976e+02 (-1.08947e+02), Variance: 7.64691e-01 (1.61012e+00), Accept ratio: 0.46907, 
INFO:root:Epoch  3694, Energy: -1.08987e+02 (-1.09001e+02), Variance: 8.67221e-01 (1.01537e+00), Accept ratio: 0.46760, 
INFO:root:Epoch  3695, Energy: -1.08979e+02 (-1.09004e+02), Variance: 1.02461e+00 (1.98895e+00), Accept ratio: 0.47284, 
INFO:root:Epoch  3696, Energy: -1.08922e+02 (-1.08898e+02), Variance: 1.13143e+00 (1.58526e+00), Accept ratio: 0.46934, 
INFO:root:Epoch  3697, Energy: -1.08953e+02 (-1.08963e+02), Variance: 1.03673e+00 (1.46994e+00), Accept ratio: 0.46967, 
INFO:root:Epoch  3698, Energy: -1.08962e+02 (-1.08959e+02), Variance: 9.36321e-01 (1.21753e+00), Accept ratio: 0.46836, 
INFO:root:Epoch  3699, Energy: -1.08932e+02 (-1.08936e+02), Variance: 9.46206e-01 (1.03476e+00), Accept ratio: 0.46880, 
INFO:root:Epoch  3700, Energy: -1.08874e+02 (-1.08855e+02), Variance: 8.46355e-01 (1.20399e+00), Accept ratio: 0.46453, 
INFO:root:Epoch  3701, Energy: -1.08884e+02 (-1.08878e+02), Variance: 8.27861e-01 (1.09069e+00), Accept ratio: 0.47432, 
INFO:root:Epoch  3702, Energy: -1.08925e+02 (-1.08896e+02), Variance: 9.12881e-01 (2.27018e+00), Accept ratio: 0.46955, 
INFO:root:Epoch  3703, Energy: -1.08954e+02 (-1.09075e+02), Variance: 1.02302e+00 (2.95726e+01), Accept ratio: 0.46314, 
INFO:root:Epoch  3704, Energy: -1.08940e+02 (-1.08930e+02), Variance: 1.05143e+00 (1.46130e+00), Accept ratio: 0.46494, 
INFO:root:Epoch  3705, Energy: -1.08996e+02 (-1.08973e+02), Variance: 9.87692e-01 (3.18699e+00), Accept ratio: 0.46411, 
INFO:root:Epoch  3706, Energy: -1.09008e+02 (-1.09033e+02), Variance: 9.43752e-01 (1.41606e+00), Accept ratio: 0.46465, 
INFO:root:Epoch  3707, Energy: -1.08922e+02 (-1.08915e+02), Variance: 1.00080e+00 (1.33278e+00), Accept ratio: 0.46708, 
INFO:root:Epoch  3708, Energy: -1.08971e+02 (-1.08969e+02), Variance: 8.89594e-01 (1.05609e+00), Accept ratio: 0.46139, 
INFO:root:Epoch  3709, Energy: -1.08950e+02 (-1.08928e+02), Variance: 9.32677e-01 (1.35677e+00), Accept ratio: 0.46285, 
INFO:root:Epoch  3710, Energy: -1.08994e+02 (-1.08990e+02), Variance: 8.94033e-01 (1.30346e+00), Accept ratio: 0.46446, 
INFO:root:Epoch  3711, Energy: -1.08937e+02 (-1.08944e+02), Variance: 9.24105e-01 (1.13381e+00), Accept ratio: 0.46837, 
INFO:root:Epoch  3712, Energy: -1.09014e+02 (-1.08977e+02), Variance: 9.25706e-01 (1.80958e+00), Accept ratio: 0.46520, 
INFO:root:Epoch  3713, Energy: -1.08979e+02 (-1.08971e+02), Variance: 9.43481e-01 (1.23213e+00), Accept ratio: 0.46822, 
INFO:root:Epoch  3714, Energy: -1.09001e+02 (-1.08999e+02), Variance: 8.91860e-01 (1.02568e+00), Accept ratio: 0.46505, 
INFO:root:Epoch  3715, Energy: -1.08977e+02 (-1.08962e+02), Variance: 8.54460e-01 (1.07966e+00), Accept ratio: 0.46424, 
INFO:root:Epoch  3716, Energy: -1.08963e+02 (-1.08950e+02), Variance: 8.49654e-01 (1.09223e+00), Accept ratio: 0.46513, 
INFO:root:Epoch  3717, Energy: -1.09017e+02 (-1.09013e+02), Variance: 8.47802e-01 (1.22609e+00), Accept ratio: 0.46688, 
INFO:root:Epoch  3718, Energy: -1.08961e+02 (-1.08983e+02), Variance: 9.02868e-01 (1.47934e+00), Accept ratio: 0.47265, 
INFO:root:Epoch  3719, Energy: -1.09029e+02 (-1.09071e+02), Variance: 9.14408e-01 (1.85496e+00), Accept ratio: 0.46744, 
INFO:root:Epoch  3720, Energy: -1.08971e+02 (-1.08969e+02), Variance: 9.31428e-01 (1.13997e+00), Accept ratio: 0.47574, 
INFO:root:Epoch  3721, Energy: -1.08993e+02 (-1.08993e+02), Variance: 9.45591e-01 (1.65772e+00), Accept ratio: 0.47281, 
INFO:root:Epoch  3722, Energy: -1.08976e+02 (-1.08982e+02), Variance: 8.95356e-01 (9.88673e-01), Accept ratio: 0.47352, 
INFO:root:Epoch  3723, Energy: -1.08981e+02 (-1.08985e+02), Variance: 8.85368e-01 (1.27651e+00), Accept ratio: 0.46978, 
INFO:root:Epoch  3724, Energy: -1.08980e+02 (-1.08977e+02), Variance: 8.98574e-01 (9.95084e-01), Accept ratio: 0.46873, 
INFO:root:Epoch  3725, Energy: -1.08982e+02 (-1.08970e+02), Variance: 9.12822e-01 (1.53770e+00), Accept ratio: 0.46212, 
INFO:root:Epoch  3726, Energy: -1.08986e+02 (-1.08948e+02), Variance: 9.43527e-01 (3.04166e+00), Accept ratio: 0.47432, 
INFO:root:Epoch  3727, Energy: -1.08965e+02 (-1.08968e+02), Variance: 8.50853e-01 (1.02283e+00), Accept ratio: 0.47036, 
INFO:root:Epoch  3728, Energy: -1.08935e+02 (-1.08937e+02), Variance: 1.03216e+00 (1.81476e+00), Accept ratio: 0.46447, 
INFO:root:Epoch  3729, Energy: -1.08917e+02 (-1.08903e+02), Variance: 1.02815e+00 (1.44352e+00), Accept ratio: 0.47199, 
INFO:root:Epoch  3730, Energy: -1.08915e+02 (-1.08931e+02), Variance: 9.39959e-01 (1.42819e+00), Accept ratio: 0.47176, 
INFO:root:Epoch  3731, Energy: -1.08935e+02 (-1.08935e+02), Variance: 9.68178e-01 (1.08046e+00), Accept ratio: 0.47084, 
INFO:root:Epoch  3732, Energy: -1.08967e+02 (-1.08965e+02), Variance: 1.06672e+00 (1.35435e+00), Accept ratio: 0.46232, 
INFO:root:Epoch  3733, Energy: -1.08916e+02 (-1.08905e+02), Variance: 8.36290e-01 (9.99578e-01), Accept ratio: 0.47399, 
INFO:root:Epoch  3734, Energy: -1.08979e+02 (-1.09007e+02), Variance: 9.94589e-01 (3.96882e+00), Accept ratio: 0.47041, 
INFO:root:Epoch  3735, Energy: -1.08969e+02 (-1.08961e+02), Variance: 8.33079e-01 (1.49303e+00), Accept ratio: 0.46479, 
INFO:root:Epoch  3736, Energy: -1.08972e+02 (-1.08971e+02), Variance: 9.09573e-01 (1.01386e+00), Accept ratio: 0.46565, 
INFO:root:Epoch  3737, Energy: -1.08953e+02 (-1.08948e+02), Variance: 8.09683e-01 (1.00786e+00), Accept ratio: 0.47167, 
INFO:root:Epoch  3738, Energy: -1.08963e+02 (-1.08983e+02), Variance: 8.70245e-01 (1.83922e+00), Accept ratio: 0.47060, 
INFO:root:Epoch  3739, Energy: -1.08983e+02 (-1.08985e+02), Variance: 9.09591e-01 (1.20046e+00), Accept ratio: 0.47293, 
INFO:root:Epoch  3740, Energy: -1.08998e+02 (-1.08996e+02), Variance: 8.87575e-01 (1.18884e+00), Accept ratio: 0.47500, 
INFO:root:Epoch  3741, Energy: -1.09010e+02 (-1.09003e+02), Variance: 8.81515e-01 (1.34888e+00), Accept ratio: 0.46817, 
INFO:root:Epoch  3742, Energy: -1.09040e+02 (-1.09040e+02), Variance: 8.81001e-01 (1.01195e+00), Accept ratio: 0.46578, 
INFO:root:Epoch  3743, Energy: -1.09000e+02 (-1.08996e+02), Variance: 9.86312e-01 (1.22840e+00), Accept ratio: 0.46266, 
INFO:root:Epoch  3744, Energy: -1.09058e+02 (-1.09071e+02), Variance: 1.00386e+00 (1.24463e+00), Accept ratio: 0.47127, 
INFO:root:Epoch  3745, Energy: -1.09001e+02 (-1.08993e+02), Variance: 9.77222e-01 (1.36147e+00), Accept ratio: 0.46781, 
INFO:root:Epoch  3746, Energy: -1.08941e+02 (-1.08944e+02), Variance: 8.07239e-01 (1.04345e+00), Accept ratio: 0.47205, 
INFO:root:Epoch  3747, Energy: -1.08922e+02 (-1.08917e+02), Variance: 9.35336e-01 (1.33695e+00), Accept ratio: 0.47461, 
INFO:root:Epoch  3748, Energy: -1.08967e+02 (-1.08969e+02), Variance: 9.44466e-01 (1.20847e+00), Accept ratio: 0.46748, 
INFO:root:Epoch  3749, Energy: -1.08977e+02 (-1.08995e+02), Variance: 9.78063e-01 (1.50831e+00), Accept ratio: 0.47006, 
INFO:root:Epoch  3750, Energy: -1.09008e+02 (-1.09004e+02), Variance: 9.59056e-01 (1.33260e+00), Accept ratio: 0.46899, 
INFO:root:Epoch  3751, Energy: -1.09019e+02 (-1.09026e+02), Variance: 1.01565e+00 (2.04530e+00), Accept ratio: 0.46147, 
INFO:root:Epoch  3752, Energy: -1.09014e+02 (-1.08994e+02), Variance: 1.11481e+00 (1.46437e+00), Accept ratio: 0.47097, 
INFO:root:Epoch  3753, Energy: -1.09000e+02 (-1.08999e+02), Variance: 1.00785e+00 (1.06328e+00), Accept ratio: 0.47058, 
INFO:root:Epoch  3754, Energy: -1.09009e+02 (-1.09017e+02), Variance: 9.39880e-01 (1.65537e+00), Accept ratio: 0.46989, 
INFO:root:Epoch  3755, Energy: -1.08994e+02 (-1.08991e+02), Variance: 1.11096e+00 (1.38661e+00), Accept ratio: 0.47031, 
INFO:root:Epoch  3756, Energy: -1.09037e+02 (-1.09054e+02), Variance: 9.72693e-01 (1.49039e+00), Accept ratio: 0.45817, 
INFO:root:Epoch  3757, Energy: -1.09018e+02 (-1.09051e+02), Variance: 9.94393e-01 (1.55940e+00), Accept ratio: 0.47565, 
INFO:root:Epoch  3758, Energy: -1.08996e+02 (-1.09003e+02), Variance: 8.78857e-01 (1.01137e+00), Accept ratio: 0.46888, 
INFO:root:Epoch  3759, Energy: -1.09057e+02 (-1.09066e+02), Variance: 1.05220e+00 (1.32052e+00), Accept ratio: 0.47478, 
INFO:root:Epoch  3760, Energy: -1.08973e+02 (-1.08977e+02), Variance: 1.17361e+00 (1.28560e+00), Accept ratio: 0.46682, 
INFO:root:Epoch  3761, Energy: -1.09008e+02 (-1.08990e+02), Variance: 1.10800e+00 (2.38184e+00), Accept ratio: 0.46600, 
INFO:root:Epoch  3762, Energy: -1.08984e+02 (-1.09003e+02), Variance: 1.11314e+00 (2.12959e+00), Accept ratio: 0.46709, 
INFO:root:Epoch  3763, Energy: -1.08990e+02 (-1.08998e+02), Variance: 9.78931e-01 (1.22947e+00), Accept ratio: 0.46707, 
INFO:root:Epoch  3764, Energy: -1.08999e+02 (-1.09005e+02), Variance: 9.56294e-01 (1.96236e+00), Accept ratio: 0.46381, 
INFO:root:Epoch  3765, Energy: -1.08972e+02 (-1.08964e+02), Variance: 8.62304e-01 (1.09667e+00), Accept ratio: 0.46764, 
INFO:root:Epoch  3766, Energy: -1.09017e+02 (-1.09030e+02), Variance: 8.92458e-01 (1.09072e+00), Accept ratio: 0.46968, 
INFO:root:Epoch  3767, Energy: -1.09001e+02 (-1.09007e+02), Variance: 9.38288e-01 (1.34713e+00), Accept ratio: 0.46955, 
INFO:root:Epoch  3768, Energy: -1.08981e+02 (-1.08967e+02), Variance: 9.58753e-01 (1.77962e+00), Accept ratio: 0.46644, 
INFO:root:Epoch  3769, Energy: -1.08975e+02 (-1.08962e+02), Variance: 9.26624e-01 (1.42971e+00), Accept ratio: 0.46511, 
INFO:root:Epoch  3770, Energy: -1.09000e+02 (-1.09000e+02), Variance: 1.13438e+00 (1.59803e+00), Accept ratio: 0.46906, 
INFO:root:Epoch  3771, Energy: -1.08977e+02 (-1.09000e+02), Variance: 1.12501e+00 (2.99268e+00), Accept ratio: 0.46409, 
INFO:root:Epoch  3772, Energy: -1.08930e+02 (-1.08928e+02), Variance: 1.01645e+00 (1.32584e+00), Accept ratio: 0.46860, 
INFO:root:Epoch  3773, Energy: -1.08952e+02 (-1.08941e+02), Variance: 8.89493e-01 (1.27317e+00), Accept ratio: 0.46636, 
INFO:root:Epoch  3774, Energy: -1.08979e+02 (-1.08988e+02), Variance: 7.96552e-01 (9.00230e-01), Accept ratio: 0.46997, 
INFO:root:Epoch  3775, Energy: -1.08993e+02 (-1.08996e+02), Variance: 9.86605e-01 (1.36010e+00), Accept ratio: 0.46725, 
INFO:root:Epoch  3776, Energy: -1.08966e+02 (-1.08970e+02), Variance: 1.00245e+00 (1.36133e+00), Accept ratio: 0.46004, 
INFO:root:Epoch  3777, Energy: -1.08981e+02 (-1.08979e+02), Variance: 9.12469e-01 (1.29255e+00), Accept ratio: 0.47742, 
INFO:root:Epoch  3778, Energy: -1.08975e+02 (-1.08983e+02), Variance: 9.53963e-01 (1.16081e+00), Accept ratio: 0.47481, 
INFO:root:Epoch  3779, Energy: -1.08962e+02 (-1.08941e+02), Variance: 1.04038e+00 (2.15742e+00), Accept ratio: 0.47111, 
INFO:root:Epoch  3780, Energy: -1.08991e+02 (-1.08989e+02), Variance: 9.02764e-01 (1.08872e+00), Accept ratio: 0.47154, 
INFO:root:Epoch  3781, Energy: -1.09009e+02 (-1.08999e+02), Variance: 1.08069e+00 (1.68957e+00), Accept ratio: 0.47694, 
INFO:root:Epoch  3782, Energy: -1.08996e+02 (-1.09000e+02), Variance: 9.12828e-01 (1.51148e+00), Accept ratio: 0.46994, 
INFO:root:Epoch  3783, Energy: -1.08988e+02 (-1.08925e+02), Variance: 9.43439e-01 (4.22865e+00), Accept ratio: 0.46727, 
INFO:root:Epoch  3784, Energy: -1.08998e+02 (-1.08997e+02), Variance: 1.04961e+00 (1.39648e+00), Accept ratio: 0.46647, 
INFO:root:Epoch  3785, Energy: -1.08972e+02 (-1.08959e+02), Variance: 9.09368e-01 (1.11869e+00), Accept ratio: 0.47075, 
INFO:root:Epoch  3786, Energy: -1.09036e+02 (-1.09033e+02), Variance: 9.82700e-01 (1.16191e+00), Accept ratio: 0.46924, 
INFO:root:Epoch  3787, Energy: -1.08979e+02 (-1.08965e+02), Variance: 9.48122e-01 (1.44679e+00), Accept ratio: 0.46859, 
INFO:root:Epoch  3788, Energy: -1.08957e+02 (-1.08949e+02), Variance: 9.89636e-01 (1.15403e+00), Accept ratio: 0.46717, 
INFO:root:Epoch  3789, Energy: -1.08958e+02 (-1.08964e+02), Variance: 9.44025e-01 (1.11385e+00), Accept ratio: 0.46750, 
INFO:root:Epoch  3790, Energy: -1.09005e+02 (-1.08988e+02), Variance: 8.77898e-01 (1.23811e+00), Accept ratio: 0.46968, 
INFO:root:Epoch  3791, Energy: -1.08940e+02 (-1.08926e+02), Variance: 9.45784e-01 (1.15605e+00), Accept ratio: 0.46757, 
INFO:root:Epoch  3792, Energy: -1.08945e+02 (-1.08925e+02), Variance: 9.46693e-01 (1.21704e+00), Accept ratio: 0.46533, 
INFO:root:Epoch  3793, Energy: -1.08950e+02 (-1.08929e+02), Variance: 1.00540e+00 (1.61363e+00), Accept ratio: 0.46313, 
INFO:root:Epoch  3794, Energy: -1.09011e+02 (-1.09008e+02), Variance: 9.41549e-01 (1.22861e+00), Accept ratio: 0.46757, 
INFO:root:Epoch  3795, Energy: -1.08966e+02 (-1.08962e+02), Variance: 1.02438e+00 (1.18675e+00), Accept ratio: 0.47461, 
INFO:root:Epoch  3796, Energy: -1.08963e+02 (-1.08965e+02), Variance: 1.01235e+00 (1.34845e+00), Accept ratio: 0.46827, 
INFO:root:Epoch  3797, Energy: -1.08971e+02 (-1.08974e+02), Variance: 1.06176e+00 (1.11465e+00), Accept ratio: 0.46674, 
INFO:root:Epoch  3798, Energy: -1.09020e+02 (-1.09007e+02), Variance: 8.71785e-01 (1.03743e+00), Accept ratio: 0.46190, 
INFO:root:Epoch  3799, Energy: -1.08989e+02 (-1.08982e+02), Variance: 8.74907e-01 (1.10445e+00), Accept ratio: 0.47067, 
INFO:root:Epoch  3800, Energy: -1.08963e+02 (-1.08960e+02), Variance: 8.34448e-01 (9.85164e-01), Accept ratio: 0.47183, 
INFO:root:Epoch  3801, Energy: -1.09006e+02 (-1.08994e+02), Variance: 9.55840e-01 (1.48245e+00), Accept ratio: 0.46494, 
INFO:root:Epoch  3802, Energy: -1.08917e+02 (-1.08795e+02), Variance: 1.01002e+00 (1.89704e+01), Accept ratio: 0.46813, 
INFO:root:Epoch  3803, Energy: -1.08962e+02 (-1.08954e+02), Variance: 8.63809e-01 (1.04637e+00), Accept ratio: 0.47468, 
INFO:root:Epoch  3804, Energy: -1.09018e+02 (-1.09029e+02), Variance: 9.08073e-01 (1.15621e+00), Accept ratio: 0.46784, 
INFO:root:Epoch  3805, Energy: -1.08979e+02 (-1.08973e+02), Variance: 9.30657e-01 (1.14170e+00), Accept ratio: 0.46822, 
INFO:root:Epoch  3806, Energy: -1.08944e+02 (-1.08875e+02), Variance: 8.36467e-01 (4.04237e+00), Accept ratio: 0.46642, 
INFO:root:Epoch  3807, Energy: -1.08942e+02 (-1.08982e+02), Variance: 9.68417e-01 (2.82380e+00), Accept ratio: 0.46259, 
INFO:root:Epoch  3808, Energy: -1.09002e+02 (-1.09002e+02), Variance: 8.89409e-01 (1.08634e+00), Accept ratio: 0.47024, 
INFO:root:Epoch  3809, Energy: -1.09003e+02 (-1.09001e+02), Variance: 9.10862e-01 (1.02575e+00), Accept ratio: 0.47020, 
INFO:root:Epoch  3810, Energy: -1.09003e+02 (-1.08990e+02), Variance: 8.26980e-01 (1.29140e+00), Accept ratio: 0.46971, 
INFO:root:Epoch  3811, Energy: -1.09005e+02 (-1.09004e+02), Variance: 9.48407e-01 (1.26296e+00), Accept ratio: 0.46365, 
INFO:root:Epoch  3812, Energy: -1.09035e+02 (-1.09040e+02), Variance: 9.22565e-01 (1.26051e+00), Accept ratio: 0.47446, 
INFO:root:Epoch  3813, Energy: -1.08995e+02 (-1.08981e+02), Variance: 9.26276e-01 (1.15289e+00), Accept ratio: 0.46326, 
INFO:root:Epoch  3814, Energy: -1.08949e+02 (-1.08939e+02), Variance: 1.00803e+00 (1.17886e+00), Accept ratio: 0.47059, 
INFO:root:Epoch  3815, Energy: -1.08976e+02 (-1.08948e+02), Variance: 9.20936e-01 (1.37367e+00), Accept ratio: 0.46895, 
INFO:root:Epoch  3816, Energy: -1.08955e+02 (-1.09031e+02), Variance: 1.05000e+00 (1.69261e+01), Accept ratio: 0.46603, 
INFO:root:Epoch  3817, Energy: -1.08952e+02 (-1.08945e+02), Variance: 1.01038e+00 (1.31603e+00), Accept ratio: 0.46431, 
INFO:root:Epoch  3818, Energy: -1.08963e+02 (-1.08950e+02), Variance: 9.71103e-01 (1.24358e+00), Accept ratio: 0.47322, 
INFO:root:Epoch  3819, Energy: -1.08987e+02 (-1.08991e+02), Variance: 9.85774e-01 (1.04226e+00), Accept ratio: 0.47093, 
INFO:root:Epoch  3820, Energy: -1.08990e+02 (-1.08986e+02), Variance: 8.85835e-01 (1.10222e+00), Accept ratio: 0.47323, 
INFO:root:Epoch  3821, Energy: -1.08983e+02 (-1.08961e+02), Variance: 8.29766e-01 (1.31986e+00), Accept ratio: 0.46716, 
INFO:root:Epoch  3822, Energy: -1.08938e+02 (-1.08934e+02), Variance: 9.34693e-01 (1.06900e+00), Accept ratio: 0.46772, 
INFO:root:Epoch  3823, Energy: -1.09011e+02 (-1.08982e+02), Variance: 1.06527e+00 (2.41732e+00), Accept ratio: 0.47124, 
INFO:root:Epoch  3824, Energy: -1.08984e+02 (-1.08998e+02), Variance: 8.63783e-01 (1.02450e+00), Accept ratio: 0.47318, 
INFO:root:Epoch  3825, Energy: -1.08981e+02 (-1.08981e+02), Variance: 9.94087e-01 (1.08650e+00), Accept ratio: 0.47000, 
INFO:root:Epoch  3826, Energy: -1.08966e+02 (-1.08947e+02), Variance: 8.60331e-01 (1.19021e+00), Accept ratio: 0.46729, 
INFO:root:Epoch  3827, Energy: -1.08959e+02 (-1.08973e+02), Variance: 9.06862e-01 (1.26213e+00), Accept ratio: 0.46519, 
INFO:root:Epoch  3828, Energy: -1.08987e+02 (-1.08979e+02), Variance: 1.03124e+00 (1.37208e+00), Accept ratio: 0.46484, 
INFO:root:Epoch  3829, Energy: -1.08978e+02 (-1.08989e+02), Variance: 9.37547e-01 (1.32669e+00), Accept ratio: 0.47025, 
INFO:root:Epoch  3830, Energy: -1.08999e+02 (-1.08998e+02), Variance: 9.68282e-01 (1.36803e+00), Accept ratio: 0.46668, 
INFO:root:Epoch  3831, Energy: -1.08957e+02 (-1.08821e+02), Variance: 7.72618e-01 (1.57587e+01), Accept ratio: 0.46807, 
INFO:root:Epoch  3832, Energy: -1.08969e+02 (-1.08959e+02), Variance: 8.46917e-01 (1.20204e+00), Accept ratio: 0.46978, 
INFO:root:Epoch  3833, Energy: -1.08976e+02 (-1.08967e+02), Variance: 9.07541e-01 (1.04785e+00), Accept ratio: 0.47747, 
INFO:root:Epoch  3834, Energy: -1.08980e+02 (-1.08980e+02), Variance: 9.24322e-01 (1.26222e+00), Accept ratio: 0.46464, 
INFO:root:Epoch  3835, Energy: -1.08978e+02 (-1.09014e+02), Variance: 9.32885e-01 (3.03729e+00), Accept ratio: 0.47505, 
INFO:root:Epoch  3836, Energy: -1.08956e+02 (-1.08974e+02), Variance: 9.26718e-01 (1.59385e+00), Accept ratio: 0.47287, 
INFO:root:Epoch  3837, Energy: -1.09017e+02 (-1.09038e+02), Variance: 8.64465e-01 (1.19158e+00), Accept ratio: 0.46790, 
INFO:root:Epoch  3838, Energy: -1.08981e+02 (-1.08982e+02), Variance: 8.01536e-01 (1.01116e+00), Accept ratio: 0.46640, 
INFO:root:Epoch  3839, Energy: -1.09006e+02 (-1.08988e+02), Variance: 9.01694e-01 (1.39931e+00), Accept ratio: 0.46753, 
INFO:root:Epoch  3840, Energy: -1.08971e+02 (-1.08961e+02), Variance: 8.05472e-01 (1.07071e+00), Accept ratio: 0.46124, 
INFO:root:Epoch  3841, Energy: -1.09040e+02 (-1.09036e+02), Variance: 8.94613e-01 (1.21072e+00), Accept ratio: 0.47181, 
INFO:root:Epoch  3842, Energy: -1.09007e+02 (-1.09003e+02), Variance: 9.15873e-01 (1.08499e+00), Accept ratio: 0.46889, 
INFO:root:Epoch  3843, Energy: -1.08977e+02 (-1.08974e+02), Variance: 8.91536e-01 (9.71480e-01), Accept ratio: 0.47112, 
INFO:root:Epoch  3844, Energy: -1.08922e+02 (-1.08908e+02), Variance: 9.03583e-01 (1.19157e+00), Accept ratio: 0.47213, 
INFO:root:Epoch  3845, Energy: -1.08940e+02 (-1.08914e+02), Variance: 8.69427e-01 (2.74329e+00), Accept ratio: 0.46658, 
INFO:root:Epoch  3846, Energy: -1.08880e+02 (-1.08876e+02), Variance: 8.32359e-01 (9.79589e-01), Accept ratio: 0.46330, 
INFO:root:Epoch  3847, Energy: -1.08854e+02 (-1.08818e+02), Variance: 1.00666e+00 (2.59938e+00), Accept ratio: 0.46438, 
INFO:root:Epoch  3848, Energy: -1.09007e+02 (-1.09014e+02), Variance: 8.15725e-01 (9.99369e-01), Accept ratio: 0.46648, 
INFO:root:Epoch  3849, Energy: -1.08998e+02 (-1.09027e+02), Variance: 9.21000e-01 (1.45996e+00), Accept ratio: 0.47029, 
INFO:root:Epoch  3850, Energy: -1.08945e+02 (-1.08955e+02), Variance: 8.42783e-01 (9.44198e-01), Accept ratio: 0.46648, 
INFO:root:Epoch  3851, Energy: -1.08960e+02 (-1.08979e+02), Variance: 8.52259e-01 (1.76675e+00), Accept ratio: 0.46441, 
INFO:root:Epoch  3852, Energy: -1.08936e+02 (-1.08945e+02), Variance: 8.83190e-01 (1.06470e+00), Accept ratio: 0.46738, 
INFO:root:Epoch  3853, Energy: -1.08997e+02 (-1.08966e+02), Variance: 8.30946e-01 (3.96602e+00), Accept ratio: 0.46651, 
INFO:root:Epoch  3854, Energy: -1.08939e+02 (-1.08932e+02), Variance: 7.99862e-01 (9.23894e-01), Accept ratio: 0.46549, 
INFO:root:Epoch  3855, Energy: -1.08984e+02 (-1.08967e+02), Variance: 8.18915e-01 (1.35572e+00), Accept ratio: 0.47135, 
INFO:root:Epoch  3856, Energy: -1.08931e+02 (-1.08917e+02), Variance: 9.32004e-01 (1.29059e+00), Accept ratio: 0.47157, 
INFO:root:Epoch  3857, Energy: -1.08949e+02 (-1.08950e+02), Variance: 9.43465e-01 (1.35987e+00), Accept ratio: 0.46832, 
INFO:root:Epoch  3858, Energy: -1.08974e+02 (-1.08959e+02), Variance: 8.90882e-01 (1.20615e+00), Accept ratio: 0.47102, 
INFO:root:Epoch  3859, Energy: -1.08972e+02 (-1.08979e+02), Variance: 8.49130e-01 (1.13864e+00), Accept ratio: 0.46820, 
INFO:root:Epoch  3860, Energy: -1.08948e+02 (-1.08961e+02), Variance: 7.75365e-01 (9.57878e-01), Accept ratio: 0.46592, 
INFO:root:Epoch  3861, Energy: -1.08993e+02 (-1.08992e+02), Variance: 9.18158e-01 (1.31449e+00), Accept ratio: 0.46373, 
INFO:root:Epoch  3862, Energy: -1.08936e+02 (-1.08888e+02), Variance: 9.60138e-01 (1.82562e+00), Accept ratio: 0.47150, 
INFO:root:Epoch  3863, Energy: -1.08951e+02 (-1.08941e+02), Variance: 7.94673e-01 (1.13636e+00), Accept ratio: 0.46461, 
INFO:root:Epoch  3864, Energy: -1.08962e+02 (-1.08954e+02), Variance: 8.31057e-01 (1.02134e+00), Accept ratio: 0.47365, 
INFO:root:Epoch  3865, Energy: -1.08952e+02 (-1.08957e+02), Variance: 8.52880e-01 (1.07665e+00), Accept ratio: 0.46883, 
INFO:root:Epoch  3866, Energy: -1.08958e+02 (-1.08944e+02), Variance: 7.53516e-01 (1.05121e+00), Accept ratio: 0.47064, 
INFO:root:Epoch  3867, Energy: -1.08982e+02 (-1.08970e+02), Variance: 8.35960e-01 (1.13567e+00), Accept ratio: 0.46648, 
INFO:root:Epoch  3868, Energy: -1.09021e+02 (-1.09025e+02), Variance: 9.04364e-01 (1.11893e+00), Accept ratio: 0.47099, 
INFO:root:Epoch  3869, Energy: -1.09020e+02 (-1.09024e+02), Variance: 8.50404e-01 (1.15214e+00), Accept ratio: 0.47177, 
INFO:root:Epoch  3870, Energy: -1.09009e+02 (-1.08997e+02), Variance: 8.25921e-01 (1.66643e+00), Accept ratio: 0.47389, 
INFO:root:Epoch  3871, Energy: -1.09031e+02 (-1.09039e+02), Variance: 8.33396e-01 (1.02999e+00), Accept ratio: 0.46768, 
INFO:root:Epoch  3872, Energy: -1.09006e+02 (-1.09009e+02), Variance: 8.87260e-01 (1.12093e+00), Accept ratio: 0.47072, 
INFO:root:Epoch  3873, Energy: -1.08993e+02 (-1.08993e+02), Variance: 8.91209e-01 (1.02049e+00), Accept ratio: 0.47087, 
INFO:root:Epoch  3874, Energy: -1.09026e+02 (-1.09027e+02), Variance: 8.04174e-01 (9.26747e-01), Accept ratio: 0.47668, 
INFO:root:Epoch  3875, Energy: -1.09013e+02 (-1.09004e+02), Variance: 9.24597e-01 (2.12340e+00), Accept ratio: 0.46785, 
INFO:root:Epoch  3876, Energy: -1.08992e+02 (-1.08986e+02), Variance: 1.04409e+00 (1.81477e+00), Accept ratio: 0.46353, 
INFO:root:Epoch  3877, Energy: -1.08985e+02 (-1.08986e+02), Variance: 8.76457e-01 (1.02702e+00), Accept ratio: 0.46489, 
INFO:root:Epoch  3878, Energy: -1.08977e+02 (-1.08959e+02), Variance: 9.15413e-01 (1.19446e+00), Accept ratio: 0.46694, 
INFO:root:Epoch  3879, Energy: -1.09001e+02 (-1.08994e+02), Variance: 9.16083e-01 (1.27964e+00), Accept ratio: 0.46945, 
INFO:root:Epoch  3880, Energy: -1.08986e+02 (-1.08998e+02), Variance: 8.87804e-01 (1.14818e+00), Accept ratio: 0.46544, 
INFO:root:Epoch  3881, Energy: -1.09036e+02 (-1.09036e+02), Variance: 1.02724e+00 (1.19218e+00), Accept ratio: 0.46357, 
INFO:root:Epoch  3882, Energy: -1.09034e+02 (-1.09015e+02), Variance: 9.99824e-01 (1.50938e+00), Accept ratio: 0.46898, 
INFO:root:Epoch  3883, Energy: -1.09016e+02 (-1.09008e+02), Variance: 8.34077e-01 (1.09684e+00), Accept ratio: 0.47312, 
INFO:root:Epoch  3884, Energy: -1.08949e+02 (-1.08925e+02), Variance: 9.28475e-01 (1.59585e+00), Accept ratio: 0.46489, 
INFO:root:Epoch  3885, Energy: -1.08976e+02 (-1.08984e+02), Variance: 7.78579e-01 (9.11355e-01), Accept ratio: 0.47798, 
INFO:root:Epoch  3886, Energy: -1.08970e+02 (-1.08978e+02), Variance: 7.72552e-01 (1.01851e+00), Accept ratio: 0.47137, 
INFO:root:Epoch  3887, Energy: -1.08943e+02 (-1.08897e+02), Variance: 9.49780e-01 (2.96383e+00), Accept ratio: 0.47130, 
INFO:root:Epoch  3888, Energy: -1.08981e+02 (-1.08894e+02), Variance: 8.64418e-01 (5.92659e+00), Accept ratio: 0.47314, 
INFO:root:Epoch  3889, Energy: -1.08991e+02 (-1.08981e+02), Variance: 8.55222e-01 (1.59041e+00), Accept ratio: 0.46722, 
INFO:root:Epoch  3890, Energy: -1.09047e+02 (-1.09042e+02), Variance: 9.25885e-01 (1.15063e+00), Accept ratio: 0.46812, 
INFO:root:Epoch  3891, Energy: -1.09037e+02 (-1.09021e+02), Variance: 8.45403e-01 (1.14971e+00), Accept ratio: 0.46851, 
INFO:root:Epoch  3892, Energy: -1.09033e+02 (-1.09031e+02), Variance: 1.00180e+00 (1.32475e+00), Accept ratio: 0.46466, 
INFO:root:Epoch  3893, Energy: -1.09018e+02 (-1.09035e+02), Variance: 8.50393e-01 (1.08433e+00), Accept ratio: 0.46780, 
INFO:root:Epoch  3894, Energy: -1.08989e+02 (-1.08982e+02), Variance: 1.01697e+00 (1.31081e+00), Accept ratio: 0.47050, 
INFO:root:Epoch  3895, Energy: -1.09038e+02 (-1.09023e+02), Variance: 1.01184e+00 (1.47420e+00), Accept ratio: 0.47482, 
INFO:root:Epoch  3896, Energy: -1.09017e+02 (-1.09021e+02), Variance: 9.14222e-01 (1.10544e+00), Accept ratio: 0.47242, 
INFO:root:Epoch  3897, Energy: -1.09048e+02 (-1.09092e+02), Variance: 1.01492e+00 (2.37872e+00), Accept ratio: 0.47351, 
INFO:root:Epoch  3898, Energy: -1.09045e+02 (-1.09038e+02), Variance: 9.19285e-01 (1.10687e+00), Accept ratio: 0.46926, 
INFO:root:Epoch  3899, Energy: -1.09009e+02 (-1.09007e+02), Variance: 7.76835e-01 (1.22204e+00), Accept ratio: 0.46667, 
INFO:root:Epoch  3900, Energy: -1.09002e+02 (-1.08989e+02), Variance: 8.92143e-01 (1.21239e+00), Accept ratio: 0.47334, 
INFO:root:Epoch  3901, Energy: -1.08928e+02 (-1.08900e+02), Variance: 8.87877e-01 (1.38651e+00), Accept ratio: 0.46821, 
INFO:root:Epoch  3902, Energy: -1.08938e+02 (-1.08929e+02), Variance: 9.83356e-01 (1.40529e+00), Accept ratio: 0.47573, 
INFO:root:Epoch  3903, Energy: -1.08958e+02 (-1.08961e+02), Variance: 8.20256e-01 (9.87061e-01), Accept ratio: 0.47941, 
INFO:root:Epoch  3904, Energy: -1.09009e+02 (-1.08999e+02), Variance: 7.99326e-01 (9.64786e-01), Accept ratio: 0.47000, 
INFO:root:Epoch  3905, Energy: -1.09011e+02 (-1.09019e+02), Variance: 1.02786e+00 (1.45299e+00), Accept ratio: 0.47102, 
INFO:root:Epoch  3906, Energy: -1.08974e+02 (-1.08988e+02), Variance: 9.27182e-01 (1.52134e+00), Accept ratio: 0.46957, 
INFO:root:Epoch  3907, Energy: -1.08999e+02 (-1.09015e+02), Variance: 1.01730e+00 (3.09419e+00), Accept ratio: 0.46647, 
INFO:root:Epoch  3908, Energy: -1.09000e+02 (-1.08967e+02), Variance: 9.85752e-01 (2.45125e+00), Accept ratio: 0.47163, 
INFO:root:Epoch  3909, Energy: -1.09011e+02 (-1.08998e+02), Variance: 1.17218e+00 (2.22299e+00), Accept ratio: 0.46214, 
INFO:root:Epoch  3910, Energy: -1.08977e+02 (-1.08952e+02), Variance: 9.24079e-01 (1.73954e+00), Accept ratio: 0.46209, 
INFO:root:Epoch  3911, Energy: -1.09012e+02 (-1.09005e+02), Variance: 1.01499e+00 (1.53595e+00), Accept ratio: 0.46504, 
INFO:root:Epoch  3912, Energy: -1.09026e+02 (-1.09022e+02), Variance: 1.06548e+00 (1.38562e+00), Accept ratio: 0.46316, 
INFO:root:Epoch  3913, Energy: -1.08999e+02 (-1.08977e+02), Variance: 1.07205e+00 (2.96903e+00), Accept ratio: 0.46689, 
INFO:root:Epoch  3914, Energy: -1.09021e+02 (-1.09042e+02), Variance: 9.71661e-01 (1.94619e+00), Accept ratio: 0.46937, 
INFO:root:Epoch  3915, Energy: -1.08989e+02 (-1.08984e+02), Variance: 9.41237e-01 (1.04161e+00), Accept ratio: 0.46513, 
INFO:root:Epoch  3916, Energy: -1.09034e+02 (-1.09055e+02), Variance: 1.01415e+00 (1.51163e+00), Accept ratio: 0.46995, 
INFO:root:Epoch  3917, Energy: -1.08989e+02 (-1.08972e+02), Variance: 8.67319e-01 (1.48002e+00), Accept ratio: 0.46726, 
INFO:root:Epoch  3918, Energy: -1.08996e+02 (-1.09007e+02), Variance: 8.46624e-01 (9.84657e-01), Accept ratio: 0.46394, 
INFO:root:Epoch  3919, Energy: -1.08965e+02 (-1.08958e+02), Variance: 9.93529e-01 (1.45642e+00), Accept ratio: 0.46478, 
INFO:root:Epoch  3920, Energy: -1.09044e+02 (-1.09070e+02), Variance: 8.98382e-01 (1.33166e+00), Accept ratio: 0.47209, 
INFO:root:Epoch  3921, Energy: -1.08996e+02 (-1.08982e+02), Variance: 8.47806e-01 (1.45228e+00), Accept ratio: 0.46532, 
INFO:root:Epoch  3922, Energy: -1.08941e+02 (-1.08936e+02), Variance: 8.22094e-01 (8.79404e-01), Accept ratio: 0.47338, 
INFO:root:Epoch  3923, Energy: -1.08997e+02 (-1.08999e+02), Variance: 8.38048e-01 (9.63051e-01), Accept ratio: 0.47553, 
INFO:root:Epoch  3924, Energy: -1.09046e+02 (-1.09002e+02), Variance: 9.52700e-01 (2.48801e+00), Accept ratio: 0.46988, 
INFO:root:Epoch  3925, Energy: -1.09031e+02 (-1.08988e+02), Variance: 9.19944e-01 (4.02447e+00), Accept ratio: 0.47529, 
INFO:root:Epoch  3926, Energy: -1.08996e+02 (-1.09000e+02), Variance: 1.01625e+00 (1.18711e+00), Accept ratio: 0.46994, 
INFO:root:Epoch  3927, Energy: -1.09011e+02 (-1.09021e+02), Variance: 9.12685e-01 (1.24692e+00), Accept ratio: 0.46167, 
INFO:root:Epoch  3928, Energy: -1.08959e+02 (-1.08973e+02), Variance: 8.58687e-01 (1.32398e+00), Accept ratio: 0.46824, 
INFO:root:Epoch  3929, Energy: -1.08939e+02 (-1.08957e+02), Variance: 9.33200e-01 (1.64116e+00), Accept ratio: 0.46530, 
INFO:root:Epoch  3930, Energy: -1.08963e+02 (-1.08948e+02), Variance: 1.01823e+00 (1.76656e+00), Accept ratio: 0.47316, 
INFO:root:Epoch  3931, Energy: -1.08983e+02 (-1.08939e+02), Variance: 9.30055e-01 (2.31380e+00), Accept ratio: 0.46405, 
INFO:root:Epoch  3932, Energy: -1.08964e+02 (-1.08953e+02), Variance: 8.18724e-01 (1.00480e+00), Accept ratio: 0.46991, 
INFO:root:Epoch  3933, Energy: -1.08965e+02 (-1.08959e+02), Variance: 8.45765e-01 (1.06308e+00), Accept ratio: 0.46645, 
INFO:root:Epoch  3934, Energy: -1.08974e+02 (-1.08976e+02), Variance: 9.36057e-01 (1.19899e+00), Accept ratio: 0.46628, 
INFO:root:Epoch  3935, Energy: -1.08966e+02 (-1.08954e+02), Variance: 7.87643e-01 (1.55658e+00), Accept ratio: 0.47348, 
INFO:root:Epoch  3936, Energy: -1.08984e+02 (-1.08979e+02), Variance: 8.61804e-01 (1.58277e+00), Accept ratio: 0.47358, 
INFO:root:Epoch  3937, Energy: -1.08977e+02 (-1.08976e+02), Variance: 8.24704e-01 (1.48420e+00), Accept ratio: 0.46177, 
INFO:root:Epoch  3938, Energy: -1.08989e+02 (-1.09009e+02), Variance: 9.23819e-01 (1.45871e+00), Accept ratio: 0.46406, 
INFO:root:Epoch  3939, Energy: -1.08978e+02 (-1.08983e+02), Variance: 8.78215e-01 (1.38242e+00), Accept ratio: 0.46347, 
INFO:root:Epoch  3940, Energy: -1.09004e+02 (-1.09027e+02), Variance: 8.20315e-01 (1.55145e+00), Accept ratio: 0.47121, 
INFO:root:Epoch  3941, Energy: -1.09018e+02 (-1.09009e+02), Variance: 8.23777e-01 (1.22786e+00), Accept ratio: 0.45999, 
INFO:root:Epoch  3942, Energy: -1.08990e+02 (-1.08983e+02), Variance: 8.45593e-01 (1.19004e+00), Accept ratio: 0.47675, 
INFO:root:Epoch  3943, Energy: -1.08967e+02 (-1.08962e+02), Variance: 8.74109e-01 (9.66829e-01), Accept ratio: 0.46745, 
INFO:root:Epoch  3944, Energy: -1.08993e+02 (-1.08975e+02), Variance: 8.51609e-01 (1.52361e+00), Accept ratio: 0.46925, 
INFO:root:Epoch  3945, Energy: -1.08977e+02 (-1.08950e+02), Variance: 8.57207e-01 (1.68915e+00), Accept ratio: 0.46944, 
INFO:root:Epoch  3946, Energy: -1.09021e+02 (-1.09018e+02), Variance: 9.21515e-01 (1.14449e+00), Accept ratio: 0.46951, 
INFO:root:Epoch  3947, Energy: -1.09027e+02 (-1.09007e+02), Variance: 7.33501e-01 (1.01385e+00), Accept ratio: 0.47092, 
INFO:root:Epoch  3948, Energy: -1.09013e+02 (-1.09010e+02), Variance: 8.26921e-01 (9.86554e-01), Accept ratio: 0.47084, 
INFO:root:Epoch  3949, Energy: -1.08988e+02 (-1.08987e+02), Variance: 8.86037e-01 (1.05961e+00), Accept ratio: 0.46976, 
INFO:root:Epoch  3950, Energy: -1.08968e+02 (-1.08964e+02), Variance: 9.35831e-01 (1.38258e+00), Accept ratio: 0.46909, 
INFO:root:Epoch  3951, Energy: -1.09006e+02 (-1.09032e+02), Variance: 9.19996e-01 (2.28018e+00), Accept ratio: 0.46992, 
INFO:root:Epoch  3952, Energy: -1.08981e+02 (-1.08975e+02), Variance: 9.42587e-01 (1.14279e+00), Accept ratio: 0.46653, 
INFO:root:Epoch  3953, Energy: -1.08976e+02 (-1.08976e+02), Variance: 7.75752e-01 (8.52060e-01), Accept ratio: 0.46843, 
INFO:root:Epoch  3954, Energy: -1.09015e+02 (-1.09009e+02), Variance: 9.05361e-01 (1.48653e+00), Accept ratio: 0.46656, 
INFO:root:Epoch  3955, Energy: -1.08984e+02 (-1.08978e+02), Variance: 8.02520e-01 (9.35793e-01), Accept ratio: 0.46860, 
INFO:root:Epoch  3956, Energy: -1.08953e+02 (-1.08945e+02), Variance: 8.15109e-01 (9.57211e-01), Accept ratio: 0.46306, 
INFO:root:Epoch  3957, Energy: -1.08985e+02 (-1.08989e+02), Variance: 9.55812e-01 (1.32622e+00), Accept ratio: 0.46205, 
INFO:root:Epoch  3958, Energy: -1.09017e+02 (-1.09017e+02), Variance: 8.22316e-01 (1.19276e+00), Accept ratio: 0.47117, 
INFO:root:Epoch  3959, Energy: -1.08989e+02 (-1.08998e+02), Variance: 8.75617e-01 (1.09302e+00), Accept ratio: 0.46657, 
INFO:root:Epoch  3960, Energy: -1.09000e+02 (-1.09009e+02), Variance: 8.47109e-01 (1.05634e+00), Accept ratio: 0.46850, 
INFO:root:Epoch  3961, Energy: -1.08987e+02 (-1.08978e+02), Variance: 8.33888e-01 (1.03631e+00), Accept ratio: 0.46635, 
INFO:root:Epoch  3962, Energy: -1.09013e+02 (-1.09012e+02), Variance: 8.57341e-01 (9.22785e-01), Accept ratio: 0.47983, 
INFO:root:Epoch  3963, Energy: -1.08998e+02 (-1.08988e+02), Variance: 8.60673e-01 (1.03690e+00), Accept ratio: 0.46490, 
INFO:root:Epoch  3964, Energy: -1.08960e+02 (-1.08947e+02), Variance: 9.94408e-01 (1.77967e+00), Accept ratio: 0.46560, 
INFO:root:Epoch  3965, Energy: -1.08947e+02 (-1.08950e+02), Variance: 1.00332e+00 (1.71325e+00), Accept ratio: 0.46161, 
INFO:root:Epoch  3966, Energy: -1.08948e+02 (-1.08961e+02), Variance: 9.99914e-01 (1.63880e+00), Accept ratio: 0.46463, 
INFO:root:Epoch  3967, Energy: -1.08966e+02 (-1.08976e+02), Variance: 9.19360e-01 (1.21344e+00), Accept ratio: 0.46682, 
INFO:root:Epoch  3968, Energy: -1.08979e+02 (-1.08962e+02), Variance: 8.65825e-01 (1.34203e+00), Accept ratio: 0.46766, 
INFO:root:Epoch  3969, Energy: -1.08940e+02 (-1.08924e+02), Variance: 9.19416e-01 (1.21746e+00), Accept ratio: 0.46693, 
INFO:root:Epoch  3970, Energy: -1.09006e+02 (-1.09000e+02), Variance: 8.46160e-01 (1.43681e+00), Accept ratio: 0.47557, 
INFO:root:Epoch  3971, Energy: -1.08978e+02 (-1.08988e+02), Variance: 8.37047e-01 (1.01235e+00), Accept ratio: 0.47171, 
INFO:root:Epoch  3972, Energy: -1.08945e+02 (-1.08931e+02), Variance: 9.25843e-01 (1.43132e+00), Accept ratio: 0.47200, 
INFO:root:Epoch  3973, Energy: -1.08919e+02 (-1.08903e+02), Variance: 8.82713e-01 (1.19218e+00), Accept ratio: 0.46603, 
INFO:root:Epoch  3974, Energy: -1.08967e+02 (-1.08937e+02), Variance: 7.88838e-01 (1.84007e+00), Accept ratio: 0.46789, 
INFO:root:Epoch  3975, Energy: -1.08987e+02 (-1.08998e+02), Variance: 8.56705e-01 (1.02189e+00), Accept ratio: 0.46135, 
INFO:root:Epoch  3976, Energy: -1.08982e+02 (-1.08978e+02), Variance: 9.19254e-01 (1.14765e+00), Accept ratio: 0.46680, 
INFO:root:Epoch  3977, Energy: -1.08952e+02 (-1.08950e+02), Variance: 8.91216e-01 (9.72251e-01), Accept ratio: 0.46440, 
INFO:root:Epoch  3978, Energy: -1.08965e+02 (-1.08977e+02), Variance: 7.69134e-01 (9.29191e-01), Accept ratio: 0.46854, 
INFO:root:Epoch  3979, Energy: -1.09012e+02 (-1.09012e+02), Variance: 8.81527e-01 (9.05775e-01), Accept ratio: 0.45874, 
INFO:root:Epoch  3980, Energy: -1.08980e+02 (-1.08982e+02), Variance: 8.66726e-01 (9.61082e-01), Accept ratio: 0.47075, 
INFO:root:Epoch  3981, Energy: -1.08991e+02 (-1.08983e+02), Variance: 8.49198e-01 (1.20361e+00), Accept ratio: 0.46901, 
INFO:root:Epoch  3982, Energy: -1.09000e+02 (-1.08994e+02), Variance: 9.42819e-01 (1.36559e+00), Accept ratio: 0.47078, 
INFO:root:Epoch  3983, Energy: -1.08974e+02 (-1.08977e+02), Variance: 9.59975e-01 (1.21299e+00), Accept ratio: 0.47119, 
INFO:root:Epoch  3984, Energy: -1.08955e+02 (-1.08966e+02), Variance: 9.14448e-01 (1.21400e+00), Accept ratio: 0.46839, 
INFO:root:Epoch  3985, Energy: -1.08949e+02 (-1.08953e+02), Variance: 7.75775e-01 (1.30607e+00), Accept ratio: 0.46734, 
INFO:root:Epoch  3986, Energy: -1.08985e+02 (-1.08981e+02), Variance: 7.53538e-01 (8.58456e-01), Accept ratio: 0.46803, 
INFO:root:Epoch  3987, Energy: -1.08941e+02 (-1.08933e+02), Variance: 7.34670e-01 (8.94475e-01), Accept ratio: 0.46977, 
INFO:root:Epoch  3988, Energy: -1.08976e+02 (-1.08968e+02), Variance: 8.40311e-01 (1.02933e+00), Accept ratio: 0.46759, 
INFO:root:Epoch  3989, Energy: -1.08986e+02 (-1.08968e+02), Variance: 9.65560e-01 (1.71797e+00), Accept ratio: 0.46804, 
INFO:root:Epoch  3990, Energy: -1.08962e+02 (-1.08914e+02), Variance: 8.84451e-01 (2.69237e+00), Accept ratio: 0.46826, 
INFO:root:Epoch  3991, Energy: -1.08980e+02 (-1.08982e+02), Variance: 9.67138e-01 (1.10657e+00), Accept ratio: 0.46852, 
INFO:root:Epoch  3992, Energy: -1.08947e+02 (-1.08940e+02), Variance: 9.58082e-01 (1.28559e+00), Accept ratio: 0.47446, 
INFO:root:Epoch  3993, Energy: -1.08957e+02 (-1.08970e+02), Variance: 9.80437e-01 (1.57098e+00), Accept ratio: 0.47118, 
INFO:root:Epoch  3994, Energy: -1.08959e+02 (-1.08987e+02), Variance: 9.03178e-01 (2.37725e+00), Accept ratio: 0.46403, 
INFO:root:Epoch  3995, Energy: -1.08956e+02 (-1.08954e+02), Variance: 9.04939e-01 (1.25287e+00), Accept ratio: 0.47125, 
INFO:root:Epoch  3996, Energy: -1.08960e+02 (-1.08955e+02), Variance: 9.09502e-01 (1.13382e+00), Accept ratio: 0.47279, 
INFO:root:Epoch  3997, Energy: -1.08967e+02 (-1.08957e+02), Variance: 8.03779e-01 (1.09639e+00), Accept ratio: 0.47021, 
INFO:root:Epoch  3998, Energy: -1.08969e+02 (-1.08968e+02), Variance: 8.86487e-01 (1.00528e+00), Accept ratio: 0.47283, 
INFO:root:Epoch  3999, Energy: -1.08958e+02 (-1.08990e+02), Variance: 1.18114e+00 (2.30327e+00), Accept ratio: 0.46546, 
INFO:root:Epoch  4000, Energy: -1.08992e+02 (-1.08991e+02), Variance: 9.96284e-01 (1.09987e+00), Accept ratio: 0.46864, 
INFO:root:Epoch  4001, Energy: -1.09005e+02 (-1.09017e+02), Variance: 9.78013e-01 (1.23305e+00), Accept ratio: 0.46419, 
INFO:root:Epoch  4002, Energy: -1.09012e+02 (-1.08999e+02), Variance: 9.02248e-01 (1.32179e+00), Accept ratio: 0.46766, 
INFO:root:Epoch  4003, Energy: -1.09009e+02 (-1.09004e+02), Variance: 8.84595e-01 (1.14978e+00), Accept ratio: 0.47189, 
INFO:root:Epoch  4004, Energy: -1.09029e+02 (-1.09036e+02), Variance: 8.83228e-01 (1.19786e+00), Accept ratio: 0.46818, 
INFO:root:Epoch  4005, Energy: -1.09008e+02 (-1.09009e+02), Variance: 9.19387e-01 (1.15929e+00), Accept ratio: 0.47224, 
INFO:root:Epoch  4006, Energy: -1.08999e+02 (-1.08962e+02), Variance: 9.74154e-01 (6.75075e+00), Accept ratio: 0.47025, 
INFO:root:Epoch  4007, Energy: -1.09030e+02 (-1.09040e+02), Variance: 9.05260e-01 (1.22463e+00), Accept ratio: 0.46500, 
INFO:root:Epoch  4008, Energy: -1.08983e+02 (-1.08991e+02), Variance: 8.53389e-01 (1.06316e+00), Accept ratio: 0.47020, 
INFO:root:Epoch  4009, Energy: -1.08982e+02 (-1.08995e+02), Variance: 8.98181e-01 (1.40163e+00), Accept ratio: 0.46605, 
INFO:root:Epoch  4010, Energy: -1.09030e+02 (-1.09031e+02), Variance: 8.75377e-01 (1.43543e+00), Accept ratio: 0.46767, 
INFO:root:Epoch  4011, Energy: -1.09040e+02 (-1.09051e+02), Variance: 8.55203e-01 (1.01032e+00), Accept ratio: 0.46304, 
INFO:root:Epoch  4012, Energy: -1.08977e+02 (-1.08975e+02), Variance: 1.01026e+00 (1.15124e+00), Accept ratio: 0.46429, 
INFO:root:Epoch  4013, Energy: -1.09011e+02 (-1.09023e+02), Variance: 8.79583e-01 (1.31507e+00), Accept ratio: 0.47156, 
INFO:root:Epoch  4014, Energy: -1.09020e+02 (-1.09015e+02), Variance: 8.51086e-01 (1.18643e+00), Accept ratio: 0.46734, 
INFO:root:Epoch  4015, Energy: -1.08976e+02 (-1.08981e+02), Variance: 8.64717e-01 (1.08670e+00), Accept ratio: 0.47043, 
INFO:root:Epoch  4016, Energy: -1.09009e+02 (-1.09006e+02), Variance: 9.67530e-01 (1.10837e+00), Accept ratio: 0.46890, 
INFO:root:Epoch  4017, Energy: -1.08959e+02 (-1.08973e+02), Variance: 9.68767e-01 (1.36200e+00), Accept ratio: 0.47471, 
INFO:root:Epoch  4018, Energy: -1.08941e+02 (-1.08938e+02), Variance: 8.72765e-01 (1.28879e+00), Accept ratio: 0.47313, 
INFO:root:Epoch  4019, Energy: -1.09019e+02 (-1.09002e+02), Variance: 9.83114e-01 (1.48143e+00), Accept ratio: 0.46852, 
INFO:root:Epoch  4020, Energy: -1.09035e+02 (-1.09032e+02), Variance: 8.75948e-01 (1.46526e+00), Accept ratio: 0.46649, 
INFO:root:Epoch  4021, Energy: -1.09017e+02 (-1.09005e+02), Variance: 9.58905e-01 (1.29784e+00), Accept ratio: 0.47183, 
INFO:root:Epoch  4022, Energy: -1.08982e+02 (-1.08980e+02), Variance: 1.03223e+00 (1.25435e+00), Accept ratio: 0.47016, 
INFO:root:Epoch  4023, Energy: -1.09026e+02 (-1.09043e+02), Variance: 9.81862e-01 (1.82638e+00), Accept ratio: 0.46746, 
INFO:root:Epoch  4024, Energy: -1.09007e+02 (-1.09038e+02), Variance: 9.24185e-01 (1.78022e+00), Accept ratio: 0.46765, 
INFO:root:Epoch  4025, Energy: -1.08993e+02 (-1.09017e+02), Variance: 9.48547e-01 (1.34810e+00), Accept ratio: 0.46689, 
INFO:root:Epoch  4026, Energy: -1.08997e+02 (-1.09009e+02), Variance: 8.44709e-01 (1.17846e+00), Accept ratio: 0.46785, 
INFO:root:Epoch  4027, Energy: -1.09020e+02 (-1.09022e+02), Variance: 8.73694e-01 (1.46902e+00), Accept ratio: 0.46911, 
INFO:root:Epoch  4028, Energy: -1.08984e+02 (-1.08953e+02), Variance: 8.26272e-01 (1.34911e+00), Accept ratio: 0.46868, 
INFO:root:Epoch  4029, Energy: -1.09017e+02 (-1.09022e+02), Variance: 8.76485e-01 (1.18458e+00), Accept ratio: 0.47064, 
INFO:root:Epoch  4030, Energy: -1.09008e+02 (-1.09008e+02), Variance: 8.50219e-01 (9.92000e-01), Accept ratio: 0.46782, 
INFO:root:Epoch  4031, Energy: -1.09050e+02 (-1.09054e+02), Variance: 9.62817e-01 (1.17697e+00), Accept ratio: 0.47498, 
INFO:root:Epoch  4032, Energy: -1.09038e+02 (-1.09006e+02), Variance: 8.49453e-01 (2.20878e+00), Accept ratio: 0.47194, 
INFO:root:Epoch  4033, Energy: -1.09037e+02 (-1.09020e+02), Variance: 8.97180e-01 (1.18265e+00), Accept ratio: 0.47229, 
INFO:root:Epoch  4034, Energy: -1.09055e+02 (-1.09057e+02), Variance: 9.28070e-01 (1.22397e+00), Accept ratio: 0.46754, 
INFO:root:Epoch  4035, Energy: -1.09030e+02 (-1.09009e+02), Variance: 9.10079e-01 (1.50142e+00), Accept ratio: 0.46944, 
INFO:root:Epoch  4036, Energy: -1.09071e+02 (-1.09049e+02), Variance: 8.91569e-01 (1.58460e+00), Accept ratio: 0.46821, 
INFO:root:Epoch  4037, Energy: -1.09041e+02 (-1.09043e+02), Variance: 8.98057e-01 (1.06144e+00), Accept ratio: 0.46390, 
INFO:root:Epoch  4038, Energy: -1.09015e+02 (-1.08983e+02), Variance: 8.43471e-01 (2.04051e+00), Accept ratio: 0.47059, 
INFO:root:Epoch  4039, Energy: -1.08963e+02 (-1.08961e+02), Variance: 8.88556e-01 (1.05245e+00), Accept ratio: 0.46141, 
INFO:root:Epoch  4040, Energy: -1.08964e+02 (-1.08960e+02), Variance: 8.70157e-01 (1.06251e+00), Accept ratio: 0.47062, 
INFO:root:Epoch  4041, Energy: -1.08975e+02 (-1.08969e+02), Variance: 9.31040e-01 (1.49193e+00), Accept ratio: 0.47112, 
INFO:root:Epoch  4042, Energy: -1.08973e+02 (-1.08977e+02), Variance: 9.74090e-01 (1.33117e+00), Accept ratio: 0.46687, 
INFO:root:Epoch  4043, Energy: -1.09011e+02 (-1.09068e+02), Variance: 1.00464e+00 (3.72851e+00), Accept ratio: 0.46978, 
INFO:root:Epoch  4044, Energy: -1.08956e+02 (-1.08955e+02), Variance: 8.27443e-01 (1.09630e+00), Accept ratio: 0.47512, 
INFO:root:Epoch  4045, Energy: -1.08996e+02 (-1.09001e+02), Variance: 8.69384e-01 (9.89562e-01), Accept ratio: 0.47341, 
INFO:root:Epoch  4046, Energy: -1.08983e+02 (-1.08985e+02), Variance: 8.17760e-01 (1.11466e+00), Accept ratio: 0.47041, 
INFO:root:Epoch  4047, Energy: -1.08972e+02 (-1.08943e+02), Variance: 9.52488e-01 (1.53212e+00), Accept ratio: 0.47095, 
INFO:root:Epoch  4048, Energy: -1.09012e+02 (-1.08997e+02), Variance: 7.75314e-01 (1.06748e+00), Accept ratio: 0.47217, 
INFO:root:Epoch  4049, Energy: -1.09009e+02 (-1.09003e+02), Variance: 8.02286e-01 (9.00887e-01), Accept ratio: 0.46828, 
INFO:root:Epoch  4050, Energy: -1.09026e+02 (-1.09043e+02), Variance: 9.23947e-01 (1.16179e+00), Accept ratio: 0.46495, 
INFO:root:Epoch  4051, Energy: -1.09022e+02 (-1.09031e+02), Variance: 8.87555e-01 (1.22196e+00), Accept ratio: 0.46833, 
INFO:root:Epoch  4052, Energy: -1.08994e+02 (-1.08999e+02), Variance: 8.89848e-01 (1.33361e+00), Accept ratio: 0.46404, 
INFO:root:Epoch  4053, Energy: -1.09028e+02 (-1.09039e+02), Variance: 8.39915e-01 (1.09943e+00), Accept ratio: 0.47374, 
INFO:root:Epoch  4054, Energy: -1.08983e+02 (-1.08969e+02), Variance: 7.90087e-01 (1.04980e+00), Accept ratio: 0.46506, 
INFO:root:Epoch  4055, Energy: -1.09007e+02 (-1.09053e+02), Variance: 8.75658e-01 (4.11900e+00), Accept ratio: 0.46497, 
INFO:root:Epoch  4056, Energy: -1.08970e+02 (-1.08963e+02), Variance: 8.65626e-01 (1.19864e+00), Accept ratio: 0.47118, 
INFO:root:Epoch  4057, Energy: -1.09007e+02 (-1.08987e+02), Variance: 9.71529e-01 (1.49553e+00), Accept ratio: 0.46952, 
INFO:root:Epoch  4058, Energy: -1.09015e+02 (-1.09026e+02), Variance: 8.82383e-01 (1.01366e+00), Accept ratio: 0.47295, 
INFO:root:Epoch  4059, Energy: -1.08999e+02 (-1.09004e+02), Variance: 9.25108e-01 (1.01817e+00), Accept ratio: 0.46925, 
INFO:root:Epoch  4060, Energy: -1.08966e+02 (-1.08973e+02), Variance: 9.03288e-01 (1.20952e+00), Accept ratio: 0.46829, 
INFO:root:Epoch  4061, Energy: -1.08989e+02 (-1.08990e+02), Variance: 8.58773e-01 (1.18214e+00), Accept ratio: 0.46722, 
INFO:root:Epoch  4062, Energy: -1.08993e+02 (-1.09001e+02), Variance: 9.13398e-01 (1.32189e+00), Accept ratio: 0.46944, 
INFO:root:Epoch  4063, Energy: -1.09027e+02 (-1.09041e+02), Variance: 7.70845e-01 (1.16145e+00), Accept ratio: 0.46807, 
INFO:root:Epoch  4064, Energy: -1.08992e+02 (-1.09023e+02), Variance: 9.52228e-01 (2.11547e+00), Accept ratio: 0.46727, 
INFO:root:Epoch  4065, Energy: -1.08963e+02 (-1.08982e+02), Variance: 9.64184e-01 (1.64294e+00), Accept ratio: 0.47242, 
INFO:root:Epoch  4066, Energy: -1.08987e+02 (-1.09008e+02), Variance: 9.09943e-01 (1.30091e+00), Accept ratio: 0.47364, 
INFO:root:Epoch  4067, Energy: -1.09003e+02 (-1.09023e+02), Variance: 8.63936e-01 (1.84908e+00), Accept ratio: 0.46621, 
INFO:root:Epoch  4068, Energy: -1.08984e+02 (-1.08986e+02), Variance: 1.00235e+00 (1.45299e+00), Accept ratio: 0.47104, 
INFO:root:Epoch  4069, Energy: -1.08985e+02 (-1.08973e+02), Variance: 9.31251e-01 (1.52976e+00), Accept ratio: 0.46445, 
INFO:root:Epoch  4070, Energy: -1.09009e+02 (-1.09042e+02), Variance: 8.77786e-01 (2.14908e+00), Accept ratio: 0.46741, 
INFO:root:Epoch  4071, Energy: -1.09027e+02 (-1.09010e+02), Variance: 8.85996e-01 (1.13048e+00), Accept ratio: 0.47765, 
INFO:root:Epoch  4072, Energy: -1.08978e+02 (-1.08952e+02), Variance: 8.60454e-01 (1.67930e+00), Accept ratio: 0.46245, 
INFO:root:Epoch  4073, Energy: -1.08983e+02 (-1.08985e+02), Variance: 9.33641e-01 (1.23699e+00), Accept ratio: 0.47004, 
INFO:root:Epoch  4074, Energy: -1.08993e+02 (-1.09036e+02), Variance: 1.03650e+00 (3.37170e+00), Accept ratio: 0.46782, 
INFO:root:Epoch  4075, Energy: -1.08981e+02 (-1.08977e+02), Variance: 8.19717e-01 (1.02433e+00), Accept ratio: 0.46770, 
INFO:root:Epoch  4076, Energy: -1.09003e+02 (-1.08978e+02), Variance: 8.99925e-01 (3.41073e+00), Accept ratio: 0.47149, 
INFO:root:Epoch  4077, Energy: -1.08990e+02 (-1.08988e+02), Variance: 8.54862e-01 (1.07086e+00), Accept ratio: 0.47017, 
INFO:root:Epoch  4078, Energy: -1.08999e+02 (-1.08997e+02), Variance: 9.06485e-01 (1.09902e+00), Accept ratio: 0.47242, 
INFO:root:Epoch  4079, Energy: -1.09029e+02 (-1.09033e+02), Variance: 7.95658e-01 (8.72669e-01), Accept ratio: 0.46649, 
INFO:root:Epoch  4080, Energy: -1.09001e+02 (-1.09020e+02), Variance: 9.79484e-01 (1.51227e+00), Accept ratio: 0.47078, 
INFO:root:Epoch  4081, Energy: -1.08949e+02 (-1.08936e+02), Variance: 9.12094e-01 (1.26891e+00), Accept ratio: 0.46674, 
INFO:root:Epoch  4082, Energy: -1.08968e+02 (-1.08955e+02), Variance: 8.93864e-01 (1.06768e+00), Accept ratio: 0.46806, 
INFO:root:Epoch  4083, Energy: -1.08968e+02 (-1.08984e+02), Variance: 8.42278e-01 (1.14118e+00), Accept ratio: 0.46302, 
INFO:root:Epoch  4084, Energy: -1.09018e+02 (-1.09025e+02), Variance: 8.24647e-01 (8.96764e-01), Accept ratio: 0.46840, 
INFO:root:Epoch  4085, Energy: -1.09013e+02 (-1.09031e+02), Variance: 7.73307e-01 (1.01898e+00), Accept ratio: 0.46972, 
INFO:root:Epoch  4086, Energy: -1.09053e+02 (-1.09094e+02), Variance: 8.92534e-01 (2.52084e+00), Accept ratio: 0.46707, 
INFO:root:Epoch  4087, Energy: -1.09003e+02 (-1.09001e+02), Variance: 8.20682e-01 (9.99222e-01), Accept ratio: 0.46808, 
INFO:root:Epoch  4088, Energy: -1.08989e+02 (-1.08997e+02), Variance: 8.80898e-01 (1.91941e+00), Accept ratio: 0.46683, 
INFO:root:Epoch  4089, Energy: -1.09010e+02 (-1.09007e+02), Variance: 8.40069e-01 (9.91837e-01), Accept ratio: 0.46615, 
INFO:root:Epoch  4090, Energy: -1.08997e+02 (-1.08992e+02), Variance: 8.29064e-01 (1.13975e+00), Accept ratio: 0.47023, 
INFO:root:Epoch  4091, Energy: -1.09055e+02 (-1.09045e+02), Variance: 8.65790e-01 (1.41334e+00), Accept ratio: 0.47438, 
INFO:root:Epoch  4092, Energy: -1.09042e+02 (-1.09039e+02), Variance: 9.13234e-01 (1.03675e+00), Accept ratio: 0.47074, 
INFO:root:Epoch  4093, Energy: -1.09010e+02 (-1.09008e+02), Variance: 9.34095e-01 (1.19084e+00), Accept ratio: 0.46116, 
INFO:root:Epoch  4094, Energy: -1.08985e+02 (-1.08984e+02), Variance: 8.48610e-01 (1.05626e+00), Accept ratio: 0.46707, 
INFO:root:Epoch  4095, Energy: -1.08992e+02 (-1.08976e+02), Variance: 9.56719e-01 (1.66614e+00), Accept ratio: 0.46676, 
INFO:root:Epoch  4096, Energy: -1.08995e+02 (-1.08974e+02), Variance: 9.69434e-01 (1.59443e+00), Accept ratio: 0.47052, 
INFO:root:Epoch  4097, Energy: -1.09051e+02 (-1.09051e+02), Variance: 8.41957e-01 (1.56711e+00), Accept ratio: 0.46673, 
INFO:root:Epoch  4098, Energy: -1.08990e+02 (-1.08953e+02), Variance: 1.04871e+00 (2.16279e+00), Accept ratio: 0.47074, 
INFO:root:Epoch  4099, Energy: -1.08999e+02 (-1.09001e+02), Variance: 9.24506e-01 (1.32671e+00), Accept ratio: 0.46603, 
INFO:root:Epoch  4100, Energy: -1.09034e+02 (-1.09017e+02), Variance: 9.49670e-01 (2.16333e+00), Accept ratio: 0.47329, 
INFO:root:Epoch  4101, Energy: -1.08967e+02 (-1.08967e+02), Variance: 9.40978e-01 (5.50371e+00), Accept ratio: 0.46464, 
INFO:root:Epoch  4102, Energy: -1.09027e+02 (-1.09030e+02), Variance: 9.45772e-01 (1.10222e+00), Accept ratio: 0.46287, 
INFO:root:Epoch  4103, Energy: -1.09014e+02 (-1.09007e+02), Variance: 8.67119e-01 (1.13643e+00), Accept ratio: 0.47211, 
INFO:root:Epoch  4104, Energy: -1.08991e+02 (-1.08992e+02), Variance: 9.02458e-01 (1.15518e+00), Accept ratio: 0.47574, 
INFO:root:Epoch  4105, Energy: -1.09009e+02 (-1.09013e+02), Variance: 8.52664e-01 (9.50896e-01), Accept ratio: 0.47316, 
INFO:root:Epoch  4106, Energy: -1.09007e+02 (-1.08989e+02), Variance: 8.44911e-01 (1.16411e+00), Accept ratio: 0.46519, 
INFO:root:Epoch  4107, Energy: -1.08995e+02 (-1.08998e+02), Variance: 7.91773e-01 (1.02701e+00), Accept ratio: 0.47183, 
INFO:root:Epoch  4108, Energy: -1.08989e+02 (-1.09007e+02), Variance: 8.82982e-01 (1.33155e+00), Accept ratio: 0.46375, 
INFO:root:Epoch  4109, Energy: -1.08936e+02 (-1.08952e+02), Variance: 9.29128e-01 (1.53249e+00), Accept ratio: 0.46784, 
INFO:root:Epoch  4110, Energy: -1.08962e+02 (-1.08955e+02), Variance: 8.50776e-01 (1.25841e+00), Accept ratio: 0.46712, 
INFO:root:Epoch  4111, Energy: -1.08951e+02 (-1.08946e+02), Variance: 7.17490e-01 (8.45027e-01), Accept ratio: 0.47174, 
INFO:root:Epoch  4112, Energy: -1.08989e+02 (-1.09024e+02), Variance: 7.47216e-01 (1.69759e+00), Accept ratio: 0.46597, 
INFO:root:Epoch  4113, Energy: -1.09055e+02 (-1.09069e+02), Variance: 9.74586e-01 (1.31310e+00), Accept ratio: 0.46868, 
INFO:root:Epoch  4114, Energy: -1.08974e+02 (-1.08957e+02), Variance: 1.03107e+00 (3.38272e+00), Accept ratio: 0.46496, 
INFO:root:Epoch  4115, Energy: -1.09015e+02 (-1.09070e+02), Variance: 8.90772e-01 (3.84369e+00), Accept ratio: 0.46429, 
INFO:root:Epoch  4116, Energy: -1.09005e+02 (-1.09006e+02), Variance: 8.51222e-01 (1.00635e+00), Accept ratio: 0.46932, 
INFO:root:Epoch  4117, Energy: -1.08993e+02 (-1.08968e+02), Variance: 8.99826e-01 (1.82449e+00), Accept ratio: 0.46837, 
INFO:root:Epoch  4118, Energy: -1.09025e+02 (-1.09023e+02), Variance: 8.66778e-01 (1.44410e+00), Accept ratio: 0.47092, 
INFO:root:Epoch  4119, Energy: -1.08994e+02 (-1.08986e+02), Variance: 8.42019e-01 (1.26343e+00), Accept ratio: 0.47180, 
INFO:root:Epoch  4120, Energy: -1.08961e+02 (-1.08964e+02), Variance: 8.60458e-01 (1.00304e+00), Accept ratio: 0.47273, 
INFO:root:Epoch  4121, Energy: -1.08938e+02 (-1.08953e+02), Variance: 8.32529e-01 (1.16155e+00), Accept ratio: 0.46919, 
INFO:root:Epoch  4122, Energy: -1.08962e+02 (-1.08962e+02), Variance: 8.03725e-01 (8.45903e-01), Accept ratio: 0.46771, 
INFO:root:Epoch  4123, Energy: -1.08953e+02 (-1.08945e+02), Variance: 7.94041e-01 (9.75106e-01), Accept ratio: 0.46724, 
INFO:root:Epoch  4124, Energy: -1.08923e+02 (-1.08932e+02), Variance: 9.20288e-01 (1.18135e+00), Accept ratio: 0.46818, 
INFO:root:Epoch  4125, Energy: -1.08942e+02 (-1.08904e+02), Variance: 9.00778e-01 (2.67612e+00), Accept ratio: 0.46706, 
INFO:root:Epoch  4126, Energy: -1.08954e+02 (-1.08887e+02), Variance: 9.43869e-01 (4.04867e+00), Accept ratio: 0.46538, 
INFO:root:Epoch  4127, Energy: -1.08962e+02 (-1.08950e+02), Variance: 8.74244e-01 (4.64799e+00), Accept ratio: 0.47551, 
INFO:root:Epoch  4128, Energy: -1.08978e+02 (-1.08966e+02), Variance: 8.43649e-01 (1.11822e+00), Accept ratio: 0.47130, 
INFO:root:Epoch  4129, Energy: -1.08969e+02 (-1.08922e+02), Variance: 8.44487e-01 (3.61687e+00), Accept ratio: 0.46519, 
INFO:root:Epoch  4130, Energy: -1.08971e+02 (-1.08918e+02), Variance: 8.63022e-01 (2.90005e+00), Accept ratio: 0.47168, 
INFO:root:Epoch  4131, Energy: -1.09028e+02 (-1.09048e+02), Variance: 9.03319e-01 (1.27693e+00), Accept ratio: 0.46211, 
INFO:root:Epoch  4132, Energy: -1.08994e+02 (-1.08990e+02), Variance: 9.47991e-01 (1.31212e+00), Accept ratio: 0.47188, 
INFO:root:Epoch  4133, Energy: -1.09033e+02 (-1.09025e+02), Variance: 8.25089e-01 (1.04922e+00), Accept ratio: 0.47456, 
INFO:root:Epoch  4134, Energy: -1.09042e+02 (-1.09037e+02), Variance: 9.27196e-01 (1.15192e+00), Accept ratio: 0.47211, 
INFO:root:Epoch  4135, Energy: -1.08973e+02 (-1.08954e+02), Variance: 9.20705e-01 (1.19202e+00), Accept ratio: 0.47311, 
INFO:root:Epoch  4136, Energy: -1.09005e+02 (-1.08996e+02), Variance: 8.41092e-01 (1.01363e+00), Accept ratio: 0.47513, 
INFO:root:Epoch  4137, Energy: -1.08967e+02 (-1.08932e+02), Variance: 8.16530e-01 (1.52775e+00), Accept ratio: 0.47331, 
INFO:root:Epoch  4138, Energy: -1.09019e+02 (-1.09036e+02), Variance: 8.29004e-01 (1.11782e+00), Accept ratio: 0.47332, 
INFO:root:Epoch  4139, Energy: -1.09001e+02 (-1.08977e+02), Variance: 8.08386e-01 (1.23726e+00), Accept ratio: 0.47300, 
INFO:root:Epoch  4140, Energy: -1.08983e+02 (-1.08987e+02), Variance: 7.87828e-01 (9.25100e-01), Accept ratio: 0.47079, 
INFO:root:Epoch  4141, Energy: -1.08989e+02 (-1.08996e+02), Variance: 7.97092e-01 (9.68830e-01), Accept ratio: 0.47381, 
INFO:root:Epoch  4142, Energy: -1.09009e+02 (-1.09005e+02), Variance: 8.15159e-01 (1.29299e+00), Accept ratio: 0.47017, 
INFO:root:Epoch  4143, Energy: -1.08957e+02 (-1.08951e+02), Variance: 8.08519e-01 (8.83644e-01), Accept ratio: 0.47079, 
INFO:root:Epoch  4144, Energy: -1.08987e+02 (-1.09003e+02), Variance: 8.84377e-01 (1.79039e+00), Accept ratio: 0.47085, 
INFO:root:Epoch  4145, Energy: -1.08975e+02 (-1.08994e+02), Variance: 1.00058e+00 (1.58905e+00), Accept ratio: 0.46820, 
INFO:root:Epoch  4146, Energy: -1.08991e+02 (-1.08987e+02), Variance: 7.79372e-01 (8.86652e-01), Accept ratio: 0.47470, 
INFO:root:Epoch  4147, Energy: -1.08937e+02 (-1.08919e+02), Variance: 8.60597e-01 (1.32095e+00), Accept ratio: 0.46160, 
INFO:root:Epoch  4148, Energy: -1.09005e+02 (-1.09018e+02), Variance: 7.71893e-01 (1.07545e+00), Accept ratio: 0.46876, 
INFO:root:Epoch  4149, Energy: -1.08944e+02 (-1.08932e+02), Variance: 8.10961e-01 (1.17316e+00), Accept ratio: 0.47454, 
INFO:root:Epoch  4150, Energy: -1.08988e+02 (-1.08997e+02), Variance: 8.89445e-01 (1.15386e+00), Accept ratio: 0.46624, 
INFO:root:Epoch  4151, Energy: -1.08951e+02 (-1.08956e+02), Variance: 8.75927e-01 (1.42662e+00), Accept ratio: 0.47916, 
INFO:root:Epoch  4152, Energy: -1.08957e+02 (-1.08945e+02), Variance: 8.16191e-01 (1.19621e+00), Accept ratio: 0.47103, 
INFO:root:Epoch  4153, Energy: -1.09007e+02 (-1.08985e+02), Variance: 8.39387e-01 (1.64346e+00), Accept ratio: 0.46938, 
INFO:root:Epoch  4154, Energy: -1.08976e+02 (-1.08971e+02), Variance: 7.81077e-01 (1.00158e+00), Accept ratio: 0.47776, 
INFO:root:Epoch  4155, Energy: -1.08989e+02 (-1.08981e+02), Variance: 8.18941e-01 (9.52631e-01), Accept ratio: 0.47794, 
INFO:root:Epoch  4156, Energy: -1.09008e+02 (-1.09016e+02), Variance: 8.41543e-01 (1.19341e+00), Accept ratio: 0.47415, 
INFO:root:Epoch  4157, Energy: -1.08988e+02 (-1.08971e+02), Variance: 8.46473e-01 (1.10686e+00), Accept ratio: 0.46457, 
INFO:root:Epoch  4158, Energy: -1.08931e+02 (-1.08912e+02), Variance: 8.03313e-01 (1.26714e+00), Accept ratio: 0.46926, 
INFO:root:Epoch  4159, Energy: -1.08960e+02 (-1.08884e+02), Variance: 8.42666e-01 (6.21194e+00), Accept ratio: 0.46693, 
INFO:root:Epoch  4160, Energy: -1.08954e+02 (-1.08958e+02), Variance: 7.72557e-01 (1.02059e+00), Accept ratio: 0.46614, 
INFO:root:Epoch  4161, Energy: -1.08979e+02 (-1.08984e+02), Variance: 1.09945e+00 (2.73378e+00), Accept ratio: 0.46509, 
INFO:root:Epoch  4162, Energy: -1.09015e+02 (-1.09034e+02), Variance: 8.88159e-01 (2.08857e+00), Accept ratio: 0.46981, 
INFO:root:Epoch  4163, Energy: -1.08979e+02 (-1.08966e+02), Variance: 8.52821e-01 (1.09459e+00), Accept ratio: 0.46789, 
INFO:root:Epoch  4164, Energy: -1.08979e+02 (-1.08978e+02), Variance: 7.85529e-01 (1.17667e+00), Accept ratio: 0.47020, 
INFO:root:Epoch  4165, Energy: -1.08946e+02 (-1.08980e+02), Variance: 8.38732e-01 (3.27794e+00), Accept ratio: 0.47027, 
INFO:root:Epoch  4166, Energy: -1.08945e+02 (-1.08952e+02), Variance: 8.67647e-01 (1.05274e+00), Accept ratio: 0.47176, 
INFO:root:Epoch  4167, Energy: -1.08935e+02 (-1.08952e+02), Variance: 8.15099e-01 (1.34632e+00), Accept ratio: 0.47433, 
INFO:root:Epoch  4168, Energy: -1.08974e+02 (-1.08992e+02), Variance: 7.89729e-01 (1.45340e+00), Accept ratio: 0.46576, 
INFO:root:Epoch  4169, Energy: -1.08978e+02 (-1.08966e+02), Variance: 8.62894e-01 (1.07099e+00), Accept ratio: 0.47191, 
INFO:root:Epoch  4170, Energy: -1.08995e+02 (-1.08969e+02), Variance: 8.67415e-01 (1.70964e+00), Accept ratio: 0.47445, 
INFO:root:Epoch  4171, Energy: -1.08936e+02 (-1.08922e+02), Variance: 1.00564e+00 (1.34183e+00), Accept ratio: 0.46505, 
INFO:root:Epoch  4172, Energy: -1.08937e+02 (-1.08946e+02), Variance: 8.87112e-01 (1.15285e+00), Accept ratio: 0.46774, 
INFO:root:Epoch  4173, Energy: -1.08989e+02 (-1.09011e+02), Variance: 9.24370e-01 (1.78557e+00), Accept ratio: 0.46872, 
INFO:root:Epoch  4174, Energy: -1.09021e+02 (-1.09018e+02), Variance: 8.31591e-01 (9.84728e-01), Accept ratio: 0.47036, 
INFO:root:Epoch  4175, Energy: -1.08959e+02 (-1.08967e+02), Variance: 8.94119e-01 (1.27241e+00), Accept ratio: 0.46813, 
INFO:root:Epoch  4176, Energy: -1.08947e+02 (-1.08943e+02), Variance: 7.81978e-01 (1.05792e+00), Accept ratio: 0.46766, 
INFO:root:Epoch  4177, Energy: -1.08955e+02 (-1.08979e+02), Variance: 9.18217e-01 (1.63643e+00), Accept ratio: 0.47007, 
INFO:root:Epoch  4178, Energy: -1.08993e+02 (-1.09017e+02), Variance: 8.52141e-01 (1.39202e+00), Accept ratio: 0.47135, 
INFO:root:Epoch  4179, Energy: -1.09019e+02 (-1.09019e+02), Variance: 8.12761e-01 (8.97327e-01), Accept ratio: 0.46492, 
INFO:root:Epoch  4180, Energy: -1.09011e+02 (-1.09004e+02), Variance: 1.06970e+00 (1.57675e+00), Accept ratio: 0.46812, 
INFO:root:Epoch  4181, Energy: -1.09013e+02 (-1.08892e+02), Variance: 9.44600e-01 (1.72525e+01), Accept ratio: 0.47213, 
INFO:root:Epoch  4182, Energy: -1.08960e+02 (-1.09003e+02), Variance: 9.43559e-01 (4.34750e+00), Accept ratio: 0.46571, 
INFO:root:Epoch  4183, Energy: -1.08993e+02 (-1.09002e+02), Variance: 9.45982e-01 (1.67375e+00), Accept ratio: 0.46418, 
INFO:root:Epoch  4184, Energy: -1.08969e+02 (-1.08966e+02), Variance: 8.27712e-01 (8.74798e-01), Accept ratio: 0.46283, 
INFO:root:Epoch  4185, Energy: -1.08980e+02 (-1.08983e+02), Variance: 8.25765e-01 (1.06143e+00), Accept ratio: 0.47219, 
INFO:root:Epoch  4186, Energy: -1.09009e+02 (-1.09027e+02), Variance: 9.54048e-01 (2.08002e+00), Accept ratio: 0.46955, 
INFO:root:Epoch  4187, Energy: -1.08976e+02 (-1.08973e+02), Variance: 8.74296e-01 (1.05986e+00), Accept ratio: 0.46405, 
INFO:root:Epoch  4188, Energy: -1.08967e+02 (-1.08946e+02), Variance: 9.23738e-01 (1.74180e+00), Accept ratio: 0.46456, 
INFO:root:Epoch  4189, Energy: -1.08955e+02 (-1.08969e+02), Variance: 9.04300e-01 (1.31176e+00), Accept ratio: 0.46581, 
INFO:root:Epoch  4190, Energy: -1.08939e+02 (-1.08940e+02), Variance: 9.48456e-01 (1.15104e+00), Accept ratio: 0.48172, 
INFO:root:Epoch  4191, Energy: -1.08989e+02 (-1.08966e+02), Variance: 9.00136e-01 (1.23819e+00), Accept ratio: 0.46076, 
INFO:root:Epoch  4192, Energy: -1.08934e+02 (-1.08930e+02), Variance: 9.04844e-01 (1.97244e+00), Accept ratio: 0.45987, 
INFO:root:Epoch  4193, Energy: -1.08965e+02 (-1.08989e+02), Variance: 9.41941e-01 (1.66143e+00), Accept ratio: 0.47007, 
INFO:root:Epoch  4194, Energy: -1.09022e+02 (-1.09044e+02), Variance: 9.04856e-01 (1.99467e+00), Accept ratio: 0.47074, 
INFO:root:Epoch  4195, Energy: -1.08987e+02 (-1.08983e+02), Variance: 8.72660e-01 (1.07831e+00), Accept ratio: 0.46814, 
INFO:root:Epoch  4196, Energy: -1.08982e+02 (-1.08984e+02), Variance: 7.86811e-01 (8.36232e-01), Accept ratio: 0.46615, 
INFO:root:Epoch  4197, Energy: -1.08932e+02 (-1.08937e+02), Variance: 7.52822e-01 (1.10910e+00), Accept ratio: 0.46908, 
INFO:root:Epoch  4198, Energy: -1.08969e+02 (-1.08958e+02), Variance: 9.75989e-01 (1.44151e+00), Accept ratio: 0.46650, 
INFO:root:Epoch  4199, Energy: -1.08998e+02 (-1.09014e+02), Variance: 1.08452e+00 (1.65503e+00), Accept ratio: 0.47278, 
INFO:root:Epoch  4200, Energy: -1.08991e+02 (-1.09000e+02), Variance: 9.25313e-01 (1.06866e+00), Accept ratio: 0.46959, 
INFO:root:Epoch  4201, Energy: -1.08933e+02 (-1.08984e+02), Variance: 1.06458e+00 (3.38531e+00), Accept ratio: 0.47550, 
INFO:root:Epoch  4202, Energy: -1.08993e+02 (-1.08984e+02), Variance: 9.44160e-01 (1.41643e+00), Accept ratio: 0.46854, 
INFO:root:Epoch  4203, Energy: -1.08978e+02 (-1.09000e+02), Variance: 1.04941e+00 (1.45215e+00), Accept ratio: 0.46811, 
INFO:root:Epoch  4204, Energy: -1.08985e+02 (-1.09016e+02), Variance: 1.07396e+00 (2.64386e+00), Accept ratio: 0.46954, 
INFO:root:Epoch  4205, Energy: -1.08991e+02 (-1.08995e+02), Variance: 9.70342e-01 (1.11230e+00), Accept ratio: 0.47217, 
INFO:root:Epoch  4206, Energy: -1.08944e+02 (-1.08942e+02), Variance: 9.44668e-01 (1.04123e+00), Accept ratio: 0.47159, 
INFO:root:Epoch  4207, Energy: -1.08949e+02 (-1.08931e+02), Variance: 9.99098e-01 (1.27633e+00), Accept ratio: 0.47020, 
INFO:root:Epoch  4208, Energy: -1.08935e+02 (-1.08942e+02), Variance: 8.82349e-01 (9.91570e-01), Accept ratio: 0.46922, 
INFO:root:Epoch  4209, Energy: -1.08967e+02 (-1.08940e+02), Variance: 9.38250e-01 (1.61990e+00), Accept ratio: 0.46910, 
INFO:root:Epoch  4210, Energy: -1.09002e+02 (-1.08987e+02), Variance: 9.76629e-01 (1.40731e+00), Accept ratio: 0.47160, 
INFO:root:Epoch  4211, Energy: -1.08990e+02 (-1.09004e+02), Variance: 9.48923e-01 (1.16515e+00), Accept ratio: 0.46697, 
INFO:root:Epoch  4212, Energy: -1.08962e+02 (-1.08961e+02), Variance: 9.41449e-01 (1.21835e+00), Accept ratio: 0.47544, 
INFO:root:Epoch  4213, Energy: -1.08932e+02 (-1.08934e+02), Variance: 8.60394e-01 (9.41913e-01), Accept ratio: 0.46074, 
INFO:root:Epoch  4214, Energy: -1.08937e+02 (-1.08919e+02), Variance: 8.89418e-01 (1.15912e+00), Accept ratio: 0.46462, 
INFO:root:Epoch  4215, Energy: -1.09017e+02 (-1.09022e+02), Variance: 9.32484e-01 (1.43467e+00), Accept ratio: 0.46626, 
INFO:root:Epoch  4216, Energy: -1.09026e+02 (-1.09031e+02), Variance: 9.61971e-01 (1.15923e+00), Accept ratio: 0.46644, 
INFO:root:Epoch  4217, Energy: -1.09053e+02 (-1.09051e+02), Variance: 9.89694e-01 (1.14679e+00), Accept ratio: 0.46025, 
INFO:root:Epoch  4218, Energy: -1.08985e+02 (-1.08984e+02), Variance: 1.01366e+00 (1.27301e+00), Accept ratio: 0.47111, 
INFO:root:Epoch  4219, Energy: -1.08990e+02 (-1.08978e+02), Variance: 9.74576e-01 (1.51475e+00), Accept ratio: 0.46729, 
INFO:root:Epoch  4220, Energy: -1.08960e+02 (-1.08946e+02), Variance: 9.44787e-01 (1.12888e+00), Accept ratio: 0.47439, 
INFO:root:Epoch  4221, Energy: -1.08920e+02 (-1.08906e+02), Variance: 9.88420e-01 (1.31010e+00), Accept ratio: 0.47242, 
INFO:root:Epoch  4222, Energy: -1.09005e+02 (-1.09011e+02), Variance: 1.08922e+00 (1.19689e+00), Accept ratio: 0.47353, 
INFO:root:Epoch  4223, Energy: -1.08970e+02 (-1.08974e+02), Variance: 1.04216e+00 (1.26253e+00), Accept ratio: 0.46292, 
INFO:root:Epoch  4224, Energy: -1.08964e+02 (-1.08937e+02), Variance: 1.15644e+00 (2.01072e+00), Accept ratio: 0.46832, 
INFO:root:Epoch  4225, Energy: -1.08946e+02 (-1.08946e+02), Variance: 1.10758e+00 (1.23868e+00), Accept ratio: 0.46330, 
INFO:root:Epoch  4226, Energy: -1.08916e+02 (-1.08920e+02), Variance: 1.02052e+00 (1.14176e+00), Accept ratio: 0.46649, 
INFO:root:Epoch  4227, Energy: -1.08959e+02 (-1.08961e+02), Variance: 1.15886e+00 (1.23254e+00), Accept ratio: 0.47519, 
INFO:root:Epoch  4228, Energy: -1.08991e+02 (-1.08997e+02), Variance: 1.22521e+00 (1.96778e+00), Accept ratio: 0.47361, 
INFO:root:Epoch  4229, Energy: -1.08946e+02 (-1.08929e+02), Variance: 1.20003e+00 (1.73133e+00), Accept ratio: 0.47034, 
INFO:root:Epoch  4230, Energy: -1.08977e+02 (-1.08972e+02), Variance: 1.08594e+00 (1.21607e+00), Accept ratio: 0.46909, 
INFO:root:Epoch  4231, Energy: -1.08966e+02 (-1.08975e+02), Variance: 1.12571e+00 (1.41762e+00), Accept ratio: 0.47155, 
INFO:root:Epoch  4232, Energy: -1.08992e+02 (-1.09002e+02), Variance: 1.16198e+00 (1.48796e+00), Accept ratio: 0.46854, 
INFO:root:Epoch  4233, Energy: -1.08969e+02 (-1.08963e+02), Variance: 1.19843e+00 (1.27748e+00), Accept ratio: 0.47015, 
INFO:root:Epoch  4234, Energy: -1.08963e+02 (-1.08944e+02), Variance: 1.50126e+00 (2.27076e+00), Accept ratio: 0.47418, 
INFO:root:Epoch  4235, Energy: -1.08967e+02 (-1.08932e+02), Variance: 1.58667e+00 (2.71906e+00), Accept ratio: 0.46810, 
INFO:root:Epoch  4236, Energy: -1.09040e+02 (-1.09019e+02), Variance: 1.57294e+00 (2.37075e+00), Accept ratio: 0.47150, 
INFO:root:Epoch  4237, Energy: -1.09049e+02 (-1.09053e+02), Variance: 1.49629e+00 (1.80418e+00), Accept ratio: 0.46981, 
INFO:root:Epoch  4238, Energy: -1.09031e+02 (-1.09031e+02), Variance: 1.53698e+00 (1.81676e+00), Accept ratio: 0.46481, 
INFO:root:Epoch  4239, Energy: -1.09065e+02 (-1.09040e+02), Variance: 1.69094e+00 (3.73361e+00), Accept ratio: 0.47144, 
INFO:root:Epoch  4240, Energy: -1.09051e+02 (-1.09036e+02), Variance: 1.57028e+00 (2.98419e+00), Accept ratio: 0.46790, 
INFO:root:Epoch  4241, Energy: -1.09026e+02 (-1.09037e+02), Variance: 1.74968e+00 (2.30736e+00), Accept ratio: 0.46784, 
INFO:root:Epoch  4242, Energy: -1.09002e+02 (-1.09012e+02), Variance: 2.00459e+00 (2.64312e+00), Accept ratio: 0.47222, 
INFO:root:Epoch  4243, Energy: -1.08996e+02 (-1.09030e+02), Variance: 2.13620e+00 (5.24721e+00), Accept ratio: 0.47399, 
INFO:root:Epoch  4244, Energy: -1.09082e+02 (-1.09092e+02), Variance: 2.05015e+00 (2.54179e+00), Accept ratio: 0.47292, 
INFO:root:Epoch  4245, Energy: -1.09041e+02 (-1.09115e+02), Variance: 1.97213e+00 (5.65922e+00), Accept ratio: 0.47592, 
INFO:root:Epoch  4246, Energy: -1.09016e+02 (-1.09022e+02), Variance: 2.38089e+00 (2.58386e+00), Accept ratio: 0.47053, 
INFO:root:Epoch  4247, Energy: -1.09045e+02 (-1.09030e+02), Variance: 2.36231e+00 (2.84172e+00), Accept ratio: 0.46795, 
INFO:root:Epoch  4248, Energy: -1.09023e+02 (-1.09042e+02), Variance: 2.64332e+00 (3.19313e+00), Accept ratio: 0.47215, 
INFO:root:Epoch  4249, Energy: -1.09020e+02 (-1.09011e+02), Variance: 2.83902e+00 (3.24314e+00), Accept ratio: 0.47473, 
INFO:root:Epoch  4250, Energy: -1.09035e+02 (-1.09044e+02), Variance: 3.25385e+00 (4.37067e+00), Accept ratio: 0.46386, 
INFO:root:Epoch  4251, Energy: -1.08950e+02 (-1.08934e+02), Variance: 3.86435e+00 (5.02655e+00), Accept ratio: 0.47456, 
INFO:root:Epoch  4252, Energy: -1.08991e+02 (-1.08985e+02), Variance: 4.25124e+00 (4.72785e+00), Accept ratio: 0.47107, 
INFO:root:Epoch  4253, Energy: -1.09048e+02 (-1.09029e+02), Variance: 4.39508e+00 (6.42870e+00), Accept ratio: 0.46591, 
INFO:root:Epoch  4254, Energy: -1.09012e+02 (-1.09355e+02), Variance: 5.46804e+00 (1.54783e+02), Accept ratio: 0.46746, 
INFO:root:Epoch  4255, Energy: -1.09147e+02 (-1.09120e+02), Variance: 5.76808e+00 (8.57604e+00), Accept ratio: 0.46773, 
INFO:root:Epoch  4256, Energy: -1.09111e+02 (-1.09087e+02), Variance: 6.76747e+00 (1.01652e+01), Accept ratio: 0.46256, 
INFO:root:Epoch  4257, Energy: -1.09231e+02 (-1.09236e+02), Variance: 9.43631e+00 (1.12515e+01), Accept ratio: 0.46117, 
INFO:root:Epoch  4258, Energy: -1.09341e+02 (-1.09250e+02), Variance: 1.30943e+01 (2.16850e+01), Accept ratio: 0.46475, 
INFO:root:Epoch  4259, Energy: -1.09652e+02 (-1.09658e+02), Variance: 1.96662e+01 (2.11342e+01), Accept ratio: 0.46172, 
INFO:root:Epoch  4260, Energy: -1.10488e+02 (-1.10339e+02), Variance: 4.14693e+01 (5.64225e+01), Accept ratio: 0.46615, 
INFO:root:Epoch  4261, Energy: -1.13322e+02 (-1.12906e+02), Variance: 2.47705e+02 (4.33974e+02), Accept ratio: 0.44892, 
INFO:root:Epoch  4262, Energy: -1.06756e+02 (-1.07149e+02), Variance: 5.64994e+02 (7.20381e+02), Accept ratio: 0.53270, 
INFO:root:Epoch  4263, Energy: -9.59024e+01 (-9.70128e+01), Variance: 7.02119e+02 (1.39648e+03), Accept ratio: 0.52662, 
INFO:root:Epoch  4264, Energy: -9.92603e+01 (-9.96305e+01), Variance: 3.04385e+02 (3.98449e+02), Accept ratio: 0.51856, 
INFO:root:Epoch  4265, Energy: -1.00025e+02 (-1.00674e+02), Variance: 3.70748e+02 (6.59945e+02), Accept ratio: 0.52992, 
INFO:root:Epoch  4266, Energy: -9.94818e+01 (-9.99415e+01), Variance: 3.21560e+02 (4.15800e+02), Accept ratio: 0.53420, 
INFO:root:Epoch  4267, Energy: -9.88519e+01 (-9.90206e+01), Variance: 2.54734e+02 (3.03983e+02), Accept ratio: 0.53156, 
INFO:root:Epoch  4268, Energy: -9.93941e+01 (-9.97829e+01), Variance: 2.92702e+02 (3.64294e+02), Accept ratio: 0.53935, 
INFO:root:Epoch  4269, Energy: -9.91859e+01 (-9.94402e+01), Variance: 2.54212e+02 (3.14024e+02), Accept ratio: 0.53447, 
INFO:root:Epoch  4270, Energy: -9.93979e+01 (-1.00106e+02), Variance: 2.21617e+02 (5.37216e+02), Accept ratio: 0.53395, 
INFO:root:Epoch  4271, Energy: -9.95385e+01 (-9.96315e+01), Variance: 2.46380e+02 (2.91704e+02), Accept ratio: 0.52761, 
INFO:root:Epoch  4272, Energy: -1.00117e+02 (-1.00277e+02), Variance: 2.38229e+02 (2.63266e+02), Accept ratio: 0.53582, 
INFO:root:Epoch  4273, Energy: -1.00063e+02 (-1.00419e+02), Variance: 2.04668e+02 (2.92675e+02), Accept ratio: 0.52640, 
INFO:root:Epoch  4274, Energy: -1.00205e+02 (-1.00566e+02), Variance: 2.03232e+02 (2.64493e+02), Accept ratio: 0.53259, 
INFO:root:Epoch  4275, Energy: -1.00122e+02 (-1.00272e+02), Variance: 1.79063e+02 (2.66345e+02), Accept ratio: 0.53488, 
INFO:root:Epoch  4276, Energy: -1.00991e+02 (-1.01197e+02), Variance: 1.94204e+02 (2.55682e+02), Accept ratio: 0.52661, 
INFO:root:Epoch  4277, Energy: -1.00619e+02 (-1.00760e+02), Variance: 1.99492e+02 (2.24716e+02), Accept ratio: 0.51664, 
INFO:root:Epoch  4278, Energy: -1.01818e+02 (-1.02095e+02), Variance: 1.92770e+02 (2.34095e+02), Accept ratio: 0.52832, 
INFO:root:Epoch  4279, Energy: -1.01838e+02 (-1.01955e+02), Variance: 1.77182e+02 (2.04574e+02), Accept ratio: 0.52435, 
INFO:root:Epoch  4280, Energy: -1.01421e+02 (-1.01479e+02), Variance: 1.71044e+02 (1.87447e+02), Accept ratio: 0.52316, 
INFO:root:Epoch  4281, Energy: -1.01940e+02 (-1.02023e+02), Variance: 1.68961e+02 (1.95440e+02), Accept ratio: 0.52379, 
INFO:root:Epoch  4282, Energy: -1.02505e+02 (-1.03052e+02), Variance: 1.87575e+02 (2.97944e+02), Accept ratio: 0.52227, 
INFO:root:Epoch  4283, Energy: -1.02200e+02 (-1.02463e+02), Variance: 1.60688e+02 (2.13053e+02), Accept ratio: 0.51220, 
INFO:root:Epoch  4284, Energy: -1.02275e+02 (-1.02530e+02), Variance: 1.47389e+02 (1.90236e+02), Accept ratio: 0.51716, 
INFO:root:Epoch  4285, Energy: -1.02157e+02 (-1.02350e+02), Variance: 1.30600e+02 (1.59234e+02), Accept ratio: 0.51491, 
INFO:root:Epoch  4286, Energy: -1.02191e+02 (-1.02296e+02), Variance: 1.35158e+02 (1.59906e+02), Accept ratio: 0.51635, 
INFO:root:Epoch  4287, Energy: -1.02961e+02 (-1.03230e+02), Variance: 1.44081e+02 (1.99631e+02), Accept ratio: 0.51650, 
INFO:root:Epoch  4288, Energy: -1.03245e+02 (-1.03388e+02), Variance: 1.29679e+02 (1.52975e+02), Accept ratio: 0.50332, 
INFO:root:Epoch  4289, Energy: -1.02750e+02 (-1.02927e+02), Variance: 1.15451e+02 (1.37826e+02), Accept ratio: 0.50200, 
INFO:root:Epoch  4290, Energy: -1.03009e+02 (-1.03461e+02), Variance: 1.14955e+02 (2.13172e+02), Accept ratio: 0.50515, 
INFO:root:Epoch  4291, Energy: -1.04324e+02 (-1.04661e+02), Variance: 1.36119e+02 (2.34087e+02), Accept ratio: 0.50727, 
INFO:root:Epoch  4292, Energy: -1.03459e+02 (-1.03680e+02), Variance: 1.12798e+02 (1.94853e+02), Accept ratio: 0.50298, 
INFO:root:Epoch  4293, Energy: -1.04403e+02 (-1.04664e+02), Variance: 1.18424e+02 (1.55831e+02), Accept ratio: 0.50542, 
INFO:root:Epoch  4294, Energy: -1.04127e+02 (-1.04408e+02), Variance: 1.03267e+02 (1.42399e+02), Accept ratio: 0.49222, 
INFO:root:Epoch  4295, Energy: -1.03824e+02 (-1.04095e+02), Variance: 9.45788e+01 (1.43845e+02), Accept ratio: 0.49549, 
INFO:root:Epoch  4296, Energy: -1.04409e+02 (-1.04536e+02), Variance: 1.09290e+02 (1.42760e+02), Accept ratio: 0.49815, 
INFO:root:Epoch  4297, Energy: -1.04195e+02 (-1.04248e+02), Variance: 8.02221e+01 (9.06218e+01), Accept ratio: 0.49138, 
INFO:root:Epoch  4298, Energy: -1.04963e+02 (-1.05202e+02), Variance: 9.35815e+01 (1.23232e+02), Accept ratio: 0.50256, 
INFO:root:Epoch  4299, Energy: -1.04949e+02 (-1.05181e+02), Variance: 9.06160e+01 (1.23333e+02), Accept ratio: 0.49289, 
INFO:root:Epoch  4300, Energy: -1.04391e+02 (-1.04521e+02), Variance: 8.73244e+01 (1.04069e+02), Accept ratio: 0.49497, , best weights saved
INFO:root:Epoch  4301, Energy: -1.04404e+02 (-1.04431e+02), Variance: 8.07339e+01 (1.40731e+02), Accept ratio: 0.49135, 
INFO:root:Epoch  4302, Energy: -1.04232e+02 (-1.04272e+02), Variance: 7.03222e+01 (8.49935e+01), Accept ratio: 0.49483, 
INFO:root:Epoch  4303, Energy: -1.04222e+02 (-1.04183e+02), Variance: 7.43885e+01 (9.87526e+01), Accept ratio: 0.48923, 
INFO:root:Epoch  4304, Energy: -1.04443e+02 (-1.04535e+02), Variance: 8.13577e+01 (9.81353e+01), Accept ratio: 0.48609, 
INFO:root:Epoch  4305, Energy: -1.04468e+02 (-1.04536e+02), Variance: 6.23353e+01 (6.91606e+01), Accept ratio: 0.49513, 
INFO:root:Epoch  4306, Energy: -1.04601e+02 (-1.04498e+02), Variance: 7.10427e+01 (1.07121e+02), Accept ratio: 0.48957, 
INFO:root:Epoch  4307, Energy: -1.04851e+02 (-1.05105e+02), Variance: 6.29650e+01 (1.18081e+02), Accept ratio: 0.48453, 
INFO:root:Epoch  4308, Energy: -1.05254e+02 (-1.05270e+02), Variance: 6.82289e+01 (1.01944e+02), Accept ratio: 0.48712, 
INFO:root:Epoch  4309, Energy: -1.04901e+02 (-1.04913e+02), Variance: 6.64126e+01 (7.81858e+01), Accept ratio: 0.48524, 
INFO:root:Epoch  4310, Energy: -1.04753e+02 (-1.04875e+02), Variance: 5.54315e+01 (7.51223e+01), Accept ratio: 0.48492, 
INFO:root:Epoch  4311, Energy: -1.04729e+02 (-1.04689e+02), Variance: 6.14133e+01 (7.35209e+01), Accept ratio: 0.48876, 
INFO:root:Epoch  4312, Energy: -1.04536e+02 (-1.04510e+02), Variance: 5.10869e+01 (6.09029e+01), Accept ratio: 0.47736, 
INFO:root:Epoch  4313, Energy: -1.04514e+02 (-1.04651e+02), Variance: 5.47621e+01 (1.50399e+02), Accept ratio: 0.47536, 
INFO:root:Epoch  4314, Energy: -1.04526e+02 (-1.04487e+02), Variance: 5.40969e+01 (9.16934e+01), Accept ratio: 0.48377, 
INFO:root:Epoch  4315, Energy: -1.04854e+02 (-1.04967e+02), Variance: 6.17341e+01 (1.38593e+02), Accept ratio: 0.48328, 
INFO:root:Epoch  4316, Energy: -1.04351e+02 (-1.04351e+02), Variance: 5.58956e+01 (7.07637e+01), Accept ratio: 0.48568, 
INFO:root:Epoch  4317, Energy: -1.04739e+02 (-1.04768e+02), Variance: 5.89737e+01 (7.91707e+01), Accept ratio: 0.47503, 
INFO:root:Epoch  4318, Energy: -1.04847e+02 (-1.04856e+02), Variance: 5.45983e+01 (6.53526e+01), Accept ratio: 0.47524, 
INFO:root:Epoch  4319, Energy: -1.04764e+02 (-1.04744e+02), Variance: 6.06616e+01 (9.68367e+01), Accept ratio: 0.47842, 
INFO:root:Epoch  4320, Energy: -1.05002e+02 (-1.04889e+02), Variance: 6.22698e+01 (1.13763e+02), Accept ratio: 0.47315, 
INFO:root:Epoch  4321, Energy: -1.04538e+02 (-1.04357e+02), Variance: 4.98252e+01 (7.98350e+01), Accept ratio: 0.47848, 
INFO:root:Epoch  4322, Energy: -1.04587e+02 (-1.04353e+02), Variance: 5.01409e+01 (1.48696e+02), Accept ratio: 0.47870, 
INFO:root:Epoch  4323, Energy: -1.05140e+02 (-1.05134e+02), Variance: 4.80107e+01 (5.27939e+01), Accept ratio: 0.47231, 
INFO:root:Epoch  4324, Energy: -1.05283e+02 (-1.05295e+02), Variance: 4.37979e+01 (5.30566e+01), Accept ratio: 0.48498, 
INFO:root:Epoch  4325, Energy: -1.05026e+02 (-1.04836e+02), Variance: 4.63198e+01 (6.76070e+01), Accept ratio: 0.47932, 
INFO:root:Epoch  4326, Energy: -1.05142e+02 (-1.04982e+02), Variance: 4.28393e+01 (6.16633e+01), Accept ratio: 0.47771, 
INFO:root:Epoch  4327, Energy: -1.04989e+02 (-1.04912e+02), Variance: 5.03641e+01 (9.58275e+01), Accept ratio: 0.47677, 
INFO:root:Epoch  4328, Energy: -1.04993e+02 (-1.05027e+02), Variance: 4.49871e+01 (5.60274e+01), Accept ratio: 0.47946, 
INFO:root:Epoch  4329, Energy: -1.05173e+02 (-1.04947e+02), Variance: 5.43543e+01 (1.24691e+02), Accept ratio: 0.46786, 
INFO:root:Epoch  4330, Energy: -1.05258e+02 (-1.05287e+02), Variance: 4.50046e+01 (6.65209e+01), Accept ratio: 0.47026, 
INFO:root:Epoch  4331, Energy: -1.04981e+02 (-1.04764e+02), Variance: 4.44487e+01 (6.57361e+01), Accept ratio: 0.46988, 
INFO:root:Epoch  4332, Energy: -1.05089e+02 (-1.05174e+02), Variance: 4.34602e+01 (6.51860e+01), Accept ratio: 0.47259, 
INFO:root:Epoch  4333, Energy: -1.05142e+02 (-1.05260e+02), Variance: 5.62917e+01 (4.96388e+02), Accept ratio: 0.47054, 
INFO:root:Epoch  4334, Energy: -1.05079e+02 (-1.04319e+02), Variance: 5.03782e+01 (4.38147e+02), Accept ratio: 0.47846, 
INFO:root:Epoch  4335, Energy: -1.04890e+02 (-1.04708e+02), Variance: 4.66243e+01 (7.55695e+01), Accept ratio: 0.46829, 
INFO:root:Epoch  4336, Energy: -1.04940e+02 (-1.04846e+02), Variance: 3.98086e+01 (5.50201e+01), Accept ratio: 0.47024, 
INFO:root:Epoch  4337, Energy: -1.04967e+02 (-1.04917e+02), Variance: 4.18042e+01 (7.17163e+01), Accept ratio: 0.47040, 
INFO:root:Epoch  4338, Energy: -1.05503e+02 (-1.05474e+02), Variance: 3.68895e+01 (4.87639e+01), Accept ratio: 0.47580, 
INFO:root:Epoch  4339, Energy: -1.05105e+02 (-1.05019e+02), Variance: 4.23802e+01 (7.29986e+01), Accept ratio: 0.47331, 
INFO:root:Epoch  4340, Energy: -1.04972e+02 (-1.04892e+02), Variance: 4.01760e+01 (8.59936e+01), Accept ratio: 0.47476, 
INFO:root:Epoch  4341, Energy: -1.05120e+02 (-1.04924e+02), Variance: 4.02687e+01 (8.81755e+01), Accept ratio: 0.47550, 
INFO:root:Epoch  4342, Energy: -1.05000e+02 (-1.04856e+02), Variance: 4.18349e+01 (6.93292e+01), Accept ratio: 0.47481, 
INFO:root:Epoch  4343, Energy: -1.04884e+02 (-1.04351e+02), Variance: 4.65824e+01 (3.24951e+02), Accept ratio: 0.46984, 
INFO:root:Epoch  4344, Energy: -1.05059e+02 (-1.04882e+02), Variance: 4.07602e+01 (9.02084e+01), Accept ratio: 0.47565, 
INFO:root:Epoch  4345, Energy: -1.04887e+02 (-1.04391e+02), Variance: 4.58599e+01 (3.35361e+02), Accept ratio: 0.47154, 
INFO:root:Epoch  4346, Energy: -1.04724e+02 (-1.03602e+02), Variance: 5.77585e+01 (7.31936e+02), Accept ratio: 0.47863, 
INFO:root:Epoch  4347, Energy: -1.04851e+02 (-1.04669e+02), Variance: 4.73352e+01 (2.28595e+02), Accept ratio: 0.46769, 
INFO:root:Epoch  4348, Energy: -1.04744e+02 (-1.04037e+02), Variance: 4.77633e+01 (1.99133e+02), Accept ratio: 0.46301, 
INFO:root:Epoch  4349, Energy: -1.04904e+02 (-1.04809e+02), Variance: 4.58885e+01 (3.42755e+02), Accept ratio: 0.46894, 
INFO:root:Epoch  4350, Energy: -1.05021e+02 (-1.04614e+02), Variance: 4.39584e+01 (1.28464e+02), Accept ratio: 0.47573, 
INFO:root:Epoch  4351, Energy: -1.04612e+02 (-1.03791e+02), Variance: 5.60754e+01 (3.34798e+02), Accept ratio: 0.46673, 
INFO:root:Epoch  4352, Energy: -1.04840e+02 (-1.03759e+02), Variance: 5.19371e+01 (1.11008e+03), Accept ratio: 0.46794, 
INFO:root:Epoch  4353, Energy: -1.05026e+02 (-1.04681e+02), Variance: 4.37241e+01 (1.33684e+02), Accept ratio: 0.46289, 
INFO:root:Epoch  4354, Energy: -1.04889e+02 (-1.04694e+02), Variance: 4.10760e+01 (1.34503e+02), Accept ratio: 0.46706, 
INFO:root:Epoch  4355, Energy: -1.05119e+02 (-1.05138e+02), Variance: 4.81098e+01 (1.76779e+02), Accept ratio: 0.47089, 
INFO:root:Epoch  4356, Energy: -1.05442e+02 (-1.05059e+02), Variance: 4.64164e+01 (1.31798e+02), Accept ratio: 0.47051, 
INFO:root:Epoch  4357, Energy: -1.05009e+02 (-1.04625e+02), Variance: 4.72131e+01 (1.48451e+02), Accept ratio: 0.46489, 
INFO:root:Epoch  4358, Energy: -1.04816e+02 (-1.05267e+02), Variance: 4.58710e+01 (4.73896e+02), Accept ratio: 0.47269, 
INFO:root:Epoch  4359, Energy: -1.05212e+02 (-1.05576e+02), Variance: 5.85686e+01 (5.63556e+02), Accept ratio: 0.46466, 
INFO:root:Epoch  4360, Energy: -1.05127e+02 (-1.04286e+02), Variance: 5.46946e+01 (4.30013e+02), Accept ratio: 0.47163, 
INFO:root:Epoch  4361, Energy: -1.04856e+02 (-1.03788e+02), Variance: 6.70369e+01 (7.13798e+02), Accept ratio: 0.46010, 
INFO:root:Epoch  4362, Energy: -1.04572e+02 (-1.02526e+02), Variance: 1.08350e+02 (2.00501e+03), Accept ratio: 0.46605, 
INFO:root:Epoch  4363, Energy: -1.03323e+02 (-1.02186e+02), Variance: 2.51413e+02 (1.04800e+03), Accept ratio: 0.47016, 
INFO:root:Epoch  4364, Energy: -8.29481e+01 (-8.10108e+01), Variance: 2.92585e+03 (7.30795e+03), Accept ratio: 0.45365, 
INFO:root:Epoch  4365, Energy: -1.01085e+02 (-1.00812e+02), Variance: 2.97052e+02 (3.84180e+02), Accept ratio: 0.47294, 
INFO:root:Epoch  4366, Energy: -1.00300e+02 (-9.88404e+01), Variance: 4.36787e+02 (2.87328e+03), Accept ratio: 0.47665, 
INFO:root:Epoch  4367, Energy: -9.62124e+01 (-9.47859e+01), Variance: 7.32369e+02 (1.99825e+03), Accept ratio: 0.46717, 
INFO:root:Epoch  4368, Energy: -9.29342e+01 (-9.20953e+01), Variance: 1.27336e+03 (2.07623e+03), Accept ratio: 0.45667, 
INFO:root:Epoch  4369, Energy: -9.63677e+01 (-9.59394e+01), Variance: 6.61206e+02 (8.59169e+02), Accept ratio: 0.47351, 
INFO:root:Epoch  4370, Energy: -9.00303e+01 (-8.93240e+01), Variance: 1.24893e+03 (2.66745e+03), Accept ratio: 0.46938, 
INFO:root:Epoch  4371, Energy: -4.83171e+01 (-4.86717e+01), Variance: 2.72598e+04 (5.53050e+04), Accept ratio: 0.45124, 
INFO:root:Epoch  4372, Energy: -6.94958e+01 (-6.25955e+01), Variance: 1.34749e+04 (2.80089e+04), Accept ratio: 0.46763, 
INFO:root:Epoch  4373, Energy: -9.88807e+01 (-9.77984e+01), Variance: 4.07095e+02 (8.92690e+02), Accept ratio: 0.48258, 
INFO:root:Epoch  4374, Energy: -1.00624e+02 (-1.00925e+02), Variance: 2.57480e+02 (4.01930e+02), Accept ratio: 0.48402, 
INFO:root:Epoch  4375, Energy: -1.00066e+02 (-9.99473e+01), Variance: 2.47721e+02 (4.69756e+02), Accept ratio: 0.48310, 
INFO:root:Epoch  4376, Energy: -9.91166e+01 (-9.89524e+01), Variance: 2.76245e+02 (4.55648e+02), Accept ratio: 0.48704, 
INFO:root:Epoch  4377, Energy: -9.89781e+01 (-9.76529e+01), Variance: 2.83013e+02 (8.81589e+02), Accept ratio: 0.48801, 
INFO:root:Epoch  4378, Energy: -9.97389e+01 (-1.02378e+02), Variance: 2.90209e+02 (1.53131e+04), Accept ratio: 0.48383, 
INFO:root:Epoch  4379, Energy: -9.94789e+01 (-9.70156e+01), Variance: 2.87065e+02 (2.76739e+03), Accept ratio: 0.48441, 
INFO:root:Epoch  4380, Energy: -9.89720e+01 (-9.62465e+01), Variance: 3.84452e+02 (3.32016e+03), Accept ratio: 0.48838, 
INFO:root:Epoch  4381, Energy: -9.89113e+01 (-1.07282e+02), Variance: 5.45168e+02 (8.30441e+04), Accept ratio: 0.47742, 
INFO:root:Epoch  4382, Energy: -9.96851e+01 (-9.77322e+01), Variance: 4.06139e+02 (4.98049e+03), Accept ratio: 0.46641, 
INFO:root:Epoch  4383, Energy: -9.78294e+01 (-9.03638e+01), Variance: 7.19044e+02 (3.45920e+04), Accept ratio: 0.47594, 
INFO:root:Epoch  4384, Energy: -9.72124e+01 (-8.79117e+01), Variance: 1.06716e+03 (4.78024e+04), Accept ratio: 0.46833, 
INFO:root:Epoch  4385, Energy: -9.59760e+01 (-9.38662e+01), Variance: 1.09661e+03 (2.83480e+04), Accept ratio: 0.47254, 
INFO:root:Epoch  4386, Energy: -9.12447e+01 (-7.00338e+01), Variance: 3.24232e+03 (1.41628e+05), Accept ratio: 0.46585, 
INFO:root:Epoch  4387, Energy: -9.11442e+01 (-8.11033e+01), Variance: 2.16945e+03 (1.68871e+04), Accept ratio: 0.47023, 
INFO:root:Epoch  4388, Energy: -9.33477e+01 (-9.49517e+01), Variance: 2.17582e+03 (1.07382e+05), Accept ratio: 0.47427, 
INFO:root:Epoch  4389, Energy: -9.54905e+01 (-8.87663e+01), Variance: 1.56369e+03 (2.38899e+04), Accept ratio: 0.46695, 
INFO:root:Epoch  4390, Energy: -9.29013e+01 (-9.07512e+01), Variance: 1.56300e+03 (1.42852e+04), Accept ratio: 0.47509, 
INFO:root:Epoch  4391, Energy: -8.92885e+01 (-7.43157e+01), Variance: 2.98919e+03 (5.77801e+04), Accept ratio: 0.46825, 
INFO:root:Epoch  4392, Energy: -8.95426e+01 (-7.28668e+01), Variance: 4.64442e+03 (5.99205e+05), Accept ratio: 0.47014, 
INFO:root:Epoch  4393, Energy: -8.56643e+01 (-8.48925e+01), Variance: 3.45708e+03 (1.69951e+04), Accept ratio: 0.46957, 
INFO:root:Epoch  4394, Energy: -8.45994e+01 (-7.96180e+01), Variance: 2.85857e+03 (1.35611e+04), Accept ratio: 0.46356, 
INFO:root:Epoch  4395, Energy: -9.30108e+01 (-8.91251e+01), Variance: 1.05420e+03 (7.70938e+03), Accept ratio: 0.48261, 
INFO:root:Epoch  4396, Energy: -8.97557e+01 (-8.06927e+01), Variance: 2.59464e+03 (2.02226e+04), Accept ratio: 0.46946, 
INFO:root:Epoch  4397, Energy: -7.08127e+01 (-6.59642e+01), Variance: 7.27887e+03 (1.47240e+04), Accept ratio: 0.45520, 
INFO:root:Epoch  4398, Energy: -9.91789e+01 (-9.77070e+01), Variance: 4.19304e+02 (3.31099e+03), Accept ratio: 0.47712, 
INFO:root:Epoch  4399, Energy: -9.99900e+01 (-1.01225e+02), Variance: 2.93510e+02 (1.48974e+04), Accept ratio: 0.48135, 
INFO:root:Epoch  4400, Energy: -9.94272e+01 (-9.76798e+01), Variance: 2.58602e+02 (5.06911e+03), Accept ratio: 0.47718, 
INFO:root:Epoch  4401, Energy: -1.01552e+02 (-1.06036e+02), Variance: 2.46242e+02 (1.23956e+04), Accept ratio: 0.48016, 
INFO:root:Epoch  4402, Energy: -1.00129e+02 (-9.71092e+01), Variance: 2.53449e+02 (1.49871e+04), Accept ratio: 0.47932, 
INFO:root:Epoch  4403, Energy: -1.00334e+02 (-9.94770e+01), Variance: 1.72943e+02 (9.65503e+02), Accept ratio: 0.47137, 
INFO:root:Epoch  4404, Energy: -9.87279e+01 (-9.25664e+01), Variance: 3.19648e+02 (2.29029e+04), Accept ratio: 0.47035, 
INFO:root:Epoch  4405, Energy: -9.97620e+01 (-9.41489e+01), Variance: 2.86612e+02 (2.49494e+04), Accept ratio: 0.47156, 
INFO:root:Epoch  4406, Energy: -9.86616e+01 (-8.92163e+01), Variance: 4.11916e+02 (4.61792e+04), Accept ratio: 0.47914, 
INFO:root:Epoch  4407, Energy: -1.00433e+02 (-9.48827e+01), Variance: 3.63156e+02 (2.17497e+04), Accept ratio: 0.46456, 
INFO:root:Epoch  4408, Energy: -9.92809e+01 (-9.90532e+01), Variance: 3.00870e+02 (3.64897e+03), Accept ratio: 0.47885, 
INFO:root:Epoch  4409, Energy: -9.85777e+01 (-9.09241e+01), Variance: 4.82375e+02 (3.99754e+04), Accept ratio: 0.47766, 
INFO:root:Epoch  4410, Energy: -1.00055e+02 (-1.00478e+02), Variance: 3.72165e+02 (4.68493e+03), Accept ratio: 0.47464, 
INFO:root:Epoch  4411, Energy: -9.90901e+01 (-9.37764e+01), Variance: 4.55447e+02 (1.37444e+04), Accept ratio: 0.47069, 
INFO:root:Epoch  4412, Energy: -9.73237e+01 (-9.43001e+01), Variance: 5.04801e+02 (3.15446e+03), Accept ratio: 0.46619, 
INFO:root:Epoch  4413, Energy: -9.47975e+01 (-9.18279e+01), Variance: 8.80671e+02 (5.33761e+03), Accept ratio: 0.47492, 
INFO:root:Epoch  4414, Energy: -9.62877e+01 (-9.29331e+01), Variance: 6.74631e+02 (1.29326e+04), Accept ratio: 0.46986, 
INFO:root:Epoch  4415, Energy: -9.55649e+01 (-9.04146e+01), Variance: 7.27624e+02 (6.69536e+03), Accept ratio: 0.46818, 
INFO:root:Epoch  4416, Energy: -9.37887e+01 (-8.37419e+01), Variance: 1.17965e+03 (6.76801e+04), Accept ratio: 0.47015, 
INFO:root:Epoch  4417, Energy: -9.59116e+01 (-8.92158e+01), Variance: 6.68410e+02 (2.26477e+04), Accept ratio: 0.47624, 
INFO:root:Epoch  4418, Energy: -9.67860e+01 (-7.94755e+01), Variance: 1.18806e+03 (6.91343e+04), Accept ratio: 0.47547, 
INFO:root:Epoch  4419, Energy: -9.48233e+01 (-8.76956e+01), Variance: 1.27331e+03 (1.53694e+04), Accept ratio: 0.47184, 
INFO:root:Epoch  4420, Energy: -8.87207e+01 (-7.71256e+01), Variance: 3.22777e+03 (1.15792e+05), Accept ratio: 0.46584, 
INFO:root:Epoch  4421, Energy: -9.08502e+01 (-8.19106e+01), Variance: 2.36329e+03 (6.45801e+04), Accept ratio: 0.46240, 
INFO:root:Epoch  4422, Energy: -9.28557e+01 (-9.03865e+01), Variance: 1.65088e+03 (2.07628e+04), Accept ratio: 0.47383, 
INFO:root:Epoch  4423, Energy: -8.04060e+01 (-7.77052e+01), Variance: 6.22609e+03 (3.36459e+04), Accept ratio: 0.46627, 
INFO:root:Epoch  4424, Energy: -6.52710e+01 (-6.52189e+01), Variance: 2.00293e+04 (1.43871e+05), Accept ratio: 0.45586, 
INFO:root:Epoch  4425, Energy: -3.28045e+01 (-5.05969e+00), Variance: 6.38244e+04 (2.58532e+05), Accept ratio: 0.44740, 
INFO:root:Epoch  4426, Energy: -8.65732e+01 (-7.01741e+01), Variance: 3.58313e+03 (9.29574e+04), Accept ratio: 0.47396, 
INFO:root:Epoch  4427, Energy: -8.95926e+01 (-8.30468e+01), Variance: 1.96884e+03 (1.34604e+04), Accept ratio: 0.47217, 
INFO:root:Epoch  4428, Energy: -8.96039e+01 (-8.05346e+01), Variance: 2.67456e+03 (5.81516e+04), Accept ratio: 0.46140, 
INFO:root:Epoch  4429, Energy: -8.87620e+01 (-8.44804e+01), Variance: 2.26761e+03 (1.86168e+04), Accept ratio: 0.45985, 
INFO:root:Epoch  4430, Energy: -8.76264e+01 (-8.44123e+01), Variance: 2.24381e+03 (1.32404e+04), Accept ratio: 0.46288, 
INFO:root:Epoch  4431, Energy: -8.84672e+01 (-8.52281e+01), Variance: 2.17262e+03 (3.85603e+04), Accept ratio: 0.46669, 
INFO:root:Epoch  4432, Energy: -8.75416e+01 (-8.38485e+01), Variance: 2.41401e+03 (1.14928e+04), Accept ratio: 0.46608, 
INFO:root:Epoch  4433, Energy: -8.82185e+01 (-8.01707e+01), Variance: 2.32890e+03 (6.01995e+04), Accept ratio: 0.45793, 
INFO:root:Epoch  4434, Energy: -8.56377e+01 (-8.60239e+01), Variance: 3.73596e+03 (1.29312e+05), Accept ratio: 0.46038, 
INFO:root:Epoch  4435, Energy: -8.16902e+01 (-6.85201e+01), Variance: 6.72060e+03 (4.04739e+05), Accept ratio: 0.45526, 
INFO:root:Epoch  4436, Energy: -8.88705e+01 (-8.22913e+01), Variance: 3.04888e+03 (3.36165e+04), Accept ratio: 0.45334, 
INFO:root:Epoch  4437, Energy: -7.92855e+01 (-2.26948e+01), Variance: 1.43972e+04 (1.90548e+06), Accept ratio: 0.44740, 
INFO:root:Epoch  4438, Energy: -8.82172e+01 (-8.08939e+01), Variance: 3.30506e+03 (2.26484e+04), Accept ratio: 0.44887, 
INFO:root:Epoch  4439, Energy: -8.49200e+01 (-8.57277e+01), Variance: 3.74069e+03 (6.62230e+04), Accept ratio: 0.45267, 
INFO:root:Epoch  4440, Energy: -8.47957e+01 (-8.47583e+01), Variance: 4.10209e+03 (5.61218e+04), Accept ratio: 0.45382, 
INFO:root:Epoch  4441, Energy: -8.25232e+01 (-7.63475e+01), Variance: 4.36394e+03 (3.51856e+04), Accept ratio: 0.44410, 
INFO:root:Epoch  4442, Energy: -8.29734e+01 (-8.14030e+01), Variance: 4.54100e+03 (7.67555e+04), Accept ratio: 0.45883, 
INFO:root:Epoch  4443, Energy: -7.47092e+01 (-3.88660e+01), Variance: 1.07474e+04 (8.78943e+05), Accept ratio: 0.45689, 
INFO:root:Epoch  4444, Energy: -8.20184e+01 (-5.71120e+01), Variance: 1.02035e+04 (3.12759e+05), Accept ratio: 0.45648, 
INFO:root:Epoch  4445, Energy: -7.69333e+01 (-5.39408e+01), Variance: 9.11367e+03 (2.19332e+05), Accept ratio: 0.45280, 
INFO:root:Epoch  4446, Energy: -8.31025e+01 (-6.51259e+01), Variance: 5.81273e+03 (9.24680e+04), Accept ratio: 0.45123, 
INFO:root:Epoch  4447, Energy: -8.26696e+01 (-1.62978e+02), Variance: 1.64027e+04 (7.61586e+06), Accept ratio: 0.45506, 
INFO:root:Epoch  4448, Energy: -7.80748e+01 (-5.38805e+01), Variance: 1.43559e+04 (2.73676e+06), Accept ratio: 0.45236, 
INFO:root:Epoch  4449, Energy: -8.32320e+01 (-7.81099e+01), Variance: 5.16718e+03 (2.80128e+04), Accept ratio: 0.45459, 
INFO:root:Epoch  4450, Energy: -8.18714e+01 (-6.39421e+01), Variance: 8.10602e+03 (3.72273e+05), Accept ratio: 0.44347, 
INFO:root:Epoch  4451, Energy: -7.88829e+01 (-6.43663e+01), Variance: 8.26659e+03 (1.94157e+05), Accept ratio: 0.45474, 
INFO:root:Epoch  4452, Energy: -7.46447e+01 (-6.60769e+01), Variance: 1.03130e+04 (1.44927e+05), Accept ratio: 0.45701, 
INFO:root:Epoch  4453, Energy: -6.97126e+01 (-2.25276e+01), Variance: 2.35250e+04 (4.94016e+05), Accept ratio: 0.46233, 
INFO:root:Epoch  4454, Energy: -6.39386e+01 (-9.96355e+01), Variance: 2.78031e+04 (6.13384e+06), Accept ratio: 0.46517, 
INFO:root:Epoch  4455, Energy: -6.53720e+01 (-4.18595e+00), Variance: 2.87000e+04 (2.26026e+06), Accept ratio: 0.46374, 
INFO:root:Epoch  4456, Energy: -6.47119e+01 (-6.56180e+01), Variance: 1.89473e+04 (1.16351e+05), Accept ratio: 0.46068, 
INFO:root:Epoch  4457, Energy: -6.22441e+01 (-4.61862e+01), Variance: 2.53971e+04 (2.56837e+05), Accept ratio: 0.46214, 
INFO:root:Epoch  4458, Energy: -5.60531e+01 (3.07937e+01), Variance: 9.70685e+04 (9.77119e+06), Accept ratio: 0.46626, 
INFO:root:Epoch  4459, Energy: -3.00934e+01 (2.38008e+02), Variance: 1.87310e+05 (6.96630e+07), Accept ratio: 0.45341, 
INFO:root:Epoch  4460, Energy: -3.30172e+01 (4.71379e+00), Variance: 1.04066e+05 (1.96123e+06), Accept ratio: 0.45669, 
INFO:root:Epoch  4461, Energy: -9.37238e+00 (3.91843e+01), Variance: 2.55580e+05 (6.40774e+06), Accept ratio: 0.46226, 
INFO:root:Epoch  4462, Energy: 4.85355e+00 (8.39561e+01), Variance: 5.36566e+05 (6.70973e+06), Accept ratio: 0.44562, 
INFO:root:Epoch  4463, Energy: -4.42111e-01 (3.47903e+01), Variance: 1.72948e+05 (7.63021e+05), Accept ratio: 0.45163, 
INFO:root:Epoch  4464, Energy: -2.12050e+01 (8.29388e+01), Variance: 1.73715e+05 (6.61413e+06), Accept ratio: 0.45865, 
INFO:root:Epoch  4465, Energy: -2.51741e+01 (2.09305e+01), Variance: 9.78968e+04 (2.76675e+06), Accept ratio: 0.45491, 
INFO:root:Epoch  4466, Energy: -1.89636e+01 (1.19863e+01), Variance: 1.47540e+05 (1.06918e+06), Accept ratio: 0.44512, 
INFO:root:Epoch  4467, Energy: -3.17872e+01 (-6.01233e+01), Variance: 2.21436e+05 (3.36346e+06), Accept ratio: 0.44986, 
INFO:root:Epoch  4468, Energy: 3.52999e+01 (3.78129e+01), Variance: 6.38298e+05 (1.42819e+07), Accept ratio: 0.43659, 
INFO:root:Epoch  4469, Energy: 2.43262e+02 (1.65553e+03), Variance: 4.84587e+06 (1.84663e+09), Accept ratio: 0.41970, 
INFO:root:Epoch  4470, Energy: 3.16921e+02 (9.58977e+02), Variance: 5.16524e+06 (2.00161e+08), Accept ratio: 0.42016, 
INFO:root:Epoch  4471, Energy: 7.15811e+02 (1.27094e+03), Variance: 1.58034e+07 (2.17003e+08), Accept ratio: 0.45029, 
INFO:root:Epoch  4472, Energy: 2.68201e+02 (-2.94862e+03), Variance: 4.67374e+07 (1.09096e+10), Accept ratio: 0.41451, 
INFO:root:Epoch  4473, Energy: 1.39208e+03 (7.70938e+02), Variance: 1.61814e+08 (2.31115e+09), Accept ratio: 0.37786, 
INFO:root:Epoch  4474, Energy: 4.72251e+03 (2.24712e+04), Variance: 1.53892e+09 (9.49822e+10), Accept ratio: 0.36013, 
INFO:root:Epoch  4475, Energy: 1.73342e+03 (5.07620e+04), Variance: 7.78805e+09 (2.51764e+12), Accept ratio: 0.38756, 
INFO:root:Epoch  4476, Energy: -4.15449e+04 (-3.52264e+06), Variance: 5.58249e+12 (1.25232e+16), Accept ratio: 0.36230, 
INFO:root:Epoch  4477, Energy: 1.06937e+05 (5.68459e+05), Variance: 2.15080e+12 (1.55476e+14), Accept ratio: 0.39105, 
INFO:root:Epoch  4478, Energy: nan (nan), Variance: nan (nan), Accept ratio: nan, , nans ckpt saved
INFO:root:VMC terminated due to Nans! Aborting.
[1;34mwandb[0m: 
[1;34mwandb[0m: You can sync this run to the cloud by running:
[1;34mwandb[0m: [1mwandb sync /global/scratch/users/ren27/wandb/wandb/offline-run-20260923_101614-fzs4w1ql[0m
[1;34mwandb[0m: Find logs at: [1;35m../wandb/wandb/offline-run-20260923_101614-fzs4w1ql/logs[0m
E19 done 2026-09-23T10:58:26-07:00
