jax devices: [CudaDevice(id=0)]
E10 arm=spring_mu0.9 preset=CO seed=0 eta=0.002  2026-08-12T17:31:54-07:00
wandb: WARNING Unable to verify login in offline mode.
wandb: Tracking run with wandb version 0.28.1
wandb: W&B syncing is set to `offline` in this directory. Run `wandb online` or set WANDB_MODE=online to enable cloud syncing.
wandb: Run data is saved locally in /global/scratch/users/ren27/wandb/wandb/offline-run-20260812_173219-kzkzk5a0
wandb: View this run in the terminal with `wandb leet`
INFO:root:Reload configuration: 
append: true
checkpoint_relative_file_path: best_checkpoint.npz
config_relative_file_path: config.json
logdir: NONE
new_optimizer_state: false
reburn: false
same_logdir: false
use_checkpoint_file: true
use_config_file: true

INFO:root:Running with configuration: 
base_logdir: /global/scratch/users/ren27/vmcnet_logs/phase_c/e10_hometurf
debug_nans: false
distribute: false
dtype: float32
eval:
  nan_safe: false
  nburn: 10000
  nchains: 2000
  nepochs: 20000
  nmoves_per_width_update: 100
  nsteps_per_param_update: 10
  record_amplitudes: false
  record_local_energies: true
  std_move: 0.25
  use_data_from_training: false
initial_seed: 0
logdir: /global/scratch/users/ren27/vmcnet_logs/phase_c/e10_hometurf/e10_CO_spring_mu0.9_s0
logging_level: INFO
model:
  backflow:
    activation_fn: tanh
    bias_init_1e_stream:
      type: normal
    bias_init_2e_stream:
      type: normal
    kernel_init_2e_1e_stream:
      scale: 1.0
      type: orthogonal
    kernel_init_2e_2e_stream:
      scale: 2.0
      type: orthogonal
    kernel_init_mixed:
      scale: 1.0
      type: orthogonal
    kernel_init_unmixed:
      scale: 2.0
      type: orthogonal
    ndense_list: !!python/tuple
    - &id001 !!python/tuple
      - 256
      - 16
    - *id001
    - *id001
    - !!python/tuple
      - 256
    one_electron_skip: true
    one_electron_skip_scale: 1.0
    two_electron_skip: true
    two_electron_skip_scale: 1.0
    use_bias: true
  bias_init_orbital_linear:
    type: normal
  envelope_softening: 0.0
  full_det: true
  include_cusp_jastrow: false
  input_streams:
    ee_norm_softening: 0.0
    ei_norm_softening: 0.0
    include_2e_stream: true
    include_ee_norm: true
    include_ei_norm: true
  isotropic_decay: true
  kernel_init_envelope_dim:
    type: ones
  kernel_init_envelope_ion:
    type: ones
  kernel_init_orbital_linear:
    scale: 2.0
    type: orthogonal
  ndeterminants: 16
  orbitals_use_bias: true
  type: ferminet
notes: CO at equilibrium, bond length 2.173 Bohr (SPRING and PRIME-SR papers). Closed-shell
  singlet, 14 electrons. Benchmark -113.3255 Ha (Pfau et al. Table II). Tuned molecular
  eta in both papers is 0.002, not 0.02.
problem:
  ee_softening: 0.0
  ei_softening: 0.0
  ion_charges: !!python/tuple
  - 6.0
  - 8.0
  ion_pos: !!python/tuple
  - !!python/tuple
    - 0.0
    - 0.0
    - -1.0865
  - !!python/tuple
    - 0.0
    - 0.0
    - 1.0865
  nelec: !!python/tuple
  - 7
  - 7
save_to_current_datetime_subfolder: false
subfolder_name: e10_CO_spring_mu0.9_s0
vmc:
  best_checkpoint_every: 100
  check_for_nans: true
  checkpoint_dir: checkpoints
  checkpoint_every: 10000
  checkpoint_variance_scale: 10
  clip_center: mean
  clip_threshold: 5.0
  nan_safe: true
  nburn: 5000
  nchains: 1000
  nepochs: 50000
  nhistory_max: 200
  nmoves_per_width_update: 100
  nsteps_per_param_update: 10
  optimizer:
    adam:
      b1: 0.9
      b2: 0.999
      eps: 1.0e-08
      eps_root: 0.0
      learning_decay_rate: 0.0001
      learning_rate: 0.05
      schedule_type: inverse_time
    gauss_newton:
      E: 0.0
      clip_threshold: 1000.0
      constrain_norm: true
      damping: 0.001
      learning_decay_rate: 0.0001
      learning_rate: 1.0
      norm_constraint: 0.001
      schedule_type: inverse_time
    kfac:
      curvature_ema: 0.95
      damping: 0.001
      estimation_mode: fisher_exact
      inverse_update_period: 1
      l2_reg: 0.0
      learning_decay_rate: 0.0001
      learning_rate: 0.05
      min_damping: 0.0001
      norm_constraint: 0.001
      register_only_generic: false
      schedule_type: inverse_time
    prime_sr:
      constrain_norm: true
      damping: 0.001
      learning_decay_rate: 0.0001
      learning_rate: 0.02
      mu_cap: 1.0
      norm_constraint: 0.001
      schedule_type: inverse_time
    same_sampled_spring_unified:
      adaptive_eta: false
      adaptive_probe: false
      constrain_norm: true
      damping: 0.001
      lb_window: 30
      learning_decay_rate: 0.0001
      learning_rate: 0.05
      mu: 0.0
      norm_constraint: 0.001
      probe_damping: 0.001
      probe_lr: -1.0
      schedule_type: inverse_time
    sgd:
      learning_decay_rate: 0.0001
      learning_rate: 0.05
      momentum: 0.0
      nesterov: false
      schedule_type: inverse_time
    spring:
      constrain_norm: true
      damping: 0.001
      learning_decay_rate: 0.0001
      learning_rate: 0.002
      mu: 0.9
      mu_init: 0.0
      mu_ramp_steps: 0
      mu_warmup_steps: 0
      norm_constraint: 0.001
      schedule_type: inverse_time
  optimizer_type: spring
  record_amplitudes: false
  record_param_l1_norm: false
  std_move: 0.25
wandb:
  group: e10-hometurf-CO
  mode: offline
  name: e10_CO_spring_mu0.9_s0
  project: vmcnet-phase-c

INFO:jax._src.xla_bridge:Unable to initialize backend 'rocm': module 'jaxlib.xla_extension' has no attribute 'GpuAllocatorConfig'
INFO:jax._src.xla_bridge:Unable to initialize backend 'tpu': INTERNAL: Failed to open libtpu.so: libtpu.so: cannot open shared object file: No such file or directory
E0812 17:33:25.399697 3597634 hlo_lexer.cc:443] Failed to parse int literal: 90913411200647734287
INFO:root:Saving to /global/scratch/users/ren27/vmcnet_logs/phase_c/e10_hometurf/e10_CO_spring_mu0.9_s0
INFO:root:Burning data for 5000 steps
INFO:root:Epoch     1, Energy: -3.99069e+01 (-3.99535e+01), Variance: 1.58260e+02 (1.63638e+02), Accept ratio: 0.45831, 
INFO:root:Epoch     2, Energy: -3.99130e+01 (-4.01757e+01), Variance: 1.70731e+02 (2.07752e+02), Accept ratio: 0.45898, 
INFO:root:Epoch     3, Energy: -4.00691e+01 (-4.05589e+01), Variance: 1.75858e+02 (2.83471e+02), Accept ratio: 0.45772, 
INFO:root:Epoch     4, Energy: -4.11373e+01 (-4.15062e+01), Variance: 1.94914e+02 (2.62356e+02), Accept ratio: 0.46183, 
INFO:root:Epoch     5, Energy: -4.03830e+01 (-4.06759e+01), Variance: 1.77693e+02 (2.41435e+02), Accept ratio: 0.46407, 
INFO:root:Epoch     6, Energy: -4.06155e+01 (-4.08805e+01), Variance: 1.76330e+02 (2.19758e+02), Accept ratio: 0.46166, 
INFO:root:Epoch     7, Energy: -4.11739e+01 (-4.17591e+01), Variance: 1.99472e+02 (3.40939e+02), Accept ratio: 0.45603, 
INFO:root:Epoch     8, Energy: -4.16672e+01 (-4.19658e+01), Variance: 2.01667e+02 (2.70235e+02), Accept ratio: 0.45500, 
INFO:root:Epoch     9, Energy: -4.06154e+01 (-4.10443e+01), Variance: 1.66933e+02 (2.42787e+02), Accept ratio: 0.45127, 
INFO:root:Epoch    10, Energy: -4.10814e+01 (-4.12961e+01), Variance: 1.87694e+02 (2.16205e+02), Accept ratio: 0.45914, 
INFO:root:Epoch    11, Energy: -4.09849e+01 (-4.13929e+01), Variance: 1.91849e+02 (2.62732e+02), Accept ratio: 0.45441, 
INFO:root:Epoch    12, Energy: -4.09710e+01 (-4.12066e+01), Variance: 1.77125e+02 (2.13057e+02), Accept ratio: 0.45697, 
INFO:root:Epoch    13, Energy: -4.13865e+01 (-4.15569e+01), Variance: 1.88353e+02 (2.12059e+02), Accept ratio: 0.45252, 
INFO:root:Epoch    14, Energy: -4.12362e+01 (-4.15775e+01), Variance: 1.96879e+02 (2.47511e+02), Accept ratio: 0.45673, 
INFO:root:Epoch    15, Energy: -4.17185e+01 (-4.18172e+01), Variance: 1.98884e+02 (2.14717e+02), Accept ratio: 0.46016, 
INFO:root:Epoch    16, Energy: -4.18321e+01 (-4.23597e+01), Variance: 2.10451e+02 (3.15891e+02), Accept ratio: 0.45329, 
INFO:root:Epoch    17, Energy: -4.15482e+01 (-4.17148e+01), Variance: 2.16071e+02 (2.46252e+02), Accept ratio: 0.46138, 
INFO:root:Epoch    18, Energy: -4.16503e+01 (-4.19353e+01), Variance: 1.99133e+02 (2.39641e+02), Accept ratio: 0.45411, 
INFO:root:Epoch    19, Energy: -4.13770e+01 (-4.17229e+01), Variance: 1.85709e+02 (2.35710e+02), Accept ratio: 0.44941, 
INFO:root:Epoch    20, Energy: -4.19687e+01 (-4.22887e+01), Variance: 2.21614e+02 (3.01694e+02), Accept ratio: 0.44978, 
INFO:root:Epoch    21, Energy: -4.20130e+01 (-4.24536e+01), Variance: 1.92596e+02 (2.66942e+02), Accept ratio: 0.45052, 
INFO:root:Epoch    22, Energy: -4.17767e+01 (-4.20732e+01), Variance: 1.81141e+02 (2.55232e+02), Accept ratio: 0.45160, 
INFO:root:Epoch    23, Energy: -4.24984e+01 (-4.27735e+01), Variance: 2.01421e+02 (2.38291e+02), Accept ratio: 0.45169, 
INFO:root:Epoch    24, Energy: -4.20486e+01 (-4.22256e+01), Variance: 1.84169e+02 (2.08487e+02), Accept ratio: 0.45251, 
INFO:root:Epoch    25, Energy: -4.24736e+01 (-4.26923e+01), Variance: 2.04727e+02 (2.34175e+02), Accept ratio: 0.44818, 
INFO:root:Epoch    26, Energy: -4.21963e+01 (-4.25615e+01), Variance: 1.89980e+02 (2.48604e+02), Accept ratio: 0.45259, 
INFO:root:Epoch    27, Energy: -4.25481e+01 (-4.27871e+01), Variance: 1.73855e+02 (2.16070e+02), Accept ratio: 0.44862, 
INFO:root:Epoch    28, Energy: -4.31548e+01 (-4.34843e+01), Variance: 2.18950e+02 (2.78321e+02), Accept ratio: 0.45075, 
INFO:root:Epoch    29, Energy: -4.41391e+01 (-4.46833e+01), Variance: 2.28775e+02 (3.37215e+02), Accept ratio: 0.44593, 
INFO:root:Epoch    30, Energy: -4.38315e+01 (-4.39823e+01), Variance: 1.83743e+02 (2.04443e+02), Accept ratio: 0.44753, 
INFO:root:Epoch    31, Energy: -4.40199e+01 (-4.46641e+01), Variance: 2.23469e+02 (3.64703e+02), Accept ratio: 0.48616, 
INFO:root:Epoch    32, Energy: -4.36967e+01 (-4.37882e+01), Variance: 2.18480e+02 (2.30901e+02), Accept ratio: 0.48883, 
INFO:root:Epoch    33, Energy: -4.44807e+01 (-4.49121e+01), Variance: 2.20047e+02 (2.95034e+02), Accept ratio: 0.48785, 
INFO:root:Epoch    34, Energy: -4.49995e+01 (-4.56294e+01), Variance: 2.62737e+02 (4.24843e+02), Accept ratio: 0.48327, 
INFO:root:Epoch    35, Energy: -4.44379e+01 (-4.48926e+01), Variance: 2.38450e+02 (3.27085e+02), Accept ratio: 0.48065, 
INFO:root:Epoch    36, Energy: -4.45180e+01 (-4.49851e+01), Variance: 2.30225e+02 (3.17099e+02), Accept ratio: 0.48277, 
INFO:root:Epoch    37, Energy: -4.34988e+01 (-4.40597e+01), Variance: 2.02296e+02 (4.10319e+02), Accept ratio: 0.48456, 
INFO:root:Epoch    38, Energy: -4.47056e+01 (-4.50024e+01), Variance: 2.20102e+02 (2.67101e+02), Accept ratio: 0.48375, 
INFO:root:Epoch    39, Energy: -4.46110e+01 (-4.48090e+01), Variance: 2.25050e+02 (2.54293e+02), Accept ratio: 0.48604, 
INFO:root:Epoch    40, Energy: -4.53093e+01 (-4.55750e+01), Variance: 2.34634e+02 (2.81571e+02), Accept ratio: 0.48430, 
INFO:root:Epoch    41, Energy: -4.53984e+01 (-4.56505e+01), Variance: 2.45071e+02 (2.89401e+02), Accept ratio: 0.48112, 
INFO:root:Epoch    42, Energy: -4.62852e+01 (-4.65540e+01), Variance: 2.48054e+02 (2.93234e+02), Accept ratio: 0.48414, 
INFO:root:Epoch    43, Energy: -4.66986e+01 (-4.73612e+01), Variance: 2.77411e+02 (4.18370e+02), Accept ratio: 0.48241, 
INFO:root:Epoch    44, Energy: -4.63923e+01 (-4.67502e+01), Variance: 2.53922e+02 (3.30565e+02), Accept ratio: 0.47961, 
INFO:root:Epoch    45, Energy: -4.66619e+01 (-4.68399e+01), Variance: 2.52776e+02 (2.80376e+02), Accept ratio: 0.47101, 
INFO:root:Epoch    46, Energy: -4.63329e+01 (-4.65981e+01), Variance: 2.49935e+02 (3.05499e+02), Accept ratio: 0.47664, 
INFO:root:Epoch    47, Energy: -4.60746e+01 (-4.63244e+01), Variance: 2.24274e+02 (2.62985e+02), Accept ratio: 0.48267, 
INFO:root:Epoch    48, Energy: -4.67126e+01 (-4.74850e+01), Variance: 2.62203e+02 (4.64393e+02), Accept ratio: 0.47142, 
INFO:root:Epoch    49, Energy: -4.73490e+01 (-4.80195e+01), Variance: 2.64370e+02 (4.18095e+02), Accept ratio: 0.47292, 
INFO:root:Epoch    50, Energy: -4.67634e+01 (-4.71516e+01), Variance: 2.44461e+02 (3.22934e+02), Accept ratio: 0.47110, 
INFO:root:Epoch    51, Energy: -4.62828e+01 (-4.65368e+01), Variance: 2.07091e+02 (2.47381e+02), Accept ratio: 0.47609, 
INFO:root:Epoch    52, Energy: -4.75191e+01 (-4.79369e+01), Variance: 2.50962e+02 (3.24121e+02), Accept ratio: 0.47122, 
INFO:root:Epoch    53, Energy: -4.67374e+01 (-4.70494e+01), Variance: 2.03090e+02 (2.52746e+02), Accept ratio: 0.47729, 
INFO:root:Epoch    54, Energy: -4.71345e+01 (-4.74009e+01), Variance: 2.29155e+02 (2.70776e+02), Accept ratio: 0.46959, 
INFO:root:Epoch    55, Energy: -4.74410e+01 (-4.79511e+01), Variance: 2.34380e+02 (3.53067e+02), Accept ratio: 0.47427, 
INFO:root:Epoch    56, Energy: -4.73488e+01 (-4.76551e+01), Variance: 2.19919e+02 (2.77394e+02), Accept ratio: 0.46605, 
INFO:root:Epoch    57, Energy: -4.74420e+01 (-4.80546e+01), Variance: 2.45352e+02 (4.21149e+02), Accept ratio: 0.46920, 
INFO:root:Epoch    58, Energy: -4.77550e+01 (-4.78915e+01), Variance: 2.13546e+02 (2.33078e+02), Accept ratio: 0.47245, 
INFO:root:Epoch    59, Energy: -4.91491e+01 (-4.96100e+01), Variance: 2.80711e+02 (3.72921e+02), Accept ratio: 0.46569, 
INFO:root:Epoch    60, Energy: -4.93217e+01 (-4.99224e+01), Variance: 2.86211e+02 (4.83524e+02), Accept ratio: 0.46681, 
INFO:root:Epoch    61, Energy: -4.92964e+01 (-4.98259e+01), Variance: 2.78988e+02 (3.88451e+02), Accept ratio: 0.46226, 
INFO:root:Epoch    62, Energy: -5.03193e+01 (-5.10256e+01), Variance: 2.96447e+02 (5.03297e+02), Accept ratio: 0.45943, 
INFO:root:Epoch    63, Energy: -5.10647e+01 (-5.13847e+01), Variance: 3.36514e+02 (3.96990e+02), Accept ratio: 0.46946, 
INFO:root:Epoch    64, Energy: -5.09716e+01 (-5.15262e+01), Variance: 3.10678e+02 (4.27257e+02), Accept ratio: 0.45987, 
INFO:root:Epoch    65, Energy: -5.05001e+01 (-5.06212e+01), Variance: 2.63246e+02 (2.84327e+02), Accept ratio: 0.45962, 
INFO:root:Epoch    66, Energy: -5.08667e+01 (-5.15693e+01), Variance: 2.76345e+02 (5.73589e+02), Accept ratio: 0.45879, 
INFO:root:Epoch    67, Energy: -5.13634e+01 (-5.16805e+01), Variance: 3.12338e+02 (3.73905e+02), Accept ratio: 0.45837, 
INFO:root:Epoch    68, Energy: -5.11013e+01 (-5.13314e+01), Variance: 2.76113e+02 (3.20951e+02), Accept ratio: 0.45044, 
INFO:root:Epoch    69, Energy: -5.18295e+01 (-5.21492e+01), Variance: 3.17945e+02 (3.82840e+02), Accept ratio: 0.45752, 
INFO:root:Epoch    70, Energy: -5.20824e+01 (-5.26566e+01), Variance: 3.22999e+02 (4.49987e+02), Accept ratio: 0.45506, 
INFO:root:Epoch    71, Energy: -5.18649e+01 (-5.21017e+01), Variance: 2.83770e+02 (3.25131e+02), Accept ratio: 0.45520, 
INFO:root:Epoch    72, Energy: -5.19591e+01 (-5.28976e+01), Variance: 2.74442e+02 (9.21127e+02), Accept ratio: 0.45342, 
INFO:root:Epoch    73, Energy: -5.21191e+01 (-5.31734e+01), Variance: 3.18967e+02 (1.01523e+03), Accept ratio: 0.45076, 
INFO:root:Epoch    74, Energy: -5.22359e+01 (-5.26284e+01), Variance: 3.01309e+02 (3.97292e+02), Accept ratio: 0.44389, 
INFO:root:Epoch    75, Energy: -5.21331e+01 (-5.24813e+01), Variance: 2.95389e+02 (3.74024e+02), Accept ratio: 0.45198, 
INFO:root:Epoch    76, Energy: -5.29953e+01 (-5.37304e+01), Variance: 3.42214e+02 (5.31207e+02), Accept ratio: 0.44838, 
INFO:root:Epoch    77, Energy: -5.25520e+01 (-5.31545e+01), Variance: 3.39023e+02 (4.85498e+02), Accept ratio: 0.45253, 
INFO:root:Epoch    78, Energy: -5.20087e+01 (-5.21440e+01), Variance: 2.84764e+02 (3.05530e+02), Accept ratio: 0.44452, 
INFO:root:Epoch    79, Energy: -5.23549e+01 (-5.29805e+01), Variance: 2.74371e+02 (4.32709e+02), Accept ratio: 0.44631, 
INFO:root:Epoch    80, Energy: -5.33390e+01 (-5.34352e+01), Variance: 2.96198e+02 (3.10815e+02), Accept ratio: 0.44992, 
INFO:root:Epoch    81, Energy: -5.44957e+01 (-5.51143e+01), Variance: 3.77648e+02 (6.15712e+02), Accept ratio: 0.44658, 
INFO:root:Epoch    82, Energy: -5.44916e+01 (-5.49933e+01), Variance: 3.23535e+02 (4.21647e+02), Accept ratio: 0.43625, 
INFO:root:Epoch    83, Energy: -5.44820e+01 (-5.48336e+01), Variance: 3.00552e+02 (3.61003e+02), Accept ratio: 0.43472, 
INFO:root:Epoch    84, Energy: -5.57942e+01 (-5.62635e+01), Variance: 3.63132e+02 (4.61365e+02), Accept ratio: 0.43289, 
INFO:root:Epoch    85, Energy: -5.59354e+01 (-5.64829e+01), Variance: 3.29535e+02 (5.37835e+02), Accept ratio: 0.42952, 
INFO:root:Epoch    86, Energy: -5.60028e+01 (-5.66629e+01), Variance: 3.74944e+02 (5.62984e+02), Accept ratio: 0.43125, 
INFO:root:Epoch    87, Energy: -5.59881e+01 (-5.64991e+01), Variance: 3.78167e+02 (5.02317e+02), Accept ratio: 0.43348, 
INFO:root:Epoch    88, Energy: -5.58575e+01 (-5.68182e+01), Variance: 3.68684e+02 (6.55503e+02), Accept ratio: 0.43046, 
INFO:root:Epoch    89, Energy: -5.59734e+01 (-5.62802e+01), Variance: 3.05364e+02 (3.72769e+02), Accept ratio: 0.43249, 
INFO:root:Epoch    90, Energy: -5.73845e+01 (-5.81995e+01), Variance: 3.63007e+02 (5.78466e+02), Accept ratio: 0.43009, 
INFO:root:Epoch    91, Energy: -5.73332e+01 (-5.77517e+01), Variance: 3.12852e+02 (3.97894e+02), Accept ratio: 0.47297, 
INFO:root:Epoch    92, Energy: -5.61794e+01 (-5.67507e+01), Variance: 2.86982e+02 (4.28597e+02), Accept ratio: 0.47180, 
INFO:root:Epoch    93, Energy: -5.73744e+01 (-5.78182e+01), Variance: 3.05583e+02 (4.43947e+02), Accept ratio: 0.47243, 
INFO:root:Epoch    94, Energy: -5.88426e+01 (-5.95163e+01), Variance: 3.81179e+02 (6.00945e+02), Accept ratio: 0.46850, 
INFO:root:Epoch    95, Energy: -5.77783e+01 (-5.78976e+01), Variance: 3.29036e+02 (3.47619e+02), Accept ratio: 0.45751, 
INFO:root:Epoch    96, Energy: -5.88726e+01 (-5.95643e+01), Variance: 3.79647e+02 (7.03747e+02), Accept ratio: 0.45708, 
INFO:root:Epoch    97, Energy: -5.92801e+01 (-5.95781e+01), Variance: 3.73693e+02 (4.48747e+02), Accept ratio: 0.45878, 
INFO:root:Epoch    98, Energy: -5.90721e+01 (-5.96260e+01), Variance: 3.64751e+02 (4.76081e+02), Accept ratio: 0.46004, 
INFO:root:Epoch    99, Energy: -6.04903e+01 (-6.10471e+01), Variance: 3.59213e+02 (4.86750e+02), Accept ratio: 0.46183, 
INFO:root:Epoch   100, Energy: -6.02851e+01 (-6.08277e+01), Variance: 3.91647e+02 (5.29222e+02), Accept ratio: 0.44543, , best weights saved
INFO:root:Epoch   101, Energy: -5.97292e+01 (-6.02704e+01), Variance: 3.33708e+02 (4.61342e+02), Accept ratio: 0.45569, 
INFO:root:Epoch   102, Energy: -6.01414e+01 (-6.05595e+01), Variance: 3.90543e+02 (4.72182e+02), Accept ratio: 0.44894, 
INFO:root:Epoch   103, Energy: -6.02516e+01 (-6.06225e+01), Variance: 3.76319e+02 (4.58681e+02), Accept ratio: 0.45203, 
INFO:root:Epoch   104, Energy: -6.11926e+01 (-6.16110e+01), Variance: 4.17880e+02 (5.13969e+02), Accept ratio: 0.44783, 
INFO:root:Epoch   105, Energy: -6.20645e+01 (-6.26087e+01), Variance: 4.00168e+02 (5.26492e+02), Accept ratio: 0.44338, 
INFO:root:Epoch   106, Energy: -6.18366e+01 (-6.21530e+01), Variance: 3.66049e+02 (4.31221e+02), Accept ratio: 0.44666, 
INFO:root:Epoch   107, Energy: -6.26334e+01 (-6.34504e+01), Variance: 4.35819e+02 (6.95903e+02), Accept ratio: 0.44565, 
INFO:root:Epoch   108, Energy: -6.15340e+01 (-6.19370e+01), Variance: 3.47400e+02 (4.48952e+02), Accept ratio: 0.44496, 
INFO:root:Epoch   109, Energy: -6.11182e+01 (-6.14217e+01), Variance: 3.27962e+02 (3.86086e+02), Accept ratio: 0.43745, 
INFO:root:Epoch   110, Energy: -6.17169e+01 (-6.24236e+01), Variance: 3.71058e+02 (5.37954e+02), Accept ratio: 0.44821, 
INFO:root:Epoch   111, Energy: -6.26901e+01 (-6.30434e+01), Variance: 3.84468e+02 (4.53140e+02), Accept ratio: 0.48401, 
INFO:root:Epoch   112, Energy: -6.40844e+01 (-6.46401e+01), Variance: 4.42112e+02 (5.84536e+02), Accept ratio: 0.47920, 
INFO:root:Epoch   113, Energy: -6.35968e+01 (-6.42828e+01), Variance: 4.06458e+02 (5.96081e+02), Accept ratio: 0.48247, 
INFO:root:Epoch   114, Energy: -6.41183e+01 (-6.43252e+01), Variance: 4.33400e+02 (6.61221e+02), Accept ratio: 0.48194, 
INFO:root:Epoch   115, Energy: -6.46560e+01 (-6.81549e+01), Variance: 4.51719e+02 (8.19650e+03), Accept ratio: 0.47650, 
INFO:root:Epoch   116, Energy: -6.47430e+01 (-6.79482e+01), Variance: 4.88225e+02 (8.08708e+03), Accept ratio: 0.46959, 
INFO:root:Epoch   117, Energy: -6.48140e+01 (-6.54168e+01), Variance: 4.23132e+02 (5.83906e+02), Accept ratio: 0.47413, 
INFO:root:Epoch   118, Energy: -6.50815e+01 (-6.54170e+01), Variance: 4.24317e+02 (4.97113e+02), Accept ratio: 0.46320, 
INFO:root:Epoch   119, Energy: -6.47723e+01 (-6.52199e+01), Variance: 4.03765e+02 (4.96120e+02), Accept ratio: 0.46821, 
INFO:root:Epoch   120, Energy: -6.49931e+01 (-6.53962e+01), Variance: 4.15814e+02 (5.05943e+02), Accept ratio: 0.47034, 
INFO:root:Epoch   121, Energy: -6.53320e+01 (-6.56456e+01), Variance: 3.75410e+02 (4.34995e+02), Accept ratio: 0.46559, 
INFO:root:Epoch   122, Energy: -6.56914e+01 (-6.60349e+01), Variance: 3.64756e+02 (4.25246e+02), Accept ratio: 0.47909, 
INFO:root:Epoch   123, Energy: -6.71768e+01 (-6.80168e+01), Variance: 4.64342e+02 (7.15014e+02), Accept ratio: 0.46532, 
INFO:root:Epoch   124, Energy: -6.78242e+01 (-6.90893e+01), Variance: 4.93927e+02 (9.31216e+02), Accept ratio: 0.46398, 
INFO:root:Epoch   125, Energy: -6.79899e+01 (-6.83602e+01), Variance: 4.45055e+02 (5.20705e+02), Accept ratio: 0.45264, 
INFO:root:Epoch   126, Energy: -6.69188e+01 (-6.72076e+01), Variance: 4.12879e+02 (4.76393e+02), Accept ratio: 0.44956, 
INFO:root:Epoch   127, Energy: -6.74335e+01 (-6.79787e+01), Variance: 3.86719e+02 (5.50288e+02), Accept ratio: 0.45603, 
INFO:root:Epoch   128, Energy: -6.74493e+01 (-6.78954e+01), Variance: 4.09731e+02 (5.00036e+02), Accept ratio: 0.45290, 
INFO:root:Epoch   129, Energy: -6.78279e+01 (-6.84927e+01), Variance: 4.42006e+02 (6.77399e+02), Accept ratio: 0.45197, 
INFO:root:Epoch   130, Energy: -6.87614e+01 (-6.91804e+01), Variance: 4.85467e+02 (5.77994e+02), Accept ratio: 0.45486, 
INFO:root:Epoch   131, Energy: -6.87678e+01 (-6.92262e+01), Variance: 4.37163e+02 (5.54997e+02), Accept ratio: 0.45076, 
INFO:root:Epoch   132, Energy: -6.92626e+01 (-6.98988e+01), Variance: 5.07438e+02 (6.79480e+02), Accept ratio: 0.45112, 
INFO:root:Epoch   133, Energy: -6.84262e+01 (-6.90082e+01), Variance: 4.10354e+02 (5.32432e+02), Accept ratio: 0.44600, 
INFO:root:Epoch   134, Energy: -6.90357e+01 (-6.93012e+01), Variance: 4.20723e+02 (4.72791e+02), Accept ratio: 0.44851, 
INFO:root:Epoch   135, Energy: -6.90542e+01 (-6.94765e+01), Variance: 4.13224e+02 (5.22875e+02), Accept ratio: 0.44623, 
INFO:root:Epoch   136, Energy: -6.99439e+01 (-7.04622e+01), Variance: 4.61468e+02 (6.26560e+02), Accept ratio: 0.44988, 
INFO:root:Epoch   137, Energy: -7.05447e+01 (-7.08675e+01), Variance: 4.77069e+02 (5.41391e+02), Accept ratio: 0.43551, 
INFO:root:Epoch   138, Energy: -7.16130e+01 (-7.23157e+01), Variance: 5.10198e+02 (6.99643e+02), Accept ratio: 0.43709, 
INFO:root:Epoch   139, Energy: -7.09923e+01 (-7.20850e+01), Variance: 4.78015e+02 (1.03957e+03), Accept ratio: 0.44086, 
INFO:root:Epoch   140, Energy: -7.16641e+01 (-7.21954e+01), Variance: 4.73720e+02 (5.91623e+02), Accept ratio: 0.43061, 
INFO:root:Epoch   141, Energy: -7.09974e+01 (-7.16515e+01), Variance: 4.15553e+02 (6.19375e+02), Accept ratio: 0.47038, 
INFO:root:Epoch   142, Energy: -7.17878e+01 (-7.22230e+01), Variance: 4.20161e+02 (5.36230e+02), Accept ratio: 0.47718, 
INFO:root:Epoch   143, Energy: -7.18525e+01 (-7.24859e+01), Variance: 4.53867e+02 (6.44351e+02), Accept ratio: 0.47126, 
INFO:root:Epoch   144, Energy: -7.16916e+01 (-7.21194e+01), Variance: 4.73689e+02 (6.06985e+02), Accept ratio: 0.47232, 
INFO:root:Epoch   145, Energy: -7.20377e+01 (-7.24627e+01), Variance: 4.22610e+02 (5.10860e+02), Accept ratio: 0.47318, 
INFO:root:Epoch   146, Energy: -7.26945e+01 (-7.32053e+01), Variance: 4.79521e+02 (6.20932e+02), Accept ratio: 0.46744, 
INFO:root:Epoch   147, Energy: -7.28736e+01 (-7.36499e+01), Variance: 4.82788e+02 (7.12146e+02), Accept ratio: 0.46759, 
INFO:root:Epoch   148, Energy: -7.32672e+01 (-7.37461e+01), Variance: 4.96475e+02 (6.76993e+02), Accept ratio: 0.47437, 
INFO:root:Epoch   149, Energy: -7.29364e+01 (-7.34474e+01), Variance: 4.39929e+02 (5.48859e+02), Accept ratio: 0.46110, 
INFO:root:Epoch   150, Energy: -7.43708e+01 (-7.49497e+01), Variance: 4.89501e+02 (6.48172e+02), Accept ratio: 0.46263, 
INFO:root:Epoch   151, Energy: -7.54329e+01 (-7.66796e+01), Variance: 5.91599e+02 (9.66753e+02), Accept ratio: 0.45891, 
INFO:root:Epoch   152, Energy: -7.42684e+01 (-7.46244e+01), Variance: 4.41536e+02 (5.19685e+02), Accept ratio: 0.46243, 
INFO:root:Epoch   153, Energy: -7.56342e+01 (-7.64849e+01), Variance: 5.30232e+02 (7.71381e+02), Accept ratio: 0.45883, 
INFO:root:Epoch   154, Energy: -7.60076e+01 (-7.66639e+01), Variance: 4.50374e+02 (6.31844e+02), Accept ratio: 0.45561, 
INFO:root:Epoch   155, Energy: -7.61084e+01 (-7.65372e+01), Variance: 4.97927e+02 (5.94478e+02), Accept ratio: 0.45026, 
INFO:root:Epoch   156, Energy: -7.62863e+01 (-7.69123e+01), Variance: 4.89453e+02 (6.38136e+02), Accept ratio: 0.45775, 
INFO:root:Epoch   157, Energy: -7.59056e+01 (-7.62447e+01), Variance: 4.71643e+02 (5.45085e+02), Accept ratio: 0.45753, 
INFO:root:Epoch   158, Energy: -7.62046e+01 (-7.66110e+01), Variance: 5.07712e+02 (6.11204e+02), Accept ratio: 0.45543, 
INFO:root:Epoch   159, Energy: -7.67562e+01 (-7.73026e+01), Variance: 4.84847e+02 (6.06697e+02), Accept ratio: 0.44901, 
INFO:root:Epoch   160, Energy: -7.72062e+01 (-7.81218e+01), Variance: 4.61526e+02 (7.27820e+02), Accept ratio: 0.44492, 
INFO:root:Epoch   161, Energy: -7.77312e+01 (-7.89907e+01), Variance: 4.85687e+02 (1.14332e+03), Accept ratio: 0.44197, 
INFO:root:Epoch   162, Energy: -7.84226e+01 (-7.91244e+01), Variance: 5.10543e+02 (8.34117e+02), Accept ratio: 0.44463, 
INFO:root:Epoch   163, Energy: -7.86924e+01 (-7.92329e+01), Variance: 5.18221e+02 (6.46832e+02), Accept ratio: 0.43460, 
INFO:root:Epoch   164, Energy: -7.81521e+01 (-7.86139e+01), Variance: 5.18467e+02 (6.19637e+02), Accept ratio: 0.44531, 
INFO:root:Epoch   165, Energy: -7.73463e+01 (-7.79573e+01), Variance: 4.32787e+02 (6.19735e+02), Accept ratio: 0.43275, 
INFO:root:Epoch   166, Energy: -7.87716e+01 (-7.92177e+01), Variance: 4.51372e+02 (5.95862e+02), Accept ratio: 0.43187, 
INFO:root:Epoch   167, Energy: -7.81552e+01 (-7.85229e+01), Variance: 4.34663e+02 (5.20958e+02), Accept ratio: 0.43253, 
INFO:root:Epoch   168, Energy: -7.87245e+01 (-7.96613e+01), Variance: 4.33359e+02 (7.87266e+02), Accept ratio: 0.43397, 
INFO:root:Epoch   169, Energy: -7.84965e+01 (-7.91629e+01), Variance: 4.13229e+02 (5.85435e+02), Accept ratio: 0.43149, 
INFO:root:Epoch   170, Energy: -7.94621e+01 (-8.00776e+01), Variance: 4.57692e+02 (6.17106e+02), Accept ratio: 0.42999, 
INFO:root:Epoch   171, Energy: -8.07948e+01 (-8.13691e+01), Variance: 4.97737e+02 (6.46790e+02), Accept ratio: 0.47330, 
INFO:root:Epoch   172, Energy: -8.07804e+01 (-8.14011e+01), Variance: 4.97191e+02 (6.67798e+02), Accept ratio: 0.46491, 
INFO:root:Epoch   173, Energy: -8.12665e+01 (-8.22788e+01), Variance: 4.92010e+02 (1.00535e+03), Accept ratio: 0.46424, 
INFO:root:Epoch   174, Energy: -8.14483e+01 (-8.24627e+01), Variance: 4.86410e+02 (8.39773e+02), Accept ratio: 0.47159, 
INFO:root:Epoch   175, Energy: -8.25042e+01 (-8.32023e+01), Variance: 5.59251e+02 (7.53554e+02), Accept ratio: 0.46204, 
INFO:root:Epoch   176, Energy: -8.29576e+01 (-8.35767e+01), Variance: 5.53723e+02 (7.11456e+02), Accept ratio: 0.46012, 
INFO:root:Epoch   177, Energy: -8.14726e+01 (-8.21038e+01), Variance: 4.42194e+02 (5.96357e+02), Accept ratio: 0.45659, 
INFO:root:Epoch   178, Energy: -8.20022e+01 (-8.23898e+01), Variance: 4.07182e+02 (5.16198e+02), Accept ratio: 0.46082, 
INFO:root:Epoch   179, Energy: -8.26218e+01 (-8.31235e+01), Variance: 5.11978e+02 (6.29542e+02), Accept ratio: 0.45571, 
INFO:root:Epoch   180, Energy: -8.31326e+01 (-8.33708e+01), Variance: 5.01008e+02 (6.07266e+02), Accept ratio: 0.46002, 
INFO:root:Epoch   181, Energy: -8.31669e+01 (-8.36276e+01), Variance: 4.83834e+02 (5.81278e+02), Accept ratio: 0.44978, 
INFO:root:Epoch   182, Energy: -8.28499e+01 (-8.37113e+01), Variance: 4.95834e+02 (8.20321e+02), Accept ratio: 0.44930, 
INFO:root:Epoch   183, Energy: -8.31071e+01 (-8.33728e+01), Variance: 4.89862e+02 (5.39554e+02), Accept ratio: 0.44908, 
INFO:root:Epoch   184, Energy: -8.32857e+01 (-8.39332e+01), Variance: 4.71616e+02 (6.60602e+02), Accept ratio: 0.44625, 
INFO:root:Epoch   185, Energy: -8.33903e+01 (-8.38282e+01), Variance: 4.47838e+02 (5.38559e+02), Accept ratio: 0.44141, 
INFO:root:Epoch   186, Energy: -8.41582e+01 (-8.52222e+01), Variance: 4.91447e+02 (8.35546e+02), Accept ratio: 0.44786, 
INFO:root:Epoch   187, Energy: -8.44442e+01 (-8.54426e+01), Variance: 4.91012e+02 (7.59310e+02), Accept ratio: 0.43823, 
INFO:root:Epoch   188, Energy: -8.41304e+01 (-8.48885e+01), Variance: 4.53146e+02 (6.47178e+02), Accept ratio: 0.44241, 
INFO:root:Epoch   189, Energy: -8.43121e+01 (-8.47289e+01), Variance: 3.96431e+02 (4.82968e+02), Accept ratio: 0.43801, 
INFO:root:Epoch   190, Energy: -8.55559e+01 (-8.60254e+01), Variance: 4.61736e+02 (5.73366e+02), Accept ratio: 0.43902, 
INFO:root:Epoch   191, Energy: -8.58557e+01 (-8.65028e+01), Variance: 5.02257e+02 (6.90825e+02), Accept ratio: 0.47399, 
INFO:root:Epoch   192, Energy: -8.51881e+01 (-8.57074e+01), Variance: 4.42481e+02 (5.85326e+02), Accept ratio: 0.47379, 
INFO:root:Epoch   193, Energy: -8.60306e+01 (-8.62983e+01), Variance: 4.71906e+02 (5.24506e+02), Accept ratio: 0.47867, 
INFO:root:Epoch   194, Energy: -8.62528e+01 (-8.66467e+01), Variance: 4.59270e+02 (5.69236e+02), Accept ratio: 0.46907, 
INFO:root:Epoch   195, Energy: -8.67259e+01 (-8.73498e+01), Variance: 4.59516e+02 (7.53056e+02), Accept ratio: 0.46469, 
INFO:root:Epoch   196, Energy: -8.72763e+01 (-8.78885e+01), Variance: 5.19452e+02 (6.65451e+02), Accept ratio: 0.46362, 
INFO:root:Epoch   197, Energy: -8.70279e+01 (-8.76442e+01), Variance: 4.59502e+02 (5.99277e+02), Accept ratio: 0.46422, 
INFO:root:Epoch   198, Energy: -8.69609e+01 (-8.74780e+01), Variance: 4.57455e+02 (5.77149e+02), Accept ratio: 0.46420, 
INFO:root:Epoch   199, Energy: -8.66288e+01 (-8.71166e+01), Variance: 4.24453e+02 (5.43858e+02), Accept ratio: 0.46417, 
INFO:root:Epoch   200, Energy: -8.76137e+01 (-8.80397e+01), Variance: 4.26494e+02 (5.13519e+02), Accept ratio: 0.46473, , best weights saved
INFO:root:Epoch   201, Energy: -8.64887e+01 (-8.70498e+01), Variance: 3.78946e+02 (5.01010e+02), Accept ratio: 0.46170, 
INFO:root:Epoch   202, Energy: -8.71753e+01 (-8.76616e+01), Variance: 4.04223e+02 (5.01113e+02), Accept ratio: 0.46429, 
INFO:root:Epoch   203, Energy: -8.78759e+01 (-8.88802e+01), Variance: 4.52023e+02 (1.06547e+03), Accept ratio: 0.45910, 
INFO:root:Epoch   204, Energy: -8.68900e+01 (-8.73340e+01), Variance: 3.92969e+02 (4.97036e+02), Accept ratio: 0.45728, 
INFO:root:Epoch   205, Energy: -8.67512e+01 (-8.70493e+01), Variance: 3.84198e+02 (4.45156e+02), Accept ratio: 0.45846, 
INFO:root:Epoch   206, Energy: -8.67413e+01 (-8.75620e+01), Variance: 4.21826e+02 (7.25072e+02), Accept ratio: 0.45870, 
INFO:root:Epoch   207, Energy: -8.71595e+01 (-8.75293e+01), Variance: 4.14129e+02 (5.40835e+02), Accept ratio: 0.45545, 
INFO:root:Epoch   208, Energy: -8.86571e+01 (-8.89631e+01), Variance: 4.41107e+02 (4.95849e+02), Accept ratio: 0.45112, 
INFO:root:Epoch   209, Energy: -8.75539e+01 (-8.78790e+01), Variance: 3.44478e+02 (4.03097e+02), Accept ratio: 0.44734, 
INFO:root:Epoch   210, Energy: -8.90634e+01 (-8.93925e+01), Variance: 4.16686e+02 (5.87630e+02), Accept ratio: 0.45230, 
INFO:root:Epoch   211, Energy: -8.91846e+01 (-8.94758e+01), Variance: 4.24039e+02 (6.99539e+02), Accept ratio: 0.43679, 
INFO:root:Epoch   212, Energy: -8.95111e+01 (-8.98249e+01), Variance: 3.97243e+02 (4.78728e+02), Accept ratio: 0.44729, 
INFO:root:Epoch   213, Energy: -8.93040e+01 (-8.96318e+01), Variance: 3.74870e+02 (4.56891e+02), Accept ratio: 0.43802, 
INFO:root:Epoch   214, Energy: -9.00471e+01 (-9.07543e+01), Variance: 3.70541e+02 (5.58774e+02), Accept ratio: 0.44097, 
INFO:root:Epoch   215, Energy: -9.05880e+01 (-9.08835e+01), Variance: 3.61445e+02 (4.28573e+02), Accept ratio: 0.43589, 
INFO:root:Epoch   216, Energy: -9.14025e+01 (-9.21632e+01), Variance: 3.82282e+02 (5.76886e+02), Accept ratio: 0.43613, 
INFO:root:Epoch   217, Energy: -9.17821e+01 (-9.23531e+01), Variance: 3.75679e+02 (4.92898e+02), Accept ratio: 0.43468, 
INFO:root:Epoch   218, Energy: -9.22610e+01 (-9.46476e+01), Variance: 4.11323e+02 (2.86899e+03), Accept ratio: 0.42279, 
INFO:root:Epoch   219, Energy: -9.22518e+01 (-9.37761e+01), Variance: 4.64850e+02 (1.00432e+03), Accept ratio: 0.42740, 
INFO:root:Epoch   220, Energy: -9.22806e+01 (-9.25014e+01), Variance: 3.87678e+02 (4.27755e+02), Accept ratio: 0.42912, 
INFO:root:Epoch   221, Energy: -9.16944e+01 (-9.20253e+01), Variance: 3.35355e+02 (4.01911e+02), Accept ratio: 0.47398, 
INFO:root:Epoch   222, Energy: -9.17081e+01 (-9.18037e+01), Variance: 2.91450e+02 (3.42918e+02), Accept ratio: 0.47157, 
INFO:root:Epoch   223, Energy: -9.23256e+01 (-9.26089e+01), Variance: 3.37858e+02 (3.91059e+02), Accept ratio: 0.47262, 
INFO:root:Epoch   224, Energy: -9.33234e+01 (-9.37044e+01), Variance: 3.57676e+02 (4.37631e+02), Accept ratio: 0.46847, 
INFO:root:Epoch   225, Energy: -9.28699e+01 (-9.32995e+01), Variance: 3.37358e+02 (4.47990e+02), Accept ratio: 0.45377, 
INFO:root:Epoch   226, Energy: -9.32568e+01 (-9.38123e+01), Variance: 3.26116e+02 (4.62854e+02), Accept ratio: 0.46719, 
INFO:root:Epoch   227, Energy: -9.35294e+01 (-9.38343e+01), Variance: 3.12371e+02 (3.69668e+02), Accept ratio: 0.45822, 
INFO:root:Epoch   228, Energy: -9.44024e+01 (-9.46310e+01), Variance: 3.38713e+02 (3.83835e+02), Accept ratio: 0.46195, 
INFO:root:Epoch   229, Energy: -9.44837e+01 (-9.48676e+01), Variance: 3.49313e+02 (4.28547e+02), Accept ratio: 0.44292, 
INFO:root:Epoch   230, Energy: -9.43207e+01 (-9.44984e+01), Variance: 3.08334e+02 (3.63214e+02), Accept ratio: 0.46470, 
INFO:root:Epoch   231, Energy: -9.52113e+01 (-9.57175e+01), Variance: 3.33243e+02 (4.71796e+02), Accept ratio: 0.44842, 
INFO:root:Epoch   232, Energy: -9.54711e+01 (-9.61475e+01), Variance: 3.60626e+02 (5.47351e+02), Accept ratio: 0.45300, 
INFO:root:Epoch   233, Energy: -9.51237e+01 (-9.55673e+01), Variance: 3.00279e+02 (4.09750e+02), Accept ratio: 0.45100, 
INFO:root:Epoch   234, Energy: -9.50775e+01 (-9.55196e+01), Variance: 3.09654e+02 (4.18923e+02), Accept ratio: 0.44639, 
INFO:root:Epoch   235, Energy: -9.50335e+01 (-9.53961e+01), Variance: 3.16385e+02 (3.84719e+02), Accept ratio: 0.44574, 
INFO:root:Epoch   236, Energy: -9.60805e+01 (-9.73027e+01), Variance: 3.24934e+02 (1.04666e+03), Accept ratio: 0.44506, 
INFO:root:Epoch   237, Energy: -9.56963e+01 (-9.58488e+01), Variance: 2.92653e+02 (3.21307e+02), Accept ratio: 0.43982, 
INFO:root:Epoch   238, Energy: -9.65317e+01 (-9.72150e+01), Variance: 3.57498e+02 (5.90085e+02), Accept ratio: 0.44514, 
INFO:root:Epoch   239, Energy: -9.60241e+01 (-9.63123e+01), Variance: 3.04693e+02 (3.76741e+02), Accept ratio: 0.43880, 
INFO:root:Epoch   240, Energy: -9.64661e+01 (-9.67496e+01), Variance: 3.05296e+02 (3.70776e+02), Accept ratio: 0.43815, 
INFO:root:Epoch   241, Energy: -9.61787e+01 (-9.61876e+01), Variance: 2.91786e+02 (3.16261e+02), Accept ratio: 0.48026, 
INFO:root:Epoch   242, Energy: -9.62153e+01 (-9.63725e+01), Variance: 2.83988e+02 (3.54198e+02), Accept ratio: 0.48043, 
INFO:root:Epoch   243, Energy: -9.67795e+01 (-9.72344e+01), Variance: 3.14364e+02 (4.11989e+02), Accept ratio: 0.47862, 
INFO:root:Epoch   244, Energy: -9.63984e+01 (-9.66539e+01), Variance: 2.78479e+02 (4.21076e+02), Accept ratio: 0.47288, 
INFO:root:Epoch   245, Energy: -9.79108e+01 (-9.87466e+01), Variance: 3.40448e+02 (6.47353e+02), Accept ratio: 0.47418, 
INFO:root:Epoch   246, Energy: -9.71768e+01 (-9.77032e+01), Variance: 2.96471e+02 (4.35507e+02), Accept ratio: 0.46412, 
INFO:root:Epoch   247, Energy: -9.76567e+01 (-9.79769e+01), Variance: 3.14304e+02 (3.91474e+02), Accept ratio: 0.47045, 
INFO:root:Epoch   248, Energy: -9.76336e+01 (-9.76848e+01), Variance: 2.65597e+02 (3.05932e+02), Accept ratio: 0.47089, 
INFO:root:Epoch   249, Energy: -9.81252e+01 (-9.88901e+01), Variance: 2.97184e+02 (5.71953e+02), Accept ratio: 0.46880, 
INFO:root:Epoch   250, Energy: -9.76333e+01 (-9.79111e+01), Variance: 2.82425e+02 (3.35052e+02), Accept ratio: 0.47303, 
INFO:root:Epoch   251, Energy: -9.74778e+01 (-9.77555e+01), Variance: 2.88583e+02 (3.64444e+02), Accept ratio: 0.46461, 
INFO:root:Epoch   252, Energy: -9.77837e+01 (-9.79937e+01), Variance: 2.75556e+02 (3.27776e+02), Accept ratio: 0.46137, 
INFO:root:Epoch   253, Energy: -9.77825e+01 (-9.79442e+01), Variance: 2.53562e+02 (3.57717e+02), Accept ratio: 0.46305, 
INFO:root:Epoch   254, Energy: -9.77247e+01 (-9.79031e+01), Variance: 2.41758e+02 (2.86029e+02), Accept ratio: 0.46455, 
INFO:root:Epoch   255, Energy: -9.82165e+01 (-9.83824e+01), Variance: 2.42844e+02 (3.62005e+02), Accept ratio: 0.46356, 
INFO:root:Epoch   256, Energy: -9.85036e+01 (-9.84907e+01), Variance: 2.29819e+02 (3.01912e+02), Accept ratio: 0.46431, 
INFO:root:Epoch   257, Energy: -9.89474e+01 (-9.93596e+01), Variance: 2.84995e+02 (4.65385e+02), Accept ratio: 0.46132, 
INFO:root:Epoch   258, Energy: -9.86418e+01 (-9.90371e+01), Variance: 2.43203e+02 (3.55501e+02), Accept ratio: 0.46235, 
INFO:root:Epoch   259, Energy: -9.92689e+01 (-9.93243e+01), Variance: 2.46085e+02 (4.66483e+02), Accept ratio: 0.45238, 
INFO:root:Epoch   260, Energy: -9.93974e+01 (-9.94424e+01), Variance: 2.31452e+02 (2.62509e+02), Accept ratio: 0.46083, 
INFO:root:Epoch   261, Energy: -9.92392e+01 (-9.93309e+01), Variance: 2.48020e+02 (3.28816e+02), Accept ratio: 0.45422, 
INFO:root:Epoch   262, Energy: -9.92322e+01 (-9.92181e+01), Variance: 2.37696e+02 (3.10094e+02), Accept ratio: 0.45044, 
INFO:root:Epoch   263, Energy: -9.96334e+01 (-9.99982e+01), Variance: 2.34387e+02 (3.58873e+02), Accept ratio: 0.46291, 
INFO:root:Epoch   264, Energy: -9.97298e+01 (-9.98263e+01), Variance: 2.35553e+02 (3.49212e+02), Accept ratio: 0.44480, 
INFO:root:Epoch   265, Energy: -9.98076e+01 (-9.99620e+01), Variance: 2.19343e+02 (2.58759e+02), Accept ratio: 0.44999, 
INFO:root:Epoch   266, Energy: -1.00503e+02 (-1.01029e+02), Variance: 2.74973e+02 (3.99536e+02), Accept ratio: 0.45451, 
INFO:root:Epoch   267, Energy: -1.00230e+02 (-1.00401e+02), Variance: 2.40854e+02 (2.83684e+02), Accept ratio: 0.44337, 
INFO:root:Epoch   268, Energy: -1.00194e+02 (-1.00559e+02), Variance: 2.32295e+02 (3.31804e+02), Accept ratio: 0.44668, 
INFO:root:Epoch   269, Energy: -9.99744e+01 (-9.99265e+01), Variance: 2.06141e+02 (2.47255e+02), Accept ratio: 0.44702, 
INFO:root:Epoch   270, Energy: -9.97541e+01 (-9.97638e+01), Variance: 1.94076e+02 (2.13307e+02), Accept ratio: 0.44530, 
INFO:root:Epoch   271, Energy: -1.00156e+02 (-1.00237e+02), Variance: 2.15024e+02 (2.52321e+02), Accept ratio: 0.45115, 
INFO:root:Epoch   272, Energy: -1.00093e+02 (-1.00204e+02), Variance: 1.97987e+02 (2.40513e+02), Accept ratio: 0.44228, 
INFO:root:Epoch   273, Energy: -1.00797e+02 (-1.01058e+02), Variance: 2.03760e+02 (2.91336e+02), Accept ratio: 0.44602, 
INFO:root:Epoch   274, Energy: -1.01070e+02 (-1.01167e+02), Variance: 2.02843e+02 (2.44267e+02), Accept ratio: 0.44221, 
INFO:root:Epoch   275, Energy: -1.01222e+02 (-1.01353e+02), Variance: 1.99024e+02 (2.57800e+02), Accept ratio: 0.43429, 
INFO:root:Epoch   276, Energy: -1.01161e+02 (-1.01375e+02), Variance: 1.83860e+02 (2.72236e+02), Accept ratio: 0.44388, 
INFO:root:Epoch   277, Energy: -1.01119e+02 (-1.01124e+02), Variance: 1.75824e+02 (2.28476e+02), Accept ratio: 0.43445, 
INFO:root:Epoch   278, Energy: -1.01212e+02 (-1.01377e+02), Variance: 1.96887e+02 (2.77605e+02), Accept ratio: 0.43944, 
INFO:root:Epoch   279, Energy: -1.01983e+02 (-1.02325e+02), Variance: 2.14012e+02 (3.49489e+02), Accept ratio: 0.43489, 
INFO:root:Epoch   280, Energy: -1.01702e+02 (-1.02272e+02), Variance: 2.01857e+02 (3.68653e+02), Accept ratio: 0.43395, 
INFO:root:Epoch   281, Energy: -1.02236e+02 (-1.02505e+02), Variance: 2.08654e+02 (3.15207e+02), Accept ratio: 0.48589, 
INFO:root:Epoch   282, Energy: -1.02074e+02 (-1.02449e+02), Variance: 1.89110e+02 (3.65218e+02), Accept ratio: 0.46994, 
INFO:root:Epoch   283, Energy: -1.01896e+02 (-1.01910e+02), Variance: 1.82582e+02 (2.31455e+02), Accept ratio: 0.47331, 
INFO:root:Epoch   284, Energy: -1.01895e+02 (-1.02985e+02), Variance: 1.93782e+02 (9.36084e+02), Accept ratio: 0.46777, 
INFO:root:Epoch   285, Energy: -1.02134e+02 (-1.02306e+02), Variance: 1.73432e+02 (2.57706e+02), Accept ratio: 0.47619, 
INFO:root:Epoch   286, Energy: -1.02462e+02 (-1.02586e+02), Variance: 1.96587e+02 (3.51286e+02), Accept ratio: 0.47747, 
INFO:root:Epoch   287, Energy: -1.02152e+02 (-1.02169e+02), Variance: 1.85654e+02 (2.72067e+02), Accept ratio: 0.47672, 
INFO:root:Epoch   288, Energy: -1.02157e+02 (-1.01902e+02), Variance: 1.72734e+02 (2.08426e+02), Accept ratio: 0.46933, 
INFO:root:Epoch   289, Energy: -1.03194e+02 (-1.03151e+02), Variance: 1.75865e+02 (2.18068e+02), Accept ratio: 0.47465, 
INFO:root:Epoch   290, Energy: -1.03022e+02 (-1.03050e+02), Variance: 1.52416e+02 (2.26008e+02), Accept ratio: 0.47015, 
INFO:root:Epoch   291, Energy: -1.03390e+02 (-1.03284e+02), Variance: 1.49944e+02 (1.87284e+02), Accept ratio: 0.46769, 
INFO:root:Epoch   292, Energy: -1.03117e+02 (-1.02962e+02), Variance: 1.49226e+02 (2.06959e+02), Accept ratio: 0.47443, 
INFO:root:Epoch   293, Energy: -1.03182e+02 (-1.03057e+02), Variance: 1.56890e+02 (2.31764e+02), Accept ratio: 0.46874, 
INFO:root:Epoch   294, Energy: -1.03251e+02 (-1.03064e+02), Variance: 1.87560e+02 (2.83029e+02), Accept ratio: 0.46138, 
INFO:root:Epoch   295, Energy: -1.03249e+02 (-1.03000e+02), Variance: 1.37124e+02 (1.66593e+02), Accept ratio: 0.46589, 
INFO:root:Epoch   296, Energy: -1.03441e+02 (-1.03222e+02), Variance: 1.63503e+02 (2.10900e+02), Accept ratio: 0.46733, 
INFO:root:Epoch   297, Energy: -1.03829e+02 (-1.03959e+02), Variance: 1.67964e+02 (3.74971e+02), Accept ratio: 0.47088, 
INFO:root:Epoch   298, Energy: -1.03744e+02 (-1.03648e+02), Variance: 1.58766e+02 (2.29558e+02), Accept ratio: 0.47141, 
INFO:root:Epoch   299, Energy: -1.03500e+02 (-1.03207e+02), Variance: 1.51512e+02 (1.97092e+02), Accept ratio: 0.47233, 
INFO:root:Epoch   300, Energy: -1.03569e+02 (-1.03376e+02), Variance: 1.56654e+02 (2.24990e+02), Accept ratio: 0.45687, , best weights saved
INFO:root:Epoch   301, Energy: -1.03801e+02 (-1.03549e+02), Variance: 1.69093e+02 (2.27056e+02), Accept ratio: 0.46402, 
INFO:root:Epoch   302, Energy: -1.04142e+02 (-1.04462e+02), Variance: 1.54805e+02 (3.29732e+02), Accept ratio: 0.45861, 
INFO:root:Epoch   303, Energy: -1.04351e+02 (-1.04238e+02), Variance: 1.40146e+02 (1.90418e+02), Accept ratio: 0.45613, 
INFO:root:Epoch   304, Energy: -1.03888e+02 (-1.03746e+02), Variance: 1.44560e+02 (1.99906e+02), Accept ratio: 0.45553, 
INFO:root:Epoch   305, Energy: -1.03899e+02 (-1.03660e+02), Variance: 1.42492e+02 (2.06548e+02), Accept ratio: 0.46525, 
INFO:root:Epoch   306, Energy: -1.03746e+02 (-1.03449e+02), Variance: 1.37175e+02 (1.76494e+02), Accept ratio: 0.45981, 
INFO:root:Epoch   307, Energy: -1.04397e+02 (-1.04487e+02), Variance: 1.57496e+02 (2.22239e+02), Accept ratio: 0.46297, 
INFO:root:Epoch   308, Energy: -1.04032e+02 (-1.03982e+02), Variance: 1.48500e+02 (2.26402e+02), Accept ratio: 0.46340, 
INFO:root:Epoch   309, Energy: -1.04291e+02 (-1.04233e+02), Variance: 1.46541e+02 (2.52835e+02), Accept ratio: 0.46226, 
INFO:root:Epoch   310, Energy: -1.04343e+02 (-1.04280e+02), Variance: 1.33173e+02 (2.23747e+02), Accept ratio: 0.45933, 
INFO:root:Epoch   311, Energy: -1.04756e+02 (-1.05013e+02), Variance: 1.55613e+02 (2.68908e+02), Accept ratio: 0.45933, 
INFO:root:Epoch   312, Energy: -1.05008e+02 (-1.05328e+02), Variance: 1.67209e+02 (3.37716e+02), Accept ratio: 0.45834, 
INFO:root:Epoch   313, Energy: -1.04699e+02 (-1.04512e+02), Variance: 1.22434e+02 (1.77662e+02), Accept ratio: 0.45902, 
INFO:root:Epoch   314, Energy: -1.05151e+02 (-1.04959e+02), Variance: 1.30922e+02 (1.76431e+02), Accept ratio: 0.45060, 
INFO:root:Epoch   315, Energy: -1.05101e+02 (-1.05351e+02), Variance: 1.36058e+02 (3.25063e+02), Accept ratio: 0.45477, 
INFO:root:Epoch   316, Energy: -1.04700e+02 (-1.04516e+02), Variance: 1.11892e+02 (1.41235e+02), Accept ratio: 0.45364, 
INFO:root:Epoch   317, Energy: -1.04830e+02 (-1.05181e+02), Variance: 1.23676e+02 (2.44844e+02), Accept ratio: 0.45558, 
INFO:root:Epoch   318, Energy: -1.05204e+02 (-1.05070e+02), Variance: 1.14267e+02 (1.58386e+02), Accept ratio: 0.44950, 
INFO:root:Epoch   319, Energy: -1.05592e+02 (-1.05735e+02), Variance: 1.24924e+02 (2.25337e+02), Accept ratio: 0.45819, 
INFO:root:Epoch   320, Energy: -1.05249e+02 (-1.05119e+02), Variance: 1.13753e+02 (1.59378e+02), Accept ratio: 0.45817, 
INFO:root:Epoch   321, Energy: -1.05107e+02 (-1.05321e+02), Variance: 1.11768e+02 (2.52726e+02), Accept ratio: 0.45408, 
INFO:root:Epoch   322, Energy: -1.05764e+02 (-1.05783e+02), Variance: 1.22065e+02 (1.99355e+02), Accept ratio: 0.45422, 
INFO:root:Epoch   323, Energy: -1.05551e+02 (-1.05284e+02), Variance: 1.18050e+02 (2.64352e+02), Accept ratio: 0.45313, 
INFO:root:Epoch   324, Energy: -1.06026e+02 (-1.06333e+02), Variance: 1.28776e+02 (4.05147e+02), Accept ratio: 0.45491, 
INFO:root:Epoch   325, Energy: -1.05498e+02 (-1.05338e+02), Variance: 1.20415e+02 (2.24295e+02), Accept ratio: 0.45601, 
INFO:root:Epoch   326, Energy: -1.05606e+02 (-1.05252e+02), Variance: 1.28463e+02 (2.52257e+02), Accept ratio: 0.44337, 
INFO:root:Epoch   327, Energy: -1.05388e+02 (-1.04908e+02), Variance: 1.07680e+02 (1.99085e+02), Accept ratio: 0.45744, 
INFO:root:Epoch   328, Energy: -1.05684e+02 (-1.05471e+02), Variance: 1.06654e+02 (1.66641e+02), Accept ratio: 0.45549, 
INFO:root:Epoch   329, Energy: -1.05961e+02 (-1.05651e+02), Variance: 1.08105e+02 (1.59234e+02), Accept ratio: 0.44666, 
INFO:root:Epoch   330, Energy: -1.06400e+02 (-1.06283e+02), Variance: 1.15980e+02 (1.79991e+02), Accept ratio: 0.44836, 
INFO:root:Epoch   331, Energy: -1.06103e+02 (-1.06067e+02), Variance: 1.03312e+02 (1.90871e+02), Accept ratio: 0.45393, 
INFO:root:Epoch   332, Energy: -1.05923e+02 (-1.05837e+02), Variance: 1.08335e+02 (1.85631e+02), Accept ratio: 0.45328, 
INFO:root:Epoch   333, Energy: -1.06150e+02 (-1.05969e+02), Variance: 1.07700e+02 (1.59109e+02), Accept ratio: 0.45227, 
INFO:root:Epoch   334, Energy: -1.06501e+02 (-1.06693e+02), Variance: 9.72365e+01 (1.86103e+02), Accept ratio: 0.45002, 
INFO:root:Epoch   335, Energy: -1.06393e+02 (-1.06468e+02), Variance: 1.01368e+02 (2.17020e+02), Accept ratio: 0.45172, 
INFO:root:Epoch   336, Energy: -1.06646e+02 (-1.06692e+02), Variance: 1.06384e+02 (1.76529e+02), Accept ratio: 0.44449, 
INFO:root:Epoch   337, Energy: -1.06051e+02 (-1.05875e+02), Variance: 9.19957e+01 (1.47803e+02), Accept ratio: 0.44429, 
INFO:root:Epoch   338, Energy: -1.06009e+02 (-1.05727e+02), Variance: 9.70183e+01 (1.40639e+02), Accept ratio: 0.44487, 
INFO:root:Epoch   339, Energy: -1.06325e+02 (-1.06877e+02), Variance: 1.06482e+02 (6.35132e+02), Accept ratio: 0.44271, 
INFO:root:Epoch   340, Energy: -1.05884e+02 (-1.05543e+02), Variance: 8.78029e+01 (1.58558e+02), Accept ratio: 0.45235, 
INFO:root:Epoch   341, Energy: -1.06121e+02 (-1.05802e+02), Variance: 8.94732e+01 (1.58762e+02), Accept ratio: 0.48842, 
INFO:root:Epoch   342, Energy: -1.06424e+02 (-1.06304e+02), Variance: 1.01021e+02 (1.51854e+02), Accept ratio: 0.49607, 
INFO:root:Epoch   343, Energy: -1.06653e+02 (-1.06488e+02), Variance: 9.95792e+01 (1.76260e+02), Accept ratio: 0.48277, 
INFO:root:Epoch   344, Energy: -1.06508e+02 (-1.06906e+02), Variance: 9.94346e+01 (3.56037e+02), Accept ratio: 0.49630, 
INFO:root:Epoch   345, Energy: -1.06637e+02 (-1.06383e+02), Variance: 8.93827e+01 (1.65747e+02), Accept ratio: 0.49075, 
INFO:root:Epoch   346, Energy: -1.06925e+02 (-1.06657e+02), Variance: 8.76679e+01 (1.30955e+02), Accept ratio: 0.49116, 
INFO:root:Epoch   347, Energy: -1.07154e+02 (-1.06766e+02), Variance: 9.48243e+01 (1.47292e+02), Accept ratio: 0.48680, 
INFO:root:Epoch   348, Energy: -1.06872e+02 (-1.06571e+02), Variance: 8.80004e+01 (1.48508e+02), Accept ratio: 0.48548, 
INFO:root:Epoch   349, Energy: -1.06747e+02 (-1.06542e+02), Variance: 8.99359e+01 (1.46346e+02), Accept ratio: 0.48572, 
INFO:root:Epoch   350, Energy: -1.07151e+02 (-1.06748e+02), Variance: 7.74136e+01 (1.22762e+02), Accept ratio: 0.48152, 
INFO:root:Epoch   351, Energy: -1.06800e+02 (-1.06434e+02), Variance: 8.17991e+01 (1.35416e+02), Accept ratio: 0.48532, 
INFO:root:Epoch   352, Energy: -1.07168e+02 (-1.07028e+02), Variance: 8.93189e+01 (2.96585e+02), Accept ratio: 0.48284, 
INFO:root:Epoch   353, Energy: -1.07417e+02 (-1.07197e+02), Variance: 9.50663e+01 (1.72736e+02), Accept ratio: 0.48831, 
INFO:root:Epoch   354, Energy: -1.07076e+02 (-1.07077e+02), Variance: 8.13205e+01 (2.18988e+02), Accept ratio: 0.48792, 
INFO:root:Epoch   355, Energy: -1.06956e+02 (-1.06725e+02), Variance: 7.44703e+01 (1.70480e+02), Accept ratio: 0.49274, 
INFO:root:Epoch   356, Energy: -1.07078e+02 (-1.06754e+02), Variance: 7.28401e+01 (1.14935e+02), Accept ratio: 0.48352, 
INFO:root:Epoch   357, Energy: -1.07046e+02 (-1.06694e+02), Variance: 8.42841e+01 (1.59894e+02), Accept ratio: 0.48825, 
INFO:root:Epoch   358, Energy: -1.07161e+02 (-1.06595e+02), Variance: 9.45001e+01 (1.84808e+02), Accept ratio: 0.47933, 
INFO:root:Epoch   359, Energy: -1.07351e+02 (-1.06873e+02), Variance: 7.03799e+01 (1.25348e+02), Accept ratio: 0.49533, 
INFO:root:Epoch   360, Energy: -1.07028e+02 (-1.06417e+02), Variance: 8.63261e+01 (2.03042e+02), Accept ratio: 0.48813, 
INFO:root:Epoch   361, Energy: -1.07192e+02 (-1.06721e+02), Variance: 8.05917e+01 (1.38400e+02), Accept ratio: 0.47964, 
INFO:root:Epoch   362, Energy: -1.07287e+02 (-1.06830e+02), Variance: 8.09172e+01 (1.59623e+02), Accept ratio: 0.48333, 
INFO:root:Epoch   363, Energy: -1.07259e+02 (-1.07169e+02), Variance: 7.68158e+01 (2.66655e+02), Accept ratio: 0.49131, 
INFO:root:Epoch   364, Energy: -1.07521e+02 (-1.07457e+02), Variance: 8.12208e+01 (1.60868e+02), Accept ratio: 0.48442, 
INFO:root:Epoch   365, Energy: -1.07110e+02 (-1.06794e+02), Variance: 7.64857e+01 (1.55830e+02), Accept ratio: 0.48171, 
INFO:root:Epoch   366, Energy: -1.07395e+02 (-1.07131e+02), Variance: 8.11311e+01 (1.45394e+02), Accept ratio: 0.48795, 
INFO:root:Epoch   367, Energy: -1.07520e+02 (-1.07275e+02), Variance: 8.02980e+01 (1.38886e+02), Accept ratio: 0.48789, 
INFO:root:Epoch   368, Energy: -1.07482e+02 (-1.07268e+02), Variance: 6.95289e+01 (1.15874e+02), Accept ratio: 0.48235, 
INFO:root:Epoch   369, Energy: -1.07785e+02 (-1.07745e+02), Variance: 7.62722e+01 (1.66558e+02), Accept ratio: 0.48676, 
INFO:root:Epoch   370, Energy: -1.07704e+02 (-1.07750e+02), Variance: 8.71068e+01 (1.78962e+02), Accept ratio: 0.48693, 
INFO:root:Epoch   371, Energy: -1.07678e+02 (-1.07331e+02), Variance: 7.08169e+01 (1.08580e+02), Accept ratio: 0.48131, 
INFO:root:Epoch   372, Energy: -1.07460e+02 (-1.07141e+02), Variance: 7.59797e+01 (1.14920e+02), Accept ratio: 0.48495, 
INFO:root:Epoch   373, Energy: -1.07508e+02 (-1.07528e+02), Variance: 7.55098e+01 (2.04377e+02), Accept ratio: 0.48593, 
INFO:root:Epoch   374, Energy: -1.07892e+02 (-1.07622e+02), Variance: 6.42477e+01 (1.27411e+02), Accept ratio: 0.48752, 
INFO:root:Epoch   375, Energy: -1.07583e+02 (-1.07287e+02), Variance: 6.84057e+01 (1.29817e+02), Accept ratio: 0.48741, 
INFO:root:Epoch   376, Energy: -1.08171e+02 (-1.07722e+02), Variance: 7.37474e+01 (1.42691e+02), Accept ratio: 0.48498, 
INFO:root:Epoch   377, Energy: -1.08083e+02 (-1.07854e+02), Variance: 6.27527e+01 (1.13935e+02), Accept ratio: 0.48622, 
INFO:root:Epoch   378, Energy: -1.08056e+02 (-1.07645e+02), Variance: 6.90153e+01 (1.27090e+02), Accept ratio: 0.48939, 
INFO:root:Epoch   379, Energy: -1.07990e+02 (-1.08006e+02), Variance: 7.27060e+01 (1.74326e+02), Accept ratio: 0.47821, 
INFO:root:Epoch   380, Energy: -1.08515e+02 (-1.08289e+02), Variance: 6.53292e+01 (1.13764e+02), Accept ratio: 0.48476, 
INFO:root:Epoch   381, Energy: -1.08048e+02 (-1.07757e+02), Variance: 5.86443e+01 (1.07083e+02), Accept ratio: 0.48600, 
INFO:root:Epoch   382, Energy: -1.08561e+02 (-1.08138e+02), Variance: 5.99508e+01 (1.20881e+02), Accept ratio: 0.48073, 
INFO:root:Epoch   383, Energy: -1.08513e+02 (-1.08119e+02), Variance: 6.39352e+01 (1.92739e+02), Accept ratio: 0.47735, 
INFO:root:Epoch   384, Energy: -1.08193e+02 (-1.07773e+02), Variance: 6.34208e+01 (1.25348e+02), Accept ratio: 0.48450, 
INFO:root:Epoch   385, Energy: -1.08132e+02 (-1.07743e+02), Variance: 7.69098e+01 (2.29840e+02), Accept ratio: 0.47421, 
INFO:root:Epoch   386, Energy: -1.08152e+02 (-1.07851e+02), Variance: 6.37755e+01 (1.00874e+02), Accept ratio: 0.48042, 
INFO:root:Epoch   387, Energy: -1.08083e+02 (-1.07913e+02), Variance: 6.65456e+01 (9.55362e+01), Accept ratio: 0.48309, 
INFO:root:Epoch   388, Energy: -1.08350e+02 (-1.08134e+02), Variance: 6.67988e+01 (1.02319e+02), Accept ratio: 0.47771, 
INFO:root:Epoch   389, Energy: -1.08480e+02 (-1.08772e+02), Variance: 6.48770e+01 (4.61467e+02), Accept ratio: 0.48173, 
INFO:root:Epoch   390, Energy: -1.08065e+02 (-1.07882e+02), Variance: 6.04671e+01 (1.06669e+02), Accept ratio: 0.47623, 
INFO:root:Epoch   391, Energy: -1.07917e+02 (-1.07821e+02), Variance: 5.85684e+01 (9.50864e+01), Accept ratio: 0.48589, 
INFO:root:Epoch   392, Energy: -1.08681e+02 (-1.08580e+02), Variance: 6.37284e+01 (1.13592e+02), Accept ratio: 0.49144, 
INFO:root:Epoch   393, Energy: -1.08464e+02 (-1.07858e+02), Variance: 5.50600e+01 (1.94146e+02), Accept ratio: 0.48083, 
INFO:root:Epoch   394, Energy: -1.08397e+02 (-1.08280e+02), Variance: 5.86846e+01 (1.24642e+02), Accept ratio: 0.48924, 
INFO:root:Epoch   395, Energy: -1.08279e+02 (-1.08191e+02), Variance: 6.02587e+01 (1.09003e+02), Accept ratio: 0.47927, 
INFO:root:Epoch   396, Energy: -1.08384e+02 (-1.08238e+02), Variance: 6.30908e+01 (8.78413e+01), Accept ratio: 0.48180, 
INFO:root:Epoch   397, Energy: -1.08543e+02 (-1.08540e+02), Variance: 6.15248e+01 (1.13148e+02), Accept ratio: 0.49108, 
INFO:root:Epoch   398, Energy: -1.08593e+02 (-1.08979e+02), Variance: 5.99604e+01 (2.01900e+02), Accept ratio: 0.48194, 
INFO:root:Epoch   399, Energy: -1.08813e+02 (-1.08878e+02), Variance: 5.44141e+01 (9.91558e+01), Accept ratio: 0.48388, 
INFO:root:Epoch   400, Energy: -1.08719e+02 (-1.08372e+02), Variance: 6.03382e+01 (1.19341e+02), Accept ratio: 0.47512, , best weights saved
INFO:root:Epoch   401, Energy: -1.08636e+02 (-1.08625e+02), Variance: 5.00435e+01 (1.19172e+02), Accept ratio: 0.48271, 
INFO:root:Epoch   402, Energy: -1.08399e+02 (-1.08298e+02), Variance: 4.70309e+01 (8.56897e+01), Accept ratio: 0.48121, 
INFO:root:Epoch   403, Energy: -1.08123e+02 (-1.07674e+02), Variance: 5.89359e+01 (1.44784e+02), Accept ratio: 0.47994, 
INFO:root:Epoch   404, Energy: -1.08325e+02 (-1.08070e+02), Variance: 6.16313e+01 (1.64269e+02), Accept ratio: 0.48762, 
INFO:root:Epoch   405, Energy: -1.08621e+02 (-1.08323e+02), Variance: 5.55642e+01 (1.41739e+02), Accept ratio: 0.48741, 
INFO:root:Epoch   406, Energy: -1.08743e+02 (-1.08546e+02), Variance: 5.34499e+01 (7.80971e+01), Accept ratio: 0.48042, 
INFO:root:Epoch   407, Energy: -1.08885e+02 (-1.08813e+02), Variance: 5.40466e+01 (9.90856e+01), Accept ratio: 0.48219, 
INFO:root:Epoch   408, Energy: -1.08934e+02 (-1.08806e+02), Variance: 5.43894e+01 (8.98549e+01), Accept ratio: 0.48005, 
INFO:root:Epoch   409, Energy: -1.08587e+02 (-1.08496e+02), Variance: 5.15297e+01 (1.03751e+02), Accept ratio: 0.47856, 
INFO:root:Epoch   410, Energy: -1.08700e+02 (-1.08472e+02), Variance: 5.40007e+01 (7.94987e+01), Accept ratio: 0.48268, 
INFO:root:Epoch   411, Energy: -1.09059e+02 (-1.08984e+02), Variance: 5.16277e+01 (9.01978e+01), Accept ratio: 0.48233, 
INFO:root:Epoch   412, Energy: -1.08790e+02 (-1.08741e+02), Variance: 5.23975e+01 (8.81233e+01), Accept ratio: 0.47419, 
INFO:root:Epoch   413, Energy: -1.08780e+02 (-1.08446e+02), Variance: 4.91823e+01 (8.94388e+01), Accept ratio: 0.47678, 
INFO:root:Epoch   414, Energy: -1.08695e+02 (-1.08436e+02), Variance: 4.97970e+01 (8.77455e+01), Accept ratio: 0.47461, 
INFO:root:Epoch   415, Energy: -1.08759e+02 (-1.08564e+02), Variance: 4.39890e+01 (7.13320e+01), Accept ratio: 0.47610, 
INFO:root:Epoch   416, Energy: -1.08871e+02 (-1.08507e+02), Variance: 4.64583e+01 (7.78124e+01), Accept ratio: 0.47913, 
INFO:root:Epoch   417, Energy: -1.09029e+02 (-1.08728e+02), Variance: 4.51476e+01 (7.15447e+01), Accept ratio: 0.48409, 
INFO:root:Epoch   418, Energy: -1.09239e+02 (-1.09283e+02), Variance: 5.01766e+01 (1.40910e+02), Accept ratio: 0.47939, 
INFO:root:Epoch   419, Energy: -1.09027e+02 (-1.08726e+02), Variance: 4.19662e+01 (1.71982e+02), Accept ratio: 0.47926, 
INFO:root:Epoch   420, Energy: -1.09147e+02 (-1.08888e+02), Variance: 5.02433e+01 (9.72188e+01), Accept ratio: 0.47886, 
INFO:root:Epoch   421, Energy: -1.09097e+02 (-1.08797e+02), Variance: 5.15570e+01 (1.25268e+02), Accept ratio: 0.48693, 
INFO:root:Epoch   422, Energy: -1.08991e+02 (-1.08622e+02), Variance: 4.24963e+01 (9.39171e+01), Accept ratio: 0.47665, 
INFO:root:Epoch   423, Energy: -1.09118e+02 (-1.08939e+02), Variance: 4.24800e+01 (8.44411e+01), Accept ratio: 0.47219, 
INFO:root:Epoch   424, Energy: -1.09266e+02 (-1.09075e+02), Variance: 4.24579e+01 (8.29109e+01), Accept ratio: 0.47732, 
INFO:root:Epoch   425, Energy: -1.09131e+02 (-1.08788e+02), Variance: 4.43389e+01 (8.86801e+01), Accept ratio: 0.47803, 
INFO:root:Epoch   426, Energy: -1.09128e+02 (-1.08945e+02), Variance: 4.36380e+01 (8.77410e+01), Accept ratio: 0.47024, 
INFO:root:Epoch   427, Energy: -1.09322e+02 (-1.09340e+02), Variance: 4.32952e+01 (1.30156e+02), Accept ratio: 0.48244, 
INFO:root:Epoch   428, Energy: -1.09037e+02 (-1.09155e+02), Variance: 4.16810e+01 (1.57241e+02), Accept ratio: 0.47654, 
INFO:root:Epoch   429, Energy: -1.09200e+02 (-1.08809e+02), Variance: 4.66926e+01 (9.65919e+01), Accept ratio: 0.47716, 
INFO:root:Epoch   430, Energy: -1.09255e+02 (-1.08997e+02), Variance: 4.42701e+01 (1.03882e+02), Accept ratio: 0.47386, 
INFO:root:Epoch   431, Energy: -1.09242e+02 (-1.09180e+02), Variance: 4.10611e+01 (1.18095e+02), Accept ratio: 0.47521, 
INFO:root:Epoch   432, Energy: -1.09434e+02 (-1.09308e+02), Variance: 3.67760e+01 (7.11584e+01), Accept ratio: 0.47380, 
INFO:root:Epoch   433, Energy: -1.09484e+02 (-1.09219e+02), Variance: 3.93116e+01 (6.26338e+01), Accept ratio: 0.47510, 
INFO:root:Epoch   434, Energy: -1.09329e+02 (-1.08806e+02), Variance: 3.67997e+01 (1.01377e+02), Accept ratio: 0.47712, 
INFO:root:Epoch   435, Energy: -1.09589e+02 (-1.09291e+02), Variance: 3.75206e+01 (9.87589e+01), Accept ratio: 0.48142, 
INFO:root:Epoch   436, Energy: -1.09313e+02 (-1.09000e+02), Variance: 3.25411e+01 (5.63134e+01), Accept ratio: 0.47366, 
INFO:root:Epoch   437, Energy: -1.09270e+02 (-1.08922e+02), Variance: 3.90835e+01 (8.96204e+01), Accept ratio: 0.47671, 
INFO:root:Epoch   438, Energy: -1.09514e+02 (-1.09361e+02), Variance: 3.95574e+01 (6.98005e+01), Accept ratio: 0.47090, 
INFO:root:Epoch   439, Energy: -1.09100e+02 (-1.08895e+02), Variance: 4.08101e+01 (9.79513e+01), Accept ratio: 0.47868, 
INFO:root:Epoch   440, Energy: -1.09245e+02 (-1.08732e+02), Variance: 3.99932e+01 (1.06773e+02), Accept ratio: 0.47284, 
INFO:root:Epoch   441, Energy: -1.09235e+02 (-1.08928e+02), Variance: 4.29774e+01 (9.74316e+01), Accept ratio: 0.47355, 
INFO:root:Epoch   442, Energy: -1.09616e+02 (-1.09468e+02), Variance: 3.97808e+01 (7.63952e+01), Accept ratio: 0.47510, 
INFO:root:Epoch   443, Energy: -1.09537e+02 (-1.09370e+02), Variance: 3.93469e+01 (7.26791e+01), Accept ratio: 0.47870, 
INFO:root:Epoch   444, Energy: -1.09485e+02 (-1.09046e+02), Variance: 3.60698e+01 (1.00457e+02), Accept ratio: 0.47554, 
INFO:root:Epoch   445, Energy: -1.09260e+02 (-1.09106e+02), Variance: 3.34459e+01 (1.14237e+02), Accept ratio: 0.47463, 
INFO:root:Epoch   446, Energy: -1.09504e+02 (-1.09266e+02), Variance: 3.69291e+01 (8.64183e+01), Accept ratio: 0.47500, 
INFO:root:Epoch   447, Energy: -1.09704e+02 (-1.09252e+02), Variance: 3.29840e+01 (1.24093e+02), Accept ratio: 0.47451, 
INFO:root:Epoch   448, Energy: -1.09449e+02 (-1.08779e+02), Variance: 3.92123e+01 (2.25462e+02), Accept ratio: 0.47468, 
INFO:root:Epoch   449, Energy: -1.09421e+02 (-1.08827e+02), Variance: 3.52131e+01 (1.43445e+02), Accept ratio: 0.47604, 
INFO:root:Epoch   450, Energy: -1.09382e+02 (-1.09099e+02), Variance: 3.98582e+01 (6.68062e+01), Accept ratio: 0.47199, 
INFO:root:Epoch   451, Energy: -1.09288e+02 (-1.08935e+02), Variance: 3.49760e+01 (7.03309e+01), Accept ratio: 0.47816, 
INFO:root:Epoch   452, Energy: -1.09508e+02 (-1.09275e+02), Variance: 3.42971e+01 (7.44752e+01), Accept ratio: 0.48061, 
INFO:root:Epoch   453, Energy: -1.09367e+02 (-1.09023e+02), Variance: 2.98393e+01 (6.27750e+01), Accept ratio: 0.47272, 
INFO:root:Epoch   454, Energy: -1.09605e+02 (-1.09373e+02), Variance: 3.00297e+01 (5.11356e+01), Accept ratio: 0.47434, 
INFO:root:Epoch   455, Energy: -1.09792e+02 (-1.09552e+02), Variance: 3.00738e+01 (6.09853e+01), Accept ratio: 0.47984, 
INFO:root:Epoch   456, Energy: -1.09981e+02 (-1.09874e+02), Variance: 3.39718e+01 (7.07954e+01), Accept ratio: 0.47797, 
INFO:root:Epoch   457, Energy: -1.10020e+02 (-1.09682e+02), Variance: 3.18535e+01 (5.74925e+01), Accept ratio: 0.47759, 
INFO:root:Epoch   458, Energy: -1.09812e+02 (-1.09711e+02), Variance: 3.09492e+01 (5.44708e+01), Accept ratio: 0.47586, 
INFO:root:Epoch   459, Energy: -1.09877e+02 (-1.09729e+02), Variance: 2.98653e+01 (6.24568e+01), Accept ratio: 0.47837, 
INFO:root:Epoch   460, Energy: -1.09429e+02 (-1.09168e+02), Variance: 3.31842e+01 (5.72107e+01), Accept ratio: 0.47688, 
INFO:root:Epoch   461, Energy: -1.09674e+02 (-1.09598e+02), Variance: 3.25633e+01 (8.80098e+01), Accept ratio: 0.47391, 
INFO:root:Epoch   462, Energy: -1.09616e+02 (-1.09467e+02), Variance: 3.31234e+01 (7.10364e+01), Accept ratio: 0.47364, 
INFO:root:Epoch   463, Energy: -1.09704e+02 (-1.09555e+02), Variance: 3.02385e+01 (5.23450e+01), Accept ratio: 0.47064, 
INFO:root:Epoch   464, Energy: -1.09536e+02 (-1.09250e+02), Variance: 2.93248e+01 (5.22530e+01), Accept ratio: 0.46912, 
INFO:root:Epoch   465, Energy: -1.09758e+02 (-1.09639e+02), Variance: 3.00178e+01 (5.07968e+01), Accept ratio: 0.47845, 
INFO:root:Epoch   466, Energy: -1.09696e+02 (-1.09519e+02), Variance: 2.79265e+01 (4.90962e+01), Accept ratio: 0.47701, 
INFO:root:Epoch   467, Energy: -1.10030e+02 (-1.10113e+02), Variance: 2.78240e+01 (6.63087e+01), Accept ratio: 0.47749, 
INFO:root:Epoch   468, Energy: -1.10054e+02 (-1.09865e+02), Variance: 2.17194e+01 (3.87544e+01), Accept ratio: 0.47857, 
INFO:root:Epoch   469, Energy: -1.10072e+02 (-1.10002e+02), Variance: 2.45498e+01 (4.73227e+01), Accept ratio: 0.46814, 
INFO:root:Epoch   470, Energy: -1.10091e+02 (-1.10012e+02), Variance: 2.75012e+01 (5.92381e+01), Accept ratio: 0.48415, 
INFO:root:Epoch   471, Energy: -1.10094e+02 (-1.10297e+02), Variance: 2.67415e+01 (1.23971e+02), Accept ratio: 0.47083, 
INFO:root:Epoch   472, Energy: -1.10094e+02 (-1.09938e+02), Variance: 2.33007e+01 (5.03391e+01), Accept ratio: 0.47550, 
INFO:root:Epoch   473, Energy: -1.10136e+02 (-1.09920e+02), Variance: 2.44354e+01 (6.10173e+01), Accept ratio: 0.47381, 
INFO:root:Epoch   474, Energy: -1.10139e+02 (-1.10164e+02), Variance: 2.49906e+01 (9.42420e+01), Accept ratio: 0.46970, 
INFO:root:Epoch   475, Energy: -1.10154e+02 (-1.09966e+02), Variance: 2.31155e+01 (3.55570e+01), Accept ratio: 0.47291, 
INFO:root:Epoch   476, Energy: -1.10461e+02 (-1.10993e+02), Variance: 3.16219e+01 (2.40276e+02), Accept ratio: 0.46967, 
INFO:root:Epoch   477, Energy: -1.10268e+02 (-1.10041e+02), Variance: 2.70883e+01 (4.69698e+01), Accept ratio: 0.47298, 
INFO:root:Epoch   478, Energy: -1.10096e+02 (-1.10429e+02), Variance: 2.67767e+01 (2.19617e+02), Accept ratio: 0.47107, 
INFO:root:Epoch   479, Energy: -1.10376e+02 (-1.10263e+02), Variance: 2.34458e+01 (3.64673e+01), Accept ratio: 0.48096, 
INFO:root:Epoch   480, Energy: -1.10248e+02 (-1.10169e+02), Variance: 2.12537e+01 (3.79441e+01), Accept ratio: 0.47409, 
INFO:root:Epoch   481, Energy: -1.10379e+02 (-1.10577e+02), Variance: 2.67917e+01 (6.64202e+01), Accept ratio: 0.47401, 
INFO:root:Epoch   482, Energy: -1.10109e+02 (-1.10169e+02), Variance: 2.29132e+01 (4.08683e+01), Accept ratio: 0.46560, 
INFO:root:Epoch   483, Energy: -1.10331e+02 (-1.10397e+02), Variance: 2.32277e+01 (4.86473e+01), Accept ratio: 0.46763, 
INFO:root:Epoch   484, Energy: -1.10147e+02 (-1.10088e+02), Variance: 2.11838e+01 (3.21916e+01), Accept ratio: 0.47031, 
INFO:root:Epoch   485, Energy: -1.10298e+02 (-1.10196e+02), Variance: 2.63549e+01 (4.16795e+01), Accept ratio: 0.47655, 
INFO:root:Epoch   486, Energy: -1.10248e+02 (-1.10228e+02), Variance: 2.71936e+01 (4.65696e+01), Accept ratio: 0.47015, 
INFO:root:Epoch   487, Energy: -1.10223e+02 (-1.10151e+02), Variance: 2.20014e+01 (4.32470e+01), Accept ratio: 0.47356, 
INFO:root:Epoch   488, Energy: -1.10192e+02 (-1.10059e+02), Variance: 2.39673e+01 (3.73589e+01), Accept ratio: 0.47531, 
INFO:root:Epoch   489, Energy: -1.10198e+02 (-1.10284e+02), Variance: 2.78132e+01 (1.00198e+02), Accept ratio: 0.47349, 
INFO:root:Epoch   490, Energy: -1.10280e+02 (-1.09960e+02), Variance: 2.45538e+01 (1.08642e+02), Accept ratio: 0.46938, 
INFO:root:Epoch   491, Energy: -1.10145e+02 (-1.09657e+02), Variance: 2.60636e+01 (1.12868e+02), Accept ratio: 0.47638, 
INFO:root:Epoch   492, Energy: -1.10268e+02 (-1.10201e+02), Variance: 2.29896e+01 (3.69596e+01), Accept ratio: 0.46594, 
INFO:root:Epoch   493, Energy: -1.10137e+02 (-1.10024e+02), Variance: 2.60232e+01 (4.46391e+01), Accept ratio: 0.46962, 
INFO:root:Epoch   494, Energy: -1.10099e+02 (-1.09806e+02), Variance: 2.52912e+01 (7.55531e+01), Accept ratio: 0.46518, 
INFO:root:Epoch   495, Energy: -1.10293e+02 (-1.10105e+02), Variance: 2.57766e+01 (1.06993e+02), Accept ratio: 0.46912, 
INFO:root:Epoch   496, Energy: -1.10418e+02 (-1.10345e+02), Variance: 2.56221e+01 (4.76749e+01), Accept ratio: 0.47624, 
INFO:root:Epoch   497, Energy: -1.10335e+02 (-1.10303e+02), Variance: 2.55031e+01 (4.23888e+01), Accept ratio: 0.47603, 
INFO:root:Epoch   498, Energy: -1.10307e+02 (-1.10368e+02), Variance: 2.88933e+01 (4.75484e+01), Accept ratio: 0.47875, 
INFO:root:Epoch   499, Energy: -1.10467e+02 (-1.10414e+02), Variance: 2.38327e+01 (3.27060e+01), Accept ratio: 0.47509, 
INFO:root:Epoch   500, Energy: -1.10489e+02 (-1.10547e+02), Variance: 2.55611e+01 (4.29576e+01), Accept ratio: 0.46811, , best weights saved
INFO:root:Epoch   501, Energy: -1.10262e+02 (-1.10190e+02), Variance: 2.33486e+01 (4.42995e+01), Accept ratio: 0.46999, 
INFO:root:Epoch   502, Energy: -1.10414e+02 (-1.10575e+02), Variance: 2.35591e+01 (9.40004e+01), Accept ratio: 0.47114, 
INFO:root:Epoch   503, Energy: -1.10296e+02 (-1.10279e+02), Variance: 2.37347e+01 (5.45244e+01), Accept ratio: 0.47373, 
INFO:root:Epoch   504, Energy: -1.10177e+02 (-1.10101e+02), Variance: 2.34602e+01 (4.19290e+01), Accept ratio: 0.46868, 
INFO:root:Epoch   505, Energy: -1.10053e+02 (-1.09959e+02), Variance: 2.53319e+01 (4.24295e+01), Accept ratio: 0.46989, 
INFO:root:Epoch   506, Energy: -1.10125e+02 (-1.09999e+02), Variance: 2.64993e+01 (5.85938e+01), Accept ratio: 0.47523, 
INFO:root:Epoch   507, Energy: -1.10230e+02 (-1.10068e+02), Variance: 2.38618e+01 (3.81904e+01), Accept ratio: 0.47055, 
INFO:root:Epoch   508, Energy: -1.10189e+02 (-1.10114e+02), Variance: 2.31717e+01 (5.09741e+01), Accept ratio: 0.46752, 
INFO:root:Epoch   509, Energy: -1.10046e+02 (-1.09827e+02), Variance: 2.32197e+01 (4.23382e+01), Accept ratio: 0.46877, 
INFO:root:Epoch   510, Energy: -1.10127e+02 (-1.09831e+02), Variance: 2.64935e+01 (6.00471e+01), Accept ratio: 0.46621, 
INFO:root:Epoch   511, Energy: -1.10400e+02 (-1.10142e+02), Variance: 2.49231e+01 (4.98511e+01), Accept ratio: 0.46958, 
INFO:root:Epoch   512, Energy: -1.10278e+02 (-1.09809e+02), Variance: 2.74783e+01 (1.39321e+02), Accept ratio: 0.47317, 
INFO:root:Epoch   513, Energy: -1.10272e+02 (-1.10192e+02), Variance: 2.84251e+01 (9.92633e+01), Accept ratio: 0.47176, 
INFO:root:Epoch   514, Energy: -1.10294e+02 (-1.10432e+02), Variance: 2.42459e+01 (6.88478e+01), Accept ratio: 0.46981, 
INFO:root:Epoch   515, Energy: -1.10378e+02 (-1.10393e+02), Variance: 2.82798e+01 (1.13759e+02), Accept ratio: 0.47448, 
INFO:root:Epoch   516, Energy: -1.10613e+02 (-1.10658e+02), Variance: 2.27026e+01 (5.37112e+01), Accept ratio: 0.46899, 
INFO:root:Epoch   517, Energy: -1.10397e+02 (-1.10273e+02), Variance: 2.24895e+01 (3.94862e+01), Accept ratio: 0.47171, 
INFO:root:Epoch   518, Energy: -1.10637e+02 (-1.10499e+02), Variance: 2.13634e+01 (4.44213e+01), Accept ratio: 0.47063, 
INFO:root:Epoch   519, Energy: -1.10571e+02 (-1.10271e+02), Variance: 2.44759e+01 (6.21529e+01), Accept ratio: 0.47606, 
INFO:root:Epoch   520, Energy: -1.10468e+02 (-1.09801e+02), Variance: 2.86622e+01 (2.62156e+02), Accept ratio: 0.46410, 
INFO:root:Epoch   521, Energy: -1.10583e+02 (-1.10518e+02), Variance: 2.04528e+01 (5.34118e+01), Accept ratio: 0.46959, 
INFO:root:Epoch   522, Energy: -1.10587e+02 (-1.10554e+02), Variance: 2.25623e+01 (4.86043e+01), Accept ratio: 0.47287, 
INFO:root:Epoch   523, Energy: -1.10808e+02 (-1.10815e+02), Variance: 2.28906e+01 (5.44787e+01), Accept ratio: 0.46611, 
INFO:root:Epoch   524, Energy: -1.10644e+02 (-1.10692e+02), Variance: 2.26611e+01 (6.30832e+01), Accept ratio: 0.47056, 
INFO:root:Epoch   525, Energy: -1.10715e+02 (-1.10520e+02), Variance: 2.39404e+01 (4.96785e+01), Accept ratio: 0.46853, 
INFO:root:Epoch   526, Energy: -1.10726e+02 (-1.10549e+02), Variance: 2.14173e+01 (4.18627e+01), Accept ratio: 0.48048, 
INFO:root:Epoch   527, Energy: -1.10645e+02 (-1.10436e+02), Variance: 2.11778e+01 (4.49238e+01), Accept ratio: 0.47562, 
INFO:root:Epoch   528, Energy: -1.10395e+02 (-1.10157e+02), Variance: 2.26644e+01 (4.85078e+01), Accept ratio: 0.47422, 
INFO:root:Epoch   529, Energy: -1.10522e+02 (-1.10215e+02), Variance: 1.86185e+01 (4.06721e+01), Accept ratio: 0.47099, 
INFO:root:Epoch   530, Energy: -1.10758e+02 (-1.10629e+02), Variance: 2.08687e+01 (4.23975e+01), Accept ratio: 0.47250, 
INFO:root:Epoch   531, Energy: -1.10462e+02 (-1.10204e+02), Variance: 1.94535e+01 (3.72579e+01), Accept ratio: 0.47259, 
INFO:root:Epoch   532, Energy: -1.10601e+02 (-1.09911e+02), Variance: 2.07431e+01 (4.23794e+02), Accept ratio: 0.47373, 
INFO:root:Epoch   533, Energy: -1.10618e+02 (-1.10373e+02), Variance: 2.02511e+01 (4.68611e+01), Accept ratio: 0.47157, 
INFO:root:Epoch   534, Energy: -1.10408e+02 (-1.10244e+02), Variance: 1.71868e+01 (2.87889e+01), Accept ratio: 0.47202, 
INFO:root:Epoch   535, Energy: -1.10597e+02 (-1.10628e+02), Variance: 2.03561e+01 (6.41167e+01), Accept ratio: 0.46929, 
INFO:root:Epoch   536, Energy: -1.10463e+02 (-1.10333e+02), Variance: 1.94691e+01 (3.81148e+01), Accept ratio: 0.47017, 
INFO:root:Epoch   537, Energy: -1.10508e+02 (-1.10405e+02), Variance: 1.88525e+01 (3.03174e+01), Accept ratio: 0.47297, 
INFO:root:Epoch   538, Energy: -1.10772e+02 (-1.10684e+02), Variance: 2.01683e+01 (4.36971e+01), Accept ratio: 0.46864, 
INFO:root:Epoch   539, Energy: -1.10664e+02 (-1.10502e+02), Variance: 2.13830e+01 (4.92079e+01), Accept ratio: 0.46831, 
INFO:root:Epoch   540, Energy: -1.10780e+02 (-1.10526e+02), Variance: 1.99996e+01 (6.96517e+01), Accept ratio: 0.46938, 
INFO:root:Epoch   541, Energy: -1.10826e+02 (-1.10736e+02), Variance: 1.93623e+01 (4.57080e+01), Accept ratio: 0.47602, 
INFO:root:Epoch   542, Energy: -1.10704e+02 (-1.10539e+02), Variance: 1.91704e+01 (3.78685e+01), Accept ratio: 0.47389, 
INFO:root:Epoch   543, Energy: -1.10776e+02 (-1.10558e+02), Variance: 2.14724e+01 (4.97456e+01), Accept ratio: 0.47258, 
INFO:root:Epoch   544, Energy: -1.10586e+02 (-1.10449e+02), Variance: 1.91418e+01 (4.41811e+01), Accept ratio: 0.47090, 
INFO:root:Epoch   545, Energy: -1.10489e+02 (-1.10307e+02), Variance: 1.99685e+01 (4.13898e+01), Accept ratio: 0.47048, 
INFO:root:Epoch   546, Energy: -1.10533e+02 (-1.10165e+02), Variance: 2.07215e+01 (8.40451e+01), Accept ratio: 0.47555, 
INFO:root:Epoch   547, Energy: -1.10638e+02 (-1.10413e+02), Variance: 2.18554e+01 (6.49571e+01), Accept ratio: 0.47456, 
INFO:root:Epoch   548, Energy: -1.10524e+02 (-1.10222e+02), Variance: 2.24292e+01 (5.94614e+01), Accept ratio: 0.47474, 
INFO:root:Epoch   549, Energy: -1.10438e+02 (-1.10273e+02), Variance: 2.08689e+01 (3.70217e+01), Accept ratio: 0.47756, 
INFO:root:Epoch   550, Energy: -1.10644e+02 (-1.10554e+02), Variance: 1.95720e+01 (3.33995e+01), Accept ratio: 0.47498, 
INFO:root:Epoch   551, Energy: -1.10811e+02 (-1.10934e+02), Variance: 2.09666e+01 (7.01472e+01), Accept ratio: 0.46328, 
INFO:root:Epoch   552, Energy: -1.10807e+02 (-1.10265e+02), Variance: 1.95449e+01 (3.34673e+02), Accept ratio: 0.47804, 
INFO:root:Epoch   553, Energy: -1.10838e+02 (-1.10683e+02), Variance: 2.27755e+01 (4.97580e+01), Accept ratio: 0.46365, 
INFO:root:Epoch   554, Energy: -1.10883e+02 (-1.10925e+02), Variance: 2.20961e+01 (5.81383e+01), Accept ratio: 0.46647, 
INFO:root:Epoch   555, Energy: -1.10897e+02 (-1.10926e+02), Variance: 2.10285e+01 (5.76661e+01), Accept ratio: 0.46854, 
INFO:root:Epoch   556, Energy: -1.10695e+02 (-1.10505e+02), Variance: 2.34786e+01 (4.60954e+01), Accept ratio: 0.47793, 
INFO:root:Epoch   557, Energy: -1.10659e+02 (-1.10530e+02), Variance: 2.40375e+01 (7.21068e+01), Accept ratio: 0.47497, 
INFO:root:Epoch   558, Energy: -1.10613e+02 (-1.10496e+02), Variance: 2.23494e+01 (4.79919e+01), Accept ratio: 0.46883, 
INFO:root:Epoch   559, Energy: -1.10686e+02 (-1.10448e+02), Variance: 2.04191e+01 (3.98706e+01), Accept ratio: 0.46996, 
INFO:root:Epoch   560, Energy: -1.10714e+02 (-1.10543e+02), Variance: 1.87995e+01 (3.42425e+01), Accept ratio: 0.47065, 
INFO:root:Epoch   561, Energy: -1.10790e+02 (-1.10528e+02), Variance: 1.89277e+01 (5.25082e+01), Accept ratio: 0.46602, 
INFO:root:Epoch   562, Energy: -1.10843e+02 (-1.10899e+02), Variance: 2.18056e+01 (8.31442e+01), Accept ratio: 0.47226, 
INFO:root:Epoch   563, Energy: -1.10754e+02 (-1.10554e+02), Variance: 2.16064e+01 (4.77275e+01), Accept ratio: 0.47453, 
INFO:root:Epoch   564, Energy: -1.10896e+02 (-1.10855e+02), Variance: 1.73324e+01 (4.67861e+01), Accept ratio: 0.46588, 
INFO:root:Epoch   565, Energy: -1.10859e+02 (-1.10660e+02), Variance: 2.06548e+01 (4.57529e+01), Accept ratio: 0.47014, 
INFO:root:Epoch   566, Energy: -1.11026e+02 (-1.10845e+02), Variance: 1.87403e+01 (4.63606e+01), Accept ratio: 0.46994, 
INFO:root:Epoch   567, Energy: -1.10830e+02 (-1.10558e+02), Variance: 1.78099e+01 (5.82884e+01), Accept ratio: 0.47075, 
INFO:root:Epoch   568, Energy: -1.10890e+02 (-1.10649e+02), Variance: 1.92361e+01 (4.49049e+01), Accept ratio: 0.46918, 
INFO:root:Epoch   569, Energy: -1.10942e+02 (-1.10863e+02), Variance: 1.78938e+01 (3.44508e+01), Accept ratio: 0.47146, 
INFO:root:Epoch   570, Energy: -1.11029e+02 (-1.10866e+02), Variance: 1.58434e+01 (3.42764e+01), Accept ratio: 0.46944, 
INFO:root:Epoch   571, Energy: -1.11132e+02 (-1.10961e+02), Variance: 1.63000e+01 (3.92737e+01), Accept ratio: 0.46816, 
INFO:root:Epoch   572, Energy: -1.11077e+02 (-1.10868e+02), Variance: 1.50440e+01 (3.25496e+01), Accept ratio: 0.46894, 
INFO:root:Epoch   573, Energy: -1.10927e+02 (-1.10734e+02), Variance: 1.73270e+01 (3.86550e+01), Accept ratio: 0.46516, 
INFO:root:Epoch   574, Energy: -1.10840e+02 (-1.10724e+02), Variance: 1.75607e+01 (3.77279e+01), Accept ratio: 0.46946, 
INFO:root:Epoch   575, Energy: -1.11051e+02 (-1.11172e+02), Variance: 1.78022e+01 (8.32257e+01), Accept ratio: 0.47207, 
INFO:root:Epoch   576, Energy: -1.11078e+02 (-1.10976e+02), Variance: 1.84809e+01 (4.71511e+01), Accept ratio: 0.47028, 
INFO:root:Epoch   577, Energy: -1.11090e+02 (-1.10817e+02), Variance: 1.83165e+01 (4.13222e+01), Accept ratio: 0.46406, 
INFO:root:Epoch   578, Energy: -1.10993e+02 (-1.10760e+02), Variance: 1.77788e+01 (3.58049e+01), Accept ratio: 0.46748, 
INFO:root:Epoch   579, Energy: -1.11100e+02 (-1.11019e+02), Variance: 1.69130e+01 (3.75855e+01), Accept ratio: 0.46381, 
INFO:root:Epoch   580, Energy: -1.11157e+02 (-1.11044e+02), Variance: 1.63011e+01 (3.10383e+01), Accept ratio: 0.47018, 
INFO:root:Epoch   581, Energy: -1.11021e+02 (-1.10829e+02), Variance: 1.71299e+01 (3.10490e+01), Accept ratio: 0.47677, 
INFO:root:Epoch   582, Energy: -1.10866e+02 (-1.10563e+02), Variance: 1.75477e+01 (5.30749e+01), Accept ratio: 0.46415, 
INFO:root:Epoch   583, Energy: -1.11027e+02 (-1.11008e+02), Variance: 1.94781e+01 (6.89363e+01), Accept ratio: 0.46697, 
INFO:root:Epoch   584, Energy: -1.11190e+02 (-1.11119e+02), Variance: 1.71145e+01 (3.73050e+01), Accept ratio: 0.46911, 
INFO:root:Epoch   585, Energy: -1.11057e+02 (-1.10990e+02), Variance: 1.61950e+01 (2.72913e+01), Accept ratio: 0.46635, 
INFO:root:Epoch   586, Energy: -1.11104e+02 (-1.11039e+02), Variance: 1.44183e+01 (2.84399e+01), Accept ratio: 0.46542, 
INFO:root:Epoch   587, Energy: -1.11119e+02 (-1.10989e+02), Variance: 1.47295e+01 (3.00650e+01), Accept ratio: 0.46953, 
INFO:root:Epoch   588, Energy: -1.11229e+02 (-1.11153e+02), Variance: 1.69607e+01 (5.26729e+01), Accept ratio: 0.46882, 
INFO:root:Epoch   589, Energy: -1.11251e+02 (-1.11251e+02), Variance: 1.63548e+01 (3.89220e+01), Accept ratio: 0.47580, 
INFO:root:Epoch   590, Energy: -1.11347e+02 (-1.11212e+02), Variance: 1.41457e+01 (2.44943e+01), Accept ratio: 0.47097, 
INFO:root:Epoch   591, Energy: -1.10955e+02 (-1.10149e+02), Variance: 1.81325e+01 (5.12757e+02), Accept ratio: 0.47077, 
INFO:root:Epoch   592, Energy: -1.11112e+02 (-1.10721e+02), Variance: 1.51358e+01 (1.82036e+02), Accept ratio: 0.46971, 
INFO:root:Epoch   593, Energy: -1.10946e+02 (-1.10827e+02), Variance: 1.34537e+01 (4.17281e+01), Accept ratio: 0.47222, 
INFO:root:Epoch   594, Energy: -1.11071e+02 (-1.11096e+02), Variance: 1.52254e+01 (2.37602e+01), Accept ratio: 0.47040, 
INFO:root:Epoch   595, Energy: -1.11191e+02 (-1.11269e+02), Variance: 1.42168e+01 (3.32237e+01), Accept ratio: 0.46929, 
INFO:root:Epoch   596, Energy: -1.11143e+02 (-1.11054e+02), Variance: 1.23203e+01 (2.33310e+01), Accept ratio: 0.47027, 
INFO:root:Epoch   597, Energy: -1.11165e+02 (-1.11094e+02), Variance: 1.24867e+01 (3.12971e+01), Accept ratio: 0.46582, 
INFO:root:Epoch   598, Energy: -1.11154e+02 (-1.11092e+02), Variance: 1.39539e+01 (2.62691e+01), Accept ratio: 0.47368, 
INFO:root:Epoch   599, Energy: -1.11172e+02 (-1.11084e+02), Variance: 1.28934e+01 (2.31625e+01), Accept ratio: 0.47528, 
INFO:root:Epoch   600, Energy: -1.11265e+02 (-1.11094e+02), Variance: 1.44807e+01 (3.10646e+01), Accept ratio: 0.46458, , best weights saved
INFO:root:Epoch   601, Energy: -1.11270e+02 (-1.11260e+02), Variance: 1.46027e+01 (3.67792e+01), Accept ratio: 0.47438, 
INFO:root:Epoch   602, Energy: -1.11314e+02 (-1.11311e+02), Variance: 1.19019e+01 (2.98166e+01), Accept ratio: 0.47245, 
INFO:root:Epoch   603, Energy: -1.11222e+02 (-1.11157e+02), Variance: 1.28309e+01 (2.62005e+01), Accept ratio: 0.47195, 
INFO:root:Epoch   604, Energy: -1.11292e+02 (-1.11075e+02), Variance: 1.40853e+01 (4.81545e+01), Accept ratio: 0.46083, 
INFO:root:Epoch   605, Energy: -1.11343e+02 (-1.11279e+02), Variance: 1.32245e+01 (2.59799e+01), Accept ratio: 0.46889, 
INFO:root:Epoch   606, Energy: -1.11223e+02 (-1.11284e+02), Variance: 1.75773e+01 (6.62210e+01), Accept ratio: 0.47220, 
INFO:root:Epoch   607, Energy: -1.11152e+02 (-1.10551e+02), Variance: 1.67500e+01 (2.13130e+02), Accept ratio: 0.47184, 
INFO:root:Epoch   608, Energy: -1.11113e+02 (-1.10832e+02), Variance: 1.49927e+01 (4.40139e+01), Accept ratio: 0.46523, 
INFO:root:Epoch   609, Energy: -1.11188e+02 (-1.11167e+02), Variance: 1.55482e+01 (4.00188e+01), Accept ratio: 0.47053, 
INFO:root:Epoch   610, Energy: -1.11306e+02 (-1.11157e+02), Variance: 1.31760e+01 (2.51115e+01), Accept ratio: 0.46772, 
INFO:root:Epoch   611, Energy: -1.11358e+02 (-1.11252e+02), Variance: 1.51414e+01 (3.17191e+01), Accept ratio: 0.46991, 
INFO:root:Epoch   612, Energy: -1.11207e+02 (-1.11096e+02), Variance: 1.44991e+01 (2.88952e+01), Accept ratio: 0.47158, 
INFO:root:Epoch   613, Energy: -1.11126e+02 (-1.11098e+02), Variance: 1.48398e+01 (5.06211e+01), Accept ratio: 0.46433, 
INFO:root:Epoch   614, Energy: -1.11294e+02 (-1.11295e+02), Variance: 1.31796e+01 (3.85083e+01), Accept ratio: 0.47289, 
INFO:root:Epoch   615, Energy: -1.11298e+02 (-1.11145e+02), Variance: 1.31678e+01 (2.42235e+01), Accept ratio: 0.47582, 
INFO:root:Epoch   616, Energy: -1.11282e+02 (-1.11082e+02), Variance: 1.27429e+01 (2.82935e+01), Accept ratio: 0.46910, 
INFO:root:Epoch   617, Energy: -1.11281e+02 (-1.11059e+02), Variance: 1.35096e+01 (2.80879e+01), Accept ratio: 0.47194, 
INFO:root:Epoch   618, Energy: -1.11297e+02 (-1.11108e+02), Variance: 1.23824e+01 (3.43925e+01), Accept ratio: 0.47150, 
INFO:root:Epoch   619, Energy: -1.11354e+02 (-1.11078e+02), Variance: 1.25655e+01 (6.57829e+01), Accept ratio: 0.46600, 
INFO:root:Epoch   620, Energy: -1.11366e+02 (-1.11258e+02), Variance: 1.32016e+01 (2.71551e+01), Accept ratio: 0.46770, 
INFO:root:Epoch   621, Energy: -1.11411e+02 (-1.11333e+02), Variance: 1.46740e+01 (2.44738e+01), Accept ratio: 0.47403, 
INFO:root:Epoch   622, Energy: -1.11495e+02 (-1.11420e+02), Variance: 1.35460e+01 (2.64218e+01), Accept ratio: 0.46616, 
INFO:root:Epoch   623, Energy: -1.11349e+02 (-1.11156e+02), Variance: 1.32476e+01 (2.62253e+01), Accept ratio: 0.47234, 
INFO:root:Epoch   624, Energy: -1.11370e+02 (-1.11247e+02), Variance: 1.11248e+01 (2.62028e+01), Accept ratio: 0.46918, 
INFO:root:Epoch   625, Energy: -1.11412e+02 (-1.11374e+02), Variance: 1.39592e+01 (3.76078e+01), Accept ratio: 0.47199, 
INFO:root:Epoch   626, Energy: -1.11345e+02 (-1.11277e+02), Variance: 1.23052e+01 (3.01113e+01), Accept ratio: 0.46702, 
INFO:root:Epoch   627, Energy: -1.11190e+02 (-1.11033e+02), Variance: 1.50680e+01 (3.09207e+01), Accept ratio: 0.46803, 
INFO:root:Epoch   628, Energy: -1.11427e+02 (-1.11239e+02), Variance: 1.30843e+01 (2.54859e+01), Accept ratio: 0.46436, 
INFO:root:Epoch   629, Energy: -1.11441e+02 (-1.11494e+02), Variance: 1.10676e+01 (2.91746e+01), Accept ratio: 0.47169, 
INFO:root:Epoch   630, Energy: -1.11279e+02 (-1.11056e+02), Variance: 1.18122e+01 (4.02315e+01), Accept ratio: 0.46918, 
INFO:root:Epoch   631, Energy: -1.11474e+02 (-1.11387e+02), Variance: 1.15421e+01 (2.08068e+01), Accept ratio: 0.46391, 
INFO:root:Epoch   632, Energy: -1.11383e+02 (-1.11296e+02), Variance: 1.31111e+01 (3.37059e+01), Accept ratio: 0.47507, 
INFO:root:Epoch   633, Energy: -1.11600e+02 (-1.11567e+02), Variance: 1.25677e+01 (2.80576e+01), Accept ratio: 0.46906, 
INFO:root:Epoch   634, Energy: -1.11438e+02 (-1.11333e+02), Variance: 1.36618e+01 (2.59127e+01), Accept ratio: 0.46340, 
INFO:root:Epoch   635, Energy: -1.11491e+02 (-1.11318e+02), Variance: 1.17192e+01 (3.00256e+01), Accept ratio: 0.46494, 
INFO:root:Epoch   636, Energy: -1.11471e+02 (-1.11401e+02), Variance: 1.37319e+01 (3.65395e+01), Accept ratio: 0.46717, 
INFO:root:Epoch   637, Energy: -1.11551e+02 (-1.11387e+02), Variance: 1.24939e+01 (3.47899e+01), Accept ratio: 0.46753, 
INFO:root:Epoch   638, Energy: -1.11667e+02 (-1.11540e+02), Variance: 1.27125e+01 (3.22874e+01), Accept ratio: 0.46395, 
INFO:root:Epoch   639, Energy: -1.11524e+02 (-1.11326e+02), Variance: 1.37977e+01 (4.34613e+01), Accept ratio: 0.46625, 
INFO:root:Epoch   640, Energy: -1.11706e+02 (-1.11652e+02), Variance: 1.33773e+01 (2.93911e+01), Accept ratio: 0.46654, 
INFO:root:Epoch   641, Energy: -1.11638e+02 (-1.11613e+02), Variance: 1.17010e+01 (2.43607e+01), Accept ratio: 0.46304, 
INFO:root:Epoch   642, Energy: -1.11638e+02 (-1.11488e+02), Variance: 1.37310e+01 (2.63092e+01), Accept ratio: 0.46819, 
INFO:root:Epoch   643, Energy: -1.11743e+02 (-1.11581e+02), Variance: 1.06494e+01 (2.33245e+01), Accept ratio: 0.46995, 
INFO:root:Epoch   644, Energy: -1.11721e+02 (-1.11584e+02), Variance: 9.95283e+00 (1.99434e+01), Accept ratio: 0.47006, 
INFO:root:Epoch   645, Energy: -1.11659e+02 (-1.11544e+02), Variance: 1.23373e+01 (2.90750e+01), Accept ratio: 0.46817, 
INFO:root:Epoch   646, Energy: -1.11637e+02 (-1.11619e+02), Variance: 1.27957e+01 (2.89796e+01), Accept ratio: 0.47271, 
INFO:root:Epoch   647, Energy: -1.11537e+02 (-1.11326e+02), Variance: 1.07038e+01 (3.95970e+01), Accept ratio: 0.48184, 
INFO:root:Epoch   648, Energy: -1.11635e+02 (-1.11501e+02), Variance: 1.08675e+01 (3.16988e+01), Accept ratio: 0.47296, 
INFO:root:Epoch   649, Energy: -1.11558e+02 (-1.11352e+02), Variance: 1.20475e+01 (3.14082e+01), Accept ratio: 0.47253, 
INFO:root:Epoch   650, Energy: -1.11487e+02 (-1.11526e+02), Variance: 1.23988e+01 (7.64147e+01), Accept ratio: 0.46674, 
INFO:root:Epoch   651, Energy: -1.11585e+02 (-1.11467e+02), Variance: 1.21800e+01 (2.20216e+01), Accept ratio: 0.47364, 
INFO:root:Epoch   652, Energy: -1.11510e+02 (-1.11499e+02), Variance: 1.29291e+01 (2.32519e+01), Accept ratio: 0.46584, 
INFO:root:Epoch   653, Energy: -1.11459e+02 (-1.11630e+02), Variance: 1.22006e+01 (6.77644e+01), Accept ratio: 0.46887, 
INFO:root:Epoch   654, Energy: -1.11491e+02 (-1.11465e+02), Variance: 1.00955e+01 (1.85654e+01), Accept ratio: 0.46643, 
INFO:root:Epoch   655, Energy: -1.11539e+02 (-1.11409e+02), Variance: 1.07854e+01 (1.95667e+01), Accept ratio: 0.46694, 
INFO:root:Epoch   656, Energy: -1.11497e+02 (-1.11480e+02), Variance: 1.07529e+01 (1.67421e+01), Accept ratio: 0.46958, 
INFO:root:Epoch   657, Energy: -1.11595e+02 (-1.11489e+02), Variance: 1.10496e+01 (1.89852e+01), Accept ratio: 0.46995, 
INFO:root:Epoch   658, Energy: -1.11700e+02 (-1.11657e+02), Variance: 9.78873e+00 (1.70957e+01), Accept ratio: 0.47169, 
INFO:root:Epoch   659, Energy: -1.11717e+02 (-1.11646e+02), Variance: 1.03522e+01 (1.76487e+01), Accept ratio: 0.47373, 
INFO:root:Epoch   660, Energy: -1.11621e+02 (-1.11558e+02), Variance: 1.07056e+01 (1.80502e+01), Accept ratio: 0.46754, 
INFO:root:Epoch   661, Energy: -1.11658e+02 (-1.11578e+02), Variance: 1.20212e+01 (3.36802e+01), Accept ratio: 0.47277, 
INFO:root:Epoch   662, Energy: -1.11654e+02 (-1.11582e+02), Variance: 1.22639e+01 (3.21016e+01), Accept ratio: 0.47118, 
INFO:root:Epoch   663, Energy: -1.11677e+02 (-1.11574e+02), Variance: 1.27353e+01 (3.09030e+01), Accept ratio: 0.46909, 
INFO:root:Epoch   664, Energy: -1.11614e+02 (-1.11492e+02), Variance: 1.27651e+01 (2.92933e+01), Accept ratio: 0.46522, 
INFO:root:Epoch   665, Energy: -1.11658e+02 (-1.11612e+02), Variance: 1.22650e+01 (2.30489e+01), Accept ratio: 0.47314, 
INFO:root:Epoch   666, Energy: -1.11647e+02 (-1.11665e+02), Variance: 1.12441e+01 (2.27193e+01), Accept ratio: 0.46714, 
INFO:root:Epoch   667, Energy: -1.11570e+02 (-1.11495e+02), Variance: 1.18361e+01 (2.32160e+01), Accept ratio: 0.46771, 
INFO:root:Epoch   668, Energy: -1.11568e+02 (-1.11413e+02), Variance: 1.12610e+01 (2.77750e+01), Accept ratio: 0.47057, 
INFO:root:Epoch   669, Energy: -1.11609e+02 (-1.11482e+02), Variance: 1.12639e+01 (3.56209e+01), Accept ratio: 0.46560, 
INFO:root:Epoch   670, Energy: -1.11547e+02 (-1.11508e+02), Variance: 1.05489e+01 (3.37594e+01), Accept ratio: 0.46483, 
INFO:root:Epoch   671, Energy: -1.11563e+02 (-1.11536e+02), Variance: 1.20043e+01 (8.08855e+01), Accept ratio: 0.46859, 
INFO:root:Epoch   672, Energy: -1.11628e+02 (-1.11469e+02), Variance: 1.34192e+01 (3.27984e+01), Accept ratio: 0.47007, 
INFO:root:Epoch   673, Energy: -1.11561e+02 (-1.11423e+02), Variance: 1.03419e+01 (2.60130e+01), Accept ratio: 0.46881, 
INFO:root:Epoch   674, Energy: -1.11608e+02 (-1.11532e+02), Variance: 1.20893e+01 (2.10290e+01), Accept ratio: 0.47547, 
INFO:root:Epoch   675, Energy: -1.11697e+02 (-1.11650e+02), Variance: 1.25792e+01 (3.24356e+01), Accept ratio: 0.46254, 
INFO:root:Epoch   676, Energy: -1.11702e+02 (-1.11616e+02), Variance: 1.02171e+01 (2.76464e+01), Accept ratio: 0.46084, 
INFO:root:Epoch   677, Energy: -1.11657e+02 (-1.11564e+02), Variance: 1.14466e+01 (3.06058e+01), Accept ratio: 0.46659, 
INFO:root:Epoch   678, Energy: -1.11600e+02 (-1.11576e+02), Variance: 1.25603e+01 (3.04447e+01), Accept ratio: 0.47028, 
INFO:root:Epoch   679, Energy: -1.11590e+02 (-1.11371e+02), Variance: 1.27585e+01 (2.95823e+01), Accept ratio: 0.46227, 
INFO:root:Epoch   680, Energy: -1.11621e+02 (-1.11539e+02), Variance: 1.13271e+01 (2.69636e+01), Accept ratio: 0.46749, 
INFO:root:Epoch   681, Energy: -1.11748e+02 (-1.11707e+02), Variance: 9.34428e+00 (1.98799e+01), Accept ratio: 0.47079, 
INFO:root:Epoch   682, Energy: -1.11677e+02 (-1.10961e+02), Variance: 9.88567e+00 (3.14040e+02), Accept ratio: 0.46450, 
INFO:root:Epoch   683, Energy: -1.11674e+02 (-1.11805e+02), Variance: 9.99568e+00 (3.50559e+01), Accept ratio: 0.46685, 
INFO:root:Epoch   684, Energy: -1.11636e+02 (-1.11578e+02), Variance: 9.64143e+00 (1.63042e+01), Accept ratio: 0.46598, 
INFO:root:Epoch   685, Energy: -1.11531e+02 (-1.11540e+02), Variance: 1.08840e+01 (3.37147e+01), Accept ratio: 0.46583, 
INFO:root:Epoch   686, Energy: -1.11776e+02 (-1.11718e+02), Variance: 1.09959e+01 (1.78389e+01), Accept ratio: 0.47464, 
INFO:root:Epoch   687, Energy: -1.11543e+02 (-1.11510e+02), Variance: 1.25002e+01 (2.66270e+01), Accept ratio: 0.46313, 
INFO:root:Epoch   688, Energy: -1.11625e+02 (-1.11574e+02), Variance: 1.08345e+01 (1.95239e+01), Accept ratio: 0.46493, 
INFO:root:Epoch   689, Energy: -1.11605e+02 (-1.11447e+02), Variance: 1.09255e+01 (2.64744e+01), Accept ratio: 0.46722, 
INFO:root:Epoch   690, Energy: -1.11725e+02 (-1.11686e+02), Variance: 1.07330e+01 (2.25449e+01), Accept ratio: 0.47779, 
INFO:root:Epoch   691, Energy: -1.11498e+02 (-1.11431e+02), Variance: 1.07285e+01 (1.47689e+01), Accept ratio: 0.46947, 
INFO:root:Epoch   692, Energy: -1.11600e+02 (-1.11446e+02), Variance: 1.03165e+01 (3.16527e+01), Accept ratio: 0.46640, 
INFO:root:Epoch   693, Energy: -1.11624e+02 (-1.11424e+02), Variance: 9.97689e+00 (2.67284e+01), Accept ratio: 0.47074, 
INFO:root:Epoch   694, Energy: -1.11753e+02 (-1.11555e+02), Variance: 1.13427e+01 (3.07723e+01), Accept ratio: 0.46886, 
INFO:root:Epoch   695, Energy: -1.11782e+02 (-1.11701e+02), Variance: 9.91619e+00 (2.31888e+01), Accept ratio: 0.47909, 
INFO:root:Epoch   696, Energy: -1.11934e+02 (-1.11922e+02), Variance: 8.70449e+00 (2.12309e+01), Accept ratio: 0.46567, 
INFO:root:Epoch   697, Energy: -1.11871e+02 (-1.11815e+02), Variance: 9.53237e+00 (2.01908e+01), Accept ratio: 0.47254, 
INFO:root:Epoch   698, Energy: -1.11873e+02 (-1.11835e+02), Variance: 9.88708e+00 (3.51600e+01), Accept ratio: 0.46980, 
INFO:root:Epoch   699, Energy: -1.11806e+02 (-1.11806e+02), Variance: 9.56366e+00 (2.34004e+01), Accept ratio: 0.46951, 
INFO:root:Epoch   700, Energy: -1.11834e+02 (-1.11791e+02), Variance: 9.49959e+00 (1.75795e+01), Accept ratio: 0.46043, , best weights saved
INFO:root:Epoch   701, Energy: -1.11925e+02 (-1.11887e+02), Variance: 9.00778e+00 (1.50169e+01), Accept ratio: 0.47308, 
INFO:root:Epoch   702, Energy: -1.11714e+02 (-1.11716e+02), Variance: 9.79136e+00 (1.57881e+01), Accept ratio: 0.47664, 
INFO:root:Epoch   703, Energy: -1.11860e+02 (-1.11831e+02), Variance: 1.00179e+01 (1.53377e+01), Accept ratio: 0.46774, 
INFO:root:Epoch   704, Energy: -1.11754e+02 (-1.11565e+02), Variance: 9.94198e+00 (2.67908e+01), Accept ratio: 0.46598, 
INFO:root:Epoch   705, Energy: -1.11728e+02 (-1.11786e+02), Variance: 1.07949e+01 (2.22874e+01), Accept ratio: 0.46464, 
INFO:root:Epoch   706, Energy: -1.11644e+02 (-1.11540e+02), Variance: 9.66163e+00 (1.93465e+01), Accept ratio: 0.46990, 
INFO:root:Epoch   707, Energy: -1.11652e+02 (-1.11668e+02), Variance: 9.70496e+00 (1.74273e+01), Accept ratio: 0.47022, 
INFO:root:Epoch   708, Energy: -1.11897e+02 (-1.11836e+02), Variance: 1.11878e+01 (2.24172e+01), Accept ratio: 0.46804, 
INFO:root:Epoch   709, Energy: -1.11697e+02 (-1.11977e+02), Variance: 1.09160e+01 (1.39602e+02), Accept ratio: 0.46156, 
INFO:root:Epoch   710, Energy: -1.11692e+02 (-1.11682e+02), Variance: 1.04125e+01 (1.86744e+01), Accept ratio: 0.46115, 
INFO:root:Epoch   711, Energy: -1.11808e+02 (-1.11817e+02), Variance: 1.01470e+01 (2.21472e+01), Accept ratio: 0.46243, 
INFO:root:Epoch   712, Energy: -1.11925e+02 (-1.11884e+02), Variance: 9.62357e+00 (1.69837e+01), Accept ratio: 0.46527, 
INFO:root:Epoch   713, Energy: -1.11806e+02 (-1.11393e+02), Variance: 1.12357e+01 (2.09783e+02), Accept ratio: 0.47052, 
INFO:root:Epoch   714, Energy: -1.11698e+02 (-1.11591e+02), Variance: 9.44124e+00 (1.75035e+01), Accept ratio: 0.46400, 
INFO:root:Epoch   715, Energy: -1.11661e+02 (-1.11502e+02), Variance: 1.03850e+01 (2.49975e+01), Accept ratio: 0.47061, 
INFO:root:Epoch   716, Energy: -1.11630e+02 (-1.11512e+02), Variance: 9.37730e+00 (1.56655e+01), Accept ratio: 0.46643, 
INFO:root:Epoch   717, Energy: -1.11728e+02 (-1.11661e+02), Variance: 9.40894e+00 (1.54286e+01), Accept ratio: 0.46568, 
INFO:root:Epoch   718, Energy: -1.11676e+02 (-1.11644e+02), Variance: 9.55952e+00 (1.40561e+01), Accept ratio: 0.47415, 
INFO:root:Epoch   719, Energy: -1.11740e+02 (-1.11686e+02), Variance: 9.55258e+00 (1.23093e+01), Accept ratio: 0.46987, 
INFO:root:Epoch   720, Energy: -1.11835e+02 (-1.11830e+02), Variance: 8.94714e+00 (1.76807e+01), Accept ratio: 0.46893, 
INFO:root:Epoch   721, Energy: -1.11818e+02 (-1.11720e+02), Variance: 9.51543e+00 (2.21463e+01), Accept ratio: 0.47369, 
INFO:root:Epoch   722, Energy: -1.11921e+02 (-1.11952e+02), Variance: 1.02410e+01 (2.82425e+01), Accept ratio: 0.47019, 
INFO:root:Epoch   723, Energy: -1.11858e+02 (-1.11922e+02), Variance: 1.07512e+01 (4.36603e+01), Accept ratio: 0.46714, 
INFO:root:Epoch   724, Energy: -1.11895e+02 (-1.11844e+02), Variance: 8.77889e+00 (1.40693e+01), Accept ratio: 0.46462, 
INFO:root:Epoch   725, Energy: -1.11826e+02 (-1.11845e+02), Variance: 8.92790e+00 (2.16726e+01), Accept ratio: 0.45977, 
INFO:root:Epoch   726, Energy: -1.11978e+02 (-1.11921e+02), Variance: 9.37817e+00 (1.46667e+01), Accept ratio: 0.46710, 
INFO:root:Epoch   727, Energy: -1.11886e+02 (-1.11803e+02), Variance: 8.20548e+00 (1.30661e+01), Accept ratio: 0.46652, 
INFO:root:Epoch   728, Energy: -1.11667e+02 (-1.11515e+02), Variance: 9.77187e+00 (3.01075e+01), Accept ratio: 0.46921, 
INFO:root:Epoch   729, Energy: -1.11757e+02 (-1.11676e+02), Variance: 8.58166e+00 (1.57566e+01), Accept ratio: 0.46468, 
INFO:root:Epoch   730, Energy: -1.11827e+02 (-1.11779e+02), Variance: 8.65019e+00 (1.51057e+01), Accept ratio: 0.46311, 
INFO:root:Epoch   731, Energy: -1.11820e+02 (-1.11813e+02), Variance: 8.61882e+00 (1.53333e+01), Accept ratio: 0.47042, 
INFO:root:Epoch   732, Energy: -1.11703e+02 (-1.11639e+02), Variance: 1.01119e+01 (2.08876e+01), Accept ratio: 0.46115, 
INFO:root:Epoch   733, Energy: -1.11752e+02 (-1.11636e+02), Variance: 9.27906e+00 (1.82932e+01), Accept ratio: 0.46745, 
INFO:root:Epoch   734, Energy: -1.11820e+02 (-1.11702e+02), Variance: 8.50818e+00 (1.85028e+01), Accept ratio: 0.47170, 
INFO:root:Epoch   735, Energy: -1.11767e+02 (-1.11714e+02), Variance: 9.06758e+00 (1.77291e+01), Accept ratio: 0.46549, 
INFO:root:Epoch   736, Energy: -1.11704e+02 (-1.11628e+02), Variance: 9.24951e+00 (2.16842e+01), Accept ratio: 0.46717, 
INFO:root:Epoch   737, Energy: -1.11849e+02 (-1.11864e+02), Variance: 8.50675e+00 (2.49570e+01), Accept ratio: 0.46546, 
INFO:root:Epoch   738, Energy: -1.11804e+02 (-1.11709e+02), Variance: 9.79995e+00 (1.85191e+01), Accept ratio: 0.46465, 
INFO:root:Epoch   739, Energy: -1.11823e+02 (-1.11764e+02), Variance: 8.25185e+00 (1.50879e+01), Accept ratio: 0.46953, 
INFO:root:Epoch   740, Energy: -1.11870e+02 (-1.11802e+02), Variance: 9.14666e+00 (1.41306e+01), Accept ratio: 0.46751, 
INFO:root:Epoch   741, Energy: -1.11862e+02 (-1.11841e+02), Variance: 9.34193e+00 (2.28172e+01), Accept ratio: 0.46139, 
INFO:root:Epoch   742, Energy: -1.11779e+02 (-1.11685e+02), Variance: 1.02504e+01 (5.35429e+01), Accept ratio: 0.47008, 
INFO:root:Epoch   743, Energy: -1.11877e+02 (-1.11754e+02), Variance: 8.07968e+00 (1.58629e+01), Accept ratio: 0.46372, 
INFO:root:Epoch   744, Energy: -1.12071e+02 (-1.11983e+02), Variance: 8.79253e+00 (1.97700e+01), Accept ratio: 0.46952, 
INFO:root:Epoch   745, Energy: -1.11816e+02 (-1.11674e+02), Variance: 8.53982e+00 (1.99367e+01), Accept ratio: 0.46562, 
INFO:root:Epoch   746, Energy: -1.11982e+02 (-1.11972e+02), Variance: 8.02071e+00 (1.83233e+01), Accept ratio: 0.47339, 
INFO:root:Epoch   747, Energy: -1.11833e+02 (-1.11755e+02), Variance: 8.60951e+00 (1.81115e+01), Accept ratio: 0.46613, 
INFO:root:Epoch   748, Energy: -1.11793e+02 (-1.11698e+02), Variance: 8.11518e+00 (1.36869e+01), Accept ratio: 0.46327, 
INFO:root:Epoch   749, Energy: -1.11842e+02 (-1.11659e+02), Variance: 8.13601e+00 (4.82037e+01), Accept ratio: 0.46394, 
INFO:root:Epoch   750, Energy: -1.11856e+02 (-1.11863e+02), Variance: 9.47115e+00 (3.13493e+01), Accept ratio: 0.46347, 
INFO:root:Epoch   751, Energy: -1.11947e+02 (-1.11928e+02), Variance: 8.10201e+00 (1.69126e+01), Accept ratio: 0.47223, 
INFO:root:Epoch   752, Energy: -1.11875e+02 (-1.11808e+02), Variance: 8.76280e+00 (2.23596e+01), Accept ratio: 0.46565, 
INFO:root:Epoch   753, Energy: -1.11985e+02 (-1.11854e+02), Variance: 8.18977e+00 (3.51570e+01), Accept ratio: 0.46480, 
INFO:root:Epoch   754, Energy: -1.11964e+02 (-1.11834e+02), Variance: 9.86795e+00 (2.77397e+01), Accept ratio: 0.46404, 
INFO:root:Epoch   755, Energy: -1.11874e+02 (-1.11845e+02), Variance: 8.99775e+00 (1.87709e+01), Accept ratio: 0.47094, 
INFO:root:Epoch   756, Energy: -1.11840e+02 (-1.11747e+02), Variance: 7.86547e+00 (1.47711e+01), Accept ratio: 0.46312, 
INFO:root:Epoch   757, Energy: -1.11874e+02 (-1.11813e+02), Variance: 7.61405e+00 (1.25478e+01), Accept ratio: 0.46886, 
INFO:root:Epoch   758, Energy: -1.11920e+02 (-1.11863e+02), Variance: 8.88327e+00 (2.61813e+01), Accept ratio: 0.46136, 
INFO:root:Epoch   759, Energy: -1.11910e+02 (-1.11902e+02), Variance: 7.92559e+00 (5.35891e+01), Accept ratio: 0.46718, 
INFO:root:Epoch   760, Energy: -1.11925e+02 (-1.11936e+02), Variance: 7.04244e+00 (1.06152e+01), Accept ratio: 0.46906, 
INFO:root:Epoch   761, Energy: -1.11964e+02 (-1.11948e+02), Variance: 7.25046e+00 (1.23758e+01), Accept ratio: 0.46876, 
INFO:root:Epoch   762, Energy: -1.12038e+02 (-1.12052e+02), Variance: 7.12108e+00 (1.13380e+01), Accept ratio: 0.46862, 
INFO:root:Epoch   763, Energy: -1.11983e+02 (-1.11932e+02), Variance: 6.44982e+00 (1.00154e+01), Accept ratio: 0.47177, 
INFO:root:Epoch   764, Energy: -1.11910e+02 (-1.11814e+02), Variance: 6.81085e+00 (1.19449e+01), Accept ratio: 0.46785, 
INFO:root:Epoch   765, Energy: -1.12107e+02 (-1.12082e+02), Variance: 6.83187e+00 (8.78065e+00), Accept ratio: 0.46413, 
INFO:root:Epoch   766, Energy: -1.12018e+02 (-1.11973e+02), Variance: 7.44033e+00 (1.10959e+01), Accept ratio: 0.46792, 
INFO:root:Epoch   767, Energy: -1.12071e+02 (-1.12026e+02), Variance: 7.52272e+00 (1.05159e+01), Accept ratio: 0.46138, 
INFO:root:Epoch   768, Energy: -1.11935e+02 (-1.11924e+02), Variance: 7.65084e+00 (1.27626e+01), Accept ratio: 0.46860, 
INFO:root:Epoch   769, Energy: -1.11855e+02 (-1.11874e+02), Variance: 8.33898e+00 (1.51818e+01), Accept ratio: 0.46703, 
INFO:root:Epoch   770, Energy: -1.11961e+02 (-1.11903e+02), Variance: 7.21547e+00 (1.02224e+01), Accept ratio: 0.46067, 
INFO:root:Epoch   771, Energy: -1.12046e+02 (-1.12003e+02), Variance: 6.73897e+00 (8.99750e+00), Accept ratio: 0.47196, 
INFO:root:Epoch   772, Energy: -1.12107e+02 (-1.12047e+02), Variance: 7.27667e+00 (1.30664e+01), Accept ratio: 0.47402, 
INFO:root:Epoch   773, Energy: -1.12001e+02 (-1.11944e+02), Variance: 6.24662e+00 (9.95130e+00), Accept ratio: 0.46146, 
INFO:root:Epoch   774, Energy: -1.12054e+02 (-1.12057e+02), Variance: 7.21629e+00 (1.47057e+01), Accept ratio: 0.46733, 
INFO:root:Epoch   775, Energy: -1.12031e+02 (-1.11945e+02), Variance: 6.10171e+00 (2.35523e+01), Accept ratio: 0.47086, 
INFO:root:Epoch   776, Energy: -1.11949e+02 (-1.11958e+02), Variance: 7.80393e+00 (1.70060e+01), Accept ratio: 0.47182, 
INFO:root:Epoch   777, Energy: -1.11951e+02 (-1.11810e+02), Variance: 7.69223e+00 (2.93045e+01), Accept ratio: 0.46807, 
INFO:root:Epoch   778, Energy: -1.12061e+02 (-1.12187e+02), Variance: 7.78741e+00 (2.41388e+01), Accept ratio: 0.46964, 
INFO:root:Epoch   779, Energy: -1.12089e+02 (-1.12054e+02), Variance: 6.67618e+00 (1.01165e+01), Accept ratio: 0.47803, 
INFO:root:Epoch   780, Energy: -1.12038e+02 (-1.12070e+02), Variance: 6.26175e+00 (1.04338e+01), Accept ratio: 0.47114, 
INFO:root:Epoch   781, Energy: -1.11928e+02 (-1.11808e+02), Variance: 7.34766e+00 (1.30458e+01), Accept ratio: 0.47336, 
INFO:root:Epoch   782, Energy: -1.12107e+02 (-1.12129e+02), Variance: 6.73739e+00 (1.39718e+01), Accept ratio: 0.46554, 
INFO:root:Epoch   783, Energy: -1.12109e+02 (-1.12146e+02), Variance: 6.80480e+00 (1.32362e+01), Accept ratio: 0.46747, 
INFO:root:Epoch   784, Energy: -1.12188e+02 (-1.12134e+02), Variance: 6.32417e+00 (8.52578e+00), Accept ratio: 0.46872, 
INFO:root:Epoch   785, Energy: -1.12141e+02 (-1.12156e+02), Variance: 6.09500e+00 (7.75179e+00), Accept ratio: 0.46594, 
INFO:root:Epoch   786, Energy: -1.12095e+02 (-1.12104e+02), Variance: 7.21975e+00 (1.03340e+01), Accept ratio: 0.47039, 
INFO:root:Epoch   787, Energy: -1.12031e+02 (-1.12210e+02), Variance: 9.64765e+00 (4.54904e+01), Accept ratio: 0.46437, 
INFO:root:Epoch   788, Energy: -1.11952e+02 (-1.11942e+02), Variance: 7.72469e+00 (1.24027e+01), Accept ratio: 0.46689, 
INFO:root:Epoch   789, Energy: -1.12078e+02 (-1.11978e+02), Variance: 7.78840e+00 (1.44400e+01), Accept ratio: 0.47041, 
INFO:root:Epoch   790, Energy: -1.12144e+02 (-1.12258e+02), Variance: 8.09835e+00 (1.75216e+01), Accept ratio: 0.46679, 
INFO:root:Epoch   791, Energy: -1.12153e+02 (-1.12089e+02), Variance: 6.98823e+00 (1.11616e+01), Accept ratio: 0.47128, 
INFO:root:Epoch   792, Energy: -1.12157e+02 (-1.11983e+02), Variance: 7.44571e+00 (4.44323e+01), Accept ratio: 0.46989, 
INFO:root:Epoch   793, Energy: -1.12069e+02 (-1.11941e+02), Variance: 7.21080e+00 (1.62897e+01), Accept ratio: 0.46753, 
INFO:root:Epoch   794, Energy: -1.12179e+02 (-1.12204e+02), Variance: 6.57978e+00 (1.21215e+01), Accept ratio: 0.46385, 
INFO:root:Epoch   795, Energy: -1.12097e+02 (-1.12039e+02), Variance: 6.86918e+00 (1.19553e+01), Accept ratio: 0.46305, 
INFO:root:Epoch   796, Energy: -1.12077e+02 (-1.11994e+02), Variance: 6.26131e+00 (1.16284e+01), Accept ratio: 0.46378, 
INFO:root:Epoch   797, Energy: -1.12098e+02 (-1.11985e+02), Variance: 6.75314e+00 (1.37326e+01), Accept ratio: 0.46485, 
INFO:root:Epoch   798, Energy: -1.12052e+02 (-1.11970e+02), Variance: 8.28026e+00 (1.51310e+01), Accept ratio: 0.46146, 
INFO:root:Epoch   799, Energy: -1.12066e+02 (-1.11989e+02), Variance: 7.51097e+00 (1.24729e+01), Accept ratio: 0.46457, 
INFO:root:Epoch   800, Energy: -1.12129e+02 (-1.12096e+02), Variance: 7.94578e+00 (1.18346e+01), Accept ratio: 0.45933, , best weights saved
INFO:root:Epoch   801, Energy: -1.12184e+02 (-1.12226e+02), Variance: 6.77607e+00 (1.56555e+01), Accept ratio: 0.46688, 
INFO:root:Epoch   802, Energy: -1.12102e+02 (-1.12065e+02), Variance: 7.52509e+00 (9.81091e+00), Accept ratio: 0.46603, 
INFO:root:Epoch   803, Energy: -1.12063e+02 (-1.12017e+02), Variance: 5.89684e+00 (9.87383e+00), Accept ratio: 0.46589, 
INFO:root:Epoch   804, Energy: -1.12231e+02 (-1.12226e+02), Variance: 6.74202e+00 (1.12214e+01), Accept ratio: 0.47606, 
INFO:root:Epoch   805, Energy: -1.12120e+02 (-1.12073e+02), Variance: 5.72313e+00 (7.76384e+00), Accept ratio: 0.46749, 
INFO:root:Epoch   806, Energy: -1.12086e+02 (-1.12036e+02), Variance: 7.19311e+00 (1.22336e+01), Accept ratio: 0.46358, 
INFO:root:Epoch   807, Energy: -1.12210e+02 (-1.12286e+02), Variance: 6.75784e+00 (2.60768e+01), Accept ratio: 0.47058, 
INFO:root:Epoch   808, Energy: -1.12194e+02 (-1.12169e+02), Variance: 5.94299e+00 (9.44933e+00), Accept ratio: 0.46816, 
INFO:root:Epoch   809, Energy: -1.12188e+02 (-1.12218e+02), Variance: 6.07193e+00 (9.34700e+00), Accept ratio: 0.47033, 
INFO:root:Epoch   810, Energy: -1.12070e+02 (-1.12104e+02), Variance: 7.07186e+00 (1.01560e+01), Accept ratio: 0.46550, 
INFO:root:Epoch   811, Energy: -1.11995e+02 (-1.11990e+02), Variance: 7.03400e+00 (1.02222e+01), Accept ratio: 0.46558, 
INFO:root:Epoch   812, Energy: -1.12148e+02 (-1.12173e+02), Variance: 6.86500e+00 (1.24184e+01), Accept ratio: 0.46221, 
INFO:root:Epoch   813, Energy: -1.11956e+02 (-1.11854e+02), Variance: 7.85808e+00 (1.28545e+01), Accept ratio: 0.46336, 
INFO:root:Epoch   814, Energy: -1.12032e+02 (-1.11861e+02), Variance: 7.01014e+00 (1.94824e+01), Accept ratio: 0.46970, 
INFO:root:Epoch   815, Energy: -1.12191e+02 (-1.12270e+02), Variance: 7.46705e+00 (2.41606e+01), Accept ratio: 0.46556, 
INFO:root:Epoch   816, Energy: -1.12193e+02 (-1.12244e+02), Variance: 7.04644e+00 (2.10553e+01), Accept ratio: 0.46366, 
INFO:root:Epoch   817, Energy: -1.12147e+02 (-1.12139e+02), Variance: 6.62707e+00 (1.05620e+01), Accept ratio: 0.46480, 
INFO:root:Epoch   818, Energy: -1.12125e+02 (-1.12088e+02), Variance: 7.15217e+00 (1.45266e+01), Accept ratio: 0.45954, 
INFO:root:Epoch   819, Energy: -1.12109e+02 (-1.12048e+02), Variance: 6.23013e+00 (9.67105e+00), Accept ratio: 0.47164, 
INFO:root:Epoch   820, Energy: -1.12101e+02 (-1.11966e+02), Variance: 6.67125e+00 (2.81719e+01), Accept ratio: 0.46263, 
INFO:root:Epoch   821, Energy: -1.12143e+02 (-1.11968e+02), Variance: 6.40019e+00 (2.20704e+01), Accept ratio: 0.46817, 
INFO:root:Epoch   822, Energy: -1.12105e+02 (-1.11904e+02), Variance: 6.71296e+00 (2.33019e+01), Accept ratio: 0.46560, 
INFO:root:Epoch   823, Energy: -1.12170e+02 (-1.12132e+02), Variance: 6.59577e+00 (1.27752e+01), Accept ratio: 0.46137, 
INFO:root:Epoch   824, Energy: -1.12143e+02 (-1.12049e+02), Variance: 6.27814e+00 (1.49744e+01), Accept ratio: 0.46650, 
INFO:root:Epoch   825, Energy: -1.12149e+02 (-1.12183e+02), Variance: 6.69200e+00 (1.64011e+01), Accept ratio: 0.46478, 
INFO:root:Epoch   826, Energy: -1.12045e+02 (-1.12034e+02), Variance: 7.48288e+00 (1.23469e+01), Accept ratio: 0.46556, 
INFO:root:Epoch   827, Energy: -1.12147e+02 (-1.12137e+02), Variance: 7.52429e+00 (1.32965e+01), Accept ratio: 0.46822, 
INFO:root:Epoch   828, Energy: -1.11991e+02 (-1.11865e+02), Variance: 7.10009e+00 (1.38929e+01), Accept ratio: 0.46031, 
INFO:root:Epoch   829, Energy: -1.12159e+02 (-1.12483e+02), Variance: 7.29033e+00 (8.06516e+01), Accept ratio: 0.45957, 
INFO:root:Epoch   830, Energy: -1.12226e+02 (-1.12167e+02), Variance: 7.68995e+00 (2.20103e+01), Accept ratio: 0.46302, 
INFO:root:Epoch   831, Energy: -1.12058e+02 (-1.12023e+02), Variance: 6.62980e+00 (2.30889e+01), Accept ratio: 0.45882, 
INFO:root:Epoch   832, Energy: -1.12101e+02 (-1.12085e+02), Variance: 6.02592e+00 (7.97143e+00), Accept ratio: 0.46681, 
INFO:root:Epoch   833, Energy: -1.12177e+02 (-1.12332e+02), Variance: 7.35508e+00 (2.45152e+01), Accept ratio: 0.46649, 
INFO:root:Epoch   834, Energy: -1.12201e+02 (-1.12123e+02), Variance: 6.39251e+00 (9.97238e+00), Accept ratio: 0.46513, 
INFO:root:Epoch   835, Energy: -1.12151e+02 (-1.12161e+02), Variance: 6.44330e+00 (1.92582e+01), Accept ratio: 0.46696, 
INFO:root:Epoch   836, Energy: -1.12167e+02 (-1.12010e+02), Variance: 7.51971e+00 (2.28835e+01), Accept ratio: 0.45939, 
INFO:root:Epoch   837, Energy: -1.12103e+02 (-1.11995e+02), Variance: 7.62715e+00 (1.35244e+01), Accept ratio: 0.46569, 
INFO:root:Epoch   838, Energy: -1.12174e+02 (-1.12179e+02), Variance: 6.67777e+00 (1.46548e+01), Accept ratio: 0.46791, 
INFO:root:Epoch   839, Energy: -1.12122e+02 (-1.12109e+02), Variance: 9.69462e+00 (1.83699e+01), Accept ratio: 0.46407, 
INFO:root:Epoch   840, Energy: -1.12183e+02 (-1.12230e+02), Variance: 7.61131e+00 (1.83728e+01), Accept ratio: 0.47045, 
INFO:root:Epoch   841, Energy: -1.12126e+02 (-1.12090e+02), Variance: 6.23415e+00 (1.26573e+01), Accept ratio: 0.46218, 
INFO:root:Epoch   842, Energy: -1.12117e+02 (-1.12145e+02), Variance: 7.50213e+00 (2.93768e+01), Accept ratio: 0.47737, 
INFO:root:Epoch   843, Energy: -1.12139e+02 (-1.12439e+02), Variance: 6.79292e+00 (8.18971e+01), Accept ratio: 0.45908, 
INFO:root:Epoch   844, Energy: -1.12158e+02 (-1.12095e+02), Variance: 6.29680e+00 (9.17364e+00), Accept ratio: 0.46682, 
INFO:root:Epoch   845, Energy: -1.12114e+02 (-1.12099e+02), Variance: 6.46958e+00 (9.73550e+00), Accept ratio: 0.46324, 
INFO:root:Epoch   846, Energy: -1.12285e+02 (-1.12319e+02), Variance: 6.05912e+00 (1.25532e+01), Accept ratio: 0.46816, 
INFO:root:Epoch   847, Energy: -1.12212e+02 (-1.12088e+02), Variance: 6.21372e+00 (1.17325e+01), Accept ratio: 0.46268, 
INFO:root:Epoch   848, Energy: -1.12159e+02 (-1.12045e+02), Variance: 6.60641e+00 (1.42512e+01), Accept ratio: 0.46504, 
INFO:root:Epoch   849, Energy: -1.12276e+02 (-1.12153e+02), Variance: 6.87458e+00 (2.37870e+01), Accept ratio: 0.46155, 
INFO:root:Epoch   850, Energy: -1.12167e+02 (-1.12172e+02), Variance: 5.91342e+00 (1.46943e+01), Accept ratio: 0.46278, 
INFO:root:Epoch   851, Energy: -1.12186e+02 (-1.12146e+02), Variance: 5.59004e+00 (9.33002e+00), Accept ratio: 0.47160, 
INFO:root:Epoch   852, Energy: -1.12246e+02 (-1.12346e+02), Variance: 6.10430e+00 (1.33836e+01), Accept ratio: 0.46163, 
INFO:root:Epoch   853, Energy: -1.12300e+02 (-1.12271e+02), Variance: 5.32962e+00 (7.79124e+00), Accept ratio: 0.47080, 
INFO:root:Epoch   854, Energy: -1.12268e+02 (-1.12409e+02), Variance: 5.97703e+00 (2.41123e+01), Accept ratio: 0.46321, 
INFO:root:Epoch   855, Energy: -1.12173e+02 (-1.12135e+02), Variance: 6.68019e+00 (1.96150e+01), Accept ratio: 0.46368, 
INFO:root:Epoch   856, Energy: -1.12185e+02 (-1.12149e+02), Variance: 5.49767e+00 (1.90588e+01), Accept ratio: 0.46086, 
INFO:root:Epoch   857, Energy: -1.12228e+02 (-1.12172e+02), Variance: 5.29955e+00 (7.93286e+00), Accept ratio: 0.46166, 
INFO:root:Epoch   858, Energy: -1.12252e+02 (-1.12229e+02), Variance: 6.41151e+00 (1.17655e+01), Accept ratio: 0.46110, 
INFO:root:Epoch   859, Energy: -1.12160e+02 (-1.12137e+02), Variance: 6.22986e+00 (9.15628e+00), Accept ratio: 0.46452, 
INFO:root:Epoch   860, Energy: -1.12195e+02 (-1.12218e+02), Variance: 5.32621e+00 (7.86685e+00), Accept ratio: 0.46223, 
INFO:root:Epoch   861, Energy: -1.12211e+02 (-1.12186e+02), Variance: 5.77539e+00 (9.40196e+00), Accept ratio: 0.46345, 
INFO:root:Epoch   862, Energy: -1.12273e+02 (-1.12251e+02), Variance: 5.66060e+00 (1.02680e+01), Accept ratio: 0.46297, 
INFO:root:Epoch   863, Energy: -1.12178e+02 (-1.12681e+02), Variance: 7.78872e+00 (3.48110e+02), Accept ratio: 0.46522, 
INFO:root:Epoch   864, Energy: -1.12141e+02 (-1.12645e+02), Variance: 7.09998e+00 (3.07370e+02), Accept ratio: 0.46887, 
INFO:root:Epoch   865, Energy: -1.12094e+02 (-1.12056e+02), Variance: 6.65557e+00 (2.31409e+01), Accept ratio: 0.46761, 
INFO:root:Epoch   866, Energy: -1.12191e+02 (-1.12001e+02), Variance: 6.05146e+00 (2.90610e+01), Accept ratio: 0.46644, 
INFO:root:Epoch   867, Energy: -1.12259e+02 (-1.12182e+02), Variance: 6.25597e+00 (1.12235e+01), Accept ratio: 0.45587, 
INFO:root:Epoch   868, Energy: -1.12162e+02 (-1.12025e+02), Variance: 6.31536e+00 (1.54336e+01), Accept ratio: 0.46787, 
INFO:root:Epoch   869, Energy: -1.12227e+02 (-1.12218e+02), Variance: 5.62861e+00 (1.03189e+01), Accept ratio: 0.46408, 
INFO:root:Epoch   870, Energy: -1.12249e+02 (-1.12338e+02), Variance: 5.71426e+00 (1.60879e+01), Accept ratio: 0.46441, 
INFO:root:Epoch   871, Energy: -1.12237e+02 (-1.12227e+02), Variance: 5.52033e+00 (1.15057e+01), Accept ratio: 0.46567, 
INFO:root:Epoch   872, Energy: -1.12167e+02 (-1.12140e+02), Variance: 6.17167e+00 (1.07848e+01), Accept ratio: 0.47460, 
INFO:root:Epoch   873, Energy: -1.12289e+02 (-1.12259e+02), Variance: 5.85516e+00 (1.67456e+01), Accept ratio: 0.46122, 
INFO:root:Epoch   874, Energy: -1.12505e+02 (-1.12453e+02), Variance: 6.11096e+00 (1.81679e+01), Accept ratio: 0.46010, 
INFO:root:Epoch   875, Energy: -1.12420e+02 (-1.12256e+02), Variance: 5.62626e+00 (1.78142e+01), Accept ratio: 0.45858, 
INFO:root:Epoch   876, Energy: -1.12346e+02 (-1.12233e+02), Variance: 5.30217e+00 (1.52313e+01), Accept ratio: 0.46488, 
INFO:root:Epoch   877, Energy: -1.12384e+02 (-1.12305e+02), Variance: 5.17736e+00 (9.35712e+00), Accept ratio: 0.46270, 
INFO:root:Epoch   878, Energy: -1.12320e+02 (-1.12329e+02), Variance: 5.02595e+00 (1.32276e+01), Accept ratio: 0.46294, 
INFO:root:Epoch   879, Energy: -1.12245e+02 (-1.12246e+02), Variance: 5.86213e+00 (1.40124e+01), Accept ratio: 0.46512, 
INFO:root:Epoch   880, Energy: -1.12324e+02 (-1.12270e+02), Variance: 5.51441e+00 (1.54703e+01), Accept ratio: 0.47176, 
INFO:root:Epoch   881, Energy: -1.12283e+02 (-1.12160e+02), Variance: 5.34688e+00 (1.15020e+01), Accept ratio: 0.46015, 
INFO:root:Epoch   882, Energy: -1.12212e+02 (-1.12173e+02), Variance: 5.36445e+00 (9.51461e+00), Accept ratio: 0.46329, 
INFO:root:Epoch   883, Energy: -1.12205e+02 (-1.12381e+02), Variance: 6.62837e+00 (1.26713e+02), Accept ratio: 0.46680, 
INFO:root:Epoch   884, Energy: -1.12258e+02 (-1.12230e+02), Variance: 5.23509e+00 (1.26200e+01), Accept ratio: 0.46761, 
INFO:root:Epoch   885, Energy: -1.12325e+02 (-1.12268e+02), Variance: 5.80177e+00 (1.45329e+01), Accept ratio: 0.46782, 
INFO:root:Epoch   886, Energy: -1.12444e+02 (-1.12500e+02), Variance: 5.01876e+00 (1.55202e+01), Accept ratio: 0.47164, 
INFO:root:Epoch   887, Energy: -1.12328e+02 (-1.12277e+02), Variance: 5.55664e+00 (1.19756e+01), Accept ratio: 0.46512, 
INFO:root:Epoch   888, Energy: -1.12342e+02 (-1.12341e+02), Variance: 5.28320e+00 (9.03687e+00), Accept ratio: 0.47050, 
INFO:root:Epoch   889, Energy: -1.12302e+02 (-1.12282e+02), Variance: 4.95774e+00 (8.57835e+00), Accept ratio: 0.46057, 
INFO:root:Epoch   890, Energy: -1.12289e+02 (-1.12281e+02), Variance: 5.11035e+00 (6.80740e+00), Accept ratio: 0.46409, 
INFO:root:Epoch   891, Energy: -1.12320e+02 (-1.12195e+02), Variance: 6.00640e+00 (1.82863e+01), Accept ratio: 0.46593, 
INFO:root:Epoch   892, Energy: -1.12417e+02 (-1.12378e+02), Variance: 4.90817e+00 (7.83104e+00), Accept ratio: 0.45858, 
INFO:root:Epoch   893, Energy: -1.12350e+02 (-1.12274e+02), Variance: 4.93593e+00 (8.88654e+00), Accept ratio: 0.46156, 
INFO:root:Epoch   894, Energy: -1.12278e+02 (-1.12245e+02), Variance: 4.97627e+00 (7.89547e+00), Accept ratio: 0.47090, 
INFO:root:Epoch   895, Energy: -1.12417e+02 (-1.12384e+02), Variance: 4.68516e+00 (7.59983e+00), Accept ratio: 0.46663, 
INFO:root:Epoch   896, Energy: -1.12383e+02 (-1.12144e+02), Variance: 4.93743e+00 (9.21375e+01), Accept ratio: 0.47223, 
INFO:root:Epoch   897, Energy: -1.12412e+02 (-1.12388e+02), Variance: 4.74590e+00 (7.15401e+00), Accept ratio: 0.46426, 
INFO:root:Epoch   898, Energy: -1.12459e+02 (-1.12445e+02), Variance: 5.01483e+00 (7.17056e+00), Accept ratio: 0.46655, 
INFO:root:Epoch   899, Energy: -1.12469e+02 (-1.12497e+02), Variance: 4.49052e+00 (5.96689e+00), Accept ratio: 0.45981, 
INFO:root:Epoch   900, Energy: -1.12289e+02 (-1.12298e+02), Variance: 4.12763e+00 (5.17527e+00), Accept ratio: 0.46307, , best weights saved
INFO:root:Epoch   901, Energy: -1.12297e+02 (-1.12308e+02), Variance: 5.61866e+00 (7.99677e+00), Accept ratio: 0.46284, 
INFO:root:Epoch   902, Energy: -1.12420e+02 (-1.12455e+02), Variance: 5.20513e+00 (7.52664e+00), Accept ratio: 0.47049, 
INFO:root:Epoch   903, Energy: -1.12386e+02 (-1.12388e+02), Variance: 4.77371e+00 (6.45879e+00), Accept ratio: 0.45960, 
INFO:root:Epoch   904, Energy: -1.12278e+02 (-1.12260e+02), Variance: 5.85986e+00 (1.33646e+01), Accept ratio: 0.46758, 
INFO:root:Epoch   905, Energy: -1.12394e+02 (-1.12451e+02), Variance: 4.97463e+00 (1.03678e+01), Accept ratio: 0.46820, 
INFO:root:Epoch   906, Energy: -1.12304e+02 (-1.12167e+02), Variance: 5.08483e+00 (1.90202e+01), Accept ratio: 0.47016, 
INFO:root:Epoch   907, Energy: -1.12243e+02 (-1.12193e+02), Variance: 5.53366e+00 (1.12571e+01), Accept ratio: 0.46514, 
INFO:root:Epoch   908, Energy: -1.12366e+02 (-1.12348e+02), Variance: 5.15355e+00 (8.78286e+00), Accept ratio: 0.47070, 
INFO:root:Epoch   909, Energy: -1.12324e+02 (-1.12366e+02), Variance: 5.44422e+00 (1.37571e+01), Accept ratio: 0.46302, 
INFO:root:Epoch   910, Energy: -1.12282e+02 (-1.12262e+02), Variance: 6.19656e+00 (9.36582e+00), Accept ratio: 0.46362, 
INFO:root:Epoch   911, Energy: -1.12375e+02 (-1.12272e+02), Variance: 6.06540e+00 (1.12980e+01), Accept ratio: 0.46413, 
INFO:root:Epoch   912, Energy: -1.12296e+02 (-1.12282e+02), Variance: 5.42656e+00 (6.94248e+00), Accept ratio: 0.46070, 
INFO:root:Epoch   913, Energy: -1.12434e+02 (-1.12517e+02), Variance: 5.15246e+00 (1.00943e+01), Accept ratio: 0.46451, 
INFO:root:Epoch   914, Energy: -1.12309e+02 (-1.12356e+02), Variance: 5.95617e+00 (1.59613e+01), Accept ratio: 0.47267, 
INFO:root:Epoch   915, Energy: -1.12417e+02 (-1.12474e+02), Variance: 5.65239e+00 (1.85968e+01), Accept ratio: 0.46643, 
INFO:root:Epoch   916, Energy: -1.12350e+02 (-1.12306e+02), Variance: 5.59820e+00 (7.74548e+00), Accept ratio: 0.45977, 
INFO:root:Epoch   917, Energy: -1.12294e+02 (-1.12260e+02), Variance: 5.07067e+00 (6.49637e+00), Accept ratio: 0.47137, 
INFO:root:Epoch   918, Energy: -1.12256e+02 (-1.12217e+02), Variance: 6.07603e+00 (1.09377e+01), Accept ratio: 0.46733, 
INFO:root:Epoch   919, Energy: -1.12316e+02 (-1.12254e+02), Variance: 5.30917e+00 (1.14309e+01), Accept ratio: 0.47525, 
INFO:root:Epoch   920, Energy: -1.12363e+02 (-1.12427e+02), Variance: 5.90912e+00 (1.46239e+01), Accept ratio: 0.46414, 
INFO:root:Epoch   921, Energy: -1.12311e+02 (-1.12252e+02), Variance: 5.87218e+00 (2.47322e+01), Accept ratio: 0.46366, 
INFO:root:Epoch   922, Energy: -1.12382e+02 (-1.12440e+02), Variance: 5.95225e+00 (1.55723e+01), Accept ratio: 0.46365, 
INFO:root:Epoch   923, Energy: -1.12462e+02 (-1.12475e+02), Variance: 5.37501e+00 (1.23435e+01), Accept ratio: 0.46630, 
INFO:root:Epoch   924, Energy: -1.12311e+02 (-1.12281e+02), Variance: 5.08938e+00 (1.36731e+01), Accept ratio: 0.47005, 
INFO:root:Epoch   925, Energy: -1.12295e+02 (-1.12211e+02), Variance: 5.04681e+00 (8.00283e+00), Accept ratio: 0.46587, 
INFO:root:Epoch   926, Energy: -1.12327e+02 (-1.12277e+02), Variance: 5.28498e+00 (1.30908e+01), Accept ratio: 0.46891, 
INFO:root:Epoch   927, Energy: -1.12373e+02 (-1.12401e+02), Variance: 5.77431e+00 (1.67861e+01), Accept ratio: 0.46152, 
INFO:root:Epoch   928, Energy: -1.12346e+02 (-1.12274e+02), Variance: 4.67742e+00 (8.64717e+00), Accept ratio: 0.47141, 
INFO:root:Epoch   929, Energy: -1.12462e+02 (-1.12521e+02), Variance: 4.97834e+00 (1.09524e+01), Accept ratio: 0.46968, 
INFO:root:Epoch   930, Energy: -1.12310e+02 (-1.12074e+02), Variance: 5.47345e+00 (8.48976e+01), Accept ratio: 0.46391, 
INFO:root:Epoch   931, Energy: -1.12342e+02 (-1.12281e+02), Variance: 4.76690e+00 (7.47231e+00), Accept ratio: 0.46415, 
INFO:root:Epoch   932, Energy: -1.12379e+02 (-1.12397e+02), Variance: 4.96756e+00 (1.35595e+01), Accept ratio: 0.46258, 
INFO:root:Epoch   933, Energy: -1.12508e+02 (-1.12459e+02), Variance: 4.92667e+00 (8.36373e+00), Accept ratio: 0.46428, 
INFO:root:Epoch   934, Energy: -1.12472e+02 (-1.12323e+02), Variance: 5.21987e+00 (2.11659e+01), Accept ratio: 0.46635, 
INFO:root:Epoch   935, Energy: -1.12524e+02 (-1.12499e+02), Variance: 5.43454e+00 (1.55781e+01), Accept ratio: 0.45995, 
INFO:root:Epoch   936, Energy: -1.12535e+02 (-1.12390e+02), Variance: 5.16274e+00 (2.66035e+01), Accept ratio: 0.46055, 
INFO:root:Epoch   937, Energy: -1.12506e+02 (-1.12453e+02), Variance: 4.71903e+00 (7.04335e+00), Accept ratio: 0.46594, 
INFO:root:Epoch   938, Energy: -1.12602e+02 (-1.12616e+02), Variance: 4.63373e+00 (1.20698e+01), Accept ratio: 0.46289, 
INFO:root:Epoch   939, Energy: -1.12460e+02 (-1.12370e+02), Variance: 4.90239e+00 (1.00596e+01), Accept ratio: 0.46313, 
INFO:root:Epoch   940, Energy: -1.12441e+02 (-1.12393e+02), Variance: 5.62377e+00 (8.85530e+00), Accept ratio: 0.45657, 
INFO:root:Epoch   941, Energy: -1.12382e+02 (-1.12335e+02), Variance: 4.30992e+00 (7.11230e+00), Accept ratio: 0.46727, 
INFO:root:Epoch   942, Energy: -1.12431e+02 (-1.12477e+02), Variance: 5.25663e+00 (1.42657e+01), Accept ratio: 0.46666, 
INFO:root:Epoch   943, Energy: -1.12427e+02 (-1.12370e+02), Variance: 4.28916e+00 (6.47590e+00), Accept ratio: 0.46127, 
INFO:root:Epoch   944, Energy: -1.12430e+02 (-1.12412e+02), Variance: 5.50557e+00 (1.07294e+01), Accept ratio: 0.46174, 
INFO:root:Epoch   945, Energy: -1.12340e+02 (-1.09464e+02), Variance: 9.40652e+00 (8.47308e+03), Accept ratio: 0.46488, 
INFO:root:Epoch   946, Energy: -1.12330e+02 (-1.12328e+02), Variance: 5.28727e+00 (1.20929e+01), Accept ratio: 0.47155, 
INFO:root:Epoch   947, Energy: -1.12461e+02 (-1.12454e+02), Variance: 5.49635e+00 (1.18246e+01), Accept ratio: 0.46553, 
INFO:root:Epoch   948, Energy: -1.12566e+02 (-1.12560e+02), Variance: 4.78722e+00 (8.92148e+00), Accept ratio: 0.46757, 
INFO:root:Epoch   949, Energy: -1.12541e+02 (-1.12515e+02), Variance: 5.02548e+00 (9.95684e+00), Accept ratio: 0.46023, 
INFO:root:Epoch   950, Energy: -1.12522e+02 (-1.12486e+02), Variance: 5.86192e+00 (1.42119e+01), Accept ratio: 0.46191, 
INFO:root:Epoch   951, Energy: -1.12413e+02 (-1.12394e+02), Variance: 4.87462e+00 (7.46761e+00), Accept ratio: 0.47309, 
INFO:root:Epoch   952, Energy: -1.12479e+02 (-1.12424e+02), Variance: 4.89024e+00 (8.36752e+00), Accept ratio: 0.46659, 
INFO:root:Epoch   953, Energy: -1.12312e+02 (-1.12243e+02), Variance: 5.08675e+00 (8.54508e+00), Accept ratio: 0.46889, 
INFO:root:Epoch   954, Energy: -1.12341e+02 (-1.12291e+02), Variance: 4.49967e+00 (6.33048e+00), Accept ratio: 0.46516, 
INFO:root:Epoch   955, Energy: -1.12423e+02 (-1.12435e+02), Variance: 4.29459e+00 (7.17935e+00), Accept ratio: 0.46629, 
INFO:root:Epoch   956, Energy: -1.12390e+02 (-1.12316e+02), Variance: 4.29158e+00 (6.88752e+00), Accept ratio: 0.46106, 
INFO:root:Epoch   957, Energy: -1.12462e+02 (-1.12529e+02), Variance: 5.04160e+00 (1.70322e+01), Accept ratio: 0.46571, 
INFO:root:Epoch   958, Energy: -1.12464e+02 (-1.12483e+02), Variance: 5.37813e+00 (8.61172e+00), Accept ratio: 0.46133, 
INFO:root:Epoch   959, Energy: -1.12342e+02 (-1.12357e+02), Variance: 5.07765e+00 (1.05111e+01), Accept ratio: 0.46234, 
INFO:root:Epoch   960, Energy: -1.12457e+02 (-1.12627e+02), Variance: 5.71484e+00 (3.99015e+01), Accept ratio: 0.46864, 
INFO:root:Epoch   961, Energy: -1.12419e+02 (-1.12403e+02), Variance: 4.74064e+00 (8.14952e+00), Accept ratio: 0.46506, 
INFO:root:Epoch   962, Energy: -1.12431e+02 (-1.12366e+02), Variance: 4.74880e+00 (6.76474e+00), Accept ratio: 0.46460, 
INFO:root:Epoch   963, Energy: -1.12473e+02 (-1.12467e+02), Variance: 5.08807e+00 (7.75650e+00), Accept ratio: 0.46672, 
INFO:root:Epoch   964, Energy: -1.12415e+02 (-1.12410e+02), Variance: 4.98629e+00 (6.99071e+00), Accept ratio: 0.45778, 
INFO:root:Epoch   965, Energy: -1.12430e+02 (-1.12477e+02), Variance: 4.82502e+00 (1.44004e+01), Accept ratio: 0.46128, 
INFO:root:Epoch   966, Energy: -1.12429e+02 (-1.12381e+02), Variance: 5.20553e+00 (1.33079e+01), Accept ratio: 0.46113, 
INFO:root:Epoch   967, Energy: -1.12378e+02 (-1.12436e+02), Variance: 5.09705e+00 (1.15960e+01), Accept ratio: 0.46343, 
INFO:root:Epoch   968, Energy: -1.12440e+02 (-1.12453e+02), Variance: 4.56720e+00 (7.03776e+00), Accept ratio: 0.46855, 
INFO:root:Epoch   969, Energy: -1.12485e+02 (-1.12494e+02), Variance: 4.34314e+00 (7.91002e+00), Accept ratio: 0.46769, 
INFO:root:Epoch   970, Energy: -1.12412e+02 (-1.12328e+02), Variance: 4.29834e+00 (7.18780e+00), Accept ratio: 0.47290, 
INFO:root:Epoch   971, Energy: -1.12442e+02 (-1.12425e+02), Variance: 4.91392e+00 (7.86190e+00), Accept ratio: 0.47061, 
INFO:root:Epoch   972, Energy: -1.12361e+02 (-1.12631e+02), Variance: 5.45611e+00 (4.82083e+01), Accept ratio: 0.46544, 
INFO:root:Epoch   973, Energy: -1.12456e+02 (-1.12521e+02), Variance: 4.78058e+00 (1.21377e+01), Accept ratio: 0.46559, 
INFO:root:Epoch   974, Energy: -1.12459e+02 (-1.12474e+02), Variance: 5.03726e+00 (1.05158e+01), Accept ratio: 0.46428, 
INFO:root:Epoch   975, Energy: -1.12460e+02 (-1.12527e+02), Variance: 4.98569e+00 (1.52582e+01), Accept ratio: 0.47183, 
INFO:root:Epoch   976, Energy: -1.12507e+02 (-1.12541e+02), Variance: 4.22862e+00 (1.16487e+01), Accept ratio: 0.47007, 
INFO:root:Epoch   977, Energy: -1.12456e+02 (-1.12388e+02), Variance: 4.46258e+00 (9.06955e+00), Accept ratio: 0.46735, 
INFO:root:Epoch   978, Energy: -1.12398e+02 (-1.12304e+02), Variance: 5.03862e+00 (1.10683e+01), Accept ratio: 0.45998, 
INFO:root:Epoch   979, Energy: -1.12568e+02 (-1.12548e+02), Variance: 4.40236e+00 (8.97494e+00), Accept ratio: 0.46774, 
INFO:root:Epoch   980, Energy: -1.12461e+02 (-1.12310e+02), Variance: 5.13169e+00 (2.08753e+01), Accept ratio: 0.46430, 
INFO:root:Epoch   981, Energy: -1.12555e+02 (-1.12552e+02), Variance: 4.37440e+00 (9.03729e+00), Accept ratio: 0.46193, 
INFO:root:Epoch   982, Energy: -1.12625e+02 (-1.12627e+02), Variance: 4.50052e+00 (9.06630e+00), Accept ratio: 0.47132, 
INFO:root:Epoch   983, Energy: -1.12654e+02 (-1.12632e+02), Variance: 4.67702e+00 (7.83277e+00), Accept ratio: 0.46899, 
INFO:root:Epoch   984, Energy: -1.12509e+02 (-1.12427e+02), Variance: 4.49100e+00 (7.59365e+00), Accept ratio: 0.46209, 
INFO:root:Epoch   985, Energy: -1.12454e+02 (-1.12373e+02), Variance: 5.02354e+00 (1.09843e+01), Accept ratio: 0.46692, 
INFO:root:Epoch   986, Energy: -1.12539e+02 (-1.12474e+02), Variance: 4.33805e+00 (8.24967e+00), Accept ratio: 0.46317, 
INFO:root:Epoch   987, Energy: -1.12397e+02 (-1.12202e+02), Variance: 4.39319e+00 (1.52515e+01), Accept ratio: 0.46322, 
INFO:root:Epoch   988, Energy: -1.12401e+02 (-1.12417e+02), Variance: 4.89690e+00 (1.08045e+01), Accept ratio: 0.46624, 
INFO:root:Epoch   989, Energy: -1.12385e+02 (-1.12344e+02), Variance: 3.95314e+00 (6.47396e+00), Accept ratio: 0.46220, 
INFO:root:Epoch   990, Energy: -1.12535e+02 (-1.12411e+02), Variance: 4.68054e+00 (1.81892e+01), Accept ratio: 0.46819, 
INFO:root:Epoch   991, Energy: -1.12561e+02 (-1.12433e+02), Variance: 3.89759e+00 (2.33515e+01), Accept ratio: 0.46774, 
INFO:root:Epoch   992, Energy: -1.12491e+02 (-1.12444e+02), Variance: 4.45507e+00 (8.94662e+00), Accept ratio: 0.46433, 
INFO:root:Epoch   993, Energy: -1.12498e+02 (-1.12388e+02), Variance: 4.22408e+00 (1.28375e+01), Accept ratio: 0.46848, 
INFO:root:Epoch   994, Energy: -1.12515e+02 (-1.12547e+02), Variance: 4.30570e+00 (9.02738e+00), Accept ratio: 0.46601, 
INFO:root:Epoch   995, Energy: -1.12498e+02 (-1.12411e+02), Variance: 4.69669e+00 (1.51097e+01), Accept ratio: 0.47046, 
INFO:root:Epoch   996, Energy: -1.12479e+02 (-1.12428e+02), Variance: 4.52071e+00 (7.73883e+00), Accept ratio: 0.47160, 
INFO:root:Epoch   997, Energy: -1.12507e+02 (-1.12513e+02), Variance: 4.56100e+00 (7.70762e+00), Accept ratio: 0.47158, 
INFO:root:Epoch   998, Energy: -1.12539e+02 (-1.12688e+02), Variance: 3.85825e+00 (1.46598e+01), Accept ratio: 0.46532, 
INFO:root:Epoch   999, Energy: -1.12491e+02 (-1.12478e+02), Variance: 4.38234e+00 (1.00654e+01), Accept ratio: 0.46490, 
INFO:root:Epoch  1000, Energy: -1.12561e+02 (-1.12633e+02), Variance: 4.06078e+00 (8.91897e+00), Accept ratio: 0.46406, , best weights saved
INFO:root:Epoch  1001, Energy: -1.12532e+02 (-1.12563e+02), Variance: 4.47331e+00 (1.45164e+01), Accept ratio: 0.45904, 
INFO:root:Epoch  1002, Energy: -1.12628e+02 (-1.12663e+02), Variance: 4.28748e+00 (8.99322e+00), Accept ratio: 0.46653, 
INFO:root:Epoch  1003, Energy: -1.12666e+02 (-1.12714e+02), Variance: 3.86040e+00 (9.19898e+00), Accept ratio: 0.46793, 
INFO:root:Epoch  1004, Energy: -1.12583e+02 (-1.12497e+02), Variance: 4.35074e+00 (7.84368e+00), Accept ratio: 0.46306, 
INFO:root:Epoch  1005, Energy: -1.12719e+02 (-1.12736e+02), Variance: 4.75700e+00 (1.09639e+01), Accept ratio: 0.45965, 
INFO:root:Epoch  1006, Energy: -1.12568e+02 (-1.12552e+02), Variance: 4.97698e+00 (7.34195e+00), Accept ratio: 0.46330, 
INFO:root:Epoch  1007, Energy: -1.12588e+02 (-1.12461e+02), Variance: 4.73463e+00 (1.82382e+01), Accept ratio: 0.46327, 
INFO:root:Epoch  1008, Energy: -1.12566e+02 (-1.12542e+02), Variance: 4.18614e+00 (7.55997e+00), Accept ratio: 0.47016, 
INFO:root:Epoch  1009, Energy: -1.12545e+02 (-1.12470e+02), Variance: 3.93386e+00 (9.43617e+00), Accept ratio: 0.46652, 
INFO:root:Epoch  1010, Energy: -1.12402e+02 (-1.12312e+02), Variance: 4.85675e+00 (9.99449e+00), Accept ratio: 0.46212, 
INFO:root:Epoch  1011, Energy: -1.12555e+02 (-1.12523e+02), Variance: 4.45419e+00 (7.88737e+00), Accept ratio: 0.46171, 
INFO:root:Epoch  1012, Energy: -1.12514e+02 (-1.09937e+02), Variance: 7.05333e+00 (6.72951e+03), Accept ratio: 0.46603, 
INFO:root:Epoch  1013, Energy: -1.12499e+02 (-1.12501e+02), Variance: 4.06103e+00 (6.23335e+00), Accept ratio: 0.46604, 
INFO:root:Epoch  1014, Energy: -1.12458e+02 (-1.12553e+02), Variance: 3.72940e+00 (1.61992e+01), Accept ratio: 0.46853, 
INFO:root:Epoch  1015, Energy: -1.12532e+02 (-1.12377e+02), Variance: 4.01106e+00 (2.36267e+01), Accept ratio: 0.46249, 
INFO:root:Epoch  1016, Energy: -1.12572e+02 (-1.12573e+02), Variance: 4.24107e+00 (6.94638e+00), Accept ratio: 0.46913, 
INFO:root:Epoch  1017, Energy: -1.12490e+02 (-1.12505e+02), Variance: 4.24440e+00 (1.44323e+01), Accept ratio: 0.46467, 
INFO:root:Epoch  1018, Energy: -1.12589e+02 (-1.12566e+02), Variance: 4.03011e+00 (6.62743e+00), Accept ratio: 0.46951, 
INFO:root:Epoch  1019, Energy: -1.12574e+02 (-1.12569e+02), Variance: 4.64204e+00 (1.98009e+01), Accept ratio: 0.46294, 
INFO:root:Epoch  1020, Energy: -1.12555e+02 (-1.12717e+02), Variance: 4.17560e+00 (5.00126e+01), Accept ratio: 0.46959, 
INFO:root:Epoch  1021, Energy: -1.12571e+02 (-1.12568e+02), Variance: 3.70492e+00 (1.00689e+01), Accept ratio: 0.46242, 
INFO:root:Epoch  1022, Energy: -1.12578e+02 (-1.12509e+02), Variance: 3.39709e+00 (5.47192e+00), Accept ratio: 0.47318, 
INFO:root:Epoch  1023, Energy: -1.12514e+02 (-1.12433e+02), Variance: 4.23854e+00 (9.44632e+00), Accept ratio: 0.46432, 
INFO:root:Epoch  1024, Energy: -1.12441e+02 (-1.12304e+02), Variance: 4.03223e+00 (1.02240e+01), Accept ratio: 0.46176, 
INFO:root:Epoch  1025, Energy: -1.12487e+02 (-1.12379e+02), Variance: 3.84589e+00 (9.07238e+00), Accept ratio: 0.46517, 
INFO:root:Epoch  1026, Energy: -1.12487e+02 (-1.12424e+02), Variance: 3.90658e+00 (1.01049e+01), Accept ratio: 0.46658, 
INFO:root:Epoch  1027, Energy: -1.12552e+02 (-1.12557e+02), Variance: 4.61897e+00 (7.25311e+00), Accept ratio: 0.47196, 
INFO:root:Epoch  1028, Energy: -1.12612e+02 (-1.12634e+02), Variance: 3.92964e+00 (5.39373e+00), Accept ratio: 0.46143, 
INFO:root:Epoch  1029, Energy: -1.12624e+02 (-1.12655e+02), Variance: 4.29129e+00 (6.72399e+00), Accept ratio: 0.46959, 
INFO:root:Epoch  1030, Energy: -1.12644e+02 (-1.12789e+02), Variance: 4.23209e+00 (3.15361e+01), Accept ratio: 0.47160, 
INFO:root:Epoch  1031, Energy: -1.12604e+02 (-1.12668e+02), Variance: 4.26892e+00 (9.67910e+00), Accept ratio: 0.46584, 
INFO:root:Epoch  1032, Energy: -1.12605e+02 (-1.12601e+02), Variance: 3.71924e+00 (7.64989e+00), Accept ratio: 0.46727, 
INFO:root:Epoch  1033, Energy: -1.12583e+02 (-1.12587e+02), Variance: 3.71704e+00 (4.40165e+00), Accept ratio: 0.46730, 
INFO:root:Epoch  1034, Energy: -1.12551e+02 (-1.12534e+02), Variance: 3.68088e+00 (5.15542e+00), Accept ratio: 0.46304, 
INFO:root:Epoch  1035, Energy: -1.12517e+02 (-1.12519e+02), Variance: 3.61882e+00 (4.64899e+00), Accept ratio: 0.46474, 
INFO:root:Epoch  1036, Energy: -1.12480e+02 (-1.12439e+02), Variance: 4.47459e+00 (7.20909e+00), Accept ratio: 0.46636, 
INFO:root:Epoch  1037, Energy: -1.12585e+02 (-1.12649e+02), Variance: 4.59194e+00 (1.22578e+01), Accept ratio: 0.45864, 
INFO:root:Epoch  1038, Energy: -1.12551e+02 (-1.12552e+02), Variance: 4.09472e+00 (5.19618e+00), Accept ratio: 0.47044, 
INFO:root:Epoch  1039, Energy: -1.12564e+02 (-1.12488e+02), Variance: 4.13845e+00 (8.65619e+00), Accept ratio: 0.46957, 
INFO:root:Epoch  1040, Energy: -1.12511e+02 (-1.12490e+02), Variance: 3.64869e+00 (5.77434e+00), Accept ratio: 0.47174, 
INFO:root:Epoch  1041, Energy: -1.12471e+02 (-1.12476e+02), Variance: 4.49904e+00 (7.22789e+00), Accept ratio: 0.46352, 
INFO:root:Epoch  1042, Energy: -1.12570e+02 (-1.12662e+02), Variance: 4.25188e+00 (1.63664e+01), Accept ratio: 0.46606, 
INFO:root:Epoch  1043, Energy: -1.12633e+02 (-1.12681e+02), Variance: 4.05502e+00 (7.71034e+00), Accept ratio: 0.46692, 
INFO:root:Epoch  1044, Energy: -1.12591e+02 (-1.12642e+02), Variance: 4.18777e+00 (6.50080e+00), Accept ratio: 0.46038, 
INFO:root:Epoch  1045, Energy: -1.12634e+02 (-1.12618e+02), Variance: 4.51359e+00 (8.15147e+00), Accept ratio: 0.47115, 
INFO:root:Epoch  1046, Energy: -1.12646e+02 (-1.12592e+02), Variance: 4.01251e+00 (8.24942e+00), Accept ratio: 0.46381, 
INFO:root:Epoch  1047, Energy: -1.12664e+02 (-1.12576e+02), Variance: 4.16553e+00 (1.14774e+01), Accept ratio: 0.46257, 
INFO:root:Epoch  1048, Energy: -1.12598e+02 (-1.12652e+02), Variance: 4.23184e+00 (1.17271e+01), Accept ratio: 0.47038, 
INFO:root:Epoch  1049, Energy: -1.12669e+02 (-1.12679e+02), Variance: 3.79371e+00 (5.19400e+00), Accept ratio: 0.46484, 
INFO:root:Epoch  1050, Energy: -1.12698e+02 (-1.12705e+02), Variance: 3.82462e+00 (5.18007e+00), Accept ratio: 0.46582, 
INFO:root:Epoch  1051, Energy: -1.12699e+02 (-1.12680e+02), Variance: 4.28498e+00 (6.15656e+00), Accept ratio: 0.47029, 
INFO:root:Epoch  1052, Energy: -1.12677e+02 (-1.12656e+02), Variance: 3.72986e+00 (5.41050e+00), Accept ratio: 0.45716, 
INFO:root:Epoch  1053, Energy: -1.12664e+02 (-1.12679e+02), Variance: 3.64537e+00 (4.18633e+00), Accept ratio: 0.46276, 
INFO:root:Epoch  1054, Energy: -1.12713e+02 (-1.12695e+02), Variance: 3.81175e+00 (5.52878e+00), Accept ratio: 0.45447, 
INFO:root:Epoch  1055, Energy: -1.12649e+02 (-1.12603e+02), Variance: 3.65684e+00 (7.12557e+00), Accept ratio: 0.46789, 
INFO:root:Epoch  1056, Energy: -1.12602e+02 (-1.12654e+02), Variance: 3.35293e+00 (4.92511e+00), Accept ratio: 0.46346, 
INFO:root:Epoch  1057, Energy: -1.12696e+02 (-1.12712e+02), Variance: 3.88798e+00 (5.50780e+00), Accept ratio: 0.46215, 
INFO:root:Epoch  1058, Energy: -1.12732e+02 (-1.12726e+02), Variance: 3.35256e+00 (6.24173e+00), Accept ratio: 0.46181, 
INFO:root:Epoch  1059, Energy: -1.12678e+02 (-1.12640e+02), Variance: 3.77234e+00 (1.23606e+01), Accept ratio: 0.46586, 
INFO:root:Epoch  1060, Energy: -1.12746e+02 (-1.12802e+02), Variance: 3.89851e+00 (6.44255e+00), Accept ratio: 0.46904, 
INFO:root:Epoch  1061, Energy: -1.12599e+02 (-1.12564e+02), Variance: 3.60226e+00 (5.25519e+00), Accept ratio: 0.46833, 
INFO:root:Epoch  1062, Energy: -1.12712e+02 (-1.12686e+02), Variance: 3.77525e+00 (1.47232e+01), Accept ratio: 0.46350, 
INFO:root:Epoch  1063, Energy: -1.12661e+02 (-1.12710e+02), Variance: 3.28375e+00 (4.98837e+00), Accept ratio: 0.46230, 
INFO:root:Epoch  1064, Energy: -1.12664e+02 (-1.12638e+02), Variance: 3.83356e+00 (7.57246e+00), Accept ratio: 0.46653, 
INFO:root:Epoch  1065, Energy: -1.12675e+02 (-1.12642e+02), Variance: 3.80754e+00 (6.55929e+00), Accept ratio: 0.46656, 
INFO:root:Epoch  1066, Energy: -1.12664e+02 (-1.12608e+02), Variance: 3.86458e+00 (5.92870e+00), Accept ratio: 0.46461, 
INFO:root:Epoch  1067, Energy: -1.12609e+02 (-1.12592e+02), Variance: 3.59111e+00 (9.15256e+00), Accept ratio: 0.45592, 
INFO:root:Epoch  1068, Energy: -1.12673e+02 (-1.12646e+02), Variance: 4.32916e+00 (8.52165e+00), Accept ratio: 0.45940, 
INFO:root:Epoch  1069, Energy: -1.12695e+02 (-1.12707e+02), Variance: 4.48847e+00 (7.35619e+00), Accept ratio: 0.45995, 
INFO:root:Epoch  1070, Energy: -1.12650e+02 (-1.12694e+02), Variance: 3.39298e+00 (7.22721e+00), Accept ratio: 0.46824, 
INFO:root:Epoch  1071, Energy: -1.12564e+02 (-1.12516e+02), Variance: 3.54741e+00 (6.25957e+00), Accept ratio: 0.46822, 
INFO:root:Epoch  1072, Energy: -1.12657e+02 (-1.12646e+02), Variance: 3.72944e+00 (6.07973e+00), Accept ratio: 0.46735, 
INFO:root:Epoch  1073, Energy: -1.12646e+02 (-1.12710e+02), Variance: 3.88219e+00 (8.34456e+00), Accept ratio: 0.46705, 
INFO:root:Epoch  1074, Energy: -1.12733e+02 (-1.12732e+02), Variance: 3.83903e+00 (1.07918e+01), Accept ratio: 0.46357, 
INFO:root:Epoch  1075, Energy: -1.12682e+02 (-1.12624e+02), Variance: 3.93613e+00 (7.77693e+00), Accept ratio: 0.47058, 
INFO:root:Epoch  1076, Energy: -1.12757e+02 (-1.12775e+02), Variance: 3.86053e+00 (6.09994e+00), Accept ratio: 0.46063, 
INFO:root:Epoch  1077, Energy: -1.12680e+02 (-1.12673e+02), Variance: 3.77724e+00 (7.99141e+00), Accept ratio: 0.47076, 
INFO:root:Epoch  1078, Energy: -1.12636e+02 (-1.12690e+02), Variance: 3.57857e+00 (6.63836e+00), Accept ratio: 0.46716, 
INFO:root:Epoch  1079, Energy: -1.12667e+02 (-1.12637e+02), Variance: 3.63218e+00 (9.21225e+00), Accept ratio: 0.46431, 
INFO:root:Epoch  1080, Energy: -1.12619e+02 (-1.12618e+02), Variance: 3.53346e+00 (5.97560e+00), Accept ratio: 0.47105, 
INFO:root:Epoch  1081, Energy: -1.12580e+02 (-1.12577e+02), Variance: 3.97589e+00 (1.35718e+01), Accept ratio: 0.46555, 
INFO:root:Epoch  1082, Energy: -1.12737e+02 (-1.12728e+02), Variance: 4.20218e+00 (1.33064e+01), Accept ratio: 0.47309, 
INFO:root:Epoch  1083, Energy: -1.12667e+02 (-1.12666e+02), Variance: 3.64039e+00 (9.67990e+00), Accept ratio: 0.46983, 
INFO:root:Epoch  1084, Energy: -1.12768e+02 (-1.12773e+02), Variance: 3.55270e+00 (4.82203e+00), Accept ratio: 0.46333, 
INFO:root:Epoch  1085, Energy: -1.12629e+02 (-1.12603e+02), Variance: 4.25620e+00 (7.23012e+00), Accept ratio: 0.46518, 
INFO:root:Epoch  1086, Energy: -1.12630e+02 (-1.12659e+02), Variance: 4.76646e+00 (2.15490e+01), Accept ratio: 0.46021, 
INFO:root:Epoch  1087, Energy: -1.12591e+02 (-1.12544e+02), Variance: 4.73774e+00 (1.00036e+01), Accept ratio: 0.46696, 
INFO:root:Epoch  1088, Energy: -1.12785e+02 (-1.12810e+02), Variance: 3.48059e+00 (7.53827e+00), Accept ratio: 0.46337, 
INFO:root:Epoch  1089, Energy: -1.12665e+02 (-1.12607e+02), Variance: 3.33787e+00 (5.98623e+00), Accept ratio: 0.46349, 
INFO:root:Epoch  1090, Energy: -1.12601e+02 (-1.12574e+02), Variance: 4.03036e+00 (6.66435e+00), Accept ratio: 0.46908, 
INFO:root:Epoch  1091, Energy: -1.12601e+02 (-1.12523e+02), Variance: 3.83897e+00 (6.41196e+00), Accept ratio: 0.47002, 
INFO:root:Epoch  1092, Energy: -1.12665e+02 (-1.12682e+02), Variance: 4.03975e+00 (9.41221e+00), Accept ratio: 0.46731, 
INFO:root:Epoch  1093, Energy: -1.12577e+02 (-1.12507e+02), Variance: 3.91748e+00 (1.32790e+01), Accept ratio: 0.46266, 
INFO:root:Epoch  1094, Energy: -1.12635e+02 (-1.12601e+02), Variance: 4.22509e+00 (1.12168e+01), Accept ratio: 0.46110, 
INFO:root:Epoch  1095, Energy: -1.12619e+02 (-1.12561e+02), Variance: 4.42417e+00 (6.64289e+00), Accept ratio: 0.47405, 
INFO:root:Epoch  1096, Energy: -1.12688e+02 (-1.12718e+02), Variance: 4.26207e+00 (7.52728e+00), Accept ratio: 0.47027, 
INFO:root:Epoch  1097, Energy: -1.12594e+02 (-1.12713e+02), Variance: 4.37685e+00 (1.60984e+01), Accept ratio: 0.46356, 
INFO:root:Epoch  1098, Energy: -1.12594e+02 (-1.12571e+02), Variance: 3.80090e+00 (5.56575e+00), Accept ratio: 0.47000, 
INFO:root:Epoch  1099, Energy: -1.12643e+02 (-1.12648e+02), Variance: 3.91682e+00 (9.56742e+00), Accept ratio: 0.46425, 
INFO:root:Epoch  1100, Energy: -1.12573e+02 (-1.12531e+02), Variance: 3.98250e+00 (5.70095e+00), Accept ratio: 0.46514, , best weights saved
INFO:root:Epoch  1101, Energy: -1.12687e+02 (-1.12704e+02), Variance: 4.09737e+00 (7.83045e+00), Accept ratio: 0.46908, 
INFO:root:Epoch  1102, Energy: -1.12675e+02 (-1.12643e+02), Variance: 3.29089e+00 (4.45841e+00), Accept ratio: 0.46657, 
INFO:root:Epoch  1103, Energy: -1.12633e+02 (-1.12569e+02), Variance: 3.25020e+00 (7.25431e+00), Accept ratio: 0.46989, 
INFO:root:Epoch  1104, Energy: -1.12651e+02 (-1.12655e+02), Variance: 3.10201e+00 (5.24436e+00), Accept ratio: 0.46482, 
INFO:root:Epoch  1105, Energy: -1.12577e+02 (-1.12544e+02), Variance: 3.85975e+00 (5.84848e+00), Accept ratio: 0.46770, 
INFO:root:Epoch  1106, Energy: -1.12552e+02 (-1.12480e+02), Variance: 3.88948e+00 (2.03503e+01), Accept ratio: 0.46922, 
INFO:root:Epoch  1107, Energy: -1.12615e+02 (-1.12611e+02), Variance: 3.71589e+00 (6.32212e+00), Accept ratio: 0.46884, 
INFO:root:Epoch  1108, Energy: -1.12686e+02 (-1.12677e+02), Variance: 3.97258e+00 (7.37032e+00), Accept ratio: 0.45763, 
INFO:root:Epoch  1109, Energy: -1.12619e+02 (-1.12597e+02), Variance: 3.52147e+00 (5.06064e+00), Accept ratio: 0.46447, 
INFO:root:Epoch  1110, Energy: -1.12681e+02 (-1.12703e+02), Variance: 3.72331e+00 (6.66634e+00), Accept ratio: 0.46381, 
INFO:root:Epoch  1111, Energy: -1.12628e+02 (-1.12662e+02), Variance: 3.77590e+00 (7.26653e+00), Accept ratio: 0.46550, 
INFO:root:Epoch  1112, Energy: -1.12635e+02 (-1.12628e+02), Variance: 3.82265e+00 (6.54158e+00), Accept ratio: 0.45931, 
INFO:root:Epoch  1113, Energy: -1.12637e+02 (-1.12653e+02), Variance: 3.91345e+00 (6.93022e+00), Accept ratio: 0.46867, 
INFO:root:Epoch  1114, Energy: -1.12645e+02 (-1.12633e+02), Variance: 3.48257e+00 (4.05038e+00), Accept ratio: 0.46619, 
INFO:root:Epoch  1115, Energy: -1.12622e+02 (-1.12672e+02), Variance: 4.08630e+00 (1.62784e+01), Accept ratio: 0.46465, 
INFO:root:Epoch  1116, Energy: -1.12714e+02 (-1.12916e+02), Variance: 3.76681e+00 (3.76963e+01), Accept ratio: 0.46834, 
INFO:root:Epoch  1117, Energy: -1.12648e+02 (-1.12739e+02), Variance: 3.42357e+00 (1.42151e+01), Accept ratio: 0.45787, 
INFO:root:Epoch  1118, Energy: -1.12745e+02 (-1.12733e+02), Variance: 3.31691e+00 (4.69950e+00), Accept ratio: 0.47192, 
INFO:root:Epoch  1119, Energy: -1.12779e+02 (-1.12832e+02), Variance: 3.16126e+00 (6.33471e+00), Accept ratio: 0.46295, 
INFO:root:Epoch  1120, Energy: -1.12695e+02 (-1.12734e+02), Variance: 2.93210e+00 (4.77817e+00), Accept ratio: 0.46389, 
INFO:root:Epoch  1121, Energy: -1.12649e+02 (-1.12661e+02), Variance: 3.30792e+00 (4.71446e+00), Accept ratio: 0.46591, 
INFO:root:Epoch  1122, Energy: -1.12636e+02 (-1.12587e+02), Variance: 3.63041e+00 (5.05333e+00), Accept ratio: 0.46557, 
INFO:root:Epoch  1123, Energy: -1.12674e+02 (-1.12657e+02), Variance: 3.61837e+00 (6.47957e+00), Accept ratio: 0.47007, 
INFO:root:Epoch  1124, Energy: -1.12564e+02 (-1.12647e+02), Variance: 4.09491e+00 (1.14410e+01), Accept ratio: 0.46250, 
INFO:root:Epoch  1125, Energy: -1.12579e+02 (-1.12562e+02), Variance: 2.90804e+00 (4.64807e+00), Accept ratio: 0.46446, 
INFO:root:Epoch  1126, Energy: -1.12654e+02 (-1.12631e+02), Variance: 3.01383e+00 (4.48779e+00), Accept ratio: 0.46503, 
INFO:root:Epoch  1127, Energy: -1.12574e+02 (-1.12685e+02), Variance: 3.39112e+00 (2.16724e+01), Accept ratio: 0.46860, 
INFO:root:Epoch  1128, Energy: -1.12624e+02 (-1.12499e+02), Variance: 3.47612e+00 (2.55458e+01), Accept ratio: 0.46766, 
INFO:root:Epoch  1129, Energy: -1.12611e+02 (-1.12651e+02), Variance: 3.48287e+00 (6.04736e+00), Accept ratio: 0.46939, 
INFO:root:Epoch  1130, Energy: -1.12626e+02 (-1.12471e+02), Variance: 3.66221e+00 (1.98296e+01), Accept ratio: 0.46886, 
INFO:root:Epoch  1131, Energy: -1.12725e+02 (-1.12687e+02), Variance: 3.39536e+00 (5.08591e+00), Accept ratio: 0.45996, 
INFO:root:Epoch  1132, Energy: -1.12692e+02 (-1.12707e+02), Variance: 3.45370e+00 (6.14452e+00), Accept ratio: 0.46513, 
INFO:root:Epoch  1133, Energy: -1.12699e+02 (-1.12667e+02), Variance: 3.32128e+00 (5.77279e+00), Accept ratio: 0.47165, 
INFO:root:Epoch  1134, Energy: -1.12708e+02 (-1.12688e+02), Variance: 3.40184e+00 (4.12593e+00), Accept ratio: 0.47102, 
INFO:root:Epoch  1135, Energy: -1.12693e+02 (-1.12676e+02), Variance: 3.57554e+00 (5.75833e+00), Accept ratio: 0.46570, 
INFO:root:Epoch  1136, Energy: -1.12700e+02 (-1.12703e+02), Variance: 3.62678e+00 (5.07269e+00), Accept ratio: 0.45652, 
INFO:root:Epoch  1137, Energy: -1.12729e+02 (-1.12726e+02), Variance: 3.22027e+00 (3.84453e+00), Accept ratio: 0.46271, 
INFO:root:Epoch  1138, Energy: -1.12722e+02 (-1.12789e+02), Variance: 3.47834e+00 (8.11775e+00), Accept ratio: 0.45727, 
INFO:root:Epoch  1139, Energy: -1.12770e+02 (-1.12782e+02), Variance: 3.25107e+00 (5.76754e+00), Accept ratio: 0.45749, 
INFO:root:Epoch  1140, Energy: -1.12772e+02 (-1.12736e+02), Variance: 2.87858e+00 (4.12245e+00), Accept ratio: 0.46326, 
INFO:root:Epoch  1141, Energy: -1.12727e+02 (-1.12705e+02), Variance: 3.05882e+00 (4.77182e+00), Accept ratio: 0.46415, 
INFO:root:Epoch  1142, Energy: -1.12710e+02 (-1.12730e+02), Variance: 3.41761e+00 (5.14605e+00), Accept ratio: 0.46484, 
INFO:root:Epoch  1143, Energy: -1.12750e+02 (-1.12754e+02), Variance: 3.10868e+00 (4.12073e+00), Accept ratio: 0.46523, 
INFO:root:Epoch  1144, Energy: -1.12660e+02 (-1.12669e+02), Variance: 3.48244e+00 (4.62360e+00), Accept ratio: 0.46366, 
INFO:root:Epoch  1145, Energy: -1.12717e+02 (-1.12724e+02), Variance: 3.07117e+00 (3.90913e+00), Accept ratio: 0.45962, 
INFO:root:Epoch  1146, Energy: -1.12745e+02 (-1.12760e+02), Variance: 3.47152e+00 (5.84629e+00), Accept ratio: 0.45876, 
INFO:root:Epoch  1147, Energy: -1.12759e+02 (-1.12759e+02), Variance: 3.51721e+00 (4.61707e+00), Accept ratio: 0.46280, 
INFO:root:Epoch  1148, Energy: -1.12796e+02 (-1.12864e+02), Variance: 3.77019e+00 (7.53219e+00), Accept ratio: 0.46406, 
INFO:root:Epoch  1149, Energy: -1.12810e+02 (-1.12798e+02), Variance: 3.25963e+00 (4.36380e+00), Accept ratio: 0.46136, 
INFO:root:Epoch  1150, Energy: -1.12760e+02 (-1.12743e+02), Variance: 3.12129e+00 (5.53730e+00), Accept ratio: 0.46328, 
INFO:root:Epoch  1151, Energy: -1.12631e+02 (-1.12572e+02), Variance: 3.24126e+00 (5.39933e+00), Accept ratio: 0.46200, 
INFO:root:Epoch  1152, Energy: -1.12700e+02 (-1.12688e+02), Variance: 2.96161e+00 (3.68886e+00), Accept ratio: 0.46881, 
INFO:root:Epoch  1153, Energy: -1.12646e+02 (-1.12712e+02), Variance: 3.25877e+00 (8.84647e+00), Accept ratio: 0.46829, 
INFO:root:Epoch  1154, Energy: -1.12679e+02 (-1.12632e+02), Variance: 3.53379e+00 (8.40901e+00), Accept ratio: 0.46530, 
INFO:root:Epoch  1155, Energy: -1.12700e+02 (-1.12736e+02), Variance: 3.67986e+00 (7.21447e+00), Accept ratio: 0.45510, 
INFO:root:Epoch  1156, Energy: -1.12812e+02 (-1.12834e+02), Variance: 3.56631e+00 (5.42022e+00), Accept ratio: 0.45878, 
INFO:root:Epoch  1157, Energy: -1.12729e+02 (-1.12800e+02), Variance: 3.34553e+00 (5.77391e+00), Accept ratio: 0.46069, 
INFO:root:Epoch  1158, Energy: -1.12697e+02 (-1.12722e+02), Variance: 3.06184e+00 (4.13889e+00), Accept ratio: 0.45773, 
INFO:root:Epoch  1159, Energy: -1.12715e+02 (-1.12726e+02), Variance: 3.53999e+00 (6.52677e+00), Accept ratio: 0.46581, 
INFO:root:Epoch  1160, Energy: -1.12688e+02 (-1.12739e+02), Variance: 3.07771e+00 (5.26494e+00), Accept ratio: 0.46519, 
INFO:root:Epoch  1161, Energy: -1.12676e+02 (-1.12672e+02), Variance: 3.32378e+00 (5.94222e+00), Accept ratio: 0.46675, 
INFO:root:Epoch  1162, Energy: -1.12676e+02 (-1.12693e+02), Variance: 3.38764e+00 (5.22964e+00), Accept ratio: 0.46423, 
INFO:root:Epoch  1163, Energy: -1.12813e+02 (-1.12841e+02), Variance: 2.60667e+00 (3.22413e+00), Accept ratio: 0.46914, 
INFO:root:Epoch  1164, Energy: -1.12775e+02 (-1.12799e+02), Variance: 3.09121e+00 (5.31273e+00), Accept ratio: 0.46912, 
INFO:root:Epoch  1165, Energy: -1.12811e+02 (-1.12826e+02), Variance: 3.34745e+00 (4.78234e+00), Accept ratio: 0.46361, 
INFO:root:Epoch  1166, Energy: -1.12797e+02 (-1.12920e+02), Variance: 3.56594e+00 (2.12509e+01), Accept ratio: 0.46167, 
INFO:root:Epoch  1167, Energy: -1.12830e+02 (-1.12827e+02), Variance: 3.32318e+00 (5.67246e+00), Accept ratio: 0.46368, 
INFO:root:Epoch  1168, Energy: -1.12769e+02 (-1.12769e+02), Variance: 2.98837e+00 (6.69671e+00), Accept ratio: 0.46399, 
INFO:root:Epoch  1169, Energy: -1.12740e+02 (-1.12707e+02), Variance: 3.09229e+00 (6.76668e+00), Accept ratio: 0.46512, 
INFO:root:Epoch  1170, Energy: -1.12672e+02 (-1.12668e+02), Variance: 3.54226e+00 (5.20933e+00), Accept ratio: 0.46689, 
INFO:root:Epoch  1171, Energy: -1.12796e+02 (-1.12744e+02), Variance: 3.49541e+00 (6.81158e+00), Accept ratio: 0.46623, 
INFO:root:Epoch  1172, Energy: -1.12726e+02 (-1.12896e+02), Variance: 4.21976e+00 (9.45976e+01), Accept ratio: 0.46042, 
INFO:root:Epoch  1173, Energy: -1.12646e+02 (-1.12617e+02), Variance: 3.54793e+00 (7.30401e+00), Accept ratio: 0.46518, 
INFO:root:Epoch  1174, Energy: -1.12691e+02 (-1.12737e+02), Variance: 3.26834e+00 (1.33020e+01), Accept ratio: 0.46424, 
INFO:root:Epoch  1175, Energy: -1.12678e+02 (-1.12664e+02), Variance: 2.99597e+00 (5.09318e+00), Accept ratio: 0.46270, 
INFO:root:Epoch  1176, Energy: -1.12774e+02 (-1.12754e+02), Variance: 3.10503e+00 (4.46076e+00), Accept ratio: 0.47112, 
INFO:root:Epoch  1177, Energy: -1.12688e+02 (-1.12678e+02), Variance: 3.19264e+00 (4.53239e+00), Accept ratio: 0.46579, 
INFO:root:Epoch  1178, Energy: -1.12760e+02 (-1.11584e+02), Variance: 4.90601e+00 (1.54606e+03), Accept ratio: 0.46958, 
INFO:root:Epoch  1179, Energy: -1.12663e+02 (-1.12616e+02), Variance: 3.12489e+00 (5.49158e+00), Accept ratio: 0.46435, 
INFO:root:Epoch  1180, Energy: -1.12750e+02 (-1.12851e+02), Variance: 3.10388e+00 (1.33759e+01), Accept ratio: 0.46081, 
INFO:root:Epoch  1181, Energy: -1.12725e+02 (-1.12703e+02), Variance: 3.60377e+00 (6.76376e+00), Accept ratio: 0.45740, 
INFO:root:Epoch  1182, Energy: -1.12791e+02 (-1.12765e+02), Variance: 4.13864e+00 (8.47027e+00), Accept ratio: 0.45828, 
INFO:root:Epoch  1183, Energy: -1.12734e+02 (-1.12735e+02), Variance: 3.52302e+00 (7.30916e+00), Accept ratio: 0.46674, 
INFO:root:Epoch  1184, Energy: -1.12774e+02 (-1.12691e+02), Variance: 3.74719e+00 (7.13241e+00), Accept ratio: 0.46738, 
INFO:root:Epoch  1185, Energy: -1.12804e+02 (-1.12823e+02), Variance: 3.62110e+00 (7.27659e+00), Accept ratio: 0.46283, 
INFO:root:Epoch  1186, Energy: -1.12736e+02 (-1.12808e+02), Variance: 3.48252e+00 (8.36842e+00), Accept ratio: 0.46245, 
INFO:root:Epoch  1187, Energy: -1.12640e+02 (-1.12645e+02), Variance: 3.69329e+00 (7.78798e+00), Accept ratio: 0.46243, 
INFO:root:Epoch  1188, Energy: -1.12610e+02 (-1.12659e+02), Variance: 3.63435e+00 (1.30852e+01), Accept ratio: 0.46526, 
INFO:root:Epoch  1189, Energy: -1.12590e+02 (-1.12437e+02), Variance: 3.75863e+00 (1.30696e+01), Accept ratio: 0.46554, 
INFO:root:Epoch  1190, Energy: -1.12729e+02 (-1.12668e+02), Variance: 3.74689e+00 (6.13675e+00), Accept ratio: 0.46941, 
INFO:root:Epoch  1191, Energy: -1.12779e+02 (-1.12742e+02), Variance: 3.68766e+00 (7.56058e+00), Accept ratio: 0.46629, 
INFO:root:Epoch  1192, Energy: -1.12721e+02 (-1.12792e+02), Variance: 3.92214e+00 (1.54421e+01), Accept ratio: 0.46248, 
INFO:root:Epoch  1193, Energy: -1.12666e+02 (-1.12674e+02), Variance: 3.75558e+00 (6.14332e+00), Accept ratio: 0.46536, 
INFO:root:Epoch  1194, Energy: -1.12756e+02 (-1.12762e+02), Variance: 3.62383e+00 (4.95783e+00), Accept ratio: 0.45719, 
INFO:root:Epoch  1195, Energy: -1.12664e+02 (-1.12710e+02), Variance: 3.68918e+00 (2.22580e+01), Accept ratio: 0.46223, 
INFO:root:Epoch  1196, Energy: -1.12663e+02 (-1.12590e+02), Variance: 3.59027e+00 (7.51439e+00), Accept ratio: 0.46909, 
INFO:root:Epoch  1197, Energy: -1.12677e+02 (-1.12670e+02), Variance: 3.16085e+00 (4.33526e+00), Accept ratio: 0.46035, 
INFO:root:Epoch  1198, Energy: -1.12781e+02 (-1.12820e+02), Variance: 3.53236e+00 (9.00636e+00), Accept ratio: 0.46568, 
INFO:root:Epoch  1199, Energy: -1.12715e+02 (-1.12654e+02), Variance: 3.24031e+00 (8.83768e+00), Accept ratio: 0.46375, 
INFO:root:Epoch  1200, Energy: -1.12718e+02 (-1.12703e+02), Variance: 3.64884e+00 (7.33853e+00), Accept ratio: 0.46739, , best weights saved
INFO:root:Epoch  1201, Energy: -1.12755e+02 (-1.12783e+02), Variance: 3.11269e+00 (4.01817e+00), Accept ratio: 0.46341, 
INFO:root:Epoch  1202, Energy: -1.12776e+02 (-1.12884e+02), Variance: 3.98212e+00 (1.00673e+01), Accept ratio: 0.46644, 
INFO:root:Epoch  1203, Energy: -1.12643e+02 (-1.12620e+02), Variance: 3.57202e+00 (6.92107e+00), Accept ratio: 0.46064, 
INFO:root:Epoch  1204, Energy: -1.12622e+02 (-1.12607e+02), Variance: 3.35614e+00 (5.79899e+00), Accept ratio: 0.46459, 
INFO:root:Epoch  1205, Energy: -1.12641e+02 (-1.12623e+02), Variance: 3.51603e+00 (8.34570e+00), Accept ratio: 0.46318, 
INFO:root:Epoch  1206, Energy: -1.12676e+02 (-1.12436e+02), Variance: 4.35240e+00 (4.36619e+01), Accept ratio: 0.46626, 
