jax devices: [CudaDevice(id=0)]
E10 arm=spring_mu0.995 preset=N2_eq seed=2 eta=0.002  2026-08-12T17:30:40-07:00
wandb: WARNING Unable to verify login in offline mode.
wandb: Tracking run with wandb version 0.28.1
wandb: W&B syncing is set to `offline` in this directory. Run `wandb online` or set WANDB_MODE=online to enable cloud syncing.
wandb: Run data is saved locally in /global/scratch/users/ren27/wandb/wandb/offline-run-20260812_173219-a9uucat8
wandb: View this run in the terminal with `wandb leet`
INFO:root:Reload configuration: 
append: true
checkpoint_relative_file_path: best_checkpoint.npz
config_relative_file_path: config.json
logdir: NONE
new_optimizer_state: false
reburn: false
same_logdir: false
use_checkpoint_file: true
use_config_file: true

INFO:root:Running with configuration: 
base_logdir: /global/scratch/users/ren27/vmcnet_logs/phase_c/e10_hometurf
debug_nans: false
distribute: false
dtype: float32
eval:
  nan_safe: false
  nburn: 10000
  nchains: 2000
  nepochs: 20000
  nmoves_per_width_update: 100
  nsteps_per_param_update: 10
  record_amplitudes: false
  record_local_energies: true
  std_move: 0.25
  use_data_from_training: false
initial_seed: 2
logdir: /global/scratch/users/ren27/vmcnet_logs/phase_c/e10_hometurf/e10_N2_eq_spring_mu0.995_s2
logging_level: INFO
model:
  backflow:
    activation_fn: tanh
    bias_init_1e_stream:
      type: normal
    bias_init_2e_stream:
      type: normal
    kernel_init_2e_1e_stream:
      scale: 1.0
      type: orthogonal
    kernel_init_2e_2e_stream:
      scale: 2.0
      type: orthogonal
    kernel_init_mixed:
      scale: 1.0
      type: orthogonal
    kernel_init_unmixed:
      scale: 2.0
      type: orthogonal
    ndense_list: !!python/tuple
    - &id001 !!python/tuple
      - 256
      - 16
    - *id001
    - *id001
    - !!python/tuple
      - 256
    one_electron_skip: true
    one_electron_skip_scale: 1.0
    two_electron_skip: true
    two_electron_skip_scale: 1.0
    use_bias: true
  bias_init_orbital_linear:
    type: normal
  envelope_softening: 0.0
  full_det: true
  include_cusp_jastrow: false
  input_streams:
    ee_norm_softening: 0.0
    ei_norm_softening: 0.0
    include_2e_stream: true
    include_ee_norm: true
    include_ei_norm: true
  isotropic_decay: true
  kernel_init_envelope_dim:
    type: ones
  kernel_init_envelope_ion:
    type: ones
  kernel_init_orbital_linear:
    scale: 2.0
    type: orthogonal
  ndeterminants: 16
  orbitals_use_bias: true
  type: ferminet
notes: N2 at equilibrium, bond length 2.016 Bohr (SPRING + PRIME-SR papers; PRIME-SR's
  home-turf seed-robustness system). Tuned molecular SPRING eta is 0.002 -- set it
  explicitly per run. eval nburn is 10000 for N2 (SPRING paper Table B.4).
problem:
  ee_softening: 0.0
  ei_softening: 0.0
  ion_charges: !!python/tuple
  - 7.0
  - 7.0
  ion_pos: !!python/tuple
  - !!python/tuple
    - 0.0
    - 0.0
    - -1.008
  - !!python/tuple
    - 0.0
    - 0.0
    - 1.008
  nelec: !!python/tuple
  - 7
  - 7
save_to_current_datetime_subfolder: false
subfolder_name: e10_N2_eq_spring_mu0.995_s2
vmc:
  best_checkpoint_every: 100
  check_for_nans: true
  checkpoint_dir: checkpoints
  checkpoint_every: 10000
  checkpoint_variance_scale: 10
  clip_center: mean
  clip_threshold: 5.0
  nan_safe: true
  nburn: 5000
  nchains: 1000
  nepochs: 50000
  nhistory_max: 200
  nmoves_per_width_update: 100
  nsteps_per_param_update: 10
  optimizer:
    adam:
      b1: 0.9
      b2: 0.999
      eps: 1.0e-08
      eps_root: 0.0
      learning_decay_rate: 0.0001
      learning_rate: 0.05
      schedule_type: inverse_time
    gauss_newton:
      E: 0.0
      clip_threshold: 1000.0
      constrain_norm: true
      damping: 0.001
      learning_decay_rate: 0.0001
      learning_rate: 1.0
      norm_constraint: 0.001
      schedule_type: inverse_time
    kfac:
      curvature_ema: 0.95
      damping: 0.001
      estimation_mode: fisher_exact
      inverse_update_period: 1
      l2_reg: 0.0
      learning_decay_rate: 0.0001
      learning_rate: 0.05
      min_damping: 0.0001
      norm_constraint: 0.001
      register_only_generic: false
      schedule_type: inverse_time
    prime_sr:
      constrain_norm: true
      damping: 0.001
      learning_decay_rate: 0.0001
      learning_rate: 0.02
      mu_cap: 1.0
      norm_constraint: 0.001
      schedule_type: inverse_time
    same_sampled_spring_unified:
      adaptive_eta: false
      adaptive_probe: false
      constrain_norm: true
      damping: 0.001
      lb_window: 30
      learning_decay_rate: 0.0001
      learning_rate: 0.05
      mu: 0.0
      norm_constraint: 0.001
      probe_damping: 0.001
      probe_lr: -1.0
      schedule_type: inverse_time
    sgd:
      learning_decay_rate: 0.0001
      learning_rate: 0.05
      momentum: 0.0
      nesterov: false
      schedule_type: inverse_time
    spring:
      constrain_norm: true
      damping: 0.001
      learning_decay_rate: 0.0001
      learning_rate: 0.002
      mu: 0.995
      mu_init: 0.0
      mu_ramp_steps: 0
      mu_warmup_steps: 0
      norm_constraint: 0.001
      schedule_type: inverse_time
  optimizer_type: spring
  record_amplitudes: false
  record_param_l1_norm: false
  std_move: 0.25
wandb:
  group: e10-hometurf-N2_eq
  mode: offline
  name: e10_N2_eq_spring_mu0.995_s2
  project: vmcnet-phase-c

INFO:jax._src.xla_bridge:Unable to initialize backend 'rocm': module 'jaxlib.xla_extension' has no attribute 'GpuAllocatorConfig'
INFO:jax._src.xla_bridge:Unable to initialize backend 'tpu': INTERNAL: Failed to open libtpu.so: libtpu.so: cannot open shared object file: No such file or directory
E0812 17:33:25.469925 3597161 hlo_lexer.cc:443] Failed to parse int literal: 90913411200647734287
INFO:root:Saving to /global/scratch/users/ren27/vmcnet_logs/phase_c/e10_hometurf/e10_N2_eq_spring_mu0.995_s2
INFO:root:Burning data for 5000 steps
INFO:root:Epoch     1, Energy: -4.01838e+01 (-4.05429e+01), Variance: 1.96862e+02 (2.81694e+02), Accept ratio: 0.49807, 
INFO:root:Epoch     2, Energy: -4.00706e+01 (-4.04802e+01), Variance: 1.78640e+02 (2.55048e+02), Accept ratio: 0.49920, 
INFO:root:Epoch     3, Energy: -4.06209e+01 (-4.11782e+01), Variance: 1.93045e+02 (3.64211e+02), Accept ratio: 0.49880, 
INFO:root:Epoch     4, Energy: -4.01307e+01 (-4.03879e+01), Variance: 1.97051e+02 (2.44159e+02), Accept ratio: 0.49710, 
INFO:root:Epoch     5, Energy: -4.00910e+01 (-4.05531e+01), Variance: 1.88498e+02 (2.94451e+02), Accept ratio: 0.49056, 
INFO:root:Epoch     6, Energy: -4.02869e+01 (-4.06540e+01), Variance: 1.88563e+02 (2.45435e+02), Accept ratio: 0.49233, 
INFO:root:Epoch     7, Energy: -4.07255e+01 (-4.09750e+01), Variance: 1.97160e+02 (2.36544e+02), Accept ratio: 0.49494, 
INFO:root:Epoch     8, Energy: -4.11266e+01 (-4.14237e+01), Variance: 2.02277e+02 (2.48104e+02), Accept ratio: 0.49088, 
INFO:root:Epoch     9, Energy: -4.10343e+01 (-4.17365e+01), Variance: 2.02187e+02 (5.17358e+02), Accept ratio: 0.49824, 
INFO:root:Epoch    10, Energy: -4.08697e+01 (-4.11084e+01), Variance: 1.82439e+02 (2.19582e+02), Accept ratio: 0.49469, 
INFO:root:Epoch    11, Energy: -4.08357e+01 (-4.08970e+01), Variance: 1.76287e+02 (1.83549e+02), Accept ratio: 0.49393, 
INFO:root:Epoch    12, Energy: -4.07391e+01 (-4.11692e+01), Variance: 1.84793e+02 (2.60808e+02), Accept ratio: 0.49576, 
INFO:root:Epoch    13, Energy: -4.09683e+01 (-4.14524e+01), Variance: 1.82900e+02 (2.85385e+02), Accept ratio: 0.49878, 
INFO:root:Epoch    14, Energy: -4.14565e+01 (-4.18668e+01), Variance: 2.02928e+02 (3.06031e+02), Accept ratio: 0.49614, 
INFO:root:Epoch    15, Energy: -4.13469e+01 (-4.17267e+01), Variance: 1.88110e+02 (2.61868e+02), Accept ratio: 0.48805, 
INFO:root:Epoch    16, Energy: -4.17023e+01 (-4.18306e+01), Variance: 1.93008e+02 (2.13317e+02), Accept ratio: 0.49787, 
INFO:root:Epoch    17, Energy: -4.16972e+01 (-4.20174e+01), Variance: 1.89236e+02 (2.50998e+02), Accept ratio: 0.49545, 
INFO:root:Epoch    18, Energy: -4.14112e+01 (-4.19129e+01), Variance: 2.04035e+02 (3.20875e+02), Accept ratio: 0.48619, 
INFO:root:Epoch    19, Energy: -4.18611e+01 (-4.22348e+01), Variance: 2.23383e+02 (2.82022e+02), Accept ratio: 0.49229, 
INFO:root:Epoch    20, Energy: -4.16231e+01 (-4.18245e+01), Variance: 1.85162e+02 (2.15806e+02), Accept ratio: 0.49073, 
INFO:root:Epoch    21, Energy: -4.18445e+01 (-4.23073e+01), Variance: 2.13619e+02 (3.59988e+02), Accept ratio: 0.49096, 
INFO:root:Epoch    22, Energy: -4.17144e+01 (-4.20205e+01), Variance: 2.23003e+02 (2.75711e+02), Accept ratio: 0.49136, 
INFO:root:Epoch    23, Energy: -4.15066e+01 (-4.18232e+01), Variance: 1.85987e+02 (2.38225e+02), Accept ratio: 0.49051, 
INFO:root:Epoch    24, Energy: -4.19416e+01 (-4.24580e+01), Variance: 2.01725e+02 (2.90465e+02), Accept ratio: 0.48607, 
INFO:root:Epoch    25, Energy: -4.20248e+01 (-4.22012e+01), Variance: 1.97855e+02 (2.26845e+02), Accept ratio: 0.48508, 
INFO:root:Epoch    26, Energy: -4.22878e+01 (-4.27421e+01), Variance: 2.25554e+02 (4.08510e+02), Accept ratio: 0.48437, 
INFO:root:Epoch    27, Energy: -4.29005e+01 (-4.31224e+01), Variance: 2.28130e+02 (2.60969e+02), Accept ratio: 0.48503, 
INFO:root:Epoch    28, Energy: -4.25620e+01 (-4.29546e+01), Variance: 2.12093e+02 (2.85214e+02), Accept ratio: 0.49076, 
INFO:root:Epoch    29, Energy: -4.26633e+01 (-4.29396e+01), Variance: 2.09533e+02 (2.65310e+02), Accept ratio: 0.49382, 
INFO:root:Epoch    30, Energy: -4.27061e+01 (-4.30933e+01), Variance: 2.17139e+02 (2.87171e+02), Accept ratio: 0.48346, 
INFO:root:Epoch    31, Energy: -4.31027e+01 (-4.34435e+01), Variance: 2.30772e+02 (2.88603e+02), Accept ratio: 0.48207, 
INFO:root:Epoch    32, Energy: -4.25511e+01 (-4.29039e+01), Variance: 1.93976e+02 (2.49698e+02), Accept ratio: 0.48101, 
INFO:root:Epoch    33, Energy: -4.29087e+01 (-4.31557e+01), Variance: 2.14933e+02 (2.51169e+02), Accept ratio: 0.48199, 
INFO:root:Epoch    34, Energy: -4.28544e+01 (-4.31707e+01), Variance: 2.10638e+02 (2.59311e+02), Accept ratio: 0.48484, 
INFO:root:Epoch    35, Energy: -4.35610e+01 (-4.40565e+01), Variance: 2.16385e+02 (3.23353e+02), Accept ratio: 0.48552, 
INFO:root:Epoch    36, Energy: -4.31460e+01 (-4.33480e+01), Variance: 1.97273e+02 (2.25944e+02), Accept ratio: 0.48291, 
INFO:root:Epoch    37, Energy: -4.22787e+01 (-4.24746e+01), Variance: 1.66362e+02 (2.09334e+02), Accept ratio: 0.48778, 
INFO:root:Epoch    38, Energy: -4.37247e+01 (-4.38778e+01), Variance: 2.24772e+02 (2.47833e+02), Accept ratio: 0.48313, 
INFO:root:Epoch    39, Energy: -4.38025e+01 (-4.41492e+01), Variance: 2.20641e+02 (2.82018e+02), Accept ratio: 0.48622, 
INFO:root:Epoch    40, Energy: -4.45055e+01 (-4.48302e+01), Variance: 2.46590e+02 (2.98963e+02), Accept ratio: 0.48678, 
INFO:root:Epoch    41, Energy: -4.49193e+01 (-4.52057e+01), Variance: 2.56537e+02 (3.04442e+02), Accept ratio: 0.47801, 
INFO:root:Epoch    42, Energy: -4.53025e+01 (-4.55321e+01), Variance: 2.67641e+02 (3.06499e+02), Accept ratio: 0.47727, 
INFO:root:Epoch    43, Energy: -4.44795e+01 (-4.49329e+01), Variance: 2.45056e+02 (3.54177e+02), Accept ratio: 0.47140, 
INFO:root:Epoch    44, Energy: -4.43217e+01 (-4.45589e+01), Variance: 2.30746e+02 (2.86175e+02), Accept ratio: 0.47739, 
INFO:root:Epoch    45, Energy: -4.43591e+01 (-4.47543e+01), Variance: 2.27343e+02 (2.98318e+02), Accept ratio: 0.47944, 
INFO:root:Epoch    46, Energy: -4.42664e+01 (-4.45136e+01), Variance: 2.12577e+02 (2.49888e+02), Accept ratio: 0.48132, 
INFO:root:Epoch    47, Energy: -4.49249e+01 (-4.52408e+01), Variance: 2.46315e+02 (3.07493e+02), Accept ratio: 0.48045, 
INFO:root:Epoch    48, Energy: -4.48644e+01 (-4.53639e+01), Variance: 2.26137e+02 (3.30201e+02), Accept ratio: 0.47552, 
INFO:root:Epoch    49, Energy: -4.44304e+01 (-4.48002e+01), Variance: 1.85725e+02 (3.05328e+02), Accept ratio: 0.47816, 
INFO:root:Epoch    50, Energy: -4.50670e+01 (-4.53912e+01), Variance: 2.32311e+02 (2.91270e+02), Accept ratio: 0.47891, 
INFO:root:Epoch    51, Energy: -4.51045e+01 (-4.54429e+01), Variance: 2.16776e+02 (2.75102e+02), Accept ratio: 0.47155, 
INFO:root:Epoch    52, Energy: -4.59943e+01 (-4.66790e+01), Variance: 2.56129e+02 (4.78961e+02), Accept ratio: 0.47671, 
INFO:root:Epoch    53, Energy: -4.56474e+01 (-4.59369e+01), Variance: 2.42789e+02 (2.87838e+02), Accept ratio: 0.47436, 
INFO:root:Epoch    54, Energy: -4.52640e+01 (-4.57522e+01), Variance: 2.14580e+02 (3.39504e+02), Accept ratio: 0.47841, 
INFO:root:Epoch    55, Energy: -4.54199e+01 (-4.57235e+01), Variance: 2.17577e+02 (2.66275e+02), Accept ratio: 0.47900, 
INFO:root:Epoch    56, Energy: -4.59161e+01 (-4.62476e+01), Variance: 2.51157e+02 (3.12403e+02), Accept ratio: 0.47880, 
INFO:root:Epoch    57, Energy: -4.61340e+01 (-4.63937e+01), Variance: 2.49238e+02 (2.91007e+02), Accept ratio: 0.48267, 
INFO:root:Epoch    58, Energy: -4.62900e+01 (-4.66477e+01), Variance: 2.36752e+02 (2.99958e+02), Accept ratio: 0.47844, 
INFO:root:Epoch    59, Energy: -4.62671e+01 (-4.65437e+01), Variance: 2.14966e+02 (2.61415e+02), Accept ratio: 0.47416, 
INFO:root:Epoch    60, Energy: -4.60946e+01 (-4.63400e+01), Variance: 2.56588e+02 (3.11450e+02), Accept ratio: 0.47034, 
INFO:root:Epoch    61, Energy: -4.62954e+01 (-4.67038e+01), Variance: 2.54049e+02 (3.22789e+02), Accept ratio: 0.46865, 
INFO:root:Epoch    62, Energy: -4.62557e+01 (-4.64513e+01), Variance: 2.25763e+02 (2.69957e+02), Accept ratio: 0.47127, 
INFO:root:Epoch    63, Energy: -4.61033e+01 (-4.72740e+01), Variance: 2.36280e+02 (1.02193e+03), Accept ratio: 0.47845, 
INFO:root:Epoch    64, Energy: -4.57040e+01 (-4.58583e+01), Variance: 2.21323e+02 (2.65785e+02), Accept ratio: 0.47308, 
INFO:root:Epoch    65, Energy: -4.69238e+01 (-4.74061e+01), Variance: 2.57037e+02 (3.49306e+02), Accept ratio: 0.47060, 
INFO:root:Epoch    66, Energy: -4.62452e+01 (-4.64801e+01), Variance: 2.12684e+02 (2.50135e+02), Accept ratio: 0.46705, 
INFO:root:Epoch    67, Energy: -4.62789e+01 (-4.64898e+01), Variance: 2.13599e+02 (2.48927e+02), Accept ratio: 0.47304, 
INFO:root:Epoch    68, Energy: -4.75024e+01 (-4.80874e+01), Variance: 2.58456e+02 (3.69293e+02), Accept ratio: 0.45845, 
INFO:root:Epoch    69, Energy: -4.78065e+01 (-4.82277e+01), Variance: 2.86746e+02 (3.58968e+02), Accept ratio: 0.46126, 
INFO:root:Epoch    70, Energy: -4.77560e+01 (-4.82980e+01), Variance: 2.68587e+02 (3.95122e+02), Accept ratio: 0.46027, 
INFO:root:Epoch    71, Energy: -4.80127e+01 (-4.83422e+01), Variance: 2.89385e+02 (3.52445e+02), Accept ratio: 0.46079, 
INFO:root:Epoch    72, Energy: -4.74862e+01 (-4.77429e+01), Variance: 2.45862e+02 (2.94719e+02), Accept ratio: 0.46175, 
INFO:root:Epoch    73, Energy: -4.80503e+01 (-4.81845e+01), Variance: 2.65583e+02 (2.85793e+02), Accept ratio: 0.46325, 
INFO:root:Epoch    74, Energy: -4.74442e+01 (-4.79818e+01), Variance: 2.30730e+02 (3.77892e+02), Accept ratio: 0.46316, 
INFO:root:Epoch    75, Energy: -4.79948e+01 (-4.86477e+01), Variance: 2.34689e+02 (5.89936e+02), Accept ratio: 0.46432, 
INFO:root:Epoch    76, Energy: -4.88350e+01 (-4.90318e+01), Variance: 2.72198e+02 (3.09658e+02), Accept ratio: 0.45788, 
INFO:root:Epoch    77, Energy: -4.85022e+01 (-4.90246e+01), Variance: 2.61785e+02 (3.66200e+02), Accept ratio: 0.46479, 
INFO:root:Epoch    78, Energy: -4.93530e+01 (-4.95017e+01), Variance: 2.70868e+02 (2.96514e+02), Accept ratio: 0.46192, 
INFO:root:Epoch    79, Energy: -4.87940e+01 (-4.91722e+01), Variance: 2.55987e+02 (3.34124e+02), Accept ratio: 0.44992, 
INFO:root:Epoch    80, Energy: -5.01183e+01 (-5.02807e+01), Variance: 2.99079e+02 (3.24144e+02), Accept ratio: 0.44914, 
INFO:root:Epoch    81, Energy: -4.98568e+01 (-5.04304e+01), Variance: 2.79074e+02 (4.02345e+02), Accept ratio: 0.45206, 
INFO:root:Epoch    82, Energy: -4.92471e+01 (-4.99841e+01), Variance: 2.59875e+02 (4.50803e+02), Accept ratio: 0.45724, 
INFO:root:Epoch    83, Energy: -4.97330e+01 (-4.99063e+01), Variance: 2.77565e+02 (3.07291e+02), Accept ratio: 0.45100, 
INFO:root:Epoch    84, Energy: -5.06500e+01 (-5.14138e+01), Variance: 2.84737e+02 (5.76416e+02), Accept ratio: 0.45712, 
INFO:root:Epoch    85, Energy: -4.99384e+01 (-5.02365e+01), Variance: 2.58066e+02 (3.10144e+02), Accept ratio: 0.44737, 
INFO:root:Epoch    86, Energy: -5.04350e+01 (-5.09380e+01), Variance: 2.89870e+02 (4.23848e+02), Accept ratio: 0.45741, 
INFO:root:Epoch    87, Energy: -5.04685e+01 (-5.08260e+01), Variance: 2.64188e+02 (3.34115e+02), Accept ratio: 0.45245, 
INFO:root:Epoch    88, Energy: -4.98574e+01 (-5.01632e+01), Variance: 2.93095e+02 (3.48171e+02), Accept ratio: 0.44618, 
INFO:root:Epoch    89, Energy: -5.01061e+01 (-5.04304e+01), Variance: 2.59860e+02 (3.19557e+02), Accept ratio: 0.44569, 
INFO:root:Epoch    90, Energy: -5.05144e+01 (-5.11637e+01), Variance: 2.62828e+02 (4.03877e+02), Accept ratio: 0.44587, 
INFO:root:Epoch    91, Energy: -5.05072e+01 (-5.11691e+01), Variance: 2.69399e+02 (4.98121e+02), Accept ratio: 0.44922, 
INFO:root:Epoch    92, Energy: -5.09012e+01 (-5.16775e+01), Variance: 2.57931e+02 (4.51723e+02), Accept ratio: 0.45340, 
INFO:root:Epoch    93, Energy: -5.16991e+01 (-5.21397e+01), Variance: 3.33469e+02 (4.20238e+02), Accept ratio: 0.44711, 
INFO:root:Epoch    94, Energy: -5.07927e+01 (-5.09086e+01), Variance: 2.60274e+02 (2.78821e+02), Accept ratio: 0.44961, 
INFO:root:Epoch    95, Energy: -5.15336e+01 (-5.23884e+01), Variance: 2.98143e+02 (5.88226e+02), Accept ratio: 0.44110, 
INFO:root:Epoch    96, Energy: -5.14513e+01 (-5.21859e+01), Variance: 2.90105e+02 (5.52865e+02), Accept ratio: 0.44427, 
INFO:root:Epoch    97, Energy: -5.17755e+01 (-5.20870e+01), Variance: 2.97705e+02 (3.61570e+02), Accept ratio: 0.44257, 
INFO:root:Epoch    98, Energy: -5.15248e+01 (-5.18416e+01), Variance: 2.92881e+02 (3.50830e+02), Accept ratio: 0.44370, 
INFO:root:Epoch    99, Energy: -5.23033e+01 (-5.31553e+01), Variance: 3.32449e+02 (5.51786e+02), Accept ratio: 0.44697, 
INFO:root:Epoch   100, Energy: -5.27299e+01 (-5.32330e+01), Variance: 3.43250e+02 (4.61281e+02), Accept ratio: 0.45144, , best weights saved
INFO:root:Epoch   101, Energy: -5.18975e+01 (-5.23988e+01), Variance: 2.95478e+02 (4.06417e+02), Accept ratio: 0.47963, 
INFO:root:Epoch   102, Energy: -5.21491e+01 (-5.29764e+01), Variance: 3.08617e+02 (7.34816e+02), Accept ratio: 0.48052, 
INFO:root:Epoch   103, Energy: -5.24295e+01 (-5.27496e+01), Variance: 2.77801e+02 (3.36607e+02), Accept ratio: 0.47971, 
INFO:root:Epoch   104, Energy: -5.24977e+01 (-5.27002e+01), Variance: 2.85984e+02 (3.20150e+02), Accept ratio: 0.48301, 
INFO:root:Epoch   105, Energy: -5.26618e+01 (-5.29821e+01), Variance: 3.47747e+02 (4.07422e+02), Accept ratio: 0.47286, 
INFO:root:Epoch   106, Energy: -5.25074e+01 (-5.29620e+01), Variance: 2.85211e+02 (3.73682e+02), Accept ratio: 0.48091, 
INFO:root:Epoch   107, Energy: -5.26486e+01 (-5.33639e+01), Variance: 3.04132e+02 (4.95783e+02), Accept ratio: 0.47475, 
INFO:root:Epoch   108, Energy: -5.28925e+01 (-5.33240e+01), Variance: 2.92204e+02 (4.26899e+02), Accept ratio: 0.47851, 
INFO:root:Epoch   109, Energy: -5.32681e+01 (-5.36509e+01), Variance: 3.31315e+02 (4.05508e+02), Accept ratio: 0.47305, 
INFO:root:Epoch   110, Energy: -5.19678e+01 (-5.25312e+01), Variance: 2.55081e+02 (4.64155e+02), Accept ratio: 0.47735, 
INFO:root:Epoch   111, Energy: -5.32944e+01 (-5.38150e+01), Variance: 3.21260e+02 (4.52037e+02), Accept ratio: 0.48184, 
INFO:root:Epoch   112, Energy: -5.33077e+01 (-5.34667e+01), Variance: 3.00492e+02 (3.31321e+02), Accept ratio: 0.47755, 
INFO:root:Epoch   113, Energy: -5.34144e+01 (-5.39043e+01), Variance: 3.05899e+02 (3.95487e+02), Accept ratio: 0.47798, 
INFO:root:Epoch   114, Energy: -5.35150e+01 (-5.38604e+01), Variance: 2.98084e+02 (3.64282e+02), Accept ratio: 0.47276, 
INFO:root:Epoch   115, Energy: -5.36780e+01 (-5.41510e+01), Variance: 2.99926e+02 (4.36416e+02), Accept ratio: 0.46965, 
INFO:root:Epoch   116, Energy: -5.34514e+01 (-5.39053e+01), Variance: 2.94089e+02 (3.91286e+02), Accept ratio: 0.47148, 
INFO:root:Epoch   117, Energy: -5.45353e+01 (-5.50016e+01), Variance: 3.18435e+02 (4.03496e+02), Accept ratio: 0.47386, 
INFO:root:Epoch   118, Energy: -5.43457e+01 (-5.46648e+01), Variance: 3.09885e+02 (3.78741e+02), Accept ratio: 0.47391, 
INFO:root:Epoch   119, Energy: -5.47835e+01 (-5.52143e+01), Variance: 3.14392e+02 (4.23943e+02), Accept ratio: 0.47473, 
INFO:root:Epoch   120, Energy: -5.55148e+01 (-5.60147e+01), Variance: 3.62578e+02 (4.77600e+02), Accept ratio: 0.46928, 
INFO:root:Epoch   121, Energy: -5.43479e+01 (-5.46125e+01), Variance: 2.91498e+02 (3.33975e+02), Accept ratio: 0.47007, 
INFO:root:Epoch   122, Energy: -5.50507e+01 (-5.58671e+01), Variance: 3.13173e+02 (5.80020e+02), Accept ratio: 0.47401, 
INFO:root:Epoch   123, Energy: -5.63120e+01 (-5.67041e+01), Variance: 3.13475e+02 (3.96912e+02), Accept ratio: 0.46922, 
INFO:root:Epoch   124, Energy: -5.58625e+01 (-5.64658e+01), Variance: 3.38388e+02 (4.71699e+02), Accept ratio: 0.45974, 
INFO:root:Epoch   125, Energy: -5.66709e+01 (-5.70550e+01), Variance: 3.41197e+02 (4.19892e+02), Accept ratio: 0.46613, 
INFO:root:Epoch   126, Energy: -5.60468e+01 (-5.64112e+01), Variance: 3.01482e+02 (3.76268e+02), Accept ratio: 0.45959, 
INFO:root:Epoch   127, Energy: -5.59890e+01 (-5.62261e+01), Variance: 2.92668e+02 (3.35206e+02), Accept ratio: 0.46776, 
INFO:root:Epoch   128, Energy: -5.66772e+01 (-5.73259e+01), Variance: 3.42406e+02 (4.94809e+02), Accept ratio: 0.46454, 
INFO:root:Epoch   129, Energy: -5.58039e+01 (-5.58758e+01), Variance: 2.61482e+02 (2.72989e+02), Accept ratio: 0.45767, 
INFO:root:Epoch   130, Energy: -5.69694e+01 (-5.78389e+01), Variance: 3.20091e+02 (6.60606e+02), Accept ratio: 0.46443, 
INFO:root:Epoch   131, Energy: -5.75682e+01 (-5.79579e+01), Variance: 3.23697e+02 (4.05918e+02), Accept ratio: 0.46199, 
INFO:root:Epoch   132, Energy: -5.78863e+01 (-5.83330e+01), Variance: 3.62239e+02 (4.61151e+02), Accept ratio: 0.46014, 
INFO:root:Epoch   133, Energy: -5.80208e+01 (-5.83970e+01), Variance: 3.40257e+02 (4.11709e+02), Accept ratio: 0.46428, 
INFO:root:Epoch   134, Energy: -5.84412e+01 (-5.90595e+01), Variance: 3.71614e+02 (5.37900e+02), Accept ratio: 0.44854, 
INFO:root:Epoch   135, Energy: -5.79144e+01 (-5.82118e+01), Variance: 3.16132e+02 (3.73027e+02), Accept ratio: 0.44675, 
INFO:root:Epoch   136, Energy: -5.80257e+01 (-5.83228e+01), Variance: 3.38105e+02 (4.21566e+02), Accept ratio: 0.45984, 
INFO:root:Epoch   137, Energy: -5.84398e+01 (-5.89025e+01), Variance: 3.64540e+02 (5.93980e+02), Accept ratio: 0.44871, 
INFO:root:Epoch   138, Energy: -5.83593e+01 (-5.90726e+01), Variance: 3.60689e+02 (6.44390e+02), Accept ratio: 0.45217, 
INFO:root:Epoch   139, Energy: -5.85628e+01 (-5.90873e+01), Variance: 3.48258e+02 (4.68771e+02), Accept ratio: 0.44649, 
INFO:root:Epoch   140, Energy: -5.90125e+01 (-5.93800e+01), Variance: 3.61763e+02 (4.48771e+02), Accept ratio: 0.45226, 
INFO:root:Epoch   141, Energy: -5.78960e+01 (-5.83122e+01), Variance: 3.37204e+02 (4.25534e+02), Accept ratio: 0.44707, 
INFO:root:Epoch   142, Energy: -5.86216e+01 (-5.90144e+01), Variance: 3.46116e+02 (4.54551e+02), Accept ratio: 0.45022, 
INFO:root:Epoch   143, Energy: -5.77400e+01 (-5.79462e+01), Variance: 2.82253e+02 (3.19909e+02), Accept ratio: 0.45606, 
INFO:root:Epoch   144, Energy: -5.94627e+01 (-5.98348e+01), Variance: 3.70220e+02 (4.53163e+02), Accept ratio: 0.45199, 
INFO:root:Epoch   145, Energy: -5.94447e+01 (-6.00637e+01), Variance: 3.64560e+02 (5.08066e+02), Accept ratio: 0.44879, 
INFO:root:Epoch   146, Energy: -5.97489e+01 (-6.09395e+01), Variance: 3.67562e+02 (8.17953e+02), Accept ratio: 0.44441, 
INFO:root:Epoch   147, Energy: -6.01728e+01 (-6.10003e+01), Variance: 3.68580e+02 (6.24943e+02), Accept ratio: 0.44611, 
INFO:root:Epoch   148, Energy: -5.96223e+01 (-6.00377e+01), Variance: 3.71842e+02 (4.61078e+02), Accept ratio: 0.43799, 
INFO:root:Epoch   149, Energy: -6.04025e+01 (-6.09849e+01), Variance: 4.23711e+02 (5.56067e+02), Accept ratio: 0.44120, 
INFO:root:Epoch   150, Energy: -6.05457e+01 (-6.13547e+01), Variance: 4.04381e+02 (6.30964e+02), Accept ratio: 0.43802, 
INFO:root:Epoch   151, Energy: -6.05808e+01 (-6.13226e+01), Variance: 4.00479e+02 (5.74550e+02), Accept ratio: 0.47760, 
INFO:root:Epoch   152, Energy: -6.04602e+01 (-6.12403e+01), Variance: 3.97146e+02 (6.09984e+02), Accept ratio: 0.48619, 
INFO:root:Epoch   153, Energy: -6.06972e+01 (-6.12883e+01), Variance: 3.47003e+02 (5.15950e+02), Accept ratio: 0.48799, 
INFO:root:Epoch   154, Energy: -6.12883e+01 (-6.16372e+01), Variance: 3.91166e+02 (4.59184e+02), Accept ratio: 0.47913, 
INFO:root:Epoch   155, Energy: -6.13898e+01 (-6.20341e+01), Variance: 3.68147e+02 (5.48700e+02), Accept ratio: 0.47392, 
INFO:root:Epoch   156, Energy: -6.16061e+01 (-6.20556e+01), Variance: 3.84657e+02 (4.87002e+02), Accept ratio: 0.47523, 
INFO:root:Epoch   157, Energy: -6.25650e+01 (-6.28790e+01), Variance: 4.38586e+02 (5.06405e+02), Accept ratio: 0.47584, 
INFO:root:Epoch   158, Energy: -6.24725e+01 (-6.28633e+01), Variance: 4.19882e+02 (5.21555e+02), Accept ratio: 0.47387, 
INFO:root:Epoch   159, Energy: -6.25625e+01 (-6.35055e+01), Variance: 3.91732e+02 (7.12258e+02), Accept ratio: 0.47592, 
INFO:root:Epoch   160, Energy: -6.16656e+01 (-6.22691e+01), Variance: 3.68317e+02 (4.94133e+02), Accept ratio: 0.47659, 
INFO:root:Epoch   161, Energy: -6.19452e+01 (-6.23926e+01), Variance: 3.58639e+02 (4.52857e+02), Accept ratio: 0.47163, 
INFO:root:Epoch   162, Energy: -6.30548e+01 (-6.38850e+01), Variance: 4.17777e+02 (6.55460e+02), Accept ratio: 0.46730, 
INFO:root:Epoch   163, Energy: -6.18872e+01 (-6.26711e+01), Variance: 3.34560e+02 (5.47271e+02), Accept ratio: 0.47212, 
INFO:root:Epoch   164, Energy: -6.36547e+01 (-6.42247e+01), Variance: 4.04434e+02 (5.54735e+02), Accept ratio: 0.46850, 
INFO:root:Epoch   165, Energy: -6.36779e+01 (-6.39584e+01), Variance: 4.10917e+02 (4.64612e+02), Accept ratio: 0.47463, 
INFO:root:Epoch   166, Energy: -6.33462e+01 (-6.42602e+01), Variance: 4.18344e+02 (8.69915e+02), Accept ratio: 0.46988, 
INFO:root:Epoch   167, Energy: -6.41739e+01 (-6.46732e+01), Variance: 4.31653e+02 (5.37212e+02), Accept ratio: 0.46625, 
INFO:root:Epoch   168, Energy: -6.33724e+01 (-6.37232e+01), Variance: 3.48862e+02 (4.26340e+02), Accept ratio: 0.45899, 
INFO:root:Epoch   169, Energy: -6.32474e+01 (-6.36418e+01), Variance: 3.35688e+02 (4.22730e+02), Accept ratio: 0.46619, 
INFO:root:Epoch   170, Energy: -6.35318e+01 (-6.40668e+01), Variance: 3.82621e+02 (5.07647e+02), Accept ratio: 0.46838, 
INFO:root:Epoch   171, Energy: -6.33334e+01 (-6.35760e+01), Variance: 3.28554e+02 (3.77062e+02), Accept ratio: 0.46151, 
INFO:root:Epoch   172, Energy: -6.39158e+01 (-6.41364e+01), Variance: 3.63791e+02 (4.02040e+02), Accept ratio: 0.45884, 
INFO:root:Epoch   173, Energy: -6.48351e+01 (-6.59257e+01), Variance: 4.15774e+02 (1.10466e+03), Accept ratio: 0.46313, 
INFO:root:Epoch   174, Energy: -6.44824e+01 (-6.49593e+01), Variance: 3.85814e+02 (4.95339e+02), Accept ratio: 0.46147, 
INFO:root:Epoch   175, Energy: -6.42437e+01 (-6.46490e+01), Variance: 3.92471e+02 (4.95225e+02), Accept ratio: 0.46080, 
INFO:root:Epoch   176, Energy: -6.42556e+01 (-6.47234e+01), Variance: 4.46780e+02 (5.44089e+02), Accept ratio: 0.45410, 
INFO:root:Epoch   177, Energy: -6.49422e+01 (-6.52928e+01), Variance: 4.53155e+02 (5.20121e+02), Accept ratio: 0.46066, 
INFO:root:Epoch   178, Energy: -6.41344e+01 (-6.45311e+01), Variance: 3.82126e+02 (4.70225e+02), Accept ratio: 0.46194, 
INFO:root:Epoch   179, Energy: -6.47786e+01 (-6.54603e+01), Variance: 4.53937e+02 (6.91975e+02), Accept ratio: 0.45732, 
INFO:root:Epoch   180, Energy: -6.48540e+01 (-6.52898e+01), Variance: 3.83566e+02 (4.86349e+02), Accept ratio: 0.45356, 
INFO:root:Epoch   181, Energy: -6.52019e+01 (-6.63574e+01), Variance: 4.32951e+02 (1.26433e+03), Accept ratio: 0.45676, 
INFO:root:Epoch   182, Energy: -6.56524e+01 (-6.62811e+01), Variance: 4.15260e+02 (5.71800e+02), Accept ratio: 0.45465, 
INFO:root:Epoch   183, Energy: -6.51887e+01 (-6.57576e+01), Variance: 3.69524e+02 (5.53140e+02), Accept ratio: 0.44833, 
INFO:root:Epoch   184, Energy: -6.57679e+01 (-6.61952e+01), Variance: 3.87970e+02 (5.04544e+02), Accept ratio: 0.45162, 
INFO:root:Epoch   185, Energy: -6.51244e+01 (-6.54083e+01), Variance: 3.55105e+02 (4.15092e+02), Accept ratio: 0.45110, 
INFO:root:Epoch   186, Energy: -6.67576e+01 (-6.71595e+01), Variance: 4.43525e+02 (5.34529e+02), Accept ratio: 0.44660, 
INFO:root:Epoch   187, Energy: -6.61730e+01 (-6.73768e+01), Variance: 3.74283e+02 (7.50921e+02), Accept ratio: 0.44608, 
INFO:root:Epoch   188, Energy: -6.70134e+01 (-6.74870e+01), Variance: 4.13620e+02 (5.14408e+02), Accept ratio: 0.44502, 
INFO:root:Epoch   189, Energy: -6.68372e+01 (-6.73683e+01), Variance: 4.25667e+02 (5.75376e+02), Accept ratio: 0.44102, 
INFO:root:Epoch   190, Energy: -6.73585e+01 (-6.83046e+01), Variance: 4.24783e+02 (7.81360e+02), Accept ratio: 0.44159, 
INFO:root:Epoch   191, Energy: -6.85438e+01 (-6.88325e+01), Variance: 4.70027e+02 (5.30491e+02), Accept ratio: 0.44406, 
INFO:root:Epoch   192, Energy: -6.78851e+01 (-6.91474e+01), Variance: 4.01933e+02 (1.70963e+03), Accept ratio: 0.43902, 
INFO:root:Epoch   193, Energy: -6.75959e+01 (-6.77991e+01), Variance: 3.59228e+02 (3.99481e+02), Accept ratio: 0.43232, 
INFO:root:Epoch   194, Energy: -6.78520e+01 (-6.86084e+01), Variance: 4.01649e+02 (6.11803e+02), Accept ratio: 0.43473, 
INFO:root:Epoch   195, Energy: -6.79546e+01 (-6.85420e+01), Variance: 4.02404e+02 (5.50311e+02), Accept ratio: 0.43923, 
INFO:root:Epoch   196, Energy: -6.74055e+01 (-6.84287e+01), Variance: 4.02812e+02 (9.27753e+02), Accept ratio: 0.44078, 
INFO:root:Epoch   197, Energy: -6.81843e+01 (-6.85282e+01), Variance: 3.86022e+02 (4.84790e+02), Accept ratio: 0.43145, 
INFO:root:Epoch   198, Energy: -6.84382e+01 (-6.97773e+01), Variance: 4.38546e+02 (1.43465e+03), Accept ratio: 0.43646, 
INFO:root:Epoch   199, Energy: -6.90133e+01 (-6.92352e+01), Variance: 3.76159e+02 (4.17311e+02), Accept ratio: 0.43429, 
INFO:root:Epoch   200, Energy: -6.97718e+01 (-7.07201e+01), Variance: 4.33937e+02 (7.41877e+02), Accept ratio: 0.43524, , best weights saved
INFO:root:Epoch   201, Energy: -6.97392e+01 (-7.04357e+01), Variance: 3.88768e+02 (6.03828e+02), Accept ratio: 0.47351, 
INFO:root:Epoch   202, Energy: -6.99748e+01 (-7.04645e+01), Variance: 4.43465e+02 (5.48420e+02), Accept ratio: 0.46144, 
INFO:root:Epoch   203, Energy: -6.92474e+01 (-6.94958e+01), Variance: 4.01923e+02 (4.45842e+02), Accept ratio: 0.46417, 
INFO:root:Epoch   204, Energy: -7.03251e+01 (-7.07623e+01), Variance: 4.33035e+02 (5.32615e+02), Accept ratio: 0.47153, 
INFO:root:Epoch   205, Energy: -7.06170e+01 (-7.13513e+01), Variance: 4.29460e+02 (6.13837e+02), Accept ratio: 0.46685, 
INFO:root:Epoch   206, Energy: -7.04746e+01 (-7.07708e+01), Variance: 4.39696e+02 (4.99591e+02), Accept ratio: 0.46376, 
INFO:root:Epoch   207, Energy: -7.02326e+01 (-7.09393e+01), Variance: 4.01911e+02 (5.79158e+02), Accept ratio: 0.46230, 
INFO:root:Epoch   208, Energy: -7.02197e+01 (-7.07572e+01), Variance: 3.98753e+02 (5.18443e+02), Accept ratio: 0.46154, 
INFO:root:Epoch   209, Energy: -7.05254e+01 (-7.15039e+01), Variance: 3.90224e+02 (1.27817e+03), Accept ratio: 0.46392, 
INFO:root:Epoch   210, Energy: -7.16563e+01 (-7.20725e+01), Variance: 4.21122e+02 (5.13094e+02), Accept ratio: 0.46738, 
INFO:root:Epoch   211, Energy: -7.16087e+01 (-7.27506e+01), Variance: 4.44850e+02 (1.01447e+03), Accept ratio: 0.46121, 
INFO:root:Epoch   212, Energy: -7.27213e+01 (-7.37186e+01), Variance: 4.86671e+02 (7.84568e+02), Accept ratio: 0.45793, 
INFO:root:Epoch   213, Energy: -7.26473e+01 (-7.30240e+01), Variance: 4.27399e+02 (5.09497e+02), Accept ratio: 0.45642, 
INFO:root:Epoch   214, Energy: -7.12516e+01 (-7.17394e+01), Variance: 3.31796e+02 (5.03912e+02), Accept ratio: 0.45397, 
INFO:root:Epoch   215, Energy: -7.17762e+01 (-7.20630e+01), Variance: 4.16767e+02 (4.93309e+02), Accept ratio: 0.45818, 
INFO:root:Epoch   216, Energy: -7.13940e+01 (-7.16490e+01), Variance: 3.93549e+02 (4.52463e+02), Accept ratio: 0.46098, 
INFO:root:Epoch   217, Energy: -7.22996e+01 (-7.27395e+01), Variance: 4.40780e+02 (5.34204e+02), Accept ratio: 0.45678, 
INFO:root:Epoch   218, Energy: -7.20102e+01 (-7.22678e+01), Variance: 3.89495e+02 (4.41205e+02), Accept ratio: 0.45207, 
INFO:root:Epoch   219, Energy: -7.28688e+01 (-7.37314e+01), Variance: 4.14665e+02 (7.45852e+02), Accept ratio: 0.45605, 
INFO:root:Epoch   220, Energy: -7.33976e+01 (-7.39994e+01), Variance: 4.25579e+02 (5.56614e+02), Accept ratio: 0.45173, 
INFO:root:Epoch   221, Energy: -7.40987e+01 (-7.43958e+01), Variance: 4.37165e+02 (5.00227e+02), Accept ratio: 0.45353, 
INFO:root:Epoch   222, Energy: -7.52340e+01 (-7.60573e+01), Variance: 4.94162e+02 (7.11756e+02), Accept ratio: 0.44899, 
INFO:root:Epoch   223, Energy: -7.41717e+01 (-7.45704e+01), Variance: 3.99330e+02 (4.79436e+02), Accept ratio: 0.44041, 
INFO:root:Epoch   224, Energy: -7.47666e+01 (-7.51815e+01), Variance: 4.79791e+02 (5.70320e+02), Accept ratio: 0.44433, 
INFO:root:Epoch   225, Energy: -7.34191e+01 (-7.40147e+01), Variance: 3.83413e+02 (5.95021e+02), Accept ratio: 0.44449, 
INFO:root:Epoch   226, Energy: -7.45166e+01 (-7.49354e+01), Variance: 4.33906e+02 (5.38835e+02), Accept ratio: 0.43975, 
INFO:root:Epoch   227, Energy: -7.42072e+01 (-7.44780e+01), Variance: 3.93328e+02 (4.59179e+02), Accept ratio: 0.43639, 
INFO:root:Epoch   228, Energy: -7.46106e+01 (-7.50803e+01), Variance: 4.22053e+02 (5.24010e+02), Accept ratio: 0.44300, 
INFO:root:Epoch   229, Energy: -7.48310e+01 (-7.51491e+01), Variance: 4.20329e+02 (4.88231e+02), Accept ratio: 0.43267, 
INFO:root:Epoch   230, Energy: -7.57444e+01 (-7.63213e+01), Variance: 4.60891e+02 (6.21775e+02), Accept ratio: 0.43675, 
INFO:root:Epoch   231, Energy: -7.59202e+01 (-7.63658e+01), Variance: 4.54194e+02 (5.68508e+02), Accept ratio: 0.48427, 
INFO:root:Epoch   232, Energy: -7.67058e+01 (-7.71972e+01), Variance: 4.76108e+02 (5.91099e+02), Accept ratio: 0.48491, 
INFO:root:Epoch   233, Energy: -7.60576e+01 (-7.74931e+01), Variance: 4.36927e+02 (1.63711e+03), Accept ratio: 0.47859, 
INFO:root:Epoch   234, Energy: -7.72410e+01 (-7.79876e+01), Variance: 5.24252e+02 (8.01394e+02), Accept ratio: 0.47565, 
INFO:root:Epoch   235, Energy: -7.63957e+01 (-7.66874e+01), Variance: 4.21124e+02 (4.80671e+02), Accept ratio: 0.47310, 
INFO:root:Epoch   236, Energy: -7.63836e+01 (-7.64898e+01), Variance: 3.88806e+02 (4.06505e+02), Accept ratio: 0.47576, 
INFO:root:Epoch   237, Energy: -7.62355e+01 (-7.66995e+01), Variance: 3.81922e+02 (5.22551e+02), Accept ratio: 0.47808, 
INFO:root:Epoch   238, Energy: -7.75355e+01 (-7.83912e+01), Variance: 4.29859e+02 (6.75201e+02), Accept ratio: 0.47120, 
INFO:root:Epoch   239, Energy: -7.79654e+01 (-7.82366e+01), Variance: 4.22400e+02 (4.78297e+02), Accept ratio: 0.46507, 
INFO:root:Epoch   240, Energy: -7.79235e+01 (-7.84291e+01), Variance: 4.12095e+02 (5.47002e+02), Accept ratio: 0.46542, 
INFO:root:Epoch   241, Energy: -7.83017e+01 (-7.87626e+01), Variance: 4.76910e+02 (6.98117e+02), Accept ratio: 0.46593, 
INFO:root:Epoch   242, Energy: -7.85777e+01 (-7.91796e+01), Variance: 4.61656e+02 (6.30131e+02), Accept ratio: 0.45988, 
INFO:root:Epoch   243, Energy: -7.82864e+01 (-7.89439e+01), Variance: 4.50743e+02 (6.50751e+02), Accept ratio: 0.46716, 
INFO:root:Epoch   244, Energy: -7.93071e+01 (-8.02185e+01), Variance: 4.93146e+02 (9.17352e+02), Accept ratio: 0.46193, 
INFO:root:Epoch   245, Energy: -7.88590e+01 (-7.93270e+01), Variance: 4.03847e+02 (5.74231e+02), Accept ratio: 0.46037, 
INFO:root:Epoch   246, Energy: -7.96958e+01 (-8.03695e+01), Variance: 4.51747e+02 (6.72473e+02), Accept ratio: 0.46114, 
INFO:root:Epoch   247, Energy: -7.99195e+01 (-8.06859e+01), Variance: 4.78708e+02 (7.10874e+02), Accept ratio: 0.44754, 
INFO:root:Epoch   248, Energy: -8.03998e+01 (-8.12023e+01), Variance: 4.51592e+02 (6.77558e+02), Accept ratio: 0.46095, 
INFO:root:Epoch   249, Energy: -7.94136e+01 (-7.99642e+01), Variance: 4.11561e+02 (5.69763e+02), Accept ratio: 0.45296, 
INFO:root:Epoch   250, Energy: -7.95446e+01 (-8.05030e+01), Variance: 4.05536e+02 (7.93711e+02), Accept ratio: 0.45079, 
INFO:root:Epoch   251, Energy: -7.97489e+01 (-7.99297e+01), Variance: 4.35579e+02 (4.95498e+02), Accept ratio: 0.45099, 
INFO:root:Epoch   252, Energy: -8.00319e+01 (-8.09546e+01), Variance: 4.19113e+02 (7.28039e+02), Accept ratio: 0.45342, 
INFO:root:Epoch   253, Energy: -8.03521e+01 (-8.07729e+01), Variance: 4.33604e+02 (5.32681e+02), Accept ratio: 0.45150, 
INFO:root:Epoch   254, Energy: -8.05074e+01 (-8.10416e+01), Variance: 4.26389e+02 (5.54202e+02), Accept ratio: 0.45348, 
INFO:root:Epoch   255, Energy: -8.11948e+01 (-8.21067e+01), Variance: 4.66342e+02 (7.85706e+02), Accept ratio: 0.44821, 
INFO:root:Epoch   256, Energy: -8.08711e+01 (-8.17988e+01), Variance: 4.22703e+02 (7.14208e+02), Accept ratio: 0.44657, 
INFO:root:Epoch   257, Energy: -8.07467e+01 (-8.13136e+01), Variance: 4.00129e+02 (5.84422e+02), Accept ratio: 0.44452, 
INFO:root:Epoch   258, Energy: -8.08790e+01 (-8.13566e+01), Variance: 4.01562e+02 (5.62753e+02), Accept ratio: 0.44596, 
INFO:root:Epoch   259, Energy: -8.03954e+01 (-8.09957e+01), Variance: 3.80486e+02 (5.61160e+02), Accept ratio: 0.44048, 
INFO:root:Epoch   260, Energy: -8.11969e+01 (-8.19436e+01), Variance: 3.63231e+02 (5.89987e+02), Accept ratio: 0.44324, 
INFO:root:Epoch   261, Energy: -8.14295e+01 (-8.18413e+01), Variance: 3.96642e+02 (4.84556e+02), Accept ratio: 0.48987, 
INFO:root:Epoch   262, Energy: -8.20434e+01 (-8.25815e+01), Variance: 4.01379e+02 (5.16687e+02), Accept ratio: 0.48228, 
INFO:root:Epoch   263, Energy: -8.17272e+01 (-8.21027e+01), Variance: 3.99600e+02 (5.48869e+02), Accept ratio: 0.48284, 
INFO:root:Epoch   264, Energy: -8.26040e+01 (-8.30714e+01), Variance: 3.92752e+02 (4.96073e+02), Accept ratio: 0.48444, 
INFO:root:Epoch   265, Energy: -8.36113e+01 (-8.41399e+01), Variance: 4.60977e+02 (5.82330e+02), Accept ratio: 0.47512, 
INFO:root:Epoch   266, Energy: -8.23430e+01 (-8.26963e+01), Variance: 3.50051e+02 (4.44648e+02), Accept ratio: 0.47360, 
INFO:root:Epoch   267, Energy: -8.32532e+01 (-8.36406e+01), Variance: 3.79382e+02 (4.80905e+02), Accept ratio: 0.47755, 
INFO:root:Epoch   268, Energy: -8.36653e+01 (-8.47021e+01), Variance: 3.99511e+02 (7.46430e+02), Accept ratio: 0.47320, 
INFO:root:Epoch   269, Energy: -8.31281e+01 (-8.35207e+01), Variance: 3.80674e+02 (4.76868e+02), Accept ratio: 0.47118, 
INFO:root:Epoch   270, Energy: -8.45654e+01 (-8.47405e+01), Variance: 3.96357e+02 (4.33106e+02), Accept ratio: 0.47228, 
INFO:root:Epoch   271, Energy: -8.45462e+01 (-8.50257e+01), Variance: 3.91299e+02 (4.96480e+02), Accept ratio: 0.46252, 
INFO:root:Epoch   272, Energy: -8.46401e+01 (-8.49839e+01), Variance: 3.84774e+02 (4.54615e+02), Accept ratio: 0.47213, 
INFO:root:Epoch   273, Energy: -8.52049e+01 (-8.59146e+01), Variance: 4.66911e+02 (7.43569e+02), Accept ratio: 0.46678, 
INFO:root:Epoch   274, Energy: -8.48297e+01 (-8.54404e+01), Variance: 4.61921e+02 (7.10571e+02), Accept ratio: 0.46184, 
INFO:root:Epoch   275, Energy: -8.53053e+01 (-8.55375e+01), Variance: 4.04303e+02 (4.47251e+02), Accept ratio: 0.46267, 
INFO:root:Epoch   276, Energy: -8.57174e+01 (-8.59275e+01), Variance: 4.45569e+02 (4.88330e+02), Accept ratio: 0.45896, 
INFO:root:Epoch   277, Energy: -8.47634e+01 (-8.53833e+01), Variance: 4.27481e+02 (6.39663e+02), Accept ratio: 0.46195, 
INFO:root:Epoch   278, Energy: -8.45276e+01 (-8.45210e+01), Variance: 3.73198e+02 (4.13923e+02), Accept ratio: 0.45773, 
INFO:root:Epoch   279, Energy: -8.54779e+01 (-8.57232e+01), Variance: 3.71481e+02 (4.17483e+02), Accept ratio: 0.46118, 
INFO:root:Epoch   280, Energy: -8.57148e+01 (-8.64819e+01), Variance: 4.16603e+02 (6.09490e+02), Accept ratio: 0.45591, 
INFO:root:Epoch   281, Energy: -8.61004e+01 (-8.65824e+01), Variance: 4.01115e+02 (4.97739e+02), Accept ratio: 0.45638, 
INFO:root:Epoch   282, Energy: -8.67949e+01 (-8.72979e+01), Variance: 4.33314e+02 (5.75232e+02), Accept ratio: 0.45225, 
INFO:root:Epoch   283, Energy: -8.68458e+01 (-8.71895e+01), Variance: 4.04635e+02 (5.39140e+02), Accept ratio: 0.45492, 
INFO:root:Epoch   284, Energy: -8.59448e+01 (-8.63005e+01), Variance: 3.76907e+02 (4.43977e+02), Accept ratio: 0.45225, 
INFO:root:Epoch   285, Energy: -8.59779e+01 (-8.61399e+01), Variance: 3.73911e+02 (4.03915e+02), Accept ratio: 0.46146, 
INFO:root:Epoch   286, Energy: -8.70788e+01 (-8.72502e+01), Variance: 3.56219e+02 (3.89619e+02), Accept ratio: 0.45614, 
INFO:root:Epoch   287, Energy: -8.68235e+01 (-8.72286e+01), Variance: 3.59420e+02 (4.41994e+02), Accept ratio: 0.44852, 
INFO:root:Epoch   288, Energy: -8.72543e+01 (-8.77097e+01), Variance: 3.84503e+02 (4.93840e+02), Accept ratio: 0.44719, 
INFO:root:Epoch   289, Energy: -8.77413e+01 (-8.80982e+01), Variance: 4.02303e+02 (4.67663e+02), Accept ratio: 0.45040, 
INFO:root:Epoch   290, Energy: -8.71063e+01 (-8.88320e+01), Variance: 3.48890e+02 (2.62758e+03), Accept ratio: 0.44065, 
INFO:root:Epoch   291, Energy: -8.76309e+01 (-8.91337e+01), Variance: 3.78469e+02 (2.52486e+03), Accept ratio: 0.44663, 
INFO:root:Epoch   292, Energy: -8.73308e+01 (-8.75191e+01), Variance: 3.76513e+02 (4.19936e+02), Accept ratio: 0.43942, 
INFO:root:Epoch   293, Energy: -8.77170e+01 (-8.80670e+01), Variance: 3.86545e+02 (4.59028e+02), Accept ratio: 0.44367, 
INFO:root:Epoch   294, Energy: -8.82567e+01 (-8.87171e+01), Variance: 4.05477e+02 (5.33426e+02), Accept ratio: 0.44575, 
INFO:root:Epoch   295, Energy: -8.82451e+01 (-8.86592e+01), Variance: 3.65066e+02 (4.53608e+02), Accept ratio: 0.44042, 
INFO:root:Epoch   296, Energy: -8.74546e+01 (-8.77431e+01), Variance: 3.32669e+02 (3.90134e+02), Accept ratio: 0.43778, 
INFO:root:Epoch   297, Energy: -8.79547e+01 (-8.83085e+01), Variance: 3.29088e+02 (3.99329e+02), Accept ratio: 0.43787, 
INFO:root:Epoch   298, Energy: -8.82204e+01 (-8.88035e+01), Variance: 3.50962e+02 (5.21271e+02), Accept ratio: 0.43658, 
INFO:root:Epoch   299, Energy: -8.84489e+01 (-8.91211e+01), Variance: 3.45658e+02 (5.91202e+02), Accept ratio: 0.42681, 
INFO:root:Epoch   300, Energy: -8.87035e+01 (-8.88509e+01), Variance: 3.32134e+02 (3.68001e+02), Accept ratio: 0.43615, , best weights saved
INFO:root:Epoch   301, Energy: -8.84974e+01 (-8.86574e+01), Variance: 2.92266e+02 (3.17423e+02), Accept ratio: 0.47836, 
INFO:root:Epoch   302, Energy: -8.90407e+01 (-8.93394e+01), Variance: 2.70536e+02 (3.42939e+02), Accept ratio: 0.47758, 
INFO:root:Epoch   303, Energy: -8.87746e+01 (-8.88931e+01), Variance: 3.00559e+02 (3.39572e+02), Accept ratio: 0.47546, 
INFO:root:Epoch   304, Energy: -8.96361e+01 (-9.00537e+01), Variance: 3.33430e+02 (4.27960e+02), Accept ratio: 0.47086, 
INFO:root:Epoch   305, Energy: -8.94942e+01 (-9.09047e+01), Variance: 3.47120e+02 (1.54868e+03), Accept ratio: 0.47194, 
INFO:root:Epoch   306, Energy: -8.98652e+01 (-9.02829e+01), Variance: 3.36307e+02 (4.58794e+02), Accept ratio: 0.47430, 
INFO:root:Epoch   307, Energy: -9.01488e+01 (-9.04668e+01), Variance: 3.47022e+02 (4.11932e+02), Accept ratio: 0.47033, 
INFO:root:Epoch   308, Energy: -9.01998e+01 (-9.09380e+01), Variance: 3.44090e+02 (5.97820e+02), Accept ratio: 0.46650, 
INFO:root:Epoch   309, Energy: -9.06529e+01 (-9.11900e+01), Variance: 3.22435e+02 (4.69916e+02), Accept ratio: 0.46829, 
INFO:root:Epoch   310, Energy: -9.02332e+01 (-9.05154e+01), Variance: 3.15373e+02 (4.12871e+02), Accept ratio: 0.46650, 
INFO:root:Epoch   311, Energy: -9.06413e+01 (-9.09122e+01), Variance: 3.08464e+02 (3.59475e+02), Accept ratio: 0.46561, 
INFO:root:Epoch   312, Energy: -9.07303e+01 (-9.10889e+01), Variance: 3.03764e+02 (3.79763e+02), Accept ratio: 0.46124, 
INFO:root:Epoch   313, Energy: -9.02991e+01 (-9.11746e+01), Variance: 2.83229e+02 (9.92822e+02), Accept ratio: 0.45907, 
INFO:root:Epoch   314, Energy: -9.09125e+01 (-9.11522e+01), Variance: 2.85412e+02 (3.35338e+02), Accept ratio: 0.46280, 
INFO:root:Epoch   315, Energy: -9.16518e+01 (-9.19400e+01), Variance: 3.27743e+02 (3.80072e+02), Accept ratio: 0.45877, 
INFO:root:Epoch   316, Energy: -9.06142e+01 (-9.08506e+01), Variance: 2.91875e+02 (3.34659e+02), Accept ratio: 0.45929, 
INFO:root:Epoch   317, Energy: -9.19349e+01 (-9.26961e+01), Variance: 3.54506e+02 (7.09495e+02), Accept ratio: 0.45569, 
INFO:root:Epoch   318, Energy: -9.11758e+01 (-9.16191e+01), Variance: 3.13752e+02 (4.10516e+02), Accept ratio: 0.46243, 
INFO:root:Epoch   319, Energy: -9.12033e+01 (-9.15167e+01), Variance: 2.87014e+02 (3.58981e+02), Accept ratio: 0.45453, 
INFO:root:Epoch   320, Energy: -9.09721e+01 (-9.10792e+01), Variance: 2.68767e+02 (3.11129e+02), Accept ratio: 0.45116, 
INFO:root:Epoch   321, Energy: -9.17999e+01 (-9.19874e+01), Variance: 2.94651e+02 (3.77673e+02), Accept ratio: 0.45395, 
INFO:root:Epoch   322, Energy: -9.16347e+01 (-9.15715e+01), Variance: 2.68107e+02 (3.10394e+02), Accept ratio: 0.45676, 
INFO:root:Epoch   323, Energy: -9.25917e+01 (-9.29653e+01), Variance: 2.83244e+02 (3.64811e+02), Accept ratio: 0.45593, 
INFO:root:Epoch   324, Energy: -9.20049e+01 (-9.22046e+01), Variance: 2.66547e+02 (3.31717e+02), Accept ratio: 0.44746, 
INFO:root:Epoch   325, Energy: -9.22115e+01 (-9.22551e+01), Variance: 2.68249e+02 (2.86665e+02), Accept ratio: 0.44992, 
INFO:root:Epoch   326, Energy: -9.25003e+01 (-9.24869e+01), Variance: 2.76041e+02 (3.15795e+02), Accept ratio: 0.44483, 
INFO:root:Epoch   327, Energy: -9.33638e+01 (-9.35428e+01), Variance: 3.16118e+02 (3.80695e+02), Accept ratio: 0.44965, 
INFO:root:Epoch   328, Energy: -9.32235e+01 (-9.32661e+01), Variance: 2.90719e+02 (3.68219e+02), Accept ratio: 0.44392, 
INFO:root:Epoch   329, Energy: -9.33270e+01 (-9.35780e+01), Variance: 2.51046e+02 (3.04660e+02), Accept ratio: 0.44664, 
INFO:root:Epoch   330, Energy: -9.33395e+01 (-9.36090e+01), Variance: 2.55632e+02 (3.91194e+02), Accept ratio: 0.44266, 
INFO:root:Epoch   331, Energy: -9.32969e+01 (-9.36061e+01), Variance: 2.39766e+02 (3.05749e+02), Accept ratio: 0.48195, 
INFO:root:Epoch   332, Energy: -9.35821e+01 (-9.41656e+01), Variance: 2.90313e+02 (6.22953e+02), Accept ratio: 0.48737, 
INFO:root:Epoch   333, Energy: -9.31035e+01 (-9.33765e+01), Variance: 2.28563e+02 (3.08442e+02), Accept ratio: 0.48856, 
INFO:root:Epoch   334, Energy: -9.33782e+01 (-9.35534e+01), Variance: 2.45651e+02 (2.99957e+02), Accept ratio: 0.48371, 
INFO:root:Epoch   335, Energy: -9.32086e+01 (-9.33723e+01), Variance: 2.64806e+02 (3.30645e+02), Accept ratio: 0.47984, 
INFO:root:Epoch   336, Energy: -9.38934e+01 (-9.42670e+01), Variance: 2.83772e+02 (4.80258e+02), Accept ratio: 0.48225, 
INFO:root:Epoch   337, Energy: -9.48190e+01 (-9.54193e+01), Variance: 2.71846e+02 (4.62171e+02), Accept ratio: 0.48707, 
INFO:root:Epoch   338, Energy: -9.43652e+01 (-9.48529e+01), Variance: 2.61274e+02 (4.01183e+02), Accept ratio: 0.47715, 
INFO:root:Epoch   339, Energy: -9.41216e+01 (-9.43393e+01), Variance: 2.26903e+02 (2.79504e+02), Accept ratio: 0.47657, 
INFO:root:Epoch   340, Energy: -9.39593e+01 (-9.40830e+01), Variance: 2.43171e+02 (2.96494e+02), Accept ratio: 0.48308, 
INFO:root:Epoch   341, Energy: -9.45907e+01 (-9.50119e+01), Variance: 2.40201e+02 (3.53174e+02), Accept ratio: 0.47744, 
INFO:root:Epoch   342, Energy: -9.48567e+01 (-9.53651e+01), Variance: 2.29899e+02 (3.43305e+02), Accept ratio: 0.47519, 
INFO:root:Epoch   343, Energy: -9.52331e+01 (-9.54136e+01), Variance: 2.39335e+02 (2.95312e+02), Accept ratio: 0.47550, 
INFO:root:Epoch   344, Energy: -9.57998e+01 (-9.59014e+01), Variance: 2.44372e+02 (2.81906e+02), Accept ratio: 0.47435, 
INFO:root:Epoch   345, Energy: -9.56795e+01 (-9.56780e+01), Variance: 2.62446e+02 (3.30229e+02), Accept ratio: 0.47603, 
INFO:root:Epoch   346, Energy: -9.59714e+01 (-9.59282e+01), Variance: 2.47544e+02 (2.62389e+02), Accept ratio: 0.47276, 
INFO:root:Epoch   347, Energy: -9.52175e+01 (-9.50042e+01), Variance: 2.33071e+02 (3.11529e+02), Accept ratio: 0.46619, 
INFO:root:Epoch   348, Energy: -9.55548e+01 (-9.55819e+01), Variance: 2.20961e+02 (2.42875e+02), Accept ratio: 0.46602, 
INFO:root:Epoch   349, Energy: -9.51130e+01 (-9.51467e+01), Variance: 2.30476e+02 (2.61735e+02), Accept ratio: 0.45996, 
INFO:root:Epoch   350, Energy: -9.59337e+01 (-9.59552e+01), Variance: 2.27988e+02 (2.49563e+02), Accept ratio: 0.46412, 
INFO:root:Epoch   351, Energy: -9.59543e+01 (-9.60088e+01), Variance: 2.46478e+02 (2.71408e+02), Accept ratio: 0.46412, 
INFO:root:Epoch   352, Energy: -9.64833e+01 (-9.64822e+01), Variance: 2.17208e+02 (2.31692e+02), Accept ratio: 0.46304, 
INFO:root:Epoch   353, Energy: -9.62779e+01 (-9.62337e+01), Variance: 2.28357e+02 (2.50461e+02), Accept ratio: 0.46428, 
INFO:root:Epoch   354, Energy: -9.64392e+01 (-9.65530e+01), Variance: 2.39211e+02 (2.74871e+02), Accept ratio: 0.46389, 
INFO:root:Epoch   355, Energy: -9.62221e+01 (-9.61396e+01), Variance: 2.25675e+02 (2.56238e+02), Accept ratio: 0.45815, 
INFO:root:Epoch   356, Energy: -9.69784e+01 (-9.71075e+01), Variance: 2.08411e+02 (2.60875e+02), Accept ratio: 0.45905, 
INFO:root:Epoch   357, Energy: -9.69045e+01 (-9.67461e+01), Variance: 1.99046e+02 (2.91075e+02), Accept ratio: 0.46015, 
INFO:root:Epoch   358, Energy: -9.70763e+01 (-9.66993e+01), Variance: 2.19005e+02 (3.82220e+02), Accept ratio: 0.46103, 
INFO:root:Epoch   359, Energy: -9.69469e+01 (-9.69282e+01), Variance: 2.08314e+02 (2.85833e+02), Accept ratio: 0.44529, 
INFO:root:Epoch   360, Energy: -9.68740e+01 (-9.65043e+01), Variance: 2.29687e+02 (6.49708e+02), Accept ratio: 0.45319, 
INFO:root:Epoch   361, Energy: -9.74460e+01 (-9.75010e+01), Variance: 1.88400e+02 (2.02768e+02), Accept ratio: 0.45590, 
INFO:root:Epoch   362, Energy: -9.69613e+01 (-9.70553e+01), Variance: 1.84045e+02 (2.23090e+02), Accept ratio: 0.45372, 
INFO:root:Epoch   363, Energy: -9.73341e+01 (-9.74883e+01), Variance: 1.93159e+02 (2.52744e+02), Accept ratio: 0.45236, 
INFO:root:Epoch   364, Energy: -9.68060e+01 (-9.68221e+01), Variance: 1.76171e+02 (2.13333e+02), Accept ratio: 0.45677, 
INFO:root:Epoch   365, Energy: -9.75027e+01 (-9.77794e+01), Variance: 1.92086e+02 (2.45501e+02), Accept ratio: 0.45936, 
INFO:root:Epoch   366, Energy: -9.68644e+01 (-9.68507e+01), Variance: 1.99563e+02 (2.39834e+02), Accept ratio: 0.45535, 
INFO:root:Epoch   367, Energy: -9.77053e+01 (-9.74954e+01), Variance: 2.01437e+02 (3.72687e+02), Accept ratio: 0.45749, 
INFO:root:Epoch   368, Energy: -9.73778e+01 (-9.74217e+01), Variance: 1.85180e+02 (2.03311e+02), Accept ratio: 0.46458, 
INFO:root:Epoch   369, Energy: -9.73900e+01 (-9.70420e+01), Variance: 1.90706e+02 (3.57336e+02), Accept ratio: 0.45945, 
INFO:root:Epoch   370, Energy: -9.79597e+01 (-9.79846e+01), Variance: 1.75023e+02 (1.91946e+02), Accept ratio: 0.44764, 
INFO:root:Epoch   371, Energy: -9.79123e+01 (-9.78092e+01), Variance: 1.69872e+02 (2.20884e+02), Accept ratio: 0.44813, 
INFO:root:Epoch   372, Energy: -9.78281e+01 (-9.73238e+01), Variance: 1.76755e+02 (3.66026e+02), Accept ratio: 0.44157, 
INFO:root:Epoch   373, Energy: -9.79321e+01 (-9.78779e+01), Variance: 1.81597e+02 (2.21017e+02), Accept ratio: 0.44878, 
INFO:root:Epoch   374, Energy: -9.83675e+01 (-9.91224e+01), Variance: 1.99847e+02 (6.80637e+02), Accept ratio: 0.44656, 
INFO:root:Epoch   375, Energy: -9.84294e+01 (-9.84782e+01), Variance: 1.82659e+02 (2.04329e+02), Accept ratio: 0.45104, 
INFO:root:Epoch   376, Energy: -9.90500e+01 (-9.88449e+01), Variance: 1.92113e+02 (4.03822e+02), Accept ratio: 0.44514, 
INFO:root:Epoch   377, Energy: -9.86387e+01 (-9.88158e+01), Variance: 1.70952e+02 (3.12508e+02), Accept ratio: 0.44824, 
INFO:root:Epoch   378, Energy: -9.87268e+01 (-9.89523e+01), Variance: 1.52639e+02 (2.13992e+02), Accept ratio: 0.44922, 
INFO:root:Epoch   379, Energy: -9.88019e+01 (-9.89715e+01), Variance: 1.60709e+02 (2.14601e+02), Accept ratio: 0.44773, 
INFO:root:Epoch   380, Energy: -9.86824e+01 (-9.85282e+01), Variance: 1.66111e+02 (2.44093e+02), Accept ratio: 0.44758, 
INFO:root:Epoch   381, Energy: -9.91788e+01 (-9.92171e+01), Variance: 1.57602e+02 (2.02817e+02), Accept ratio: 0.49065, 
INFO:root:Epoch   382, Energy: -9.91005e+01 (-9.91439e+01), Variance: 1.45794e+02 (1.57994e+02), Accept ratio: 0.48938, 
INFO:root:Epoch   383, Energy: -9.91462e+01 (-9.84734e+01), Variance: 1.60169e+02 (5.61768e+02), Accept ratio: 0.48098, 
INFO:root:Epoch   384, Energy: -9.91156e+01 (-9.91499e+01), Variance: 1.59821e+02 (1.71675e+02), Accept ratio: 0.48031, 
INFO:root:Epoch   385, Energy: -9.87603e+01 (-9.87136e+01), Variance: 1.63786e+02 (1.83311e+02), Accept ratio: 0.48613, 
INFO:root:Epoch   386, Energy: -9.87135e+01 (-9.86462e+01), Variance: 1.52150e+02 (1.61237e+02), Accept ratio: 0.48462, 
INFO:root:Epoch   387, Energy: -9.88429e+01 (-9.88363e+01), Variance: 1.57903e+02 (1.65192e+02), Accept ratio: 0.48748, 
INFO:root:Epoch   388, Energy: -9.94011e+01 (-9.94526e+01), Variance: 1.65565e+02 (2.14785e+02), Accept ratio: 0.48015, 
INFO:root:Epoch   389, Energy: -9.91685e+01 (-9.74301e+01), Variance: 1.67977e+02 (2.71761e+03), Accept ratio: 0.48427, 
INFO:root:Epoch   390, Energy: -9.94008e+01 (-9.96359e+01), Variance: 1.51930e+02 (2.04428e+02), Accept ratio: 0.48638, 
INFO:root:Epoch   391, Energy: -9.90774e+01 (-9.92040e+01), Variance: 1.62296e+02 (2.51579e+02), Accept ratio: 0.47769, 
INFO:root:Epoch   392, Energy: -9.92918e+01 (-9.94253e+01), Variance: 1.59371e+02 (2.09973e+02), Accept ratio: 0.48030, 
INFO:root:Epoch   393, Energy: -9.92688e+01 (-9.95119e+01), Variance: 1.70147e+02 (2.16762e+02), Accept ratio: 0.47879, 
INFO:root:Epoch   394, Energy: -9.92259e+01 (-9.92040e+01), Variance: 1.60761e+02 (2.24015e+02), Accept ratio: 0.48260, 
INFO:root:Epoch   395, Energy: -9.90239e+01 (-9.88719e+01), Variance: 1.57368e+02 (2.05130e+02), Accept ratio: 0.48205, 
INFO:root:Epoch   396, Energy: -9.93487e+01 (-9.95988e+01), Variance: 1.54094e+02 (2.50265e+02), Accept ratio: 0.48076, 
INFO:root:Epoch   397, Energy: -9.91796e+01 (-9.91535e+01), Variance: 1.51787e+02 (1.63196e+02), Accept ratio: 0.47403, 
INFO:root:Epoch   398, Energy: -9.93334e+01 (-9.93244e+01), Variance: 1.35967e+02 (1.44805e+02), Accept ratio: 0.47644, 
INFO:root:Epoch   399, Energy: -9.99505e+01 (-9.99084e+01), Variance: 1.53860e+02 (1.71306e+02), Accept ratio: 0.47578, 
INFO:root:Epoch   400, Energy: -1.00100e+02 (-1.00652e+02), Variance: 1.37027e+02 (2.88186e+02), Accept ratio: 0.47730, , best weights saved
INFO:root:Epoch   401, Energy: -1.00113e+02 (-1.00086e+02), Variance: 1.29658e+02 (1.40077e+02), Accept ratio: 0.48130, 
INFO:root:Epoch   402, Energy: -1.00257e+02 (-1.00624e+02), Variance: 1.31315e+02 (2.48645e+02), Accept ratio: 0.47755, 
INFO:root:Epoch   403, Energy: -1.00314e+02 (-1.00295e+02), Variance: 1.22644e+02 (1.66524e+02), Accept ratio: 0.47710, 
INFO:root:Epoch   404, Energy: -1.00477e+02 (-1.00604e+02), Variance: 1.27316e+02 (1.57042e+02), Accept ratio: 0.47445, 
INFO:root:Epoch   405, Energy: -1.00474e+02 (-1.00627e+02), Variance: 1.39003e+02 (2.52536e+02), Accept ratio: 0.47360, 
INFO:root:Epoch   406, Energy: -1.00307e+02 (-9.10130e+01), Variance: 1.55568e+02 (8.87639e+04), Accept ratio: 0.47388, 
INFO:root:Epoch   407, Energy: -1.00058e+02 (-9.99986e+01), Variance: 1.17916e+02 (1.23569e+02), Accept ratio: 0.47449, 
INFO:root:Epoch   408, Energy: -1.00369e+02 (-1.00613e+02), Variance: 1.43798e+02 (3.01673e+02), Accept ratio: 0.47950, 
INFO:root:Epoch   409, Energy: -1.00871e+02 (-1.01222e+02), Variance: 1.25796e+02 (2.70089e+02), Accept ratio: 0.47474, 
INFO:root:Epoch   410, Energy: -1.01225e+02 (-1.01200e+02), Variance: 1.19694e+02 (1.75173e+02), Accept ratio: 0.47003, 
INFO:root:Epoch   411, Energy: -1.01181e+02 (-1.01156e+02), Variance: 1.18637e+02 (2.08808e+02), Accept ratio: 0.46599, 
INFO:root:Epoch   412, Energy: -1.00914e+02 (-1.00916e+02), Variance: 1.25204e+02 (1.52138e+02), Accept ratio: 0.46565, 
INFO:root:Epoch   413, Energy: -1.01207e+02 (-1.01162e+02), Variance: 1.18789e+02 (1.37358e+02), Accept ratio: 0.47625, 
INFO:root:Epoch   414, Energy: -1.01293e+02 (-1.01151e+02), Variance: 1.23733e+02 (1.87981e+02), Accept ratio: 0.47652, 
INFO:root:Epoch   415, Energy: -1.00788e+02 (-1.00778e+02), Variance: 1.19047e+02 (1.40599e+02), Accept ratio: 0.46197, 
INFO:root:Epoch   416, Energy: -1.00885e+02 (-1.00894e+02), Variance: 1.10282e+02 (1.11067e+02), Accept ratio: 0.46736, 
INFO:root:Epoch   417, Energy: -1.01144e+02 (-1.01047e+02), Variance: 1.12799e+02 (1.42871e+02), Accept ratio: 0.46413, 
INFO:root:Epoch   418, Energy: -1.01506e+02 (-1.01777e+02), Variance: 1.13920e+02 (1.64099e+02), Accept ratio: 0.46258, 
INFO:root:Epoch   419, Energy: -1.01162e+02 (-1.01243e+02), Variance: 1.12418e+02 (1.26018e+02), Accept ratio: 0.46879, 
INFO:root:Epoch   420, Energy: -1.01438e+02 (-1.01478e+02), Variance: 1.18393e+02 (1.32181e+02), Accept ratio: 0.46177, 
INFO:root:Epoch   421, Energy: -1.01054e+02 (-1.01016e+02), Variance: 1.15444e+02 (1.24538e+02), Accept ratio: 0.46289, 
INFO:root:Epoch   422, Energy: -1.01657e+02 (-1.01765e+02), Variance: 1.23516e+02 (1.77140e+02), Accept ratio: 0.46866, 
INFO:root:Epoch   423, Energy: -1.01664e+02 (-1.01389e+02), Variance: 1.26753e+02 (2.03501e+02), Accept ratio: 0.46948, 
INFO:root:Epoch   424, Energy: -1.01645e+02 (-1.01586e+02), Variance: 1.17359e+02 (2.40723e+02), Accept ratio: 0.46430, 
INFO:root:Epoch   425, Energy: -1.01571e+02 (-1.01383e+02), Variance: 1.00058e+02 (1.21178e+02), Accept ratio: 0.46659, 
INFO:root:Epoch   426, Energy: -1.01450e+02 (-1.01526e+02), Variance: 1.15145e+02 (1.63437e+02), Accept ratio: 0.46724, 
INFO:root:Epoch   427, Energy: -1.01729e+02 (-1.01709e+02), Variance: 1.11893e+02 (1.35440e+02), Accept ratio: 0.46948, 
INFO:root:Epoch   428, Energy: -1.01505e+02 (-1.01006e+02), Variance: 1.14339e+02 (2.87833e+02), Accept ratio: 0.45787, 
INFO:root:Epoch   429, Energy: -1.01956e+02 (-1.01855e+02), Variance: 1.13896e+02 (1.62232e+02), Accept ratio: 0.46412, 
INFO:root:Epoch   430, Energy: -1.01435e+02 (-1.01238e+02), Variance: 1.23383e+02 (1.79087e+02), Accept ratio: 0.46424, 
INFO:root:Epoch   431, Energy: -1.01943e+02 (-1.02080e+02), Variance: 1.09044e+02 (2.13116e+02), Accept ratio: 0.46059, 
INFO:root:Epoch   432, Energy: -1.01886e+02 (-1.02074e+02), Variance: 1.03440e+02 (1.65117e+02), Accept ratio: 0.46222, 
INFO:root:Epoch   433, Energy: -1.02304e+02 (-1.02660e+02), Variance: 9.81202e+01 (2.53216e+02), Accept ratio: 0.46480, 
INFO:root:Epoch   434, Energy: -1.02202e+02 (-1.02242e+02), Variance: 9.55999e+01 (1.21701e+02), Accept ratio: 0.46579, 
INFO:root:Epoch   435, Energy: -1.02566e+02 (-1.02595e+02), Variance: 8.51582e+01 (9.02379e+01), Accept ratio: 0.46545, 
INFO:root:Epoch   436, Energy: -1.02327e+02 (-1.02268e+02), Variance: 8.44891e+01 (9.33591e+01), Accept ratio: 0.46334, 
INFO:root:Epoch   437, Energy: -1.02517e+02 (-1.02573e+02), Variance: 8.63373e+01 (1.37675e+02), Accept ratio: 0.46217, 
INFO:root:Epoch   438, Energy: -1.02698e+02 (-1.02855e+02), Variance: 8.71142e+01 (1.26330e+02), Accept ratio: 0.45152, 
INFO:root:Epoch   439, Energy: -1.02516e+02 (-1.02442e+02), Variance: 9.57316e+01 (1.39622e+02), Accept ratio: 0.46049, 
INFO:root:Epoch   440, Energy: -1.02842e+02 (-1.03344e+02), Variance: 9.66723e+01 (3.91495e+02), Accept ratio: 0.45962, 
INFO:root:Epoch   441, Energy: -1.02667e+02 (-1.02880e+02), Variance: 8.12247e+01 (2.03369e+02), Accept ratio: 0.46035, 
INFO:root:Epoch   442, Energy: -1.02776e+02 (-1.02930e+02), Variance: 8.35601e+01 (1.08039e+02), Accept ratio: 0.45783, 
INFO:root:Epoch   443, Energy: -1.02821e+02 (-1.03005e+02), Variance: 8.91283e+01 (1.64590e+02), Accept ratio: 0.46199, 
INFO:root:Epoch   444, Energy: -1.02622e+02 (-1.02632e+02), Variance: 8.65024e+01 (1.38380e+02), Accept ratio: 0.45552, 
INFO:root:Epoch   445, Energy: -1.02523e+02 (-1.02573e+02), Variance: 1.00596e+02 (1.65453e+02), Accept ratio: 0.46103, 
INFO:root:Epoch   446, Energy: -1.02722e+02 (-1.02701e+02), Variance: 9.02682e+01 (9.56775e+01), Accept ratio: 0.45848, 
INFO:root:Epoch   447, Energy: -1.02941e+02 (-1.02867e+02), Variance: 9.06092e+01 (1.24091e+02), Accept ratio: 0.44823, 
INFO:root:Epoch   448, Energy: -1.03429e+02 (-1.03597e+02), Variance: 8.86758e+01 (1.11206e+02), Accept ratio: 0.45652, 
INFO:root:Epoch   449, Energy: -1.03384e+02 (-1.03550e+02), Variance: 8.66665e+01 (1.14289e+02), Accept ratio: 0.46358, 
INFO:root:Epoch   450, Energy: -1.03438e+02 (-1.03627e+02), Variance: 8.51256e+01 (1.15190e+02), Accept ratio: 0.44446, 
INFO:root:Epoch   451, Energy: -1.03353e+02 (-1.03178e+02), Variance: 8.88756e+01 (1.59127e+02), Accept ratio: 0.45141, 
INFO:root:Epoch   452, Energy: -1.03114e+02 (-1.03102e+02), Variance: 8.45306e+01 (2.00970e+02), Accept ratio: 0.45232, 
INFO:root:Epoch   453, Energy: -1.03089e+02 (-1.03050e+02), Variance: 7.38016e+01 (8.22097e+01), Accept ratio: 0.45854, 
INFO:root:Epoch   454, Energy: -1.03174e+02 (-1.02954e+02), Variance: 8.11189e+01 (1.18212e+02), Accept ratio: 0.45653, 
INFO:root:Epoch   455, Energy: -1.03039e+02 (-1.03002e+02), Variance: 8.00141e+01 (1.04626e+02), Accept ratio: 0.45538, 
INFO:root:Epoch   456, Energy: -1.03173e+02 (-1.03136e+02), Variance: 7.39455e+01 (9.39444e+01), Accept ratio: 0.45259, 
INFO:root:Epoch   457, Energy: -1.02863e+02 (-1.02548e+02), Variance: 8.38006e+01 (1.84260e+02), Accept ratio: 0.45937, 
INFO:root:Epoch   458, Energy: -1.03250e+02 (-1.03175e+02), Variance: 7.29902e+01 (9.44463e+01), Accept ratio: 0.44841, 
INFO:root:Epoch   459, Energy: -1.03125e+02 (-1.03119e+02), Variance: 7.11494e+01 (9.84670e+01), Accept ratio: 0.45183, 
INFO:root:Epoch   460, Energy: -1.03178e+02 (-1.03031e+02), Variance: 7.26054e+01 (1.29881e+02), Accept ratio: 0.45653, 
INFO:root:Epoch   461, Energy: -1.03195e+02 (-1.03204e+02), Variance: 7.68698e+01 (1.08538e+02), Accept ratio: 0.45634, 
INFO:root:Epoch   462, Energy: -1.03376e+02 (-1.03386e+02), Variance: 7.60264e+01 (8.82678e+01), Accept ratio: 0.45860, 
INFO:root:Epoch   463, Energy: -1.03614e+02 (-1.03510e+02), Variance: 7.73909e+01 (9.55214e+01), Accept ratio: 0.44506, 
INFO:root:Epoch   464, Energy: -1.04082e+02 (-1.04204e+02), Variance: 7.53001e+01 (9.87295e+01), Accept ratio: 0.45483, 
INFO:root:Epoch   465, Energy: -1.03759e+02 (-1.03592e+02), Variance: 7.50244e+01 (1.38990e+02), Accept ratio: 0.44974, 
INFO:root:Epoch   466, Energy: -1.03341e+02 (-1.03281e+02), Variance: 7.33449e+01 (8.86164e+01), Accept ratio: 0.45692, 
INFO:root:Epoch   467, Energy: -1.03575e+02 (-1.03481e+02), Variance: 6.85007e+01 (8.04403e+01), Accept ratio: 0.44760, 
INFO:root:Epoch   468, Energy: -1.03671e+02 (-1.03240e+02), Variance: 7.41570e+01 (2.00670e+02), Accept ratio: 0.45454, 
INFO:root:Epoch   469, Energy: -1.03701e+02 (-1.03518e+02), Variance: 7.03871e+01 (1.01380e+02), Accept ratio: 0.44831, 
INFO:root:Epoch   470, Energy: -1.03772e+02 (-1.03774e+02), Variance: 7.19978e+01 (9.92946e+01), Accept ratio: 0.45435, 
INFO:root:Epoch   471, Energy: -1.03748e+02 (-1.03591e+02), Variance: 7.87676e+01 (1.22898e+02), Accept ratio: 0.45174, 
INFO:root:Epoch   472, Energy: -1.03750e+02 (-1.03961e+02), Variance: 6.99100e+01 (1.63664e+02), Accept ratio: 0.45380, 
INFO:root:Epoch   473, Energy: -1.03623e+02 (-1.03610e+02), Variance: 7.12389e+01 (1.01129e+02), Accept ratio: 0.44699, 
INFO:root:Epoch   474, Energy: -1.03829e+02 (-1.03860e+02), Variance: 7.85423e+01 (1.16677e+02), Accept ratio: 0.44552, 
INFO:root:Epoch   475, Energy: -1.03934e+02 (-1.03715e+02), Variance: 6.73165e+01 (1.19620e+02), Accept ratio: 0.45060, 
INFO:root:Epoch   476, Energy: -1.03642e+02 (-1.03710e+02), Variance: 6.50801e+01 (8.84957e+01), Accept ratio: 0.45650, 
INFO:root:Epoch   477, Energy: -1.03812e+02 (-1.03848e+02), Variance: 6.82267e+01 (1.58544e+02), Accept ratio: 0.44750, 
INFO:root:Epoch   478, Energy: -1.03502e+02 (-1.03355e+02), Variance: 6.55138e+01 (8.15883e+01), Accept ratio: 0.45467, 
INFO:root:Epoch   479, Energy: -1.03973e+02 (-1.03885e+02), Variance: 6.54242e+01 (8.26921e+01), Accept ratio: 0.45544, 
INFO:root:Epoch   480, Energy: -1.03935e+02 (-1.03902e+02), Variance: 6.72278e+01 (8.30548e+01), Accept ratio: 0.44212, 
INFO:root:Epoch   481, Energy: -1.04253e+02 (-1.04378e+02), Variance: 6.69306e+01 (9.08523e+01), Accept ratio: 0.45185, 
INFO:root:Epoch   482, Energy: -1.03479e+02 (-1.03325e+02), Variance: 7.32074e+01 (1.12021e+02), Accept ratio: 0.44825, 
INFO:root:Epoch   483, Energy: -1.04150e+02 (-1.04684e+02), Variance: 6.69861e+01 (3.29495e+02), Accept ratio: 0.44835, 
INFO:root:Epoch   484, Energy: -1.03882e+02 (-1.03851e+02), Variance: 6.54783e+01 (8.29478e+01), Accept ratio: 0.45293, 
INFO:root:Epoch   485, Energy: -1.04336e+02 (-1.04344e+02), Variance: 7.20302e+01 (9.18100e+01), Accept ratio: 0.45380, 
INFO:root:Epoch   486, Energy: -1.03851e+02 (-1.03858e+02), Variance: 6.34327e+01 (9.66560e+01), Accept ratio: 0.44867, 
INFO:root:Epoch   487, Energy: -1.03722e+02 (-1.03723e+02), Variance: 6.27568e+01 (8.34847e+01), Accept ratio: 0.44936, 
INFO:root:Epoch   488, Energy: -1.04091e+02 (-1.04280e+02), Variance: 6.17654e+01 (1.10397e+02), Accept ratio: 0.44908, 
INFO:root:Epoch   489, Energy: -1.03865e+02 (-1.03777e+02), Variance: 6.29022e+01 (8.23357e+01), Accept ratio: 0.45177, 
INFO:root:Epoch   490, Energy: -1.03891e+02 (-1.03449e+02), Variance: 7.09449e+01 (2.00312e+02), Accept ratio: 0.45483, 
INFO:root:Epoch   491, Energy: -1.03947e+02 (-1.03849e+02), Variance: 6.21995e+01 (9.69517e+01), Accept ratio: 0.44855, 
INFO:root:Epoch   492, Energy: -1.03921e+02 (-1.03814e+02), Variance: 6.03555e+01 (7.69425e+01), Accept ratio: 0.44073, 
INFO:root:Epoch   493, Energy: -1.03808e+02 (-1.04019e+02), Variance: 6.19091e+01 (2.09351e+02), Accept ratio: 0.45046, 
INFO:root:Epoch   494, Energy: -1.04037e+02 (-1.03906e+02), Variance: 5.74488e+01 (6.87486e+01), Accept ratio: 0.45047, 
INFO:root:Epoch   495, Energy: -1.03918e+02 (-1.03810e+02), Variance: 6.19633e+01 (8.37702e+01), Accept ratio: 0.44458, 
INFO:root:Epoch   496, Energy: -1.03949e+02 (-1.03877e+02), Variance: 6.68705e+01 (8.72356e+01), Accept ratio: 0.44662, 
INFO:root:Epoch   497, Energy: -1.03790e+02 (-1.03679e+02), Variance: 6.61620e+01 (8.96884e+01), Accept ratio: 0.44618, 
INFO:root:Epoch   498, Energy: -1.03761e+02 (-1.03659e+02), Variance: 6.23122e+01 (7.42882e+01), Accept ratio: 0.44953, 
INFO:root:Epoch   499, Energy: -1.03948e+02 (-1.03957e+02), Variance: 7.04351e+01 (1.04214e+02), Accept ratio: 0.44586, 
INFO:root:Epoch   500, Energy: -1.04361e+02 (-1.04562e+02), Variance: 5.68463e+01 (1.01495e+02), Accept ratio: 0.44883, , best weights saved
INFO:root:Epoch   501, Energy: -1.04234e+02 (-1.04077e+02), Variance: 5.56676e+01 (7.22004e+01), Accept ratio: 0.49424, 
INFO:root:Epoch   502, Energy: -1.04312e+02 (-1.04313e+02), Variance: 5.48042e+01 (8.23128e+01), Accept ratio: 0.49227, 
INFO:root:Epoch   503, Energy: -1.04348e+02 (-1.04147e+02), Variance: 6.18589e+01 (9.10373e+01), Accept ratio: 0.49426, 
INFO:root:Epoch   504, Energy: -1.03891e+02 (-1.03873e+02), Variance: 6.06202e+01 (1.22333e+02), Accept ratio: 0.49246, 
INFO:root:Epoch   505, Energy: -1.04070e+02 (-1.02902e+02), Variance: 6.71813e+01 (1.32945e+03), Accept ratio: 0.49123, 
INFO:root:Epoch   506, Energy: -1.04284e+02 (-1.03749e+02), Variance: 5.48004e+01 (3.62637e+02), Accept ratio: 0.48879, 
INFO:root:Epoch   507, Energy: -1.04383e+02 (-1.04180e+02), Variance: 6.01135e+01 (1.18158e+02), Accept ratio: 0.49305, 
INFO:root:Epoch   508, Energy: -1.04265e+02 (-1.03902e+02), Variance: 5.37177e+01 (1.42413e+02), Accept ratio: 0.48926, 
INFO:root:Epoch   509, Energy: -1.04250e+02 (-1.04091e+02), Variance: 6.07183e+01 (1.31787e+02), Accept ratio: 0.49113, 
INFO:root:Epoch   510, Energy: -1.04713e+02 (-1.04645e+02), Variance: 5.29404e+01 (8.64524e+01), Accept ratio: 0.49014, 
INFO:root:Epoch   511, Energy: -1.04681e+02 (-1.04623e+02), Variance: 5.99194e+01 (1.21563e+02), Accept ratio: 0.48904, 
INFO:root:Epoch   512, Energy: -1.04465e+02 (-1.03874e+02), Variance: 6.60628e+01 (3.98948e+02), Accept ratio: 0.48544, 
INFO:root:Epoch   513, Energy: -1.04173e+02 (-1.04179e+02), Variance: 5.62180e+01 (2.84770e+02), Accept ratio: 0.48656, 
INFO:root:Epoch   514, Energy: -1.04212e+02 (-1.04252e+02), Variance: 5.39622e+01 (1.31290e+02), Accept ratio: 0.48487, 
INFO:root:Epoch   515, Energy: -1.04473e+02 (-1.04187e+02), Variance: 4.67121e+01 (7.74191e+01), Accept ratio: 0.48711, 
INFO:root:Epoch   516, Energy: -1.04346e+02 (-1.04217e+02), Variance: 4.72336e+01 (6.11129e+01), Accept ratio: 0.48681, 
INFO:root:Epoch   517, Energy: -1.04392e+02 (-1.04298e+02), Variance: 4.83319e+01 (6.66191e+01), Accept ratio: 0.48629, 
INFO:root:Epoch   518, Energy: -1.04256e+02 (-1.04153e+02), Variance: 4.77890e+01 (6.14345e+01), Accept ratio: 0.48719, 
INFO:root:Epoch   519, Energy: -1.04560e+02 (-1.04541e+02), Variance: 5.55135e+01 (1.25164e+02), Accept ratio: 0.49277, 
INFO:root:Epoch   520, Energy: -1.04445e+02 (-1.03620e+02), Variance: 5.60952e+01 (5.73534e+02), Accept ratio: 0.48552, 
INFO:root:Epoch   521, Energy: -1.04621e+02 (-1.04588e+02), Variance: 4.89764e+01 (6.67216e+01), Accept ratio: 0.48725, 
INFO:root:Epoch   522, Energy: -1.04527e+02 (-1.04279e+02), Variance: 4.56730e+01 (7.25875e+01), Accept ratio: 0.48741, 
INFO:root:Epoch   523, Energy: -1.05317e+02 (-1.05387e+02), Variance: 4.50393e+01 (5.68464e+01), Accept ratio: 0.48725, 
INFO:root:Epoch   524, Energy: -1.05201e+02 (-1.05135e+02), Variance: 3.89660e+01 (4.73127e+01), Accept ratio: 0.49027, 
INFO:root:Epoch   525, Energy: -1.05008e+02 (-1.04965e+02), Variance: 4.13813e+01 (7.40127e+01), Accept ratio: 0.48669, 
INFO:root:Epoch   526, Energy: -1.05157e+02 (-1.05028e+02), Variance: 3.60679e+01 (4.87522e+01), Accept ratio: 0.48680, 
INFO:root:Epoch   527, Energy: -1.04987e+02 (-1.05033e+02), Variance: 4.55114e+01 (5.81461e+01), Accept ratio: 0.48422, 
INFO:root:Epoch   528, Energy: -1.04972e+02 (-1.05016e+02), Variance: 4.87374e+01 (6.61730e+01), Accept ratio: 0.48738, 
INFO:root:Epoch   529, Energy: -1.05029e+02 (-1.04736e+02), Variance: 4.70267e+01 (9.31006e+01), Accept ratio: 0.48352, 
INFO:root:Epoch   530, Energy: -1.04993e+02 (-1.04555e+02), Variance: 4.67900e+01 (2.89083e+02), Accept ratio: 0.47736, 
INFO:root:Epoch   531, Energy: -1.05103e+02 (-1.05047e+02), Variance: 4.80307e+01 (6.30125e+01), Accept ratio: 0.48942, 
INFO:root:Epoch   532, Energy: -1.05128e+02 (-1.04874e+02), Variance: 4.11507e+01 (7.57758e+01), Accept ratio: 0.47994, 
INFO:root:Epoch   533, Energy: -1.05097e+02 (-1.05079e+02), Variance: 4.37806e+01 (5.17820e+01), Accept ratio: 0.48883, 
INFO:root:Epoch   534, Energy: -1.05322e+02 (-1.05282e+02), Variance: 3.96939e+01 (5.39348e+01), Accept ratio: 0.48419, 
INFO:root:Epoch   535, Energy: -1.05396e+02 (-1.05409e+02), Variance: 4.53771e+01 (5.62141e+01), Accept ratio: 0.48607, 
INFO:root:Epoch   536, Energy: -1.05401e+02 (-1.05332e+02), Variance: 4.26126e+01 (5.21059e+01), Accept ratio: 0.47976, 
INFO:root:Epoch   537, Energy: -1.05187e+02 (-1.05042e+02), Variance: 3.96008e+01 (5.44062e+01), Accept ratio: 0.48400, 
INFO:root:Epoch   538, Energy: -1.05124e+02 (-1.04950e+02), Variance: 4.43193e+01 (5.93703e+01), Accept ratio: 0.48964, 
INFO:root:Epoch   539, Energy: -1.05119e+02 (-1.04939e+02), Variance: 4.48837e+01 (6.32816e+01), Accept ratio: 0.48951, 
INFO:root:Epoch   540, Energy: -1.05065e+02 (-1.04976e+02), Variance: 4.32404e+01 (6.20089e+01), Accept ratio: 0.48123, 
INFO:root:Epoch   541, Energy: -1.05037e+02 (-1.04905e+02), Variance: 4.80123e+01 (6.70718e+01), Accept ratio: 0.48095, 
INFO:root:Epoch   542, Energy: -1.05015e+02 (-1.04905e+02), Variance: 3.91491e+01 (5.08891e+01), Accept ratio: 0.48619, 
INFO:root:Epoch   543, Energy: -1.05211e+02 (-1.05129e+02), Variance: 3.74952e+01 (5.08589e+01), Accept ratio: 0.48314, 
INFO:root:Epoch   544, Energy: -1.05206e+02 (-1.05111e+02), Variance: 3.65552e+01 (5.63972e+01), Accept ratio: 0.48959, 
INFO:root:Epoch   545, Energy: -1.05132e+02 (-1.04992e+02), Variance: 4.11983e+01 (5.33911e+01), Accept ratio: 0.48748, 
INFO:root:Epoch   546, Energy: -1.05440e+02 (-1.05374e+02), Variance: 3.62529e+01 (4.29918e+01), Accept ratio: 0.48450, 
INFO:root:Epoch   547, Energy: -1.05157e+02 (-1.04685e+02), Variance: 4.35180e+01 (2.99689e+02), Accept ratio: 0.47826, 
INFO:root:Epoch   548, Energy: -1.05209e+02 (-1.05109e+02), Variance: 3.91108e+01 (5.43782e+01), Accept ratio: 0.48397, 
INFO:root:Epoch   549, Energy: -1.05124e+02 (-1.05091e+02), Variance: 4.12013e+01 (7.07576e+01), Accept ratio: 0.47875, 
INFO:root:Epoch   550, Energy: -1.05319e+02 (-1.05272e+02), Variance: 3.93336e+01 (5.08899e+01), Accept ratio: 0.48303, 
INFO:root:Epoch   551, Energy: -1.05280e+02 (-1.05164e+02), Variance: 3.42069e+01 (4.86451e+01), Accept ratio: 0.48828, 
INFO:root:Epoch   552, Energy: -1.05258e+02 (-1.05071e+02), Variance: 3.74210e+01 (4.97281e+01), Accept ratio: 0.48631, 
INFO:root:Epoch   553, Energy: -1.05563e+02 (-1.05559e+02), Variance: 3.60424e+01 (4.98998e+01), Accept ratio: 0.48007, 
INFO:root:Epoch   554, Energy: -1.05214e+02 (-1.05038e+02), Variance: 3.69115e+01 (5.06267e+01), Accept ratio: 0.48212, 
INFO:root:Epoch   555, Energy: -1.05672e+02 (-1.05632e+02), Variance: 3.63593e+01 (6.80400e+01), Accept ratio: 0.48020, 
INFO:root:Epoch   556, Energy: -1.05543e+02 (-1.05109e+02), Variance: 3.79233e+01 (1.33773e+02), Accept ratio: 0.48613, 
INFO:root:Epoch   557, Energy: -1.05376e+02 (-1.05232e+02), Variance: 3.29724e+01 (4.61755e+01), Accept ratio: 0.48355, 
INFO:root:Epoch   558, Energy: -1.05484e+02 (-1.04522e+02), Variance: 4.00339e+01 (1.08851e+03), Accept ratio: 0.48077, 
INFO:root:Epoch   559, Energy: -1.05739e+02 (-1.05749e+02), Variance: 3.33516e+01 (5.42550e+01), Accept ratio: 0.48234, 
INFO:root:Epoch   560, Energy: -1.05256e+02 (-1.05262e+02), Variance: 3.71140e+01 (1.16973e+02), Accept ratio: 0.47942, 
INFO:root:Epoch   561, Energy: -1.05468e+02 (-1.05402e+02), Variance: 3.70996e+01 (5.53609e+01), Accept ratio: 0.48420, 
INFO:root:Epoch   562, Energy: -1.05401e+02 (-1.05411e+02), Variance: 3.45256e+01 (6.25270e+01), Accept ratio: 0.48297, 
INFO:root:Epoch   563, Energy: -1.05403e+02 (-1.05399e+02), Variance: 3.97179e+01 (4.74077e+01), Accept ratio: 0.48107, 
INFO:root:Epoch   564, Energy: -1.05420e+02 (-1.05629e+02), Variance: 3.53110e+01 (1.45422e+02), Accept ratio: 0.48259, 
INFO:root:Epoch   565, Energy: -1.05581e+02 (-1.05440e+02), Variance: 3.87430e+01 (5.33043e+01), Accept ratio: 0.48024, 
INFO:root:Epoch   566, Energy: -1.05581e+02 (-1.05618e+02), Variance: 4.10480e+01 (7.64438e+01), Accept ratio: 0.47695, 
INFO:root:Epoch   567, Energy: -1.05432e+02 (-1.04932e+02), Variance: 3.46548e+01 (3.93958e+02), Accept ratio: 0.48498, 
INFO:root:Epoch   568, Energy: -1.05459e+02 (-1.05279e+02), Variance: 3.49247e+01 (4.96139e+01), Accept ratio: 0.47919, 
INFO:root:Epoch   569, Energy: -1.05388e+02 (-1.05289e+02), Variance: 3.66342e+01 (9.16599e+01), Accept ratio: 0.48189, 
INFO:root:Epoch   570, Energy: -1.05790e+02 (-1.05422e+02), Variance: 3.16219e+01 (2.30215e+02), Accept ratio: 0.47794, 
INFO:root:Epoch   571, Energy: -1.05733e+02 (-1.05532e+02), Variance: 3.27715e+01 (9.14204e+01), Accept ratio: 0.47338, 
INFO:root:Epoch   572, Energy: -1.05962e+02 (-1.05567e+02), Variance: 3.99498e+01 (1.19379e+02), Accept ratio: 0.48066, 
INFO:root:Epoch   573, Energy: -1.05882e+02 (-1.05804e+02), Variance: 3.53287e+01 (5.03773e+01), Accept ratio: 0.47909, 
INFO:root:Epoch   574, Energy: -1.05857e+02 (-1.05712e+02), Variance: 3.27741e+01 (4.97106e+01), Accept ratio: 0.48201, 
INFO:root:Epoch   575, Energy: -1.05605e+02 (-1.05661e+02), Variance: 3.44059e+01 (5.45976e+01), Accept ratio: 0.48455, 
INFO:root:Epoch   576, Energy: -1.05409e+02 (-1.05296e+02), Variance: 3.28932e+01 (4.52211e+01), Accept ratio: 0.48049, 
INFO:root:Epoch   577, Energy: -1.05481e+02 (-1.05321e+02), Variance: 3.81112e+01 (5.47267e+01), Accept ratio: 0.48051, 
INFO:root:Epoch   578, Energy: -1.05823e+02 (-1.05747e+02), Variance: 2.80758e+01 (3.54149e+01), Accept ratio: 0.48075, 
INFO:root:Epoch   579, Energy: -1.05598e+02 (-1.05556e+02), Variance: 3.20382e+01 (4.48930e+01), Accept ratio: 0.47910, 
INFO:root:Epoch   580, Energy: -1.05757e+02 (-1.05774e+02), Variance: 3.22889e+01 (5.78508e+01), Accept ratio: 0.48466, 
INFO:root:Epoch   581, Energy: -1.05810e+02 (-1.05733e+02), Variance: 3.23577e+01 (5.20312e+01), Accept ratio: 0.47830, 
INFO:root:Epoch   582, Energy: -1.05746e+02 (-1.05581e+02), Variance: 2.95423e+01 (4.06346e+01), Accept ratio: 0.48292, 
INFO:root:Epoch   583, Energy: -1.05834e+02 (-1.05836e+02), Variance: 2.77547e+01 (4.28860e+01), Accept ratio: 0.47732, 
INFO:root:Epoch   584, Energy: -1.05642e+02 (-1.05344e+02), Variance: 3.08389e+01 (1.14110e+02), Accept ratio: 0.48253, 
INFO:root:Epoch   585, Energy: -1.05798e+02 (-1.05685e+02), Variance: 2.84898e+01 (3.98989e+01), Accept ratio: 0.47904, 
INFO:root:Epoch   586, Energy: -1.05869e+02 (-1.05907e+02), Variance: 2.92054e+01 (5.79351e+01), Accept ratio: 0.47642, 
INFO:root:Epoch   587, Energy: -1.05829e+02 (-1.05744e+02), Variance: 2.81439e+01 (4.33197e+01), Accept ratio: 0.48087, 
INFO:root:Epoch   588, Energy: -1.06011e+02 (-1.05762e+02), Variance: 3.19164e+01 (6.03691e+01), Accept ratio: 0.48080, 
INFO:root:Epoch   589, Energy: -1.05863e+02 (-1.05557e+02), Variance: 2.94218e+01 (6.70076e+01), Accept ratio: 0.47985, 
INFO:root:Epoch   590, Energy: -1.05892e+02 (-1.05789e+02), Variance: 2.71192e+01 (5.74897e+01), Accept ratio: 0.47498, 
INFO:root:Epoch   591, Energy: -1.05944e+02 (-1.05851e+02), Variance: 2.64547e+01 (4.03737e+01), Accept ratio: 0.47170, 
INFO:root:Epoch   592, Energy: -1.05880e+02 (-1.05670e+02), Variance: 2.80591e+01 (4.27406e+01), Accept ratio: 0.48190, 
INFO:root:Epoch   593, Energy: -1.06178e+02 (-1.06054e+02), Variance: 3.14216e+01 (4.48506e+01), Accept ratio: 0.47228, 
INFO:root:Epoch   594, Energy: -1.05849e+02 (-1.05741e+02), Variance: 2.83584e+01 (3.80236e+01), Accept ratio: 0.47738, 
INFO:root:Epoch   595, Energy: -1.05799e+02 (-1.05452e+02), Variance: 2.94758e+01 (6.56798e+01), Accept ratio: 0.47726, 
INFO:root:Epoch   596, Energy: -1.05937e+02 (-1.05808e+02), Variance: 2.85814e+01 (4.65969e+01), Accept ratio: 0.47390, 
INFO:root:Epoch   597, Energy: -1.05840e+02 (-1.05596e+02), Variance: 3.12284e+01 (7.43235e+01), Accept ratio: 0.47949, 
INFO:root:Epoch   598, Energy: -1.05991e+02 (-1.05847e+02), Variance: 2.76004e+01 (3.82977e+01), Accept ratio: 0.47720, 
INFO:root:Epoch   599, Energy: -1.06232e+02 (-1.06187e+02), Variance: 2.30197e+01 (3.68122e+01), Accept ratio: 0.48058, 
INFO:root:Epoch   600, Energy: -1.06186e+02 (-1.06149e+02), Variance: 2.63079e+01 (4.23661e+01), Accept ratio: 0.48187, , best weights saved
INFO:root:Epoch   601, Energy: -1.06331e+02 (-1.06412e+02), Variance: 2.71938e+01 (4.12987e+01), Accept ratio: 0.47930, 
INFO:root:Epoch   602, Energy: -1.06431e+02 (-1.06398e+02), Variance: 2.47536e+01 (3.25399e+01), Accept ratio: 0.47589, 
INFO:root:Epoch   603, Energy: -1.06357e+02 (-1.06344e+02), Variance: 2.65939e+01 (5.32063e+01), Accept ratio: 0.47898, 
INFO:root:Epoch   604, Energy: -1.06019e+02 (-1.05940e+02), Variance: 2.33560e+01 (3.37080e+01), Accept ratio: 0.48320, 
INFO:root:Epoch   605, Energy: -1.06081e+02 (-1.06101e+02), Variance: 2.31718e+01 (3.14115e+01), Accept ratio: 0.47271, 
INFO:root:Epoch   606, Energy: -1.06305e+02 (-1.06494e+02), Variance: 2.46820e+01 (5.02093e+01), Accept ratio: 0.47546, 
INFO:root:Epoch   607, Energy: -1.06251e+02 (-1.06197e+02), Variance: 2.07948e+01 (3.35310e+01), Accept ratio: 0.47758, 
INFO:root:Epoch   608, Energy: -1.06350e+02 (-1.06277e+02), Variance: 2.16451e+01 (2.59329e+01), Accept ratio: 0.48270, 
INFO:root:Epoch   609, Energy: -1.06207e+02 (-1.06158e+02), Variance: 2.27967e+01 (2.69259e+01), Accept ratio: 0.48084, 
INFO:root:Epoch   610, Energy: -1.05991e+02 (-1.05855e+02), Variance: 2.73255e+01 (5.22499e+01), Accept ratio: 0.48040, 
INFO:root:Epoch   611, Energy: -1.06306e+02 (-1.06297e+02), Variance: 2.32194e+01 (3.70741e+01), Accept ratio: 0.47638, 
INFO:root:Epoch   612, Energy: -1.05960e+02 (-1.05734e+02), Variance: 2.32433e+01 (4.44043e+01), Accept ratio: 0.47854, 
INFO:root:Epoch   613, Energy: -1.06265e+02 (-1.06274e+02), Variance: 2.10049e+01 (3.03013e+01), Accept ratio: 0.48081, 
INFO:root:Epoch   614, Energy: -1.06275e+02 (-1.06081e+02), Variance: 2.29795e+01 (3.72043e+01), Accept ratio: 0.48069, 
INFO:root:Epoch   615, Energy: -1.06100e+02 (-1.05960e+02), Variance: 3.06413e+01 (6.37960e+01), Accept ratio: 0.47973, 
INFO:root:Epoch   616, Energy: -1.06018e+02 (-1.05915e+02), Variance: 2.39864e+01 (3.83085e+01), Accept ratio: 0.47561, 
INFO:root:Epoch   617, Energy: -1.06134e+02 (-1.05823e+02), Variance: 2.25271e+01 (7.35733e+01), Accept ratio: 0.47617, 
INFO:root:Epoch   618, Energy: -1.06343e+02 (-1.06331e+02), Variance: 2.43083e+01 (3.52333e+01), Accept ratio: 0.48047, 
INFO:root:Epoch   619, Energy: -1.06309e+02 (-1.06238e+02), Variance: 2.29393e+01 (3.09308e+01), Accept ratio: 0.48204, 
INFO:root:Epoch   620, Energy: -1.06326e+02 (-1.06187e+02), Variance: 2.65223e+01 (3.66299e+01), Accept ratio: 0.47763, 
INFO:root:Epoch   621, Energy: -1.06231e+02 (-1.06307e+02), Variance: 2.38934e+01 (4.56537e+01), Accept ratio: 0.48124, 
INFO:root:Epoch   622, Energy: -1.06370e+02 (-1.06276e+02), Variance: 2.25495e+01 (3.13353e+01), Accept ratio: 0.47545, 
INFO:root:Epoch   623, Energy: -1.06398e+02 (-1.06383e+02), Variance: 2.34001e+01 (3.35075e+01), Accept ratio: 0.47919, 
INFO:root:Epoch   624, Energy: -1.06549e+02 (-1.06530e+02), Variance: 2.13341e+01 (3.13929e+01), Accept ratio: 0.47599, 
INFO:root:Epoch   625, Energy: -1.06455e+02 (-1.06718e+02), Variance: 2.26275e+01 (1.09540e+02), Accept ratio: 0.47077, 
INFO:root:Epoch   626, Energy: -1.06415e+02 (-1.06331e+02), Variance: 2.38193e+01 (4.27735e+01), Accept ratio: 0.47679, 
INFO:root:Epoch   627, Energy: -1.06285e+02 (-1.06322e+02), Variance: 2.10130e+01 (2.84220e+01), Accept ratio: 0.47635, 
INFO:root:Epoch   628, Energy: -1.06411e+02 (-1.06351e+02), Variance: 1.94187e+01 (2.59802e+01), Accept ratio: 0.47020, 
INFO:root:Epoch   629, Energy: -1.06312e+02 (-1.06179e+02), Variance: 2.25313e+01 (3.28441e+01), Accept ratio: 0.47674, 
INFO:root:Epoch   630, Energy: -1.06372e+02 (-1.06222e+02), Variance: 2.24684e+01 (8.56978e+01), Accept ratio: 0.47362, 
INFO:root:Epoch   631, Energy: -1.06306e+02 (-1.06150e+02), Variance: 1.88796e+01 (2.77595e+01), Accept ratio: 0.47971, 
INFO:root:Epoch   632, Energy: -1.06430e+02 (-1.06252e+02), Variance: 2.09892e+01 (4.14407e+01), Accept ratio: 0.48792, 
INFO:root:Epoch   633, Energy: -1.06646e+02 (-1.06612e+02), Variance: 1.79964e+01 (2.80549e+01), Accept ratio: 0.47787, 
INFO:root:Epoch   634, Energy: -1.06347e+02 (-1.06309e+02), Variance: 2.12107e+01 (3.53940e+01), Accept ratio: 0.48003, 
INFO:root:Epoch   635, Energy: -1.06368e+02 (-1.06289e+02), Variance: 1.89471e+01 (2.88334e+01), Accept ratio: 0.47636, 
INFO:root:Epoch   636, Energy: -1.06363e+02 (-1.06267e+02), Variance: 1.99469e+01 (2.80966e+01), Accept ratio: 0.47879, 
INFO:root:Epoch   637, Energy: -1.06212e+02 (-1.05870e+02), Variance: 2.19508e+01 (5.60296e+01), Accept ratio: 0.47318, 
INFO:root:Epoch   638, Energy: -1.06447e+02 (-1.06415e+02), Variance: 1.77222e+01 (2.80414e+01), Accept ratio: 0.47238, 
INFO:root:Epoch   639, Energy: -1.06285e+02 (-1.06130e+02), Variance: 2.06818e+01 (3.75741e+01), Accept ratio: 0.47556, 
INFO:root:Epoch   640, Energy: -1.06430e+02 (-1.06354e+02), Variance: 1.99156e+01 (3.49685e+01), Accept ratio: 0.47973, 
INFO:root:Epoch   641, Energy: -1.06216e+02 (-1.06040e+02), Variance: 2.47363e+01 (3.78429e+01), Accept ratio: 0.47165, 
INFO:root:Epoch   642, Energy: -1.06316e+02 (-1.06295e+02), Variance: 2.21698e+01 (2.86210e+01), Accept ratio: 0.47889, 
INFO:root:Epoch   643, Energy: -1.06391e+02 (-1.06328e+02), Variance: 2.18592e+01 (3.55735e+01), Accept ratio: 0.47440, 
INFO:root:Epoch   644, Energy: -1.06366e+02 (-1.06322e+02), Variance: 1.97758e+01 (2.60655e+01), Accept ratio: 0.47777, 
INFO:root:Epoch   645, Energy: -1.06399e+02 (-1.06357e+02), Variance: 2.30743e+01 (3.44704e+01), Accept ratio: 0.46793, 
INFO:root:Epoch   646, Energy: -1.06501e+02 (-1.06653e+02), Variance: 2.13714e+01 (5.09134e+01), Accept ratio: 0.47882, 
INFO:root:Epoch   647, Energy: -1.06414e+02 (-1.06372e+02), Variance: 1.83075e+01 (2.23698e+01), Accept ratio: 0.48005, 
INFO:root:Epoch   648, Energy: -1.06333e+02 (-1.06268e+02), Variance: 1.93170e+01 (2.87122e+01), Accept ratio: 0.47531, 
INFO:root:Epoch   649, Energy: -1.06451e+02 (-1.06435e+02), Variance: 2.19441e+01 (3.80040e+01), Accept ratio: 0.47720, 
INFO:root:Epoch   650, Energy: -1.06376e+02 (-1.06301e+02), Variance: 1.99497e+01 (3.62123e+01), Accept ratio: 0.47929, 
INFO:root:Epoch   651, Energy: -1.06385e+02 (-1.06424e+02), Variance: 2.19163e+01 (3.41810e+01), Accept ratio: 0.47096, 
INFO:root:Epoch   652, Energy: -1.06396e+02 (-1.06283e+02), Variance: 1.94609e+01 (2.93856e+01), Accept ratio: 0.47683, 
INFO:root:Epoch   653, Energy: -1.06535e+02 (-1.06360e+02), Variance: 1.85471e+01 (3.91699e+01), Accept ratio: 0.48280, 
INFO:root:Epoch   654, Energy: -1.06602e+02 (-1.06447e+02), Variance: 2.10337e+01 (3.27881e+01), Accept ratio: 0.47709, 
INFO:root:Epoch   655, Energy: -1.06565e+02 (-1.06398e+02), Variance: 1.93678e+01 (3.32490e+01), Accept ratio: 0.47839, 
INFO:root:Epoch   656, Energy: -1.06650e+02 (-1.06520e+02), Variance: 2.21011e+01 (3.96687e+01), Accept ratio: 0.47313, 
INFO:root:Epoch   657, Energy: -1.06150e+02 (-1.05965e+02), Variance: 2.31256e+01 (4.49934e+01), Accept ratio: 0.47831, 
INFO:root:Epoch   658, Energy: -1.06512e+02 (-1.06407e+02), Variance: 2.09411e+01 (3.74363e+01), Accept ratio: 0.47150, 
INFO:root:Epoch   659, Energy: -1.06518e+02 (-1.06150e+02), Variance: 2.18259e+01 (1.30223e+02), Accept ratio: 0.47750, 
INFO:root:Epoch   660, Energy: -1.06464e+02 (-1.06323e+02), Variance: 1.97443e+01 (3.13700e+01), Accept ratio: 0.47259, 
INFO:root:Epoch   661, Energy: -1.06247e+02 (-1.06087e+02), Variance: 1.97951e+01 (3.19124e+01), Accept ratio: 0.47545, 
INFO:root:Epoch   662, Energy: -1.06280e+02 (-1.06215e+02), Variance: 1.90007e+01 (2.94594e+01), Accept ratio: 0.47755, 
INFO:root:Epoch   663, Energy: -1.06236e+02 (-1.06141e+02), Variance: 1.93052e+01 (2.40450e+01), Accept ratio: 0.47581, 
INFO:root:Epoch   664, Energy: -1.06578e+02 (-1.06641e+02), Variance: 1.91046e+01 (3.13940e+01), Accept ratio: 0.47408, 
INFO:root:Epoch   665, Energy: -1.06543e+02 (-1.06446e+02), Variance: 1.89972e+01 (2.90473e+01), Accept ratio: 0.47480, 
INFO:root:Epoch   666, Energy: -1.06596e+02 (-1.06538e+02), Variance: 2.00625e+01 (2.75590e+01), Accept ratio: 0.47901, 
INFO:root:Epoch   667, Energy: -1.06648e+02 (-1.06670e+02), Variance: 1.68599e+01 (2.25841e+01), Accept ratio: 0.47178, 
INFO:root:Epoch   668, Energy: -1.06642e+02 (-1.06547e+02), Variance: 1.90009e+01 (2.92663e+01), Accept ratio: 0.47794, 
INFO:root:Epoch   669, Energy: -1.06648e+02 (-1.06667e+02), Variance: 1.95994e+01 (3.45014e+01), Accept ratio: 0.47435, 
INFO:root:Epoch   670, Energy: -1.06608e+02 (-1.06511e+02), Variance: 1.95897e+01 (2.88110e+01), Accept ratio: 0.47530, 
INFO:root:Epoch   671, Energy: -1.06712e+02 (-1.06673e+02), Variance: 1.72104e+01 (2.26637e+01), Accept ratio: 0.47106, 
INFO:root:Epoch   672, Energy: -1.06839e+02 (-1.06689e+02), Variance: 1.58972e+01 (3.18167e+01), Accept ratio: 0.46862, 
INFO:root:Epoch   673, Energy: -1.06626e+02 (-1.06512e+02), Variance: 1.62587e+01 (2.25075e+01), Accept ratio: 0.47959, 
INFO:root:Epoch   674, Energy: -1.06703e+02 (-1.06684e+02), Variance: 1.46599e+01 (2.76679e+01), Accept ratio: 0.47278, 
INFO:root:Epoch   675, Energy: -1.06820e+02 (-1.06758e+02), Variance: 1.47546e+01 (2.04149e+01), Accept ratio: 0.47263, 
INFO:root:Epoch   676, Energy: -1.06869e+02 (-1.06771e+02), Variance: 1.29054e+01 (2.30510e+01), Accept ratio: 0.47616, 
INFO:root:Epoch   677, Energy: -1.06804e+02 (-1.06775e+02), Variance: 1.61011e+01 (2.97025e+01), Accept ratio: 0.47424, 
INFO:root:Epoch   678, Energy: -1.06449e+02 (-1.06320e+02), Variance: 1.55350e+01 (2.45394e+01), Accept ratio: 0.47696, 
INFO:root:Epoch   679, Energy: -1.06665e+02 (-1.06442e+02), Variance: 1.33310e+01 (2.92862e+01), Accept ratio: 0.47719, 
INFO:root:Epoch   680, Energy: -1.06767e+02 (-1.06575e+02), Variance: 1.80686e+01 (4.10095e+01), Accept ratio: 0.47840, 
INFO:root:Epoch   681, Energy: -1.06860e+02 (-1.06720e+02), Variance: 1.45051e+01 (3.25693e+01), Accept ratio: 0.47348, 
INFO:root:Epoch   682, Energy: -1.06889e+02 (-1.06873e+02), Variance: 1.43583e+01 (1.71280e+01), Accept ratio: 0.47570, 
INFO:root:Epoch   683, Energy: -1.06685e+02 (-1.06796e+02), Variance: 1.64658e+01 (3.92276e+01), Accept ratio: 0.48333, 
INFO:root:Epoch   684, Energy: -1.06757e+02 (-1.06655e+02), Variance: 1.25658e+01 (1.91129e+01), Accept ratio: 0.47984, 
INFO:root:Epoch   685, Energy: -1.06696e+02 (-1.06549e+02), Variance: 1.64897e+01 (3.35536e+01), Accept ratio: 0.47581, 
INFO:root:Epoch   686, Energy: -1.06726e+02 (-1.06620e+02), Variance: 1.38436e+01 (2.09834e+01), Accept ratio: 0.47518, 
INFO:root:Epoch   687, Energy: -1.06765e+02 (-1.06579e+02), Variance: 1.54788e+01 (4.18617e+01), Accept ratio: 0.47284, 
INFO:root:Epoch   688, Energy: -1.06563e+02 (-1.06467e+02), Variance: 1.56859e+01 (2.20969e+01), Accept ratio: 0.48299, 
INFO:root:Epoch   689, Energy: -1.06507e+02 (-1.06391e+02), Variance: 1.67974e+01 (2.77195e+01), Accept ratio: 0.47999, 
INFO:root:Epoch   690, Energy: -1.06658e+02 (-1.06664e+02), Variance: 1.60465e+01 (3.14878e+01), Accept ratio: 0.47354, 
INFO:root:Epoch   691, Energy: -1.06704e+02 (-1.06687e+02), Variance: 1.43854e+01 (1.86839e+01), Accept ratio: 0.47539, 
INFO:root:Epoch   692, Energy: -1.06740e+02 (-1.06701e+02), Variance: 1.27955e+01 (1.50934e+01), Accept ratio: 0.47116, 
INFO:root:Epoch   693, Energy: -1.06855e+02 (-1.06862e+02), Variance: 1.30543e+01 (1.53806e+01), Accept ratio: 0.46619, 
INFO:root:Epoch   694, Energy: -1.06943e+02 (-1.06874e+02), Variance: 1.54391e+01 (2.17395e+01), Accept ratio: 0.47611, 
INFO:root:Epoch   695, Energy: -1.06956e+02 (-1.06927e+02), Variance: 1.65811e+01 (2.31086e+01), Accept ratio: 0.47351, 
INFO:root:Epoch   696, Energy: -1.07044e+02 (-1.06953e+02), Variance: 1.35636e+01 (2.21308e+01), Accept ratio: 0.47482, 
INFO:root:Epoch   697, Energy: -1.06846e+02 (-1.06749e+02), Variance: 1.33915e+01 (2.09841e+01), Accept ratio: 0.48133, 
INFO:root:Epoch   698, Energy: -1.06783e+02 (-1.06707e+02), Variance: 1.54506e+01 (1.91734e+01), Accept ratio: 0.47373, 
INFO:root:Epoch   699, Energy: -1.06849e+02 (-1.06763e+02), Variance: 1.52551e+01 (2.33459e+01), Accept ratio: 0.47699, 
INFO:root:Epoch   700, Energy: -1.07114e+02 (-1.07274e+02), Variance: 1.56534e+01 (8.55466e+01), Accept ratio: 0.46700, , best weights saved
INFO:root:Epoch   701, Energy: -1.06851e+02 (-1.06763e+02), Variance: 1.42851e+01 (2.00057e+01), Accept ratio: 0.47128, 
INFO:root:Epoch   702, Energy: -1.06759e+02 (-1.06776e+02), Variance: 1.31389e+01 (2.43361e+01), Accept ratio: 0.47068, 
INFO:root:Epoch   703, Energy: -1.06902e+02 (-1.06839e+02), Variance: 1.26177e+01 (1.83869e+01), Accept ratio: 0.47731, 
INFO:root:Epoch   704, Energy: -1.06810e+02 (-1.06776e+02), Variance: 1.36081e+01 (2.45687e+01), Accept ratio: 0.47440, 
INFO:root:Epoch   705, Energy: -1.06980e+02 (-1.07003e+02), Variance: 1.29555e+01 (1.80412e+01), Accept ratio: 0.47809, 
INFO:root:Epoch   706, Energy: -1.07073e+02 (-1.07009e+02), Variance: 1.40008e+01 (3.01658e+01), Accept ratio: 0.47159, 
INFO:root:Epoch   707, Energy: -1.06950e+02 (-1.06256e+02), Variance: 1.54310e+01 (3.43891e+02), Accept ratio: 0.47607, 
INFO:root:Epoch   708, Energy: -1.06897e+02 (-1.06826e+02), Variance: 1.31391e+01 (2.05236e+01), Accept ratio: 0.47134, 
INFO:root:Epoch   709, Energy: -1.06685e+02 (-1.06715e+02), Variance: 1.41338e+01 (2.39742e+01), Accept ratio: 0.47528, 
INFO:root:Epoch   710, Energy: -1.06764e+02 (-1.06578e+02), Variance: 1.53748e+01 (2.88013e+01), Accept ratio: 0.47327, 
INFO:root:Epoch   711, Energy: -1.06804e+02 (-1.06628e+02), Variance: 1.60109e+01 (3.61363e+01), Accept ratio: 0.46931, 
INFO:root:Epoch   712, Energy: -1.06796e+02 (-1.06675e+02), Variance: 1.64246e+01 (4.70122e+01), Accept ratio: 0.47475, 
INFO:root:Epoch   713, Energy: -1.06797e+02 (-1.06787e+02), Variance: 1.66754e+01 (2.55506e+01), Accept ratio: 0.47456, 
INFO:root:Epoch   714, Energy: -1.06838e+02 (-1.06733e+02), Variance: 1.44273e+01 (2.46330e+01), Accept ratio: 0.47716, 
INFO:root:Epoch   715, Energy: -1.06754e+02 (-1.06651e+02), Variance: 1.41005e+01 (2.35464e+01), Accept ratio: 0.46975, 
INFO:root:Epoch   716, Energy: -1.06769e+02 (-1.06697e+02), Variance: 1.52221e+01 (2.34966e+01), Accept ratio: 0.46816, 
INFO:root:Epoch   717, Energy: -1.06872e+02 (-1.06858e+02), Variance: 1.25367e+01 (1.47667e+01), Accept ratio: 0.47563, 
INFO:root:Epoch   718, Energy: -1.06957e+02 (-1.06912e+02), Variance: 1.39949e+01 (1.85535e+01), Accept ratio: 0.47017, 
INFO:root:Epoch   719, Energy: -1.06865e+02 (-1.06772e+02), Variance: 1.38552e+01 (2.83797e+01), Accept ratio: 0.46648, 
INFO:root:Epoch   720, Energy: -1.07019e+02 (-1.06933e+02), Variance: 1.29844e+01 (1.98144e+01), Accept ratio: 0.47684, 
INFO:root:Epoch   721, Energy: -1.06975e+02 (-1.06944e+02), Variance: 1.43051e+01 (2.52149e+01), Accept ratio: 0.47167, 
INFO:root:Epoch   722, Energy: -1.06939e+02 (-1.06919e+02), Variance: 1.20188e+01 (1.47720e+01), Accept ratio: 0.47279, 
INFO:root:Epoch   723, Energy: -1.07018e+02 (-1.06946e+02), Variance: 1.54243e+01 (2.16670e+01), Accept ratio: 0.47372, 
INFO:root:Epoch   724, Energy: -1.07041e+02 (-1.07090e+02), Variance: 1.35366e+01 (2.68276e+01), Accept ratio: 0.47438, 
INFO:root:Epoch   725, Energy: -1.07112e+02 (-1.07055e+02), Variance: 1.24913e+01 (2.19995e+01), Accept ratio: 0.47646, 
INFO:root:Epoch   726, Energy: -1.06830e+02 (-1.06820e+02), Variance: 1.34621e+01 (1.77305e+01), Accept ratio: 0.47576, 
INFO:root:Epoch   727, Energy: -1.07095e+02 (-1.07084e+02), Variance: 1.25346e+01 (1.74726e+01), Accept ratio: 0.47619, 
INFO:root:Epoch   728, Energy: -1.06946e+02 (-1.07083e+02), Variance: 1.26548e+01 (4.84424e+01), Accept ratio: 0.47040, 
INFO:root:Epoch   729, Energy: -1.07144e+02 (-1.07135e+02), Variance: 1.27222e+01 (1.74833e+01), Accept ratio: 0.47615, 
INFO:root:Epoch   730, Energy: -1.07209e+02 (-1.07152e+02), Variance: 1.27048e+01 (1.78549e+01), Accept ratio: 0.47450, 
INFO:root:Epoch   731, Energy: -1.06861e+02 (-1.06800e+02), Variance: 1.30601e+01 (1.55690e+01), Accept ratio: 0.47724, 
INFO:root:Epoch   732, Energy: -1.07045e+02 (-1.06954e+02), Variance: 1.43881e+01 (2.43608e+01), Accept ratio: 0.47398, 
INFO:root:Epoch   733, Energy: -1.06974e+02 (-1.06882e+02), Variance: 1.33059e+01 (3.01265e+01), Accept ratio: 0.47435, 
INFO:root:Epoch   734, Energy: -1.07126e+02 (-1.06788e+02), Variance: 1.46632e+01 (1.36706e+02), Accept ratio: 0.48335, 
INFO:root:Epoch   735, Energy: -1.07017e+02 (-1.06887e+02), Variance: 1.36889e+01 (2.38801e+01), Accept ratio: 0.47114, 
INFO:root:Epoch   736, Energy: -1.07148e+02 (-1.07185e+02), Variance: 1.43318e+01 (2.95974e+01), Accept ratio: 0.47706, 
INFO:root:Epoch   737, Energy: -1.07195e+02 (-1.07120e+02), Variance: 1.42580e+01 (2.52709e+01), Accept ratio: 0.47434, 
INFO:root:Epoch   738, Energy: -1.07048e+02 (-1.07122e+02), Variance: 1.51224e+01 (5.23968e+01), Accept ratio: 0.47351, 
INFO:root:Epoch   739, Energy: -1.07002e+02 (-1.06790e+02), Variance: 1.35797e+01 (3.28542e+01), Accept ratio: 0.46915, 
INFO:root:Epoch   740, Energy: -1.07098e+02 (-1.07107e+02), Variance: 1.35953e+01 (2.68037e+01), Accept ratio: 0.47514, 
INFO:root:Epoch   741, Energy: -1.06962e+02 (-1.06927e+02), Variance: 1.39620e+01 (2.25545e+01), Accept ratio: 0.47457, 
INFO:root:Epoch   742, Energy: -1.06866e+02 (-1.06842e+02), Variance: 1.38015e+01 (2.36289e+01), Accept ratio: 0.47770, 
INFO:root:Epoch   743, Energy: -1.06955e+02 (-1.06804e+02), Variance: 1.36600e+01 (2.76167e+01), Accept ratio: 0.46987, 
INFO:root:Epoch   744, Energy: -1.06854e+02 (-1.06599e+02), Variance: 1.21841e+01 (4.89438e+01), Accept ratio: 0.47295, 
INFO:root:Epoch   745, Energy: -1.06946e+02 (-1.06695e+02), Variance: 1.61920e+01 (5.61938e+01), Accept ratio: 0.47619, 
INFO:root:Epoch   746, Energy: -1.07107e+02 (-1.07004e+02), Variance: 1.20387e+01 (3.37211e+01), Accept ratio: 0.47923, 
INFO:root:Epoch   747, Energy: -1.07151e+02 (-1.07427e+02), Variance: 1.18409e+01 (1.36716e+02), Accept ratio: 0.47674, 
INFO:root:Epoch   748, Energy: -1.07306e+02 (-1.07327e+02), Variance: 1.17514e+01 (1.89002e+01), Accept ratio: 0.47594, 
INFO:root:Epoch   749, Energy: -1.07075e+02 (-1.07017e+02), Variance: 1.17984e+01 (1.55688e+01), Accept ratio: 0.47749, 
INFO:root:Epoch   750, Energy: -1.07266e+02 (-1.07198e+02), Variance: 1.09759e+01 (1.39759e+01), Accept ratio: 0.47721, 
INFO:root:Epoch   751, Energy: -1.07331e+02 (-1.07347e+02), Variance: 1.16060e+01 (1.60714e+01), Accept ratio: 0.47374, 
INFO:root:Epoch   752, Energy: -1.07213e+02 (-1.07211e+02), Variance: 1.11515e+01 (1.70277e+01), Accept ratio: 0.46921, 
INFO:root:Epoch   753, Energy: -1.07084e+02 (-1.07083e+02), Variance: 1.13669e+01 (1.98947e+01), Accept ratio: 0.46827, 
INFO:root:Epoch   754, Energy: -1.07137e+02 (-1.07080e+02), Variance: 1.14165e+01 (1.86802e+01), Accept ratio: 0.47080, 
INFO:root:Epoch   755, Energy: -1.07203e+02 (-1.07250e+02), Variance: 1.13974e+01 (1.55671e+01), Accept ratio: 0.47613, 
INFO:root:Epoch   756, Energy: -1.07310e+02 (-1.07396e+02), Variance: 1.17714e+01 (2.27825e+01), Accept ratio: 0.47135, 
INFO:root:Epoch   757, Energy: -1.07119e+02 (-1.07012e+02), Variance: 1.17080e+01 (2.87590e+01), Accept ratio: 0.47146, 
INFO:root:Epoch   758, Energy: -1.07145e+02 (-1.07110e+02), Variance: 9.89923e+00 (1.19098e+01), Accept ratio: 0.47504, 
INFO:root:Epoch   759, Energy: -1.07153e+02 (-1.07116e+02), Variance: 9.93040e+00 (1.28628e+01), Accept ratio: 0.47323, 
INFO:root:Epoch   760, Energy: -1.07127e+02 (-1.07120e+02), Variance: 9.93031e+00 (1.24973e+01), Accept ratio: 0.47654, 
INFO:root:Epoch   761, Energy: -1.07091e+02 (-1.07066e+02), Variance: 1.09501e+01 (1.76203e+01), Accept ratio: 0.47642, 
INFO:root:Epoch   762, Energy: -1.07122e+02 (-1.07106e+02), Variance: 1.03140e+01 (1.41449e+01), Accept ratio: 0.47367, 
INFO:root:Epoch   763, Energy: -1.07071e+02 (-1.07203e+02), Variance: 1.05745e+01 (7.36458e+01), Accept ratio: 0.47650, 
INFO:root:Epoch   764, Energy: -1.07041e+02 (-1.07003e+02), Variance: 1.18168e+01 (1.60833e+01), Accept ratio: 0.47219, 
INFO:root:Epoch   765, Energy: -1.07011e+02 (-1.06912e+02), Variance: 1.08652e+01 (1.60413e+01), Accept ratio: 0.47927, 
INFO:root:Epoch   766, Energy: -1.07081e+02 (-1.06982e+02), Variance: 1.08890e+01 (1.79217e+01), Accept ratio: 0.47567, 
INFO:root:Epoch   767, Energy: -1.07137e+02 (-1.07056e+02), Variance: 9.04455e+00 (1.97428e+01), Accept ratio: 0.47321, 
INFO:root:Epoch   768, Energy: -1.06984e+02 (-1.06854e+02), Variance: 1.01338e+01 (1.64628e+01), Accept ratio: 0.47188, 
INFO:root:Epoch   769, Energy: -1.07157e+02 (-1.07108e+02), Variance: 9.94508e+00 (1.83207e+01), Accept ratio: 0.47068, 
INFO:root:Epoch   770, Energy: -1.07136e+02 (-1.07029e+02), Variance: 1.03295e+01 (3.45243e+01), Accept ratio: 0.47585, 
INFO:root:Epoch   771, Energy: -1.07313e+02 (-1.07102e+02), Variance: 9.67137e+00 (3.61983e+01), Accept ratio: 0.46656, 
INFO:root:Epoch   772, Energy: -1.07390e+02 (-1.07342e+02), Variance: 9.73025e+00 (1.62047e+01), Accept ratio: 0.47442, 
INFO:root:Epoch   773, Energy: -1.07311e+02 (-1.07232e+02), Variance: 9.06296e+00 (1.86485e+01), Accept ratio: 0.47532, 
INFO:root:Epoch   774, Energy: -1.07218e+02 (-1.07197e+02), Variance: 9.54463e+00 (1.77315e+01), Accept ratio: 0.48083, 
INFO:root:Epoch   775, Energy: -1.07364e+02 (-1.07349e+02), Variance: 1.00185e+01 (1.22251e+01), Accept ratio: 0.47098, 
INFO:root:Epoch   776, Energy: -1.07375e+02 (-1.07352e+02), Variance: 9.05395e+00 (1.30023e+01), Accept ratio: 0.47281, 
INFO:root:Epoch   777, Energy: -1.07307e+02 (-1.07232e+02), Variance: 1.01592e+01 (1.32366e+01), Accept ratio: 0.47686, 
INFO:root:Epoch   778, Energy: -1.07170e+02 (-1.07147e+02), Variance: 8.70654e+00 (1.19407e+01), Accept ratio: 0.47542, 
INFO:root:Epoch   779, Energy: -1.07366e+02 (-1.07346e+02), Variance: 9.59670e+00 (1.26788e+01), Accept ratio: 0.47345, 
INFO:root:Epoch   780, Energy: -1.07374e+02 (-1.07462e+02), Variance: 9.69448e+00 (1.75899e+01), Accept ratio: 0.46869, 
INFO:root:Epoch   781, Energy: -1.07352e+02 (-1.07122e+02), Variance: 9.03832e+00 (3.25038e+01), Accept ratio: 0.46972, 
INFO:root:Epoch   782, Energy: -1.07512e+02 (-1.07454e+02), Variance: 9.62201e+00 (1.48891e+01), Accept ratio: 0.47592, 
INFO:root:Epoch   783, Energy: -1.07383e+02 (-1.07434e+02), Variance: 9.79013e+00 (1.56078e+01), Accept ratio: 0.47540, 
INFO:root:Epoch   784, Energy: -1.07220e+02 (-1.07101e+02), Variance: 9.43278e+00 (1.60741e+01), Accept ratio: 0.48372, 
INFO:root:Epoch   785, Energy: -1.07357e+02 (-1.07288e+02), Variance: 9.64784e+00 (1.40628e+01), Accept ratio: 0.47362, 
INFO:root:Epoch   786, Energy: -1.07519e+02 (-1.07464e+02), Variance: 8.25531e+00 (1.08846e+01), Accept ratio: 0.47665, 
INFO:root:Epoch   787, Energy: -1.07527e+02 (-1.07610e+02), Variance: 8.62245e+00 (1.43510e+01), Accept ratio: 0.47525, 
INFO:root:Epoch   788, Energy: -1.07477e+02 (-1.07402e+02), Variance: 9.30086e+00 (2.19294e+01), Accept ratio: 0.47022, 
INFO:root:Epoch   789, Energy: -1.07332e+02 (-1.07340e+02), Variance: 9.20389e+00 (1.34121e+01), Accept ratio: 0.47383, 
INFO:root:Epoch   790, Energy: -1.07294e+02 (-1.07291e+02), Variance: 9.56567e+00 (1.76369e+01), Accept ratio: 0.47236, 
INFO:root:Epoch   791, Energy: -1.07329e+02 (-1.07276e+02), Variance: 9.64038e+00 (1.23725e+01), Accept ratio: 0.47216, 
INFO:root:Epoch   792, Energy: -1.07253e+02 (-1.07220e+02), Variance: 9.77483e+00 (1.45528e+01), Accept ratio: 0.48226, 
INFO:root:Epoch   793, Energy: -1.07334e+02 (-1.07113e+02), Variance: 8.86570e+00 (3.91840e+01), Accept ratio: 0.46941, 
INFO:root:Epoch   794, Energy: -1.07374e+02 (-1.07362e+02), Variance: 9.69840e+00 (1.13430e+01), Accept ratio: 0.48066, 
INFO:root:Epoch   795, Energy: -1.07397e+02 (-1.07369e+02), Variance: 8.30867e+00 (1.18300e+01), Accept ratio: 0.47074, 
INFO:root:Epoch   796, Energy: -1.07549e+02 (-1.07563e+02), Variance: 8.81672e+00 (1.75824e+01), Accept ratio: 0.47859, 
INFO:root:Epoch   797, Energy: -1.07501e+02 (-1.07519e+02), Variance: 9.28735e+00 (1.35173e+01), Accept ratio: 0.47655, 
INFO:root:Epoch   798, Energy: -1.07481e+02 (-1.07515e+02), Variance: 9.12808e+00 (1.74167e+01), Accept ratio: 0.47425, 
INFO:root:Epoch   799, Energy: -1.07454e+02 (-1.07378e+02), Variance: 9.88333e+00 (2.22626e+01), Accept ratio: 0.47660, 
INFO:root:Epoch   800, Energy: -1.07371e+02 (-1.07380e+02), Variance: 8.62570e+00 (1.27679e+01), Accept ratio: 0.47427, , best weights saved
INFO:root:Epoch   801, Energy: -1.07394e+02 (-1.07360e+02), Variance: 7.89499e+00 (1.14384e+01), Accept ratio: 0.47919, 
INFO:root:Epoch   802, Energy: -1.07312e+02 (-1.07270e+02), Variance: 9.19054e+00 (1.35022e+01), Accept ratio: 0.47324, 
INFO:root:Epoch   803, Energy: -1.07381e+02 (-1.07371e+02), Variance: 8.03961e+00 (8.82481e+00), Accept ratio: 0.47304, 
INFO:root:Epoch   804, Energy: -1.07482e+02 (-1.07473e+02), Variance: 8.90690e+00 (1.13455e+01), Accept ratio: 0.47497, 
INFO:root:Epoch   805, Energy: -1.07432e+02 (-1.07457e+02), Variance: 8.07673e+00 (1.41962e+01), Accept ratio: 0.48131, 
INFO:root:Epoch   806, Energy: -1.07451e+02 (-1.07323e+02), Variance: 8.77698e+00 (2.29264e+01), Accept ratio: 0.47609, 
INFO:root:Epoch   807, Energy: -1.07443e+02 (-1.07431e+02), Variance: 8.15230e+00 (9.43790e+00), Accept ratio: 0.47260, 
INFO:root:Epoch   808, Energy: -1.07351e+02 (-1.07376e+02), Variance: 7.39222e+00 (1.05586e+01), Accept ratio: 0.47673, 
INFO:root:Epoch   809, Energy: -1.07415e+02 (-1.07418e+02), Variance: 7.56757e+00 (9.60917e+00), Accept ratio: 0.47469, 
INFO:root:Epoch   810, Energy: -1.07441e+02 (-1.07463e+02), Variance: 7.97468e+00 (1.17191e+01), Accept ratio: 0.47523, 
INFO:root:Epoch   811, Energy: -1.07369e+02 (-1.07275e+02), Variance: 9.01954e+00 (1.50397e+01), Accept ratio: 0.47421, 
INFO:root:Epoch   812, Energy: -1.07421e+02 (-1.07392e+02), Variance: 7.88680e+00 (1.06903e+01), Accept ratio: 0.48133, 
INFO:root:Epoch   813, Energy: -1.07475e+02 (-1.07498e+02), Variance: 8.21742e+00 (1.08654e+01), Accept ratio: 0.47416, 
INFO:root:Epoch   814, Energy: -1.07327e+02 (-1.07311e+02), Variance: 8.52492e+00 (1.04093e+01), Accept ratio: 0.47723, 
INFO:root:Epoch   815, Energy: -1.07422e+02 (-1.07427e+02), Variance: 8.57099e+00 (1.26966e+01), Accept ratio: 0.47378, 
INFO:root:Epoch   816, Energy: -1.07473e+02 (-1.07449e+02), Variance: 8.03260e+00 (9.98633e+00), Accept ratio: 0.47575, 
INFO:root:Epoch   817, Energy: -1.07326e+02 (-1.07243e+02), Variance: 9.11975e+00 (1.26824e+01), Accept ratio: 0.47281, 
INFO:root:Epoch   818, Energy: -1.07396e+02 (-1.07352e+02), Variance: 9.41688e+00 (1.30678e+01), Accept ratio: 0.47488, 
INFO:root:Epoch   819, Energy: -1.07432e+02 (-1.07436e+02), Variance: 8.80783e+00 (1.58075e+01), Accept ratio: 0.47242, 
INFO:root:Epoch   820, Energy: -1.07350e+02 (-1.07332e+02), Variance: 8.80226e+00 (1.74269e+01), Accept ratio: 0.47420, 
INFO:root:Epoch   821, Energy: -1.07326e+02 (-1.07302e+02), Variance: 9.34733e+00 (2.41901e+01), Accept ratio: 0.47509, 
INFO:root:Epoch   822, Energy: -1.07341e+02 (-1.07267e+02), Variance: 9.05975e+00 (1.30761e+01), Accept ratio: 0.46730, 
INFO:root:Epoch   823, Energy: -1.07421e+02 (-1.07256e+02), Variance: 9.19942e+00 (2.64503e+01), Accept ratio: 0.47883, 
INFO:root:Epoch   824, Energy: -1.07523e+02 (-1.07544e+02), Variance: 8.41049e+00 (1.20588e+01), Accept ratio: 0.48384, 
INFO:root:Epoch   825, Energy: -1.07515e+02 (-1.07473e+02), Variance: 8.35284e+00 (1.13241e+01), Accept ratio: 0.47533, 
INFO:root:Epoch   826, Energy: -1.07504e+02 (-1.07527e+02), Variance: 7.05947e+00 (1.09635e+01), Accept ratio: 0.47292, 
INFO:root:Epoch   827, Energy: -1.07306e+02 (-1.07163e+02), Variance: 9.58957e+00 (2.70471e+01), Accept ratio: 0.47416, 
INFO:root:Epoch   828, Energy: -1.07475e+02 (-1.07433e+02), Variance: 8.44084e+00 (1.51072e+01), Accept ratio: 0.46473, 
INFO:root:Epoch   829, Energy: -1.07633e+02 (-1.07599e+02), Variance: 8.09605e+00 (1.21490e+01), Accept ratio: 0.47080, 
INFO:root:Epoch   830, Energy: -1.07507e+02 (-1.07512e+02), Variance: 7.86232e+00 (1.04015e+01), Accept ratio: 0.46847, 
INFO:root:Epoch   831, Energy: -1.07481e+02 (-1.07443e+02), Variance: 7.43988e+00 (9.99801e+00), Accept ratio: 0.46579, 
INFO:root:Epoch   832, Energy: -1.07502e+02 (-1.07420e+02), Variance: 7.44853e+00 (1.25650e+01), Accept ratio: 0.47807, 
INFO:root:Epoch   833, Energy: -1.07507e+02 (-1.07429e+02), Variance: 7.67327e+00 (1.12741e+01), Accept ratio: 0.47570, 
INFO:root:Epoch   834, Energy: -1.07570e+02 (-1.07580e+02), Variance: 7.65366e+00 (9.93861e+00), Accept ratio: 0.46944, 
INFO:root:Epoch   835, Energy: -1.07603e+02 (-1.07567e+02), Variance: 6.39933e+00 (8.73647e+00), Accept ratio: 0.47167, 
INFO:root:Epoch   836, Energy: -1.07612e+02 (-1.07649e+02), Variance: 6.97064e+00 (9.67556e+00), Accept ratio: 0.47928, 
INFO:root:Epoch   837, Energy: -1.07498e+02 (-1.07485e+02), Variance: 7.05895e+00 (7.80267e+00), Accept ratio: 0.47765, 
INFO:root:Epoch   838, Energy: -1.07470e+02 (-1.07466e+02), Variance: 7.11207e+00 (7.80487e+00), Accept ratio: 0.47570, 
INFO:root:Epoch   839, Energy: -1.07576e+02 (-1.07566e+02), Variance: 6.54891e+00 (8.95497e+00), Accept ratio: 0.48021, 
INFO:root:Epoch   840, Energy: -1.07615e+02 (-1.07630e+02), Variance: 8.04782e+00 (1.76154e+01), Accept ratio: 0.47366, 
INFO:root:Epoch   841, Energy: -1.07395e+02 (-1.07336e+02), Variance: 7.15679e+00 (9.35727e+00), Accept ratio: 0.46801, 
INFO:root:Epoch   842, Energy: -1.07482e+02 (-1.07562e+02), Variance: 7.66134e+00 (2.00454e+01), Accept ratio: 0.47053, 
INFO:root:Epoch   843, Energy: -1.07505e+02 (-1.07506e+02), Variance: 8.40083e+00 (1.28419e+01), Accept ratio: 0.47757, 
INFO:root:Epoch   844, Energy: -1.07529e+02 (-1.07573e+02), Variance: 7.44251e+00 (9.71451e+00), Accept ratio: 0.47884, 
INFO:root:Epoch   845, Energy: -1.07447e+02 (-1.07625e+02), Variance: 7.85959e+00 (2.34672e+01), Accept ratio: 0.47236, 
INFO:root:Epoch   846, Energy: -1.07475e+02 (-1.07444e+02), Variance: 6.87620e+00 (8.58711e+00), Accept ratio: 0.47300, 
INFO:root:Epoch   847, Energy: -1.07530e+02 (-1.07399e+02), Variance: 7.84842e+00 (2.10909e+01), Accept ratio: 0.46510, 
INFO:root:Epoch   848, Energy: -1.07417e+02 (-1.07419e+02), Variance: 6.85758e+00 (7.89491e+00), Accept ratio: 0.46970, 
INFO:root:Epoch   849, Energy: -1.07407e+02 (-1.07377e+02), Variance: 6.86358e+00 (9.73092e+00), Accept ratio: 0.47335, 
INFO:root:Epoch   850, Energy: -1.07646e+02 (-1.07596e+02), Variance: 7.39869e+00 (1.06323e+01), Accept ratio: 0.46717, 
INFO:root:Epoch   851, Energy: -1.07683e+02 (-1.07680e+02), Variance: 7.63663e+00 (1.41386e+01), Accept ratio: 0.47100, 
INFO:root:Epoch   852, Energy: -1.07575e+02 (-1.07567e+02), Variance: 7.79051e+00 (1.02694e+01), Accept ratio: 0.46573, 
INFO:root:Epoch   853, Energy: -1.07535e+02 (-1.07538e+02), Variance: 7.23629e+00 (9.83501e+00), Accept ratio: 0.46934, 
INFO:root:Epoch   854, Energy: -1.07651e+02 (-1.07623e+02), Variance: 7.20227e+00 (9.14344e+00), Accept ratio: 0.47426, 
INFO:root:Epoch   855, Energy: -1.07527e+02 (-1.07500e+02), Variance: 7.00162e+00 (9.95402e+00), Accept ratio: 0.47022, 
INFO:root:Epoch   856, Energy: -1.07618e+02 (-1.07612e+02), Variance: 6.07294e+00 (8.56072e+00), Accept ratio: 0.47272, 
INFO:root:Epoch   857, Energy: -1.07550e+02 (-1.07529e+02), Variance: 6.42075e+00 (8.22350e+00), Accept ratio: 0.47849, 
INFO:root:Epoch   858, Energy: -1.07657e+02 (-1.07566e+02), Variance: 6.22485e+00 (1.79789e+01), Accept ratio: 0.47776, 
INFO:root:Epoch   859, Energy: -1.07537e+02 (-1.07571e+02), Variance: 6.69457e+00 (1.36849e+01), Accept ratio: 0.47531, 
INFO:root:Epoch   860, Energy: -1.07691e+02 (-1.07760e+02), Variance: 6.79314e+00 (1.19265e+01), Accept ratio: 0.47163, 
INFO:root:Epoch   861, Energy: -1.07552e+02 (-1.07531e+02), Variance: 6.27111e+00 (7.02124e+00), Accept ratio: 0.47346, 
INFO:root:Epoch   862, Energy: -1.07641e+02 (-1.07628e+02), Variance: 7.24806e+00 (1.04599e+01), Accept ratio: 0.47338, 
INFO:root:Epoch   863, Energy: -1.07580e+02 (-1.07475e+02), Variance: 7.44497e+00 (4.97002e+01), Accept ratio: 0.46807, 
INFO:root:Epoch   864, Energy: -1.07587e+02 (-1.07563e+02), Variance: 6.37534e+00 (7.81681e+00), Accept ratio: 0.47850, 
INFO:root:Epoch   865, Energy: -1.07715e+02 (-1.07695e+02), Variance: 6.17028e+00 (7.12729e+00), Accept ratio: 0.47654, 
INFO:root:Epoch   866, Energy: -1.07759e+02 (-1.07805e+02), Variance: 5.79210e+00 (8.18377e+00), Accept ratio: 0.47506, 
INFO:root:Epoch   867, Energy: -1.07674e+02 (-1.07772e+02), Variance: 6.03959e+00 (1.39685e+01), Accept ratio: 0.47364, 
INFO:root:Epoch   868, Energy: -1.07673e+02 (-1.07764e+02), Variance: 6.75537e+00 (1.27190e+01), Accept ratio: 0.47324, 
INFO:root:Epoch   869, Energy: -1.07664e+02 (-1.07682e+02), Variance: 6.94926e+00 (9.03197e+00), Accept ratio: 0.47078, 
INFO:root:Epoch   870, Energy: -1.07674e+02 (-1.07676e+02), Variance: 6.42851e+00 (7.39140e+00), Accept ratio: 0.47299, 
INFO:root:Epoch   871, Energy: -1.07751e+02 (-1.07756e+02), Variance: 6.22608e+00 (8.86731e+00), Accept ratio: 0.47116, 
INFO:root:Epoch   872, Energy: -1.07776e+02 (-1.07775e+02), Variance: 5.72695e+00 (8.14127e+00), Accept ratio: 0.47123, 
INFO:root:Epoch   873, Energy: -1.07680e+02 (-1.07705e+02), Variance: 6.14319e+00 (8.41770e+00), Accept ratio: 0.48192, 
INFO:root:Epoch   874, Energy: -1.07717e+02 (-1.07852e+02), Variance: 6.02873e+00 (2.23454e+01), Accept ratio: 0.47153, 
INFO:root:Epoch   875, Energy: -1.07650e+02 (-1.07691e+02), Variance: 5.94306e+00 (1.00007e+01), Accept ratio: 0.47007, 
INFO:root:Epoch   876, Energy: -1.07726e+02 (-1.07817e+02), Variance: 6.47293e+00 (1.26864e+01), Accept ratio: 0.47213, 
INFO:root:Epoch   877, Energy: -1.07720e+02 (-1.07669e+02), Variance: 6.35620e+00 (1.01971e+01), Accept ratio: 0.47275, 
INFO:root:Epoch   878, Energy: -1.07710e+02 (-1.07701e+02), Variance: 6.82226e+00 (8.78976e+00), Accept ratio: 0.47343, 
INFO:root:Epoch   879, Energy: -1.07736e+02 (-1.07726e+02), Variance: 6.10476e+00 (7.18038e+00), Accept ratio: 0.47283, 
INFO:root:Epoch   880, Energy: -1.07757e+02 (-1.07806e+02), Variance: 5.84503e+00 (8.18950e+00), Accept ratio: 0.46856, 
INFO:root:Epoch   881, Energy: -1.07837e+02 (-1.07869e+02), Variance: 6.12348e+00 (8.86610e+00), Accept ratio: 0.47345, 
INFO:root:Epoch   882, Energy: -1.07850e+02 (-1.07826e+02), Variance: 6.44553e+00 (1.02711e+01), Accept ratio: 0.48229, 
INFO:root:Epoch   883, Energy: -1.07792e+02 (-1.07800e+02), Variance: 5.77789e+00 (7.47411e+00), Accept ratio: 0.47047, 
INFO:root:Epoch   884, Energy: -1.07724e+02 (-1.07708e+02), Variance: 5.03478e+00 (7.37777e+00), Accept ratio: 0.46319, 
INFO:root:Epoch   885, Energy: -1.07767e+02 (-1.07721e+02), Variance: 5.48540e+00 (8.21651e+00), Accept ratio: 0.47339, 
INFO:root:Epoch   886, Energy: -1.07815e+02 (-1.07838e+02), Variance: 5.73509e+00 (6.90204e+00), Accept ratio: 0.47116, 
INFO:root:Epoch   887, Energy: -1.07822e+02 (-1.07831e+02), Variance: 5.71910e+00 (6.32734e+00), Accept ratio: 0.47295, 
INFO:root:Epoch   888, Energy: -1.07732e+02 (-1.07709e+02), Variance: 5.95042e+00 (8.24444e+00), Accept ratio: 0.48053, 
INFO:root:Epoch   889, Energy: -1.07792e+02 (-1.07786e+02), Variance: 5.34236e+00 (6.10888e+00), Accept ratio: 0.46852, 
INFO:root:Epoch   890, Energy: -1.07827e+02 (-1.07800e+02), Variance: 5.29053e+00 (6.24443e+00), Accept ratio: 0.47803, 
INFO:root:Epoch   891, Energy: -1.07833e+02 (-1.07773e+02), Variance: 6.17421e+00 (1.06959e+01), Accept ratio: 0.47222, 
INFO:root:Epoch   892, Energy: -1.07710e+02 (-1.07676e+02), Variance: 5.71953e+00 (7.00702e+00), Accept ratio: 0.46816, 
INFO:root:Epoch   893, Energy: -1.07602e+02 (-1.07526e+02), Variance: 6.19152e+00 (8.93228e+00), Accept ratio: 0.46909, 
INFO:root:Epoch   894, Energy: -1.07758e+02 (-1.07738e+02), Variance: 6.15715e+00 (9.58786e+00), Accept ratio: 0.47402, 
INFO:root:Epoch   895, Energy: -1.07763e+02 (-1.07762e+02), Variance: 7.02313e+00 (9.27343e+00), Accept ratio: 0.46870, 
INFO:root:Epoch   896, Energy: -1.07808e+02 (-1.07757e+02), Variance: 7.48481e+00 (1.51897e+01), Accept ratio: 0.47149, 
INFO:root:Epoch   897, Energy: -1.07804e+02 (-1.07803e+02), Variance: 6.64119e+00 (9.15430e+00), Accept ratio: 0.47098, 
INFO:root:Epoch   898, Energy: -1.07631e+02 (-1.07584e+02), Variance: 7.14407e+00 (9.83785e+00), Accept ratio: 0.46960, 
INFO:root:Epoch   899, Energy: -1.07721e+02 (-1.07691e+02), Variance: 6.23080e+00 (7.88201e+00), Accept ratio: 0.46564, 
INFO:root:Epoch   900, Energy: -1.07794e+02 (-1.07781e+02), Variance: 6.17430e+00 (7.54359e+00), Accept ratio: 0.46531, , best weights saved
INFO:root:Epoch   901, Energy: -1.07680e+02 (-1.07632e+02), Variance: 6.29075e+00 (1.11243e+01), Accept ratio: 0.47388, 
INFO:root:Epoch   902, Energy: -1.07784e+02 (-1.07735e+02), Variance: 6.04052e+00 (8.46279e+00), Accept ratio: 0.46997, 
INFO:root:Epoch   903, Energy: -1.07901e+02 (-1.07864e+02), Variance: 5.72208e+00 (7.28292e+00), Accept ratio: 0.47370, 
INFO:root:Epoch   904, Energy: -1.07732e+02 (-1.07652e+02), Variance: 5.95686e+00 (9.92586e+00), Accept ratio: 0.47291, 
INFO:root:Epoch   905, Energy: -1.07777e+02 (-1.07796e+02), Variance: 6.01756e+00 (8.55136e+00), Accept ratio: 0.47458, 
INFO:root:Epoch   906, Energy: -1.07705e+02 (-1.07520e+02), Variance: 6.33822e+00 (3.89370e+01), Accept ratio: 0.46754, 
INFO:root:Epoch   907, Energy: -1.07781e+02 (-1.07769e+02), Variance: 6.12164e+00 (7.89648e+00), Accept ratio: 0.46617, 
INFO:root:Epoch   908, Energy: -1.07822e+02 (-1.07813e+02), Variance: 5.87933e+00 (6.64739e+00), Accept ratio: 0.47327, 
INFO:root:Epoch   909, Energy: -1.07802e+02 (-1.07794e+02), Variance: 5.95737e+00 (6.83226e+00), Accept ratio: 0.48151, 
INFO:root:Epoch   910, Energy: -1.07770e+02 (-1.07707e+02), Variance: 5.51579e+00 (8.59825e+00), Accept ratio: 0.47812, 
INFO:root:Epoch   911, Energy: -1.07853e+02 (-1.07852e+02), Variance: 5.92852e+00 (8.52200e+00), Accept ratio: 0.47906, 
INFO:root:Epoch   912, Energy: -1.07854e+02 (-1.07890e+02), Variance: 5.42643e+00 (6.64836e+00), Accept ratio: 0.47683, 
INFO:root:Epoch   913, Energy: -1.07778e+02 (-1.07752e+02), Variance: 5.97060e+00 (7.72434e+00), Accept ratio: 0.47252, 
INFO:root:Epoch   914, Energy: -1.07843e+02 (-1.07873e+02), Variance: 5.30101e+00 (7.06062e+00), Accept ratio: 0.46892, 
INFO:root:Epoch   915, Energy: -1.07813e+02 (-1.07784e+02), Variance: 5.47535e+00 (8.32456e+00), Accept ratio: 0.46671, 
INFO:root:Epoch   916, Energy: -1.07743e+02 (-1.07696e+02), Variance: 5.57185e+00 (8.49075e+00), Accept ratio: 0.47164, 
INFO:root:Epoch   917, Energy: -1.07858e+02 (-1.07771e+02), Variance: 5.31471e+00 (1.63622e+01), Accept ratio: 0.47405, 
INFO:root:Epoch   918, Energy: -1.07849e+02 (-1.07875e+02), Variance: 5.21361e+00 (7.52218e+00), Accept ratio: 0.47231, 
INFO:root:Epoch   919, Energy: -1.07953e+02 (-1.07976e+02), Variance: 4.89284e+00 (6.27375e+00), Accept ratio: 0.48030, 
INFO:root:Epoch   920, Energy: -1.07808e+02 (-1.07779e+02), Variance: 4.68151e+00 (5.63401e+00), Accept ratio: 0.47198, 
INFO:root:Epoch   921, Energy: -1.07858e+02 (-1.07829e+02), Variance: 4.71375e+00 (7.21317e+00), Accept ratio: 0.47156, 
INFO:root:Epoch   922, Energy: -1.07974e+02 (-1.07977e+02), Variance: 4.88397e+00 (5.91834e+00), Accept ratio: 0.47208, 
INFO:root:Epoch   923, Energy: -1.07900e+02 (-1.07898e+02), Variance: 4.81058e+00 (6.81397e+00), Accept ratio: 0.47638, 
INFO:root:Epoch   924, Energy: -1.07886e+02 (-1.07946e+02), Variance: 4.65628e+00 (1.22900e+01), Accept ratio: 0.47323, 
INFO:root:Epoch   925, Energy: -1.07876e+02 (-1.07876e+02), Variance: 4.75585e+00 (5.25796e+00), Accept ratio: 0.47105, 
INFO:root:Epoch   926, Energy: -1.07891e+02 (-1.07853e+02), Variance: 5.48600e+00 (9.22798e+00), Accept ratio: 0.47050, 
INFO:root:Epoch   927, Energy: -1.08007e+02 (-1.07927e+02), Variance: 5.59278e+00 (2.59150e+01), Accept ratio: 0.47236, 
INFO:root:Epoch   928, Energy: -1.07831e+02 (-1.07659e+02), Variance: 5.57366e+00 (1.81495e+01), Accept ratio: 0.46977, 
INFO:root:Epoch   929, Energy: -1.07903e+02 (-1.07891e+02), Variance: 5.23704e+00 (5.87640e+00), Accept ratio: 0.47761, 
INFO:root:Epoch   930, Energy: -1.07959e+02 (-1.07907e+02), Variance: 5.52013e+00 (9.22146e+00), Accept ratio: 0.46719, 
INFO:root:Epoch   931, Energy: -1.07901e+02 (-1.07920e+02), Variance: 5.44597e+00 (8.66562e+00), Accept ratio: 0.47028, 
INFO:root:Epoch   932, Energy: -1.07929e+02 (-1.07963e+02), Variance: 4.88138e+00 (6.64909e+00), Accept ratio: 0.47576, 
INFO:root:Epoch   933, Energy: -1.07925e+02 (-1.07923e+02), Variance: 4.84288e+00 (5.83559e+00), Accept ratio: 0.47695, 
INFO:root:Epoch   934, Energy: -1.07983e+02 (-1.08064e+02), Variance: 4.28995e+00 (9.38134e+00), Accept ratio: 0.46516, 
INFO:root:Epoch   935, Energy: -1.08002e+02 (-1.08035e+02), Variance: 4.82620e+00 (6.07791e+00), Accept ratio: 0.46647, 
INFO:root:Epoch   936, Energy: -1.07925e+02 (-1.07962e+02), Variance: 4.83901e+00 (8.54825e+00), Accept ratio: 0.47463, 
INFO:root:Epoch   937, Energy: -1.07944e+02 (-1.07944e+02), Variance: 4.58195e+00 (5.12192e+00), Accept ratio: 0.47787, 
INFO:root:Epoch   938, Energy: -1.07990e+02 (-1.07960e+02), Variance: 5.30387e+00 (7.05222e+00), Accept ratio: 0.47274, 
INFO:root:Epoch   939, Energy: -1.07912e+02 (-1.07875e+02), Variance: 4.98456e+00 (6.99470e+00), Accept ratio: 0.47595, 
INFO:root:Epoch   940, Energy: -1.07938e+02 (-1.07986e+02), Variance: 5.29198e+00 (7.98805e+00), Accept ratio: 0.47959, 
INFO:root:Epoch   941, Energy: -1.07870e+02 (-1.07760e+02), Variance: 5.17714e+00 (1.57909e+01), Accept ratio: 0.47896, 
INFO:root:Epoch   942, Energy: -1.07949e+02 (-1.07991e+02), Variance: 4.74319e+00 (7.59420e+00), Accept ratio: 0.47397, 
INFO:root:Epoch   943, Energy: -1.07827e+02 (-1.07831e+02), Variance: 5.09037e+00 (7.79821e+00), Accept ratio: 0.47229, 
INFO:root:Epoch   944, Energy: -1.07890e+02 (-1.07863e+02), Variance: 4.52222e+00 (6.68348e+00), Accept ratio: 0.47741, 
INFO:root:Epoch   945, Energy: -1.07971e+02 (-1.07854e+02), Variance: 5.22582e+00 (1.52521e+01), Accept ratio: 0.46896, 
INFO:root:Epoch   946, Energy: -1.07990e+02 (-1.08004e+02), Variance: 4.18510e+00 (4.88173e+00), Accept ratio: 0.46901, 
INFO:root:Epoch   947, Energy: -1.07972e+02 (-1.07984e+02), Variance: 4.57666e+00 (5.06971e+00), Accept ratio: 0.47592, 
INFO:root:Epoch   948, Energy: -1.07928e+02 (-1.07927e+02), Variance: 4.96990e+00 (6.22002e+00), Accept ratio: 0.47454, 
INFO:root:Epoch   949, Energy: -1.07989e+02 (-1.08001e+02), Variance: 4.39303e+00 (5.15141e+00), Accept ratio: 0.47778, 
INFO:root:Epoch   950, Energy: -1.07965e+02 (-1.07811e+02), Variance: 4.77194e+00 (3.20610e+01), Accept ratio: 0.47265, 
INFO:root:Epoch   951, Energy: -1.08003e+02 (-1.07983e+02), Variance: 4.80673e+00 (6.68454e+00), Accept ratio: 0.47330, 
INFO:root:Epoch   952, Energy: -1.08027e+02 (-1.08036e+02), Variance: 4.32377e+00 (7.07096e+00), Accept ratio: 0.46950, 
INFO:root:Epoch   953, Energy: -1.07994e+02 (-1.07996e+02), Variance: 4.51561e+00 (1.61924e+01), Accept ratio: 0.47584, 
INFO:root:Epoch   954, Energy: -1.07966e+02 (-1.08082e+02), Variance: 3.98062e+00 (1.86741e+01), Accept ratio: 0.47979, 
INFO:root:Epoch   955, Energy: -1.07952e+02 (-1.07955e+02), Variance: 4.07193e+00 (5.21350e+00), Accept ratio: 0.46428, 
INFO:root:Epoch   956, Energy: -1.07976e+02 (-1.07963e+02), Variance: 3.74750e+00 (4.25817e+00), Accept ratio: 0.47119, 
INFO:root:Epoch   957, Energy: -1.08041e+02 (-1.08046e+02), Variance: 4.04183e+00 (4.86799e+00), Accept ratio: 0.47611, 
INFO:root:Epoch   958, Energy: -1.08035e+02 (-1.08002e+02), Variance: 4.49556e+00 (5.71080e+00), Accept ratio: 0.47660, 
INFO:root:Epoch   959, Energy: -1.08076e+02 (-1.08045e+02), Variance: 4.56781e+00 (6.21425e+00), Accept ratio: 0.46837, 
INFO:root:Epoch   960, Energy: -1.08044e+02 (-1.07965e+02), Variance: 4.73797e+00 (1.02082e+01), Accept ratio: 0.47447, 
INFO:root:Epoch   961, Energy: -1.08206e+02 (-1.08214e+02), Variance: 4.77438e+00 (1.31159e+01), Accept ratio: 0.47326, 
INFO:root:Epoch   962, Energy: -1.08051e+02 (-1.08011e+02), Variance: 4.54696e+00 (6.06224e+00), Accept ratio: 0.46503, 
INFO:root:Epoch   963, Energy: -1.08119e+02 (-1.08057e+02), Variance: 4.67220e+00 (8.64902e+00), Accept ratio: 0.47015, 
INFO:root:Epoch   964, Energy: -1.08033e+02 (-1.08014e+02), Variance: 4.84141e+00 (6.75939e+00), Accept ratio: 0.46625, 
INFO:root:Epoch   965, Energy: -1.08081e+02 (-1.08253e+02), Variance: 3.96019e+00 (3.79144e+01), Accept ratio: 0.47469, 
INFO:root:Epoch   966, Energy: -1.08111e+02 (-1.08140e+02), Variance: 4.14377e+00 (1.00675e+01), Accept ratio: 0.47088, 
INFO:root:Epoch   967, Energy: -1.08116e+02 (-1.08109e+02), Variance: 4.39855e+00 (6.01330e+00), Accept ratio: 0.47548, 
INFO:root:Epoch   968, Energy: -1.08189e+02 (-1.08172e+02), Variance: 4.51133e+00 (7.18745e+00), Accept ratio: 0.46961, 
INFO:root:Epoch   969, Energy: -1.08069e+02 (-1.08038e+02), Variance: 4.93830e+00 (7.04434e+00), Accept ratio: 0.47744, 
INFO:root:Epoch   970, Energy: -1.08119e+02 (-1.08202e+02), Variance: 4.82705e+00 (7.94710e+00), Accept ratio: 0.46973, 
INFO:root:Epoch   971, Energy: -1.08124e+02 (-1.08204e+02), Variance: 5.16061e+00 (1.00953e+01), Accept ratio: 0.47214, 
INFO:root:Epoch   972, Energy: -1.08032e+02 (-1.07973e+02), Variance: 4.82785e+00 (1.16448e+01), Accept ratio: 0.47194, 
INFO:root:Epoch   973, Energy: -1.07994e+02 (-1.07994e+02), Variance: 4.30899e+00 (5.29780e+00), Accept ratio: 0.47349, 
INFO:root:Epoch   974, Energy: -1.07999e+02 (-1.07951e+02), Variance: 4.15791e+00 (6.40638e+00), Accept ratio: 0.46632, 
INFO:root:Epoch   975, Energy: -1.08033e+02 (-1.07928e+02), Variance: 4.13484e+00 (1.71477e+01), Accept ratio: 0.47113, 
INFO:root:Epoch   976, Energy: -1.08001e+02 (-1.08023e+02), Variance: 4.24647e+00 (5.02395e+00), Accept ratio: 0.47375, 
INFO:root:Epoch   977, Energy: -1.08061e+02 (-1.08086e+02), Variance: 3.99918e+00 (4.63450e+00), Accept ratio: 0.47133, 
INFO:root:Epoch   978, Energy: -1.08015e+02 (-1.07967e+02), Variance: 3.99844e+00 (8.14671e+00), Accept ratio: 0.46777, 
INFO:root:Epoch   979, Energy: -1.08018e+02 (-1.08017e+02), Variance: 4.01758e+00 (6.54039e+00), Accept ratio: 0.47097, 
INFO:root:Epoch   980, Energy: -1.07950e+02 (-1.07945e+02), Variance: 4.77139e+00 (6.38639e+00), Accept ratio: 0.46502, 
INFO:root:Epoch   981, Energy: -1.08032e+02 (-1.08049e+02), Variance: 4.18040e+00 (5.11620e+00), Accept ratio: 0.47001, 
INFO:root:Epoch   982, Energy: -1.08103e+02 (-1.08094e+02), Variance: 3.82092e+00 (6.26120e+00), Accept ratio: 0.46772, 
INFO:root:Epoch   983, Energy: -1.08011e+02 (-1.07969e+02), Variance: 4.17637e+00 (6.44246e+00), Accept ratio: 0.47237, 
INFO:root:Epoch   984, Energy: -1.08044e+02 (-1.08032e+02), Variance: 4.02306e+00 (5.58753e+00), Accept ratio: 0.47575, 
INFO:root:Epoch   985, Energy: -1.08018e+02 (-1.08082e+02), Variance: 4.10591e+00 (1.38546e+01), Accept ratio: 0.47362, 
INFO:root:Epoch   986, Energy: -1.07935e+02 (-1.07923e+02), Variance: 3.98918e+00 (4.49189e+00), Accept ratio: 0.47634, 
INFO:root:Epoch   987, Energy: -1.08004e+02 (-1.07981e+02), Variance: 4.06161e+00 (6.81796e+00), Accept ratio: 0.48044, 
INFO:root:Epoch   988, Energy: -1.07931e+02 (-1.08058e+02), Variance: 4.29572e+00 (3.78103e+01), Accept ratio: 0.46827, 
INFO:root:Epoch   989, Energy: -1.08035e+02 (-1.08035e+02), Variance: 4.09921e+00 (5.24735e+00), Accept ratio: 0.47301, 
INFO:root:Epoch   990, Energy: -1.08055e+02 (-1.07947e+02), Variance: 4.77689e+00 (2.47455e+01), Accept ratio: 0.46877, 
INFO:root:Epoch   991, Energy: -1.08173e+02 (-1.08122e+02), Variance: 5.04124e+00 (8.95675e+00), Accept ratio: 0.47452, 
INFO:root:Epoch   992, Energy: -1.08067e+02 (-1.08053e+02), Variance: 4.83487e+00 (6.92491e+00), Accept ratio: 0.47554, 
INFO:root:Epoch   993, Energy: -1.08155e+02 (-1.08109e+02), Variance: 4.66631e+00 (9.87646e+00), Accept ratio: 0.46948, 
INFO:root:Epoch   994, Energy: -1.08107e+02 (-1.08095e+02), Variance: 4.70768e+00 (5.45213e+00), Accept ratio: 0.47295, 
INFO:root:Epoch   995, Energy: -1.08187e+02 (-1.08201e+02), Variance: 4.44780e+00 (5.68948e+00), Accept ratio: 0.46159, 
INFO:root:Epoch   996, Energy: -1.08127e+02 (-1.08200e+02), Variance: 4.16447e+00 (8.13137e+00), Accept ratio: 0.47422, 
INFO:root:Epoch   997, Energy: -1.08005e+02 (-1.07995e+02), Variance: 4.26030e+00 (6.38482e+00), Accept ratio: 0.47211, 
INFO:root:Epoch   998, Energy: -1.08007e+02 (-1.07944e+02), Variance: 4.28850e+00 (8.55146e+00), Accept ratio: 0.47023, 
INFO:root:Epoch   999, Energy: -1.08089e+02 (-1.08129e+02), Variance: 4.11212e+00 (8.48988e+00), Accept ratio: 0.47381, 
INFO:root:Epoch  1000, Energy: -1.07980e+02 (-1.08062e+02), Variance: 4.37332e+00 (9.42760e+00), Accept ratio: 0.46789, , best weights saved
INFO:root:Epoch  1001, Energy: -1.08087e+02 (-1.08093e+02), Variance: 3.64400e+00 (3.89897e+00), Accept ratio: 0.46856, 
INFO:root:Epoch  1002, Energy: -1.08025e+02 (-1.08026e+02), Variance: 4.13340e+00 (4.52431e+00), Accept ratio: 0.47177, 
INFO:root:Epoch  1003, Energy: -1.08061e+02 (-1.08053e+02), Variance: 4.22887e+00 (4.69712e+00), Accept ratio: 0.47055, 
INFO:root:Epoch  1004, Energy: -1.08053e+02 (-1.07971e+02), Variance: 4.25809e+00 (7.70640e+00), Accept ratio: 0.46635, 
INFO:root:Epoch  1005, Energy: -1.07909e+02 (-1.07872e+02), Variance: 4.28494e+00 (5.85987e+00), Accept ratio: 0.47156, 
INFO:root:Epoch  1006, Energy: -1.07978e+02 (-1.07971e+02), Variance: 4.20807e+00 (5.57652e+00), Accept ratio: 0.47536, 
INFO:root:Epoch  1007, Energy: -1.08066e+02 (-1.08078e+02), Variance: 4.37795e+00 (7.16877e+00), Accept ratio: 0.47203, 
INFO:root:Epoch  1008, Energy: -1.08010e+02 (-1.08033e+02), Variance: 5.01611e+00 (9.36089e+00), Accept ratio: 0.46708, 
INFO:root:Epoch  1009, Energy: -1.08042e+02 (-1.08041e+02), Variance: 4.05922e+00 (4.99696e+00), Accept ratio: 0.47002, 
INFO:root:Epoch  1010, Energy: -1.08108e+02 (-1.08095e+02), Variance: 4.22404e+00 (5.42536e+00), Accept ratio: 0.47267, 
INFO:root:Epoch  1011, Energy: -1.08120e+02 (-1.08123e+02), Variance: 4.77278e+00 (6.58089e+00), Accept ratio: 0.47423, 
INFO:root:Epoch  1012, Energy: -1.08050e+02 (-1.08041e+02), Variance: 4.10820e+00 (1.24048e+01), Accept ratio: 0.47143, 
INFO:root:Epoch  1013, Energy: -1.08081e+02 (-1.08062e+02), Variance: 3.86173e+00 (8.89321e+00), Accept ratio: 0.47022, 
INFO:root:Epoch  1014, Energy: -1.08118e+02 (-1.08096e+02), Variance: 3.46463e+00 (4.86885e+00), Accept ratio: 0.47754, 
INFO:root:Epoch  1015, Energy: -1.08156e+02 (-1.08125e+02), Variance: 3.99600e+00 (1.02241e+01), Accept ratio: 0.47132, 
INFO:root:Epoch  1016, Energy: -1.08170e+02 (-1.08251e+02), Variance: 4.23259e+00 (8.87660e+00), Accept ratio: 0.47462, 
INFO:root:Epoch  1017, Energy: -1.08143e+02 (-1.08138e+02), Variance: 4.17152e+00 (4.49259e+00), Accept ratio: 0.47497, 
INFO:root:Epoch  1018, Energy: -1.08235e+02 (-1.08252e+02), Variance: 4.29062e+00 (6.00643e+00), Accept ratio: 0.47361, 
INFO:root:Epoch  1019, Energy: -1.08254e+02 (-1.07963e+02), Variance: 4.85941e+00 (1.00450e+02), Accept ratio: 0.46922, 
INFO:root:Epoch  1020, Energy: -1.08087e+02 (-1.08080e+02), Variance: 3.91466e+00 (4.71379e+00), Accept ratio: 0.46878, 
INFO:root:Epoch  1021, Energy: -1.08152e+02 (-1.08168e+02), Variance: 3.85080e+00 (4.42704e+00), Accept ratio: 0.47343, 
INFO:root:Epoch  1022, Energy: -1.08096e+02 (-1.08073e+02), Variance: 4.24790e+00 (5.18255e+00), Accept ratio: 0.47865, 
INFO:root:Epoch  1023, Energy: -1.08160e+02 (-1.08105e+02), Variance: 3.65133e+00 (6.09459e+00), Accept ratio: 0.47128, 
INFO:root:Epoch  1024, Energy: -1.08149e+02 (-1.08140e+02), Variance: 3.41794e+00 (4.87683e+00), Accept ratio: 0.47024, 
INFO:root:Epoch  1025, Energy: -1.08084e+02 (-1.08063e+02), Variance: 3.93792e+00 (5.52555e+00), Accept ratio: 0.47133, 
INFO:root:Epoch  1026, Energy: -1.08150e+02 (-1.08185e+02), Variance: 3.68164e+00 (4.76793e+00), Accept ratio: 0.47251, 
INFO:root:Epoch  1027, Energy: -1.08159e+02 (-1.08173e+02), Variance: 3.65571e+00 (4.06350e+00), Accept ratio: 0.47627, 
INFO:root:Epoch  1028, Energy: -1.08237e+02 (-1.08217e+02), Variance: 3.80016e+00 (8.51190e+00), Accept ratio: 0.47389, 
INFO:root:Epoch  1029, Energy: -1.08179e+02 (-1.08168e+02), Variance: 3.67673e+00 (4.10861e+00), Accept ratio: 0.46852, 
INFO:root:Epoch  1030, Energy: -1.08171e+02 (-1.08135e+02), Variance: 3.54287e+00 (4.86718e+00), Accept ratio: 0.47426, 
INFO:root:Epoch  1031, Energy: -1.08148e+02 (-1.08176e+02), Variance: 4.31450e+00 (7.81213e+00), Accept ratio: 0.46519, 
INFO:root:Epoch  1032, Energy: -1.08210e+02 (-1.08211e+02), Variance: 3.77064e+00 (5.38667e+00), Accept ratio: 0.46860, 
INFO:root:Epoch  1033, Energy: -1.08114e+02 (-1.08092e+02), Variance: 3.92967e+00 (4.69808e+00), Accept ratio: 0.46609, 
INFO:root:Epoch  1034, Energy: -1.08157e+02 (-1.08113e+02), Variance: 3.67992e+00 (5.85275e+00), Accept ratio: 0.47677, 
INFO:root:Epoch  1035, Energy: -1.08088e+02 (-1.07991e+02), Variance: 4.41255e+00 (1.38648e+01), Accept ratio: 0.47348, 
INFO:root:Epoch  1036, Energy: -1.08130e+02 (-1.08129e+02), Variance: 3.58243e+00 (4.75236e+00), Accept ratio: 0.46836, 
INFO:root:Epoch  1037, Energy: -1.08186e+02 (-1.08154e+02), Variance: 3.59046e+00 (5.45697e+00), Accept ratio: 0.47112, 
INFO:root:Epoch  1038, Energy: -1.08220e+02 (-1.08195e+02), Variance: 3.78961e+00 (4.54352e+00), Accept ratio: 0.47388, 
INFO:root:Epoch  1039, Energy: -1.08153e+02 (-1.08136e+02), Variance: 3.38800e+00 (3.93060e+00), Accept ratio: 0.47702, 
INFO:root:Epoch  1040, Energy: -1.08126e+02 (-1.08110e+02), Variance: 3.12227e+00 (3.42452e+00), Accept ratio: 0.47876, 
INFO:root:Epoch  1041, Energy: -1.08185e+02 (-1.08176e+02), Variance: 3.51623e+00 (4.61238e+00), Accept ratio: 0.47582, 
INFO:root:Epoch  1042, Energy: -1.08210e+02 (-1.08207e+02), Variance: 3.37919e+00 (3.74804e+00), Accept ratio: 0.47303, 
INFO:root:Epoch  1043, Energy: -1.08215e+02 (-1.08161e+02), Variance: 3.35510e+00 (5.36698e+00), Accept ratio: 0.48373, 
INFO:root:Epoch  1044, Energy: -1.08213e+02 (-1.08238e+02), Variance: 3.81597e+00 (5.25040e+00), Accept ratio: 0.47033, 
INFO:root:Epoch  1045, Energy: -1.08133e+02 (-1.08138e+02), Variance: 3.71444e+00 (7.06167e+00), Accept ratio: 0.47821, 
INFO:root:Epoch  1046, Energy: -1.08063e+02 (-1.07986e+02), Variance: 3.57427e+00 (6.07873e+00), Accept ratio: 0.47642, 
INFO:root:Epoch  1047, Energy: -1.08093e+02 (-1.08083e+02), Variance: 3.77001e+00 (5.71809e+00), Accept ratio: 0.47465, 
INFO:root:Epoch  1048, Energy: -1.08180e+02 (-1.08146e+02), Variance: 3.72605e+00 (6.76064e+00), Accept ratio: 0.47415, 
INFO:root:Epoch  1049, Energy: -1.08128e+02 (-1.08146e+02), Variance: 3.23056e+00 (3.94607e+00), Accept ratio: 0.47081, 
INFO:root:Epoch  1050, Energy: -1.08259e+02 (-1.08314e+02), Variance: 4.00326e+00 (6.68177e+00), Accept ratio: 0.47338, 
INFO:root:Epoch  1051, Energy: -1.08172e+02 (-1.08185e+02), Variance: 3.94409e+00 (6.18232e+00), Accept ratio: 0.47258, 
INFO:root:Epoch  1052, Energy: -1.08168e+02 (-1.08251e+02), Variance: 3.76625e+00 (1.42343e+01), Accept ratio: 0.46906, 
INFO:root:Epoch  1053, Energy: -1.08208e+02 (-1.08210e+02), Variance: 3.54437e+00 (4.51533e+00), Accept ratio: 0.47294, 
INFO:root:Epoch  1054, Energy: -1.08199e+02 (-1.08241e+02), Variance: 3.27696e+00 (5.67487e+00), Accept ratio: 0.47198, 
INFO:root:Epoch  1055, Energy: -1.08249e+02 (-1.08274e+02), Variance: 3.58942e+00 (5.99105e+00), Accept ratio: 0.46343, 
INFO:root:Epoch  1056, Energy: -1.08238e+02 (-1.08266e+02), Variance: 3.30542e+00 (5.75208e+00), Accept ratio: 0.46631, 
INFO:root:Epoch  1057, Energy: -1.08218e+02 (-1.08215e+02), Variance: 3.16765e+00 (5.05165e+00), Accept ratio: 0.47413, 
INFO:root:Epoch  1058, Energy: -1.08278e+02 (-1.08285e+02), Variance: 3.08643e+00 (3.63947e+00), Accept ratio: 0.47782, 
INFO:root:Epoch  1059, Energy: -1.08253e+02 (-1.08259e+02), Variance: 3.53056e+00 (4.49724e+00), Accept ratio: 0.46781, 
INFO:root:Epoch  1060, Energy: -1.08318e+02 (-1.08319e+02), Variance: 3.43858e+00 (4.28578e+00), Accept ratio: 0.47110, 
INFO:root:Epoch  1061, Energy: -1.08252e+02 (-1.08236e+02), Variance: 3.19173e+00 (3.99843e+00), Accept ratio: 0.47123, 
INFO:root:Epoch  1062, Energy: -1.08208e+02 (-1.08191e+02), Variance: 3.82126e+00 (6.11416e+00), Accept ratio: 0.46987, 
INFO:root:Epoch  1063, Energy: -1.08340e+02 (-1.08342e+02), Variance: 3.63477e+00 (4.76058e+00), Accept ratio: 0.47164, 
INFO:root:Epoch  1064, Energy: -1.08287e+02 (-1.08279e+02), Variance: 3.39603e+00 (4.63665e+00), Accept ratio: 0.47525, 
INFO:root:Epoch  1065, Energy: -1.08195e+02 (-1.08162e+02), Variance: 3.22510e+00 (4.95439e+00), Accept ratio: 0.47195, 
INFO:root:Epoch  1066, Energy: -1.08267e+02 (-1.08222e+02), Variance: 3.17616e+00 (7.21891e+00), Accept ratio: 0.47012, 
INFO:root:Epoch  1067, Energy: -1.08192e+02 (-1.08186e+02), Variance: 3.16551e+00 (4.52574e+00), Accept ratio: 0.46756, 
INFO:root:Epoch  1068, Energy: -1.08266e+02 (-1.08239e+02), Variance: 2.92054e+00 (3.83939e+00), Accept ratio: 0.47359, 
INFO:root:Epoch  1069, Energy: -1.08346e+02 (-1.08339e+02), Variance: 3.09121e+00 (4.56508e+00), Accept ratio: 0.47112, 
INFO:root:Epoch  1070, Energy: -1.08305e+02 (-1.08205e+02), Variance: 2.90827e+00 (2.20696e+01), Accept ratio: 0.46819, 
INFO:root:Epoch  1071, Energy: -1.08321e+02 (-1.08318e+02), Variance: 3.08434e+00 (3.90918e+00), Accept ratio: 0.46853, 
INFO:root:Epoch  1072, Energy: -1.08264e+02 (-1.08316e+02), Variance: 3.44121e+00 (6.63540e+00), Accept ratio: 0.46639, 
INFO:root:Epoch  1073, Energy: -1.08302e+02 (-1.08271e+02), Variance: 3.23883e+00 (4.51608e+00), Accept ratio: 0.47530, 
INFO:root:Epoch  1074, Energy: -1.08272e+02 (-1.08282e+02), Variance: 3.31983e+00 (6.51285e+00), Accept ratio: 0.47571, 
INFO:root:Epoch  1075, Energy: -1.08289e+02 (-1.08310e+02), Variance: 3.48698e+00 (5.30201e+00), Accept ratio: 0.47562, 
INFO:root:Epoch  1076, Energy: -1.08279e+02 (-1.08259e+02), Variance: 2.99354e+00 (3.37298e+00), Accept ratio: 0.46963, 
INFO:root:Epoch  1077, Energy: -1.08247e+02 (-1.08247e+02), Variance: 3.09288e+00 (3.25911e+00), Accept ratio: 0.46332, 
INFO:root:Epoch  1078, Energy: -1.08257e+02 (-1.08239e+02), Variance: 3.07242e+00 (3.55272e+00), Accept ratio: 0.47091, 
INFO:root:Epoch  1079, Energy: -1.08284e+02 (-1.08266e+02), Variance: 3.57585e+00 (4.69216e+00), Accept ratio: 0.47059, 
INFO:root:Epoch  1080, Energy: -1.08335e+02 (-1.08330e+02), Variance: 3.57159e+00 (4.71858e+00), Accept ratio: 0.46956, 
INFO:root:Epoch  1081, Energy: -1.08195e+02 (-1.08121e+02), Variance: 3.74857e+00 (1.13311e+01), Accept ratio: 0.46615, 
INFO:root:Epoch  1082, Energy: -1.08289e+02 (-1.08317e+02), Variance: 3.47929e+00 (4.81692e+00), Accept ratio: 0.47342, 
INFO:root:Epoch  1083, Energy: -1.08293e+02 (-1.08284e+02), Variance: 3.33544e+00 (3.76303e+00), Accept ratio: 0.46961, 
INFO:root:Epoch  1084, Energy: -1.08412e+02 (-1.08412e+02), Variance: 3.24519e+00 (3.59763e+00), Accept ratio: 0.47145, 
INFO:root:Epoch  1085, Energy: -1.08342e+02 (-1.08389e+02), Variance: 2.93612e+00 (5.02671e+00), Accept ratio: 0.47263, 
INFO:root:Epoch  1086, Energy: -1.08342e+02 (-1.08347e+02), Variance: 2.81938e+00 (3.20343e+00), Accept ratio: 0.46800, 
INFO:root:Epoch  1087, Energy: -1.08340e+02 (-1.08332e+02), Variance: 2.98258e+00 (3.61278e+00), Accept ratio: 0.47370, 
INFO:root:Epoch  1088, Energy: -1.08348e+02 (-1.08351e+02), Variance: 3.00386e+00 (3.34419e+00), Accept ratio: 0.46802, 
INFO:root:Epoch  1089, Energy: -1.08335e+02 (-1.08348e+02), Variance: 3.06529e+00 (3.82709e+00), Accept ratio: 0.46836, 
INFO:root:Epoch  1090, Energy: -1.08233e+02 (-1.08178e+02), Variance: 3.21582e+00 (5.36560e+00), Accept ratio: 0.46958, 
INFO:root:Epoch  1091, Energy: -1.08298e+02 (-1.08344e+02), Variance: 3.41371e+00 (1.08704e+01), Accept ratio: 0.47716, 
INFO:root:Epoch  1092, Energy: -1.08274e+02 (-1.08296e+02), Variance: 2.67370e+00 (4.69141e+00), Accept ratio: 0.47098, 
INFO:root:Epoch  1093, Energy: -1.08230e+02 (-1.08224e+02), Variance: 3.01877e+00 (3.16448e+00), Accept ratio: 0.47554, 
INFO:root:Epoch  1094, Energy: -1.08276e+02 (-1.08241e+02), Variance: 3.00202e+00 (4.65333e+00), Accept ratio: 0.47175, 
INFO:root:Epoch  1095, Energy: -1.08246e+02 (-1.08183e+02), Variance: 3.15737e+00 (5.63913e+00), Accept ratio: 0.47557, 
INFO:root:Epoch  1096, Energy: -1.08257e+02 (-1.08253e+02), Variance: 2.83620e+00 (3.20549e+00), Accept ratio: 0.47834, 
INFO:root:Epoch  1097, Energy: -1.08267e+02 (-1.08270e+02), Variance: 2.95999e+00 (3.74363e+00), Accept ratio: 0.47586, 
INFO:root:Epoch  1098, Energy: -1.08289e+02 (-1.08326e+02), Variance: 3.17080e+00 (5.90017e+00), Accept ratio: 0.47554, 
INFO:root:Epoch  1099, Energy: -1.08243e+02 (-1.08236e+02), Variance: 2.99445e+00 (3.79372e+00), Accept ratio: 0.46706, 
INFO:root:Epoch  1100, Energy: -1.08278e+02 (-1.08302e+02), Variance: 2.90142e+00 (4.64792e+00), Accept ratio: 0.47155, , best weights saved
INFO:root:Epoch  1101, Energy: -1.08274e+02 (-1.08243e+02), Variance: 3.09047e+00 (3.92291e+00), Accept ratio: 0.47123, 
INFO:root:Epoch  1102, Energy: -1.08303e+02 (-1.08306e+02), Variance: 2.84452e+00 (3.27537e+00), Accept ratio: 0.48318, 
INFO:root:Epoch  1103, Energy: -1.08339e+02 (-1.08302e+02), Variance: 3.11923e+00 (3.95688e+00), Accept ratio: 0.47057, 
INFO:root:Epoch  1104, Energy: -1.08253e+02 (-1.08249e+02), Variance: 3.00383e+00 (3.75372e+00), Accept ratio: 0.46698, 
INFO:root:Epoch  1105, Energy: -1.08248e+02 (-1.08209e+02), Variance: 3.04269e+00 (4.39506e+00), Accept ratio: 0.47455, 
INFO:root:Epoch  1106, Energy: -1.08304e+02 (-1.08297e+02), Variance: 2.61466e+00 (3.19692e+00), Accept ratio: 0.46972, 
INFO:root:Epoch  1107, Energy: -1.08316e+02 (-1.08327e+02), Variance: 2.83402e+00 (3.37216e+00), Accept ratio: 0.47383, 
INFO:root:Epoch  1108, Energy: -1.08336e+02 (-1.08320e+02), Variance: 2.71507e+00 (4.30124e+00), Accept ratio: 0.47924, 
INFO:root:Epoch  1109, Energy: -1.08350e+02 (-1.08316e+02), Variance: 3.14813e+00 (5.34818e+00), Accept ratio: 0.46795, 
INFO:root:Epoch  1110, Energy: -1.08318e+02 (-1.08321e+02), Variance: 3.11748e+00 (4.42132e+00), Accept ratio: 0.47010, 
INFO:root:Epoch  1111, Energy: -1.08286e+02 (-1.08247e+02), Variance: 3.25576e+00 (5.11735e+00), Accept ratio: 0.47382, 
INFO:root:Epoch  1112, Energy: -1.08333e+02 (-1.08388e+02), Variance: 3.16769e+00 (7.87414e+00), Accept ratio: 0.46546, 
INFO:root:Epoch  1113, Energy: -1.08311e+02 (-1.08325e+02), Variance: 2.89109e+00 (3.56111e+00), Accept ratio: 0.46867, 
INFO:root:Epoch  1114, Energy: -1.08338e+02 (-1.08355e+02), Variance: 3.03599e+00 (4.19748e+00), Accept ratio: 0.47830, 
INFO:root:Epoch  1115, Energy: -1.08255e+02 (-1.08218e+02), Variance: 2.96205e+00 (4.41096e+00), Accept ratio: 0.47164, 
INFO:root:Epoch  1116, Energy: -1.08309e+02 (-1.08323e+02), Variance: 3.07140e+00 (5.12753e+00), Accept ratio: 0.47145, 
INFO:root:Epoch  1117, Energy: -1.08315e+02 (-1.08320e+02), Variance: 2.68585e+00 (2.96184e+00), Accept ratio: 0.46985, 
INFO:root:Epoch  1118, Energy: -1.08350e+02 (-1.08353e+02), Variance: 2.77158e+00 (3.08082e+00), Accept ratio: 0.47618, 
INFO:root:Epoch  1119, Energy: -1.08288e+02 (-1.08272e+02), Variance: 2.58024e+00 (2.89570e+00), Accept ratio: 0.46764, 
INFO:root:Epoch  1120, Energy: -1.08325e+02 (-1.08323e+02), Variance: 2.72433e+00 (4.50432e+00), Accept ratio: 0.47123, 
INFO:root:Epoch  1121, Energy: -1.08377e+02 (-1.08393e+02), Variance: 2.58037e+00 (3.28403e+00), Accept ratio: 0.47089, 
INFO:root:Epoch  1122, Energy: -1.08336e+02 (-1.08359e+02), Variance: 2.92424e+00 (4.08827e+00), Accept ratio: 0.46728, 
INFO:root:Epoch  1123, Energy: -1.08341e+02 (-1.08361e+02), Variance: 2.64322e+00 (4.67047e+00), Accept ratio: 0.46407, 
INFO:root:Epoch  1124, Energy: -1.08361e+02 (-1.08385e+02), Variance: 2.83887e+00 (3.70070e+00), Accept ratio: 0.47480, 
INFO:root:Epoch  1125, Energy: -1.08361e+02 (-1.08364e+02), Variance: 2.98378e+00 (3.52218e+00), Accept ratio: 0.46998, 
INFO:root:Epoch  1126, Energy: -1.08411e+02 (-1.08434e+02), Variance: 3.09835e+00 (4.71000e+00), Accept ratio: 0.47136, 
INFO:root:Epoch  1127, Energy: -1.08373e+02 (-1.08362e+02), Variance: 3.22757e+00 (4.03382e+00), Accept ratio: 0.47236, 
INFO:root:Epoch  1128, Energy: -1.08339e+02 (-1.08304e+02), Variance: 2.91413e+00 (4.06199e+00), Accept ratio: 0.47352, 
INFO:root:Epoch  1129, Energy: -1.08270e+02 (-1.08259e+02), Variance: 3.01965e+00 (4.12361e+00), Accept ratio: 0.47327, 
INFO:root:Epoch  1130, Energy: -1.08388e+02 (-1.08370e+02), Variance: 2.84434e+00 (4.22486e+00), Accept ratio: 0.47290, 
INFO:root:Epoch  1131, Energy: -1.08368e+02 (-1.08359e+02), Variance: 3.09577e+00 (3.69388e+00), Accept ratio: 0.47578, 
INFO:root:Epoch  1132, Energy: -1.08341e+02 (-1.08336e+02), Variance: 3.01466e+00 (3.74735e+00), Accept ratio: 0.47049, 
INFO:root:Epoch  1133, Energy: -1.08383e+02 (-1.08381e+02), Variance: 2.59653e+00 (2.81135e+00), Accept ratio: 0.47214, 
INFO:root:Epoch  1134, Energy: -1.08323e+02 (-1.08306e+02), Variance: 2.93265e+00 (4.67258e+00), Accept ratio: 0.46998, 
INFO:root:Epoch  1135, Energy: -1.08355e+02 (-1.08376e+02), Variance: 3.15184e+00 (4.23353e+00), Accept ratio: 0.46903, 
INFO:root:Epoch  1136, Energy: -1.08380e+02 (-1.08412e+02), Variance: 3.10784e+00 (5.19695e+00), Accept ratio: 0.47311, 
INFO:root:Epoch  1137, Energy: -1.08374e+02 (-1.08342e+02), Variance: 3.07097e+00 (4.22082e+00), Accept ratio: 0.47001, 
INFO:root:Epoch  1138, Energy: -1.08303e+02 (-1.08237e+02), Variance: 3.09457e+00 (6.60550e+00), Accept ratio: 0.47294, 
INFO:root:Epoch  1139, Energy: -1.08372e+02 (-1.08355e+02), Variance: 3.12673e+00 (4.11294e+00), Accept ratio: 0.46716, 
INFO:root:Epoch  1140, Energy: -1.08363e+02 (-1.08346e+02), Variance: 3.06997e+00 (4.41906e+00), Accept ratio: 0.47607, 
INFO:root:Epoch  1141, Energy: -1.08338e+02 (-1.08338e+02), Variance: 2.88096e+00 (3.92650e+00), Accept ratio: 0.46773, 
INFO:root:Epoch  1142, Energy: -1.08388e+02 (-1.08369e+02), Variance: 3.40362e+00 (4.45907e+00), Accept ratio: 0.46397, 
INFO:root:Epoch  1143, Energy: -1.08435e+02 (-1.08445e+02), Variance: 3.04159e+00 (3.99150e+00), Accept ratio: 0.46887, 
INFO:root:Epoch  1144, Energy: -1.08369e+02 (-1.08430e+02), Variance: 2.96922e+00 (7.23524e+00), Accept ratio: 0.47639, 
INFO:root:Epoch  1145, Energy: -1.08347e+02 (-1.08361e+02), Variance: 3.03464e+00 (4.62088e+00), Accept ratio: 0.47445, 
INFO:root:Epoch  1146, Energy: -1.08372e+02 (-1.08372e+02), Variance: 2.77956e+00 (3.99530e+00), Accept ratio: 0.46838, 
INFO:root:Epoch  1147, Energy: -1.08473e+02 (-1.08491e+02), Variance: 3.35323e+00 (3.84859e+00), Accept ratio: 0.46989, 
INFO:root:Epoch  1148, Energy: -1.08412e+02 (-1.08412e+02), Variance: 2.66640e+00 (3.63000e+00), Accept ratio: 0.46742, 
INFO:root:Epoch  1149, Energy: -1.08325e+02 (-1.08314e+02), Variance: 3.03969e+00 (4.11964e+00), Accept ratio: 0.47097, 
INFO:root:Epoch  1150, Energy: -1.08307e+02 (-1.08019e+02), Variance: 3.64506e+00 (5.54096e+01), Accept ratio: 0.47706, 
INFO:root:Epoch  1151, Energy: -1.08297e+02 (-1.08257e+02), Variance: 3.20597e+00 (6.48828e+00), Accept ratio: 0.47221, 
INFO:root:Epoch  1152, Energy: -1.08218e+02 (-1.08157e+02), Variance: 3.23097e+00 (8.64532e+00), Accept ratio: 0.47589, 
INFO:root:Epoch  1153, Energy: -1.08290e+02 (-1.08234e+02), Variance: 3.03384e+00 (7.98604e+00), Accept ratio: 0.47656, 
INFO:root:Epoch  1154, Energy: -1.08291e+02 (-1.08263e+02), Variance: 3.05302e+00 (4.51746e+00), Accept ratio: 0.47060, 
INFO:root:Epoch  1155, Energy: -1.08315e+02 (-1.08347e+02), Variance: 2.85495e+00 (4.98441e+00), Accept ratio: 0.47504, 
INFO:root:Epoch  1156, Energy: -1.08355e+02 (-1.08240e+02), Variance: 3.09765e+00 (1.02701e+01), Accept ratio: 0.47027, 
INFO:root:Epoch  1157, Energy: -1.08343e+02 (-1.08292e+02), Variance: 3.21405e+00 (4.42743e+00), Accept ratio: 0.46668, 
INFO:root:Epoch  1158, Energy: -1.08392e+02 (-1.08390e+02), Variance: 3.04585e+00 (4.37491e+00), Accept ratio: 0.46920, 
INFO:root:Epoch  1159, Energy: -1.08440e+02 (-1.08405e+02), Variance: 2.89861e+00 (4.72891e+00), Accept ratio: 0.47343, 
INFO:root:Epoch  1160, Energy: -1.08450e+02 (-1.08474e+02), Variance: 2.91863e+00 (4.46309e+00), Accept ratio: 0.47135, 
INFO:root:Epoch  1161, Energy: -1.08508e+02 (-1.08577e+02), Variance: 2.81425e+00 (1.33358e+01), Accept ratio: 0.47064, 
INFO:root:Epoch  1162, Energy: -1.08384e+02 (-1.08434e+02), Variance: 3.20486e+00 (1.57266e+01), Accept ratio: 0.48003, 
INFO:root:Epoch  1163, Energy: -1.08344e+02 (-1.08344e+02), Variance: 2.87851e+00 (3.11290e+00), Accept ratio: 0.46940, 
INFO:root:Epoch  1164, Energy: -1.08412e+02 (-1.08443e+02), Variance: 2.79078e+00 (5.77182e+00), Accept ratio: 0.46937, 
INFO:root:Epoch  1165, Energy: -1.08383e+02 (-1.08389e+02), Variance: 2.67559e+00 (3.61254e+00), Accept ratio: 0.47400, 
INFO:root:Epoch  1166, Energy: -1.08398e+02 (-1.08335e+02), Variance: 3.00024e+00 (5.26199e+00), Accept ratio: 0.46458, 
INFO:root:Epoch  1167, Energy: -1.08418e+02 (-1.08408e+02), Variance: 3.16532e+00 (3.99452e+00), Accept ratio: 0.46620, 
INFO:root:Epoch  1168, Energy: -1.08388e+02 (-1.08365e+02), Variance: 3.27180e+00 (5.73675e+00), Accept ratio: 0.46896, 
INFO:root:Epoch  1169, Energy: -1.08406e+02 (-1.08409e+02), Variance: 2.77885e+00 (3.12072e+00), Accept ratio: 0.47151, 
INFO:root:Epoch  1170, Energy: -1.08400e+02 (-1.08378e+02), Variance: 2.88043e+00 (3.93339e+00), Accept ratio: 0.47443, 
INFO:root:Epoch  1171, Energy: -1.08407e+02 (-1.08392e+02), Variance: 2.78878e+00 (3.74616e+00), Accept ratio: 0.47463, 
INFO:root:Epoch  1172, Energy: -1.08490e+02 (-1.08458e+02), Variance: 2.85659e+00 (4.05555e+00), Accept ratio: 0.46717, 
INFO:root:Epoch  1173, Energy: -1.08484e+02 (-1.08476e+02), Variance: 3.07203e+00 (3.87642e+00), Accept ratio: 0.46815, 
INFO:root:Epoch  1174, Energy: -1.08454e+02 (-1.08454e+02), Variance: 3.12653e+00 (4.53669e+00), Accept ratio: 0.47333, 
INFO:root:Epoch  1175, Energy: -1.08478e+02 (-1.08474e+02), Variance: 2.82366e+00 (3.77517e+00), Accept ratio: 0.46267, 
INFO:root:Epoch  1176, Energy: -1.08364e+02 (-1.08350e+02), Variance: 3.09686e+00 (4.66489e+00), Accept ratio: 0.46891, 
INFO:root:Epoch  1177, Energy: -1.08373e+02 (-1.08380e+02), Variance: 3.09488e+00 (4.99388e+00), Accept ratio: 0.46793, 
INFO:root:Epoch  1178, Energy: -1.08441e+02 (-1.08406e+02), Variance: 2.93268e+00 (4.14471e+00), Accept ratio: 0.47399, 
INFO:root:Epoch  1179, Energy: -1.08411e+02 (-1.08395e+02), Variance: 3.11558e+00 (5.06946e+00), Accept ratio: 0.47065, 
INFO:root:Epoch  1180, Energy: -1.08455e+02 (-1.08495e+02), Variance: 2.81328e+00 (5.50588e+00), Accept ratio: 0.46190, 
INFO:root:Epoch  1181, Energy: -1.08429e+02 (-1.08402e+02), Variance: 2.71774e+00 (3.37073e+00), Accept ratio: 0.47799, 
INFO:root:Epoch  1182, Energy: -1.08412e+02 (-1.08418e+02), Variance: 2.82864e+00 (3.84348e+00), Accept ratio: 0.47805, 
INFO:root:Epoch  1183, Energy: -1.08431e+02 (-1.08421e+02), Variance: 2.55361e+00 (2.91882e+00), Accept ratio: 0.47796, 
INFO:root:Epoch  1184, Energy: -1.08440e+02 (-1.08455e+02), Variance: 2.73147e+00 (3.76689e+00), Accept ratio: 0.47588, 
INFO:root:Epoch  1185, Energy: -1.08422e+02 (-1.08635e+02), Variance: 2.84696e+00 (2.93645e+01), Accept ratio: 0.46917, 
INFO:root:Epoch  1186, Energy: -1.08375e+02 (-1.08386e+02), Variance: 3.10735e+00 (4.30480e+00), Accept ratio: 0.47247, 
INFO:root:Epoch  1187, Energy: -1.08409e+02 (-1.08373e+02), Variance: 3.18779e+00 (4.12046e+00), Accept ratio: 0.47254, 
INFO:root:Epoch  1188, Energy: -1.08447e+02 (-1.08456e+02), Variance: 2.86677e+00 (3.23685e+00), Accept ratio: 0.47173, 
INFO:root:Epoch  1189, Energy: -1.08481e+02 (-1.08491e+02), Variance: 2.85913e+00 (4.41677e+00), Accept ratio: 0.46679, 
INFO:root:Epoch  1190, Energy: -1.08442e+02 (-1.08448e+02), Variance: 2.70360e+00 (3.14167e+00), Accept ratio: 0.46859, 
INFO:root:Epoch  1191, Energy: -1.08474e+02 (-1.08465e+02), Variance: 3.19960e+00 (3.80711e+00), Accept ratio: 0.47059, 
INFO:root:Epoch  1192, Energy: -1.08383e+02 (-1.08349e+02), Variance: 2.80873e+00 (3.74362e+00), Accept ratio: 0.47393, 
INFO:root:Epoch  1193, Energy: -1.08423e+02 (-1.08428e+02), Variance: 2.74772e+00 (5.54982e+00), Accept ratio: 0.46883, 
INFO:root:Epoch  1194, Energy: -1.08453e+02 (-1.08424e+02), Variance: 2.75521e+00 (3.51469e+00), Accept ratio: 0.47124, 
INFO:root:Epoch  1195, Energy: -1.08480e+02 (-1.08476e+02), Variance: 2.45782e+00 (2.84378e+00), Accept ratio: 0.47121, 
INFO:root:Epoch  1196, Energy: -1.08510e+02 (-1.08538e+02), Variance: 2.52197e+00 (4.09731e+00), Accept ratio: 0.46759, 
INFO:root:Epoch  1197, Energy: -1.08426e+02 (-1.08421e+02), Variance: 2.84629e+00 (5.57687e+00), Accept ratio: 0.47359, 
INFO:root:Epoch  1198, Energy: -1.08502e+02 (-1.08495e+02), Variance: 2.64108e+00 (2.81155e+00), Accept ratio: 0.47545, 
INFO:root:Epoch  1199, Energy: -1.08531e+02 (-1.08545e+02), Variance: 2.45723e+00 (2.73199e+00), Accept ratio: 0.47624, 
INFO:root:Epoch  1200, Energy: -1.08532e+02 (-1.08558e+02), Variance: 2.73964e+00 (3.57737e+00), Accept ratio: 0.46941, , best weights saved
INFO:root:Epoch  1201, Energy: -1.08539e+02 (-1.08527e+02), Variance: 2.62817e+00 (3.35053e+00), Accept ratio: 0.47214, 
INFO:root:Epoch  1202, Energy: -1.08590e+02 (-1.08598e+02), Variance: 2.45837e+00 (3.34794e+00), Accept ratio: 0.47654, 
INFO:root:Epoch  1203, Energy: -1.08527e+02 (-1.08449e+02), Variance: 2.66563e+00 (9.42270e+00), Accept ratio: 0.47326, 
INFO:root:Epoch  1204, Energy: -1.08566e+02 (-1.08592e+02), Variance: 2.71385e+00 (3.53484e+00), Accept ratio: 0.47234, 
INFO:root:Epoch  1205, Energy: -1.08490e+02 (-1.08542e+02), Variance: 2.95816e+00 (5.41080e+00), Accept ratio: 0.47013, 
INFO:root:Epoch  1206, Energy: -1.08513e+02 (-1.08496e+02), Variance: 2.90070e+00 (3.50326e+00), Accept ratio: 0.47058, 
INFO:root:Epoch  1207, Energy: -1.08558e+02 (-1.08579e+02), Variance: 2.89363e+00 (7.96968e+00), Accept ratio: 0.47517, 
INFO:root:Epoch  1208, Energy: -1.08521e+02 (-1.08555e+02), Variance: 2.54029e+00 (5.18687e+00), Accept ratio: 0.46935, 
INFO:root:Epoch  1209, Energy: -1.08480e+02 (-1.08518e+02), Variance: 2.83394e+00 (6.05099e+00), Accept ratio: 0.47481, 
INFO:root:Epoch  1210, Energy: -1.08495e+02 (-1.08479e+02), Variance: 2.97771e+00 (5.36665e+00), Accept ratio: 0.47560, 
INFO:root:Epoch  1211, Energy: -1.08541e+02 (-1.08532e+02), Variance: 2.43470e+00 (2.83793e+00), Accept ratio: 0.47634, 
INFO:root:Epoch  1212, Energy: -1.08461e+02 (-1.08413e+02), Variance: 2.77520e+00 (5.13389e+00), Accept ratio: 0.47589, 
INFO:root:Epoch  1213, Energy: -1.08538e+02 (-1.08526e+02), Variance: 2.71372e+00 (3.83869e+00), Accept ratio: 0.46748, 
INFO:root:Epoch  1214, Energy: -1.08506e+02 (-1.08466e+02), Variance: 2.72728e+00 (4.90625e+00), Accept ratio: 0.46939, 
INFO:root:Epoch  1215, Energy: -1.08486e+02 (-1.08442e+02), Variance: 2.31320e+00 (3.69258e+00), Accept ratio: 0.46850, 
INFO:root:Epoch  1216, Energy: -1.08505e+02 (-1.08465e+02), Variance: 2.54738e+00 (1.00047e+01), Accept ratio: 0.47258, 
INFO:root:Epoch  1217, Energy: -1.08591e+02 (-1.08600e+02), Variance: 2.52104e+00 (3.05133e+00), Accept ratio: 0.47106, 
INFO:root:Epoch  1218, Energy: -1.08596e+02 (-1.08585e+02), Variance: 2.68422e+00 (3.19025e+00), Accept ratio: 0.47536, 
INFO:root:Epoch  1219, Energy: -1.08536e+02 (-1.08541e+02), Variance: 2.50531e+00 (2.66628e+00), Accept ratio: 0.46826, 
INFO:root:Epoch  1220, Energy: -1.08488e+02 (-1.08480e+02), Variance: 2.25994e+00 (2.52284e+00), Accept ratio: 0.47111, 
INFO:root:Epoch  1221, Energy: -1.08472e+02 (-1.08444e+02), Variance: 2.17319e+00 (2.68178e+00), Accept ratio: 0.47744, 
INFO:root:Epoch  1222, Energy: -1.08512e+02 (-1.08517e+02), Variance: 2.24592e+00 (2.84486e+00), Accept ratio: 0.46495, 
INFO:root:Epoch  1223, Energy: -1.08496e+02 (-1.08511e+02), Variance: 2.72208e+00 (4.10728e+00), Accept ratio: 0.47184, 
INFO:root:Epoch  1224, Energy: -1.08561e+02 (-1.08571e+02), Variance: 2.39061e+00 (2.87600e+00), Accept ratio: 0.47460, 
INFO:root:Epoch  1225, Energy: -1.08532e+02 (-1.08532e+02), Variance: 2.40277e+00 (2.67688e+00), Accept ratio: 0.46422, 
INFO:root:Epoch  1226, Energy: -1.08518e+02 (-1.08520e+02), Variance: 2.51783e+00 (3.39988e+00), Accept ratio: 0.46579, 
INFO:root:Epoch  1227, Energy: -1.08588e+02 (-1.08610e+02), Variance: 2.22800e+00 (2.88346e+00), Accept ratio: 0.47219, 
INFO:root:Epoch  1228, Energy: -1.08619e+02 (-1.08614e+02), Variance: 2.37473e+00 (3.14221e+00), Accept ratio: 0.48212, 
INFO:root:Epoch  1229, Energy: -1.08550e+02 (-1.08539e+02), Variance: 2.50886e+00 (4.98089e+00), Accept ratio: 0.47401, 
INFO:root:Epoch  1230, Energy: -1.08532e+02 (-1.08537e+02), Variance: 2.53085e+00 (3.63325e+00), Accept ratio: 0.47532, 
INFO:root:Epoch  1231, Energy: -1.08568e+02 (-1.08622e+02), Variance: 2.86728e+00 (5.10794e+00), Accept ratio: 0.47263, 
INFO:root:Epoch  1232, Energy: -1.08565e+02 (-1.08579e+02), Variance: 2.59757e+00 (4.84822e+00), Accept ratio: 0.46721, 
INFO:root:Epoch  1233, Energy: -1.08572e+02 (-1.08537e+02), Variance: 2.42587e+00 (4.09116e+00), Accept ratio: 0.46832, 
INFO:root:Epoch  1234, Energy: -1.08526e+02 (-1.08529e+02), Variance: 2.32116e+00 (3.68899e+00), Accept ratio: 0.46939, 
INFO:root:Epoch  1235, Energy: -1.08505e+02 (-1.08486e+02), Variance: 2.76478e+00 (4.64582e+00), Accept ratio: 0.46930, 
INFO:root:Epoch  1236, Energy: -1.08528e+02 (-1.08523e+02), Variance: 2.60351e+00 (3.17863e+00), Accept ratio: 0.46416, 
INFO:root:Epoch  1237, Energy: -1.08543e+02 (-1.08544e+02), Variance: 2.32656e+00 (2.47876e+00), Accept ratio: 0.46599, 
INFO:root:Epoch  1238, Energy: -1.08558e+02 (-1.08585e+02), Variance: 2.87878e+00 (4.54967e+00), Accept ratio: 0.47192, 
INFO:root:Epoch  1239, Energy: -1.08495e+02 (-1.08491e+02), Variance: 2.41867e+00 (2.70214e+00), Accept ratio: 0.47369, 
INFO:root:Epoch  1240, Energy: -1.08612e+02 (-1.08575e+02), Variance: 2.47314e+00 (5.03531e+00), Accept ratio: 0.47589, 
INFO:root:Epoch  1241, Energy: -1.08559e+02 (-1.08585e+02), Variance: 2.43291e+00 (3.89741e+00), Accept ratio: 0.47757, 
INFO:root:Epoch  1242, Energy: -1.08552e+02 (-1.08526e+02), Variance: 2.37617e+00 (3.31847e+00), Accept ratio: 0.47157, 
INFO:root:Epoch  1243, Energy: -1.08500e+02 (-1.08512e+02), Variance: 2.48762e+00 (3.52515e+00), Accept ratio: 0.47152, 
INFO:root:Epoch  1244, Energy: -1.08518e+02 (-1.08537e+02), Variance: 2.74363e+00 (3.64007e+00), Accept ratio: 0.47022, 
INFO:root:Epoch  1245, Energy: -1.08528e+02 (-1.08532e+02), Variance: 2.46927e+00 (3.31293e+00), Accept ratio: 0.46996, 
