jax devices: [CudaDevice(id=0)]
E19 arm=ssu_nocap preset=N2_4.0 seed=1 eta=0.002 constrain_norm=False norm_constraint=0.001 nepochs=100000  2026-09-23T10:14:17-07:00
wandb: WARNING Unable to verify login in offline mode.
wandb: Tracking run with wandb version 0.28.1
wandb: W&B syncing is set to `offline` in this directory. Run `wandb online` or set WANDB_MODE=online to enable cloud syncing.
wandb: Run data is saved locally in /global/scratch/users/ren27/wandb/wandb/offline-run-20260923_101614-cmnquuif
wandb: View this run in the terminal with `wandb leet`
INFO:root:Reload configuration: 
append: true
checkpoint_relative_file_path: best_checkpoint.npz
config_relative_file_path: config.json
logdir: NONE
new_optimizer_state: false
reburn: false
same_logdir: false
use_checkpoint_file: true
use_config_file: true

INFO:root:Running with configuration: 
base_logdir: /global/scratch/users/ren27/vmcnet_logs/phase_e/e19_n2_stretched_normcap
debug_nans: false
distribute: false
dtype: float32
eval:
  nan_safe: false
  nburn: 10000
  nchains: 1000
  nepochs: 20000
  nmoves_per_width_update: 100
  nsteps_per_param_update: 10
  record_amplitudes: false
  record_local_energies: true
  std_move: 0.25
  use_data_from_training: false
initial_seed: 1
logdir: /global/scratch/users/ren27/vmcnet_logs/phase_e/e19_n2_stretched_normcap/e19_N2_4.0_ssu_nocap_s1
logging_level: INFO
model:
  backflow:
    activation_fn: tanh
    bias_init_1e_stream:
      type: normal
    bias_init_2e_stream:
      type: normal
    kernel_init_2e_1e_stream:
      scale: 1.0
      type: orthogonal
    kernel_init_2e_2e_stream:
      scale: 2.0
      type: orthogonal
    kernel_init_mixed:
      scale: 1.0
      type: orthogonal
    kernel_init_unmixed:
      scale: 2.0
      type: orthogonal
    ndense_list: !!python/tuple
    - &id001 !!python/tuple
      - 256
      - 16
    - *id001
    - *id001
    - !!python/tuple
      - 256
    one_electron_skip: true
    one_electron_skip_scale: 1.0
    two_electron_skip: true
    two_electron_skip_scale: 1.0
    use_bias: true
  bias_init_orbital_linear:
    type: normal
  envelope_softening: 0.0
  full_det: true
  include_cusp_jastrow: false
  input_streams:
    ee_norm_softening: 0.0
    ei_norm_softening: 0.0
    include_2e_stream: true
    include_ee_norm: true
    include_ei_norm: true
  isotropic_decay: true
  kernel_init_envelope_dim:
    type: ones
  kernel_init_envelope_ion:
    type: ones
  kernel_init_orbital_linear:
    scale: 2.0
    type: orthogonal
  ndeterminants: 16
  orbitals_use_bias: true
  type: ferminet
notes: N2 stretched, bond length 4.0 Bohr (SPRING paper arXiv:2401.10190; absent from
  the PRIME-SR paper). Tuned molecular SPRING eta is 0.002 -- set it explicitly per
  run; the optimizer defaults are NOT molecular-tuned. eval nburn is 10000 for N2
  (SPRING paper Table B.4).
problem:
  ee_softening: 0.0
  ei_softening: 0.0
  ion_charges: !!python/tuple
  - 7.0
  - 7.0
  ion_pos: !!python/tuple
  - !!python/tuple
    - 0.0
    - 0.0
    - -2.0
  - !!python/tuple
    - 0.0
    - 0.0
    - 2.0
  nelec: !!python/tuple
  - 7
  - 7
save_to_current_datetime_subfolder: false
subfolder_name: e19_N2_4.0_ssu_nocap_s1
vmc:
  best_checkpoint_every: 100
  check_for_nans: true
  checkpoint_dir: checkpoints
  checkpoint_every: 10000
  checkpoint_variance_scale: 10
  clip_center: mean
  clip_threshold: 5.0
  nan_safe: true
  nburn: 5000
  nchains: 1000
  nepochs: 100000
  nhistory_max: 200
  nmoves_per_width_update: 100
  nsteps_per_param_update: 10
  optimizer:
    adam:
      b1: 0.9
      b2: 0.999
      eps: 1.0e-08
      eps_root: 0.0
      learning_decay_rate: 0.0001
      learning_rate: 0.05
      schedule_type: inverse_time
    gauss_newton:
      E: 0.0
      clip_threshold: 1000.0
      constrain_norm: true
      damping: 0.001
      learning_decay_rate: 0.0001
      learning_rate: 1.0
      norm_constraint: 0.001
      schedule_type: inverse_time
    kfac:
      curvature_ema: 0.95
      damping: 0.001
      estimation_mode: fisher_exact
      inverse_update_period: 1
      l2_reg: 0.0
      learning_decay_rate: 0.0001
      learning_rate: 0.05
      min_damping: 0.0001
      norm_constraint: 0.001
      register_only_generic: false
      schedule_type: inverse_time
    minsr_momentum:
      constrain_norm: true
      damping: 0.001
      learning_decay_rate: 0.0001
      learning_rate: 0.2
      mu: 0.9
      norm_constraint: 0.001
      schedule_type: inverse_time
    prime_sr:
      constrain_norm: true
      damping: 0.001
      learning_decay_rate: 0.0001
      learning_rate: 0.02
      mu_cap: 1.0
      norm_constraint: 0.001
      schedule_type: inverse_time
    same_sampled_spring_unified:
      adaptive_eta: false
      adaptive_probe: false
      constrain_norm: false
      damping: 0.001
      lb_window: 30
      learning_decay_rate: 0.0001
      learning_rate: 0.002
      mu: 0.0
      norm_constraint: 0.001
      probe_damping: 0.001
      probe_lr: -1.0
      schedule_type: inverse_time
    sgd:
      learning_decay_rate: 0.0001
      learning_rate: 0.05
      momentum: 0.0
      nesterov: false
      schedule_type: inverse_time
    spring:
      constrain_norm: true
      damping: 0.001
      learning_decay_rate: 0.0001
      learning_rate: 0.05
      mu: 0.99
      mu_init: 0.0
      mu_ramp_steps: 0
      mu_warmup_steps: 0
      norm_constraint: 0.001
      schedule_type: inverse_time
  optimizer_type: same_sampled_spring_unified
  record_amplitudes: false
  record_param_l1_norm: false
  std_move: 0.25
wandb:
  group: e19-n2-normcap-ssu_nocap
  mode: offline
  name: e19_N2_4.0_ssu_nocap_s1
  project: vmcnet-phase-e

INFO:jax._src.xla_bridge:Unable to initialize backend 'rocm': module 'jaxlib.xla_extension' has no attribute 'GpuAllocatorConfig'
INFO:jax._src.xla_bridge:Unable to initialize backend 'tpu': INTERNAL: Failed to open libtpu.so: libtpu.so: cannot open shared object file: No such file or directory
E0923 10:17:44.077009 3721461 hlo_lexer.cc:443] Failed to parse int literal: 90913411200647734287
INFO:root:Saving to /global/scratch/users/ren27/vmcnet_logs/phase_e/e19_n2_stretched_normcap/e19_N2_4.0_ssu_nocap_s1
INFO:root:Burning data for 5000 steps
INFO:root:Epoch     1, Energy: -4.18844e+01 (-4.20898e+01), Variance: 1.62896e+02 (1.89829e+02), Accept ratio: 0.49775, 
INFO:root:Epoch     2, Energy: -4.17681e+01 (-4.19284e+01), Variance: 1.63299e+02 (1.89879e+02), Accept ratio: 0.49234, 
INFO:root:Epoch     3, Energy: -4.16466e+01 (-4.19634e+01), Variance: 1.73313e+02 (2.20209e+02), Accept ratio: 0.49170, 
INFO:root:Epoch     4, Energy: -4.22180e+01 (-4.25884e+01), Variance: 1.90910e+02 (2.49528e+02), Accept ratio: 0.48760, 
INFO:root:Epoch     5, Energy: -4.18887e+01 (-4.21781e+01), Variance: 1.79813e+02 (2.18765e+02), Accept ratio: 0.49702, 
INFO:root:Epoch     6, Energy: -4.21491e+01 (-4.24861e+01), Variance: 1.74142e+02 (2.27936e+02), Accept ratio: 0.48764, 
INFO:root:Epoch     7, Energy: -4.21615e+01 (-4.24813e+01), Variance: 1.83733e+02 (2.32555e+02), Accept ratio: 0.48633, 
INFO:root:Epoch     8, Energy: -4.21289e+01 (-4.23430e+01), Variance: 1.83209e+02 (2.17351e+02), Accept ratio: 0.49839, 
INFO:root:Epoch     9, Energy: -4.23867e+01 (-4.31001e+01), Variance: 1.81698e+02 (4.28316e+02), Accept ratio: 0.48990, 
INFO:root:Epoch    10, Energy: -4.24415e+01 (-4.27908e+01), Variance: 1.77616e+02 (2.30384e+02), Accept ratio: 0.49607, 
INFO:root:Epoch    11, Energy: -4.17809e+01 (-4.19163e+01), Variance: 1.50483e+02 (1.66373e+02), Accept ratio: 0.49070, 
INFO:root:Epoch    12, Energy: -4.18928e+01 (-4.21270e+01), Variance: 1.56677e+02 (1.86268e+02), Accept ratio: 0.48989, 
INFO:root:Epoch    13, Energy: -4.22246e+01 (-4.24279e+01), Variance: 1.46303e+02 (1.71208e+02), Accept ratio: 0.49038, 
INFO:root:Epoch    14, Energy: -4.22344e+01 (-4.24628e+01), Variance: 1.48735e+02 (1.81262e+02), Accept ratio: 0.49495, 
INFO:root:Epoch    15, Energy: -4.26145e+01 (-4.27376e+01), Variance: 1.69312e+02 (1.84527e+02), Accept ratio: 0.48622, 
INFO:root:Epoch    16, Energy: -4.18872e+01 (-4.25912e+01), Variance: 1.49676e+02 (3.77966e+02), Accept ratio: 0.48614, 
INFO:root:Epoch    17, Energy: -4.17018e+01 (-4.21480e+01), Variance: 1.53932e+02 (2.49221e+02), Accept ratio: 0.49312, 
INFO:root:Epoch    18, Energy: -4.21514e+01 (-4.23235e+01), Variance: 1.59485e+02 (1.85970e+02), Accept ratio: 0.48946, 
INFO:root:Epoch    19, Energy: -4.23259e+01 (-4.27115e+01), Variance: 1.74555e+02 (2.58647e+02), Accept ratio: 0.48473, 
INFO:root:Epoch    20, Energy: -4.29143e+01 (-4.34332e+01), Variance: 1.81183e+02 (2.87472e+02), Accept ratio: 0.48810, 
INFO:root:Epoch    21, Energy: -4.20632e+01 (-4.22344e+01), Variance: 1.57929e+02 (1.80409e+02), Accept ratio: 0.48748, 
INFO:root:Epoch    22, Energy: -4.22421e+01 (-4.25994e+01), Variance: 1.64092e+02 (2.26495e+02), Accept ratio: 0.49128, 
INFO:root:Epoch    23, Energy: -4.25604e+01 (-4.28102e+01), Variance: 1.77515e+02 (2.14262e+02), Accept ratio: 0.48618, 
INFO:root:Epoch    24, Energy: -4.26622e+01 (-4.28182e+01), Variance: 1.71323e+02 (1.92111e+02), Accept ratio: 0.48891, 
INFO:root:Epoch    25, Energy: -4.27044e+01 (-4.29901e+01), Variance: 1.70067e+02 (2.10956e+02), Accept ratio: 0.48622, 
INFO:root:Epoch    26, Energy: -4.26076e+01 (-4.29612e+01), Variance: 1.57830e+02 (2.13898e+02), Accept ratio: 0.49024, 
INFO:root:Epoch    27, Energy: -4.26471e+01 (-4.29144e+01), Variance: 1.71784e+02 (2.10585e+02), Accept ratio: 0.49624, 
INFO:root:Epoch    28, Energy: -4.25997e+01 (-4.30201e+01), Variance: 1.66483e+02 (2.34574e+02), Accept ratio: 0.48618, 
INFO:root:Epoch    29, Energy: -4.28666e+01 (-4.30484e+01), Variance: 1.67249e+02 (1.90540e+02), Accept ratio: 0.48869, 
INFO:root:Epoch    30, Energy: -4.29878e+01 (-4.31032e+01), Variance: 1.65579e+02 (1.78922e+02), Accept ratio: 0.47826, 
INFO:root:Epoch    31, Energy: -4.31895e+01 (-4.34291e+01), Variance: 1.84001e+02 (2.21233e+02), Accept ratio: 0.48507, 
INFO:root:Epoch    32, Energy: -4.37636e+01 (-4.39937e+01), Variance: 2.02073e+02 (2.33637e+02), Accept ratio: 0.48643, 
INFO:root:Epoch    33, Energy: -4.33266e+01 (-4.36723e+01), Variance: 1.88253e+02 (2.43006e+02), Accept ratio: 0.48131, 
INFO:root:Epoch    34, Energy: -4.40332e+01 (-4.44280e+01), Variance: 2.07904e+02 (2.93167e+02), Accept ratio: 0.48193, 
INFO:root:Epoch    35, Energy: -4.34092e+01 (-4.36668e+01), Variance: 1.71407e+02 (2.13706e+02), Accept ratio: 0.49164, 
INFO:root:Epoch    36, Energy: -4.39691e+01 (-4.41176e+01), Variance: 1.94665e+02 (2.17782e+02), Accept ratio: 0.48625, 
INFO:root:Epoch    37, Energy: -4.35809e+01 (-4.37851e+01), Variance: 1.92075e+02 (2.18470e+02), Accept ratio: 0.48192, 
INFO:root:Epoch    38, Energy: -4.33776e+01 (-4.36947e+01), Variance: 1.63992e+02 (2.32831e+02), Accept ratio: 0.48591, 
INFO:root:Epoch    39, Energy: -4.36979e+01 (-4.39086e+01), Variance: 1.72690e+02 (2.02823e+02), Accept ratio: 0.47908, 
INFO:root:Epoch    40, Energy: -4.41907e+01 (-4.48300e+01), Variance: 2.01937e+02 (4.64046e+02), Accept ratio: 0.48434, 
INFO:root:Epoch    41, Energy: -4.43852e+01 (-4.46412e+01), Variance: 2.06200e+02 (2.40488e+02), Accept ratio: 0.48191, 
INFO:root:Epoch    42, Energy: -4.40292e+01 (-4.42943e+01), Variance: 1.86402e+02 (2.31732e+02), Accept ratio: 0.48120, 
INFO:root:Epoch    43, Energy: -4.38258e+01 (-4.41089e+01), Variance: 1.71050e+02 (2.10139e+02), Accept ratio: 0.47997, 
INFO:root:Epoch    44, Energy: -4.43230e+01 (-4.47607e+01), Variance: 1.90249e+02 (2.70764e+02), Accept ratio: 0.48013, 
INFO:root:Epoch    45, Energy: -4.44278e+01 (-4.47295e+01), Variance: 2.04497e+02 (2.59880e+02), Accept ratio: 0.48457, 
INFO:root:Epoch    46, Energy: -4.42136e+01 (-4.43375e+01), Variance: 1.81367e+02 (1.96979e+02), Accept ratio: 0.48120, 
INFO:root:Epoch    47, Energy: -4.45388e+01 (-4.51393e+01), Variance: 2.05845e+02 (4.36723e+02), Accept ratio: 0.47827, 
INFO:root:Epoch    48, Energy: -4.42918e+01 (-4.46940e+01), Variance: 1.92115e+02 (2.78933e+02), Accept ratio: 0.47856, 
INFO:root:Epoch    49, Energy: -4.51339e+01 (-4.55860e+01), Variance: 2.21713e+02 (3.05791e+02), Accept ratio: 0.47558, 
INFO:root:Epoch    50, Energy: -4.51891e+01 (-4.54168e+01), Variance: 1.98742e+02 (2.32600e+02), Accept ratio: 0.47560, 
INFO:root:Epoch    51, Energy: -4.44790e+01 (-4.46481e+01), Variance: 1.83850e+02 (2.22846e+02), Accept ratio: 0.47405, 
INFO:root:Epoch    52, Energy: -4.53691e+01 (-4.57606e+01), Variance: 2.00656e+02 (3.26440e+02), Accept ratio: 0.47308, 
INFO:root:Epoch    53, Energy: -4.61267e+01 (-4.63188e+01), Variance: 2.39170e+02 (2.67355e+02), Accept ratio: 0.48037, 
INFO:root:Epoch    54, Energy: -4.51361e+01 (-4.53299e+01), Variance: 1.95626e+02 (2.21442e+02), Accept ratio: 0.47088, 
INFO:root:Epoch    55, Energy: -4.58279e+01 (-4.61688e+01), Variance: 2.16861e+02 (2.67377e+02), Accept ratio: 0.47450, 
INFO:root:Epoch    56, Energy: -4.56389e+01 (-4.57894e+01), Variance: 2.00162e+02 (2.19527e+02), Accept ratio: 0.47468, 
INFO:root:Epoch    57, Energy: -4.56532e+01 (-4.59602e+01), Variance: 1.93026e+02 (2.46102e+02), Accept ratio: 0.47212, 
INFO:root:Epoch    58, Energy: -4.57928e+01 (-4.61358e+01), Variance: 1.89588e+02 (2.51313e+02), Accept ratio: 0.47048, 
INFO:root:Epoch    59, Energy: -4.57872e+01 (-4.59565e+01), Variance: 1.94506e+02 (2.23643e+02), Accept ratio: 0.47131, 
INFO:root:Epoch    60, Energy: -4.63601e+01 (-4.64664e+01), Variance: 2.24113e+02 (2.39900e+02), Accept ratio: 0.47407, 
INFO:root:Epoch    61, Energy: -4.62240e+01 (-4.65333e+01), Variance: 2.00234e+02 (2.56236e+02), Accept ratio: 0.47049, 
INFO:root:Epoch    62, Energy: -4.66299e+01 (-4.70879e+01), Variance: 2.22340e+02 (3.18479e+02), Accept ratio: 0.47417, 
INFO:root:Epoch    63, Energy: -4.63782e+01 (-4.65875e+01), Variance: 1.95900e+02 (2.26355e+02), Accept ratio: 0.46237, 
INFO:root:Epoch    64, Energy: -4.57002e+01 (-4.59076e+01), Variance: 1.84685e+02 (2.12763e+02), Accept ratio: 0.46556, 
INFO:root:Epoch    65, Energy: -4.57001e+01 (-4.62109e+01), Variance: 1.95440e+02 (2.99291e+02), Accept ratio: 0.46791, 
INFO:root:Epoch    66, Energy: -4.60302e+01 (-4.65467e+01), Variance: 1.97974e+02 (3.42595e+02), Accept ratio: 0.47430, 
INFO:root:Epoch    67, Energy: -4.64955e+01 (-4.69119e+01), Variance: 2.28174e+02 (3.36973e+02), Accept ratio: 0.47176, 
INFO:root:Epoch    68, Energy: -4.67628e+01 (-4.69585e+01), Variance: 2.35973e+02 (2.65296e+02), Accept ratio: 0.47093, 
INFO:root:Epoch    69, Energy: -4.60984e+01 (-4.62268e+01), Variance: 2.00734e+02 (2.17535e+02), Accept ratio: 0.46956, 
INFO:root:Epoch    70, Energy: -4.70468e+01 (-4.75073e+01), Variance: 2.27511e+02 (3.13120e+02), Accept ratio: 0.47402, 
INFO:root:Epoch    71, Energy: -4.68355e+01 (-4.70478e+01), Variance: 2.06905e+02 (2.44947e+02), Accept ratio: 0.47034, 
INFO:root:Epoch    72, Energy: -4.78183e+01 (-4.80303e+01), Variance: 2.25603e+02 (2.61419e+02), Accept ratio: 0.46763, 
INFO:root:Epoch    73, Energy: -4.84146e+01 (-4.87742e+01), Variance: 2.66994e+02 (3.38961e+02), Accept ratio: 0.46687, 
INFO:root:Epoch    74, Energy: -4.81128e+01 (-4.85722e+01), Variance: 2.57585e+02 (3.39156e+02), Accept ratio: 0.46432, 
INFO:root:Epoch    75, Energy: -4.71683e+01 (-4.75290e+01), Variance: 2.04817e+02 (2.65410e+02), Accept ratio: 0.45846, 
INFO:root:Epoch    76, Energy: -4.81396e+01 (-4.86659e+01), Variance: 2.33065e+02 (3.65856e+02), Accept ratio: 0.46399, 
INFO:root:Epoch    77, Energy: -4.90343e+01 (-4.94923e+01), Variance: 2.63347e+02 (4.27733e+02), Accept ratio: 0.45608, 
INFO:root:Epoch    78, Energy: -4.90194e+01 (-4.96152e+01), Variance: 3.02241e+02 (4.33900e+02), Accept ratio: 0.46039, 
INFO:root:Epoch    79, Energy: -4.88275e+01 (-4.90179e+01), Variance: 2.12124e+02 (2.45463e+02), Accept ratio: 0.46127, 
INFO:root:Epoch    80, Energy: -4.92959e+01 (-4.94851e+01), Variance: 2.62369e+02 (2.94556e+02), Accept ratio: 0.45347, 
INFO:root:Epoch    81, Energy: -4.91237e+01 (-4.92608e+01), Variance: 2.36023e+02 (2.55986e+02), Accept ratio: 0.45727, 
INFO:root:Epoch    82, Energy: -4.95778e+01 (-5.00531e+01), Variance: 2.45546e+02 (3.70797e+02), Accept ratio: 0.45519, 
INFO:root:Epoch    83, Energy: -4.97366e+01 (-5.00672e+01), Variance: 2.59720e+02 (3.28864e+02), Accept ratio: 0.45211, 
INFO:root:Epoch    84, Energy: -5.00772e+01 (-5.03749e+01), Variance: 2.42268e+02 (2.94245e+02), Accept ratio: 0.45604, 
INFO:root:Epoch    85, Energy: -5.08359e+01 (-5.11856e+01), Variance: 2.69152e+02 (3.33607e+02), Accept ratio: 0.44832, 
INFO:root:Epoch    86, Energy: -5.07458e+01 (-5.09778e+01), Variance: 2.74689e+02 (3.14796e+02), Accept ratio: 0.44680, 
INFO:root:Epoch    87, Energy: -5.08137e+01 (-5.10502e+01), Variance: 2.78414e+02 (3.16182e+02), Accept ratio: 0.44256, 
INFO:root:Epoch    88, Energy: -5.12121e+01 (-5.17054e+01), Variance: 2.62764e+02 (3.81260e+02), Accept ratio: 0.44827, 
INFO:root:Epoch    89, Energy: -5.16740e+01 (-5.30064e+01), Variance: 3.10960e+02 (1.20142e+03), Accept ratio: 0.43980, 
INFO:root:Epoch    90, Energy: -5.22815e+01 (-5.27637e+01), Variance: 2.90619e+02 (4.10689e+02), Accept ratio: 0.44494, 
INFO:root:Epoch    91, Energy: -5.23150e+01 (-5.26440e+01), Variance: 3.11205e+02 (3.67741e+02), Accept ratio: 0.48446, 
INFO:root:Epoch    92, Energy: -5.22270e+01 (-5.28746e+01), Variance: 3.00690e+02 (4.59458e+02), Accept ratio: 0.48045, 
INFO:root:Epoch    93, Energy: -5.20574e+01 (-5.23708e+01), Variance: 2.80660e+02 (3.42706e+02), Accept ratio: 0.48760, 
INFO:root:Epoch    94, Energy: -5.21697e+01 (-5.25903e+01), Variance: 2.85242e+02 (3.74887e+02), Accept ratio: 0.48257, 
INFO:root:Epoch    95, Energy: -5.29576e+01 (-5.36509e+01), Variance: 3.15868e+02 (4.66625e+02), Accept ratio: 0.48274, 
INFO:root:Epoch    96, Energy: -5.24854e+01 (-5.27687e+01), Variance: 2.82965e+02 (3.35595e+02), Accept ratio: 0.48076, 
INFO:root:Epoch    97, Energy: -5.39512e+01 (-5.41882e+01), Variance: 3.04548e+02 (3.44987e+02), Accept ratio: 0.47758, 
INFO:root:Epoch    98, Energy: -5.35195e+01 (-5.41253e+01), Variance: 3.12932e+02 (4.80858e+02), Accept ratio: 0.46617, 
INFO:root:Epoch    99, Energy: -5.44695e+01 (-5.47430e+01), Variance: 3.06275e+02 (3.61067e+02), Accept ratio: 0.47688, 
INFO:root:Epoch   100, Energy: -5.47182e+01 (-5.52626e+01), Variance: 3.22364e+02 (4.43331e+02), Accept ratio: 0.47125, , best weights saved
INFO:root:Epoch   101, Energy: -5.49802e+01 (-5.54263e+01), Variance: 2.86459e+02 (3.69260e+02), Accept ratio: 0.46732, 
INFO:root:Epoch   102, Energy: -5.46540e+01 (-5.54604e+01), Variance: 2.79055e+02 (5.56133e+02), Accept ratio: 0.46318, 
INFO:root:Epoch   103, Energy: -5.53336e+01 (-5.57436e+01), Variance: 2.88079e+02 (3.66676e+02), Accept ratio: 0.45544, 
INFO:root:Epoch   104, Energy: -5.61107e+01 (-5.64615e+01), Variance: 3.06929e+02 (3.76493e+02), Accept ratio: 0.45968, 
INFO:root:Epoch   105, Energy: -5.60641e+01 (-5.63772e+01), Variance: 3.08040e+02 (3.67340e+02), Accept ratio: 0.45966, 
INFO:root:Epoch   106, Energy: -5.70370e+01 (-5.75083e+01), Variance: 3.36742e+02 (4.34864e+02), Accept ratio: 0.45233, 
INFO:root:Epoch   107, Energy: -5.67233e+01 (-5.70550e+01), Variance: 2.71024e+02 (3.29201e+02), Accept ratio: 0.44983, 
INFO:root:Epoch   108, Energy: -5.72043e+01 (-5.75671e+01), Variance: 3.09656e+02 (3.80031e+02), Accept ratio: 0.44978, 
INFO:root:Epoch   109, Energy: -5.81959e+01 (-5.88018e+01), Variance: 3.37478e+02 (5.05900e+02), Accept ratio: 0.44957, 
INFO:root:Epoch   110, Energy: -5.83981e+01 (-5.88887e+01), Variance: 3.01042e+02 (3.95998e+02), Accept ratio: 0.44780, 
INFO:root:Epoch   111, Energy: -5.92994e+01 (-5.96356e+01), Variance: 3.35455e+02 (3.99696e+02), Accept ratio: 0.44484, 
INFO:root:Epoch   112, Energy: -5.91730e+01 (-5.95046e+01), Variance: 3.34833e+02 (4.15163e+02), Accept ratio: 0.43815, 
INFO:root:Epoch   113, Energy: -5.93126e+01 (-5.99187e+01), Variance: 3.44396e+02 (4.91810e+02), Accept ratio: 0.43721, 
INFO:root:Epoch   114, Energy: -5.98312e+01 (-6.05394e+01), Variance: 3.32156e+02 (5.23893e+02), Accept ratio: 0.43336, 
INFO:root:Epoch   115, Energy: -5.99950e+01 (-6.03655e+01), Variance: 3.42266e+02 (4.11926e+02), Accept ratio: 0.42491, 
INFO:root:Epoch   116, Energy: -6.05572e+01 (-6.09683e+01), Variance: 3.28714e+02 (4.16893e+02), Accept ratio: 0.43141, 
INFO:root:Epoch   117, Energy: -6.03514e+01 (-6.12005e+01), Variance: 3.32319e+02 (5.75053e+02), Accept ratio: 0.42467, 
INFO:root:Epoch   118, Energy: -6.09823e+01 (-6.13728e+01), Variance: 3.41922e+02 (4.44826e+02), Accept ratio: 0.42917, 
INFO:root:Epoch   119, Energy: -6.22516e+01 (-6.28287e+01), Variance: 3.74822e+02 (5.44190e+02), Accept ratio: 0.42790, 
INFO:root:Epoch   120, Energy: -6.23671e+01 (-6.28014e+01), Variance: 3.33673e+02 (4.24874e+02), Accept ratio: 0.41811, 
INFO:root:Epoch   121, Energy: -6.31164e+01 (-6.33423e+01), Variance: 3.48640e+02 (3.88459e+02), Accept ratio: 0.45978, 
INFO:root:Epoch   122, Energy: -6.33193e+01 (-6.36440e+01), Variance: 3.14470e+02 (3.73744e+02), Accept ratio: 0.45403, 
INFO:root:Epoch   123, Energy: -6.43619e+01 (-6.50648e+01), Variance: 3.79760e+02 (6.66431e+02), Accept ratio: 0.45058, 
INFO:root:Epoch   124, Energy: -6.40366e+01 (-6.45863e+01), Variance: 3.49151e+02 (4.93255e+02), Accept ratio: 0.45121, 
INFO:root:Epoch   125, Energy: -6.50558e+01 (-6.61286e+01), Variance: 4.00443e+02 (7.44645e+02), Accept ratio: 0.44593, 
INFO:root:Epoch   126, Energy: -6.59622e+01 (-6.66893e+01), Variance: 3.84276e+02 (5.80192e+02), Accept ratio: 0.44106, 
INFO:root:Epoch   127, Energy: -6.55696e+01 (-6.60118e+01), Variance: 3.77930e+02 (4.68048e+02), Accept ratio: 0.44313, 
INFO:root:Epoch   128, Energy: -6.63044e+01 (-6.69425e+01), Variance: 3.87201e+02 (5.43351e+02), Accept ratio: 0.43705, 
INFO:root:Epoch   129, Energy: -6.65863e+01 (-6.69273e+01), Variance: 3.79070e+02 (4.50628e+02), Accept ratio: 0.43228, 
INFO:root:Epoch   130, Energy: -6.82720e+01 (-6.91054e+01), Variance: 4.52921e+02 (7.27190e+02), Accept ratio: 0.42715, 
INFO:root:Epoch   131, Energy: -6.78067e+01 (-6.83067e+01), Variance: 3.91974e+02 (4.96376e+02), Accept ratio: 0.47340, 
INFO:root:Epoch   132, Energy: -6.84641e+01 (-6.93243e+01), Variance: 3.69971e+02 (7.43755e+02), Accept ratio: 0.46834, 
INFO:root:Epoch   133, Energy: -6.96287e+01 (-7.06501e+01), Variance: 4.07150e+02 (7.72155e+02), Accept ratio: 0.46538, 
INFO:root:Epoch   134, Energy: -7.01165e+01 (-7.10691e+01), Variance: 4.20344e+02 (6.82389e+02), Accept ratio: 0.45692, 
INFO:root:Epoch   135, Energy: -7.02127e+01 (-7.07537e+01), Variance: 3.94439e+02 (5.30183e+02), Accept ratio: 0.45591, 
INFO:root:Epoch   136, Energy: -7.11725e+01 (-7.20185e+01), Variance: 4.43958e+02 (7.09082e+02), Accept ratio: 0.45715, 
INFO:root:Epoch   137, Energy: -7.15832e+01 (-7.20659e+01), Variance: 4.04512e+02 (5.05359e+02), Accept ratio: 0.44559, 
INFO:root:Epoch   138, Energy: -7.30753e+01 (-7.37966e+01), Variance: 4.56837e+02 (6.36223e+02), Accept ratio: 0.44296, 
INFO:root:Epoch   139, Energy: -7.24464e+01 (-7.27719e+01), Variance: 3.93632e+02 (4.59096e+02), Accept ratio: 0.44592, 
INFO:root:Epoch   140, Energy: -7.25188e+01 (-7.31792e+01), Variance: 4.01151e+02 (5.99048e+02), Accept ratio: 0.43816, 
INFO:root:Epoch   141, Energy: -7.20665e+01 (-7.23347e+01), Variance: 3.41091e+02 (3.91202e+02), Accept ratio: 0.43539, 
INFO:root:Epoch   142, Energy: -7.37067e+01 (-7.40279e+01), Variance: 3.82071e+02 (4.42948e+02), Accept ratio: 0.43096, 
INFO:root:Epoch   143, Energy: -7.49186e+01 (-7.58976e+01), Variance: 4.21664e+02 (7.05864e+02), Accept ratio: 0.42602, 
INFO:root:Epoch   144, Energy: -7.49512e+01 (-7.55268e+01), Variance: 4.12532e+02 (5.40175e+02), Accept ratio: 0.42192, 
INFO:root:Epoch   145, Energy: -7.75238e+01 (-7.82610e+01), Variance: 5.33050e+02 (7.20422e+02), Accept ratio: 0.41835, 
INFO:root:Epoch   146, Energy: -7.67605e+01 (-7.75355e+01), Variance: 4.50962e+02 (6.97965e+02), Accept ratio: 0.41736, 
INFO:root:Epoch   147, Energy: -7.63124e+01 (-7.65469e+01), Variance: 3.64718e+02 (4.16123e+02), Accept ratio: 0.40877, 
INFO:root:Epoch   148, Energy: -7.83162e+01 (-7.91422e+01), Variance: 4.37789e+02 (8.11999e+02), Accept ratio: 0.40861, 
INFO:root:Epoch   149, Energy: -7.81540e+01 (-7.86338e+01), Variance: 3.81917e+02 (4.79047e+02), Accept ratio: 0.39518, 
INFO:root:Epoch   150, Energy: -7.84260e+01 (-7.89220e+01), Variance: 3.66974e+02 (4.90141e+02), Accept ratio: 0.39469, 
INFO:root:Epoch   151, Energy: -7.88927e+01 (-7.90686e+01), Variance: 3.44308e+02 (3.72989e+02), Accept ratio: 0.43459, 
INFO:root:Epoch   152, Energy: -7.93791e+01 (-7.98264e+01), Variance: 3.66481e+02 (4.51141e+02), Accept ratio: 0.43033, 
INFO:root:Epoch   153, Energy: -8.05574e+01 (-8.12100e+01), Variance: 3.75560e+02 (5.16274e+02), Accept ratio: 0.43173, 
INFO:root:Epoch   154, Energy: -8.16610e+01 (-8.19383e+01), Variance: 3.61481e+02 (4.19420e+02), Accept ratio: 0.42382, 
INFO:root:Epoch   155, Energy: -8.08066e+01 (-8.10889e+01), Variance: 2.87039e+02 (3.40025e+02), Accept ratio: 0.42158, 
INFO:root:Epoch   156, Energy: -8.20458e+01 (-8.27009e+01), Variance: 3.34408e+02 (5.71765e+02), Accept ratio: 0.42234, 
INFO:root:Epoch   157, Energy: -8.29109e+01 (-8.36622e+01), Variance: 3.71260e+02 (6.12470e+02), Accept ratio: 0.41335, 
INFO:root:Epoch   158, Energy: -8.30806e+01 (-8.38262e+01), Variance: 3.22407e+02 (5.94409e+02), Accept ratio: 0.39783, 
INFO:root:Epoch   159, Energy: -8.41560e+01 (-8.46614e+01), Variance: 3.20728e+02 (4.43177e+02), Accept ratio: 0.39918, 
INFO:root:Epoch   160, Energy: -8.48517e+01 (-8.49409e+01), Variance: 3.31653e+02 (4.03825e+02), Accept ratio: 0.39476, 
INFO:root:Epoch   161, Energy: -8.57152e+01 (-8.61308e+01), Variance: 3.50028e+02 (4.38200e+02), Accept ratio: 0.43501, 
INFO:root:Epoch   162, Energy: -8.61031e+01 (-8.64480e+01), Variance: 3.43653e+02 (4.12874e+02), Accept ratio: 0.42777, 
INFO:root:Epoch   163, Energy: -8.69531e+01 (-8.75498e+01), Variance: 3.36604e+02 (4.89732e+02), Accept ratio: 0.42295, 
INFO:root:Epoch   164, Energy: -8.77406e+01 (-8.82136e+01), Variance: 3.73347e+02 (4.61137e+02), Accept ratio: 0.41641, 
INFO:root:Epoch   165, Energy: -8.71776e+01 (-8.74915e+01), Variance: 3.16102e+02 (3.68906e+02), Accept ratio: 0.41672, 
INFO:root:Epoch   166, Energy: -8.82186e+01 (-8.88278e+01), Variance: 3.29624e+02 (4.93115e+02), Accept ratio: 0.41079, 
INFO:root:Epoch   167, Energy: -8.89327e+01 (-8.98094e+01), Variance: 3.34860e+02 (6.11850e+02), Accept ratio: 0.40453, 
INFO:root:Epoch   168, Energy: -8.84195e+01 (-8.86929e+01), Variance: 2.86919e+02 (3.31772e+02), Accept ratio: 0.40269, 
INFO:root:Epoch   169, Energy: -8.90564e+01 (-8.93679e+01), Variance: 3.13957e+02 (3.80781e+02), Accept ratio: 0.40293, 
INFO:root:Epoch   170, Energy: -9.00207e+01 (-9.04959e+01), Variance: 3.08531e+02 (4.08836e+02), Accept ratio: 0.40392, 
INFO:root:Epoch   171, Energy: -9.07450e+01 (-9.11649e+01), Variance: 3.02183e+02 (4.02457e+02), Accept ratio: 0.43548, 
INFO:root:Epoch   172, Energy: -9.07253e+01 (-9.16863e+01), Variance: 3.01975e+02 (7.90130e+02), Accept ratio: 0.43133, 
INFO:root:Epoch   173, Energy: -9.10720e+01 (-9.15890e+01), Variance: 2.96734e+02 (4.14496e+02), Accept ratio: 0.43254, 
INFO:root:Epoch   174, Energy: -9.15378e+01 (-9.16845e+01), Variance: 2.69267e+02 (2.93761e+02), Accept ratio: 0.42995, 
INFO:root:Epoch   175, Energy: -9.20534e+01 (-9.25785e+01), Variance: 2.83697e+02 (4.04639e+02), Accept ratio: 0.42488, 
INFO:root:Epoch   176, Energy: -9.20889e+01 (-9.25489e+01), Variance: 2.79150e+02 (3.89017e+02), Accept ratio: 0.42432, 
INFO:root:Epoch   177, Energy: -9.23627e+01 (-9.24928e+01), Variance: 2.77402e+02 (3.16017e+02), Accept ratio: 0.42481, 
INFO:root:Epoch   178, Energy: -9.23686e+01 (-9.28088e+01), Variance: 2.32373e+02 (3.67550e+02), Accept ratio: 0.41606, 
INFO:root:Epoch   179, Energy: -9.29688e+01 (-9.34335e+01), Variance: 2.53815e+02 (3.55396e+02), Accept ratio: 0.41401, 
INFO:root:Epoch   180, Energy: -9.29986e+01 (-9.30443e+01), Variance: 2.17570e+02 (2.24263e+02), Accept ratio: 0.41092, 
INFO:root:Epoch   181, Energy: -9.32711e+01 (-9.35789e+01), Variance: 2.43085e+02 (3.18307e+02), Accept ratio: 0.44986, 
INFO:root:Epoch   182, Energy: -9.40330e+01 (-9.42785e+01), Variance: 2.44181e+02 (3.44035e+02), Accept ratio: 0.45453, 
INFO:root:Epoch   183, Energy: -9.48637e+01 (-9.56628e+01), Variance: 2.35570e+02 (5.02236e+02), Accept ratio: 0.44929, 
INFO:root:Epoch   184, Energy: -9.50158e+01 (-9.54084e+01), Variance: 2.19756e+02 (3.06552e+02), Accept ratio: 0.44455, 
INFO:root:Epoch   185, Energy: -9.51778e+01 (-9.56021e+01), Variance: 2.04109e+02 (2.95075e+02), Accept ratio: 0.44554, 
INFO:root:Epoch   186, Energy: -9.53927e+01 (-9.56704e+01), Variance: 1.99394e+02 (2.51143e+02), Accept ratio: 0.44130, 
INFO:root:Epoch   187, Energy: -9.60514e+01 (-9.61045e+01), Variance: 1.95472e+02 (2.21433e+02), Accept ratio: 0.43583, 
INFO:root:Epoch   188, Energy: -9.66410e+01 (-9.71332e+01), Variance: 2.33985e+02 (3.73663e+02), Accept ratio: 0.42906, 
INFO:root:Epoch   189, Energy: -9.64015e+01 (-9.72834e+01), Variance: 2.12734e+02 (5.36930e+02), Accept ratio: 0.42704, 
INFO:root:Epoch   190, Energy: -9.62396e+01 (-9.62556e+01), Variance: 1.96724e+02 (2.61732e+02), Accept ratio: 0.43123, 
INFO:root:Epoch   191, Energy: -9.68814e+01 (-9.71496e+01), Variance: 2.09762e+02 (2.88660e+02), Accept ratio: 0.46607, 
INFO:root:Epoch   192, Energy: -9.69361e+01 (-9.71275e+01), Variance: 1.94645e+02 (2.28816e+02), Accept ratio: 0.46609, 
INFO:root:Epoch   193, Energy: -9.71940e+01 (-9.72210e+01), Variance: 2.01866e+02 (2.51936e+02), Accept ratio: 0.46780, 
INFO:root:Epoch   194, Energy: -9.79057e+01 (-9.79280e+01), Variance: 2.03375e+02 (2.97726e+02), Accept ratio: 0.46273, 
INFO:root:Epoch   195, Energy: -9.79775e+01 (-9.79807e+01), Variance: 1.78569e+02 (1.98819e+02), Accept ratio: 0.45438, 
INFO:root:Epoch   196, Energy: -9.82390e+01 (-9.84562e+01), Variance: 1.93363e+02 (2.85967e+02), Accept ratio: 0.45437, 
INFO:root:Epoch   197, Energy: -9.77771e+01 (-9.73909e+01), Variance: 1.74117e+02 (2.96961e+02), Accept ratio: 0.45767, 
INFO:root:Epoch   198, Energy: -9.77253e+01 (-9.77008e+01), Variance: 1.99328e+02 (3.04165e+02), Accept ratio: 0.45499, 
INFO:root:Epoch   199, Energy: -9.83845e+01 (-9.83572e+01), Variance: 1.74849e+02 (2.12155e+02), Accept ratio: 0.44979, 
INFO:root:Epoch   200, Energy: -9.87570e+01 (-9.88444e+01), Variance: 1.91673e+02 (2.90359e+02), Accept ratio: 0.44524, , best weights saved
INFO:root:Epoch   201, Energy: -9.89347e+01 (-9.86423e+01), Variance: 1.61482e+02 (2.15651e+02), Accept ratio: 0.44719, 
INFO:root:Epoch   202, Energy: -9.90199e+01 (-9.91356e+01), Variance: 1.92288e+02 (3.78775e+02), Accept ratio: 0.44765, 
INFO:root:Epoch   203, Energy: -9.87721e+01 (-9.91260e+01), Variance: 1.72530e+02 (5.14580e+02), Accept ratio: 0.44494, 
INFO:root:Epoch   204, Energy: -9.88980e+01 (-9.84981e+01), Variance: 1.86029e+02 (2.92592e+02), Accept ratio: 0.44383, 
INFO:root:Epoch   205, Energy: -9.92538e+01 (-9.89894e+01), Variance: 1.79283e+02 (5.18182e+02), Accept ratio: 0.43774, 
INFO:root:Epoch   206, Energy: -9.94572e+01 (-9.91640e+01), Variance: 2.02636e+02 (2.95982e+02), Accept ratio: 0.44494, 
INFO:root:Epoch   207, Energy: -1.00608e+02 (-1.00566e+02), Variance: 1.53306e+02 (1.98737e+02), Accept ratio: 0.43454, 
INFO:root:Epoch   208, Energy: -9.99423e+01 (-1.00261e+02), Variance: 1.65295e+02 (2.59745e+02), Accept ratio: 0.43122, 
INFO:root:Epoch   209, Energy: -1.00712e+02 (-1.00895e+02), Variance: 1.46591e+02 (2.27980e+02), Accept ratio: 0.43706, 
INFO:root:Epoch   210, Energy: -1.00480e+02 (-1.00311e+02), Variance: 1.33526e+02 (1.52672e+02), Accept ratio: 0.42959, 
INFO:root:Epoch   211, Energy: -1.00341e+02 (-1.00641e+02), Variance: 1.36316e+02 (3.16097e+02), Accept ratio: 0.47501, 
INFO:root:Epoch   212, Energy: -1.00601e+02 (-1.00431e+02), Variance: 1.39170e+02 (1.58786e+02), Accept ratio: 0.47420, 
INFO:root:Epoch   213, Energy: -1.00786e+02 (-1.00723e+02), Variance: 1.47162e+02 (1.89779e+02), Accept ratio: 0.47067, 
INFO:root:Epoch   214, Energy: -1.00765e+02 (-1.00837e+02), Variance: 1.59014e+02 (3.88047e+02), Accept ratio: 0.47157, 
INFO:root:Epoch   215, Energy: -1.01063e+02 (-1.01027e+02), Variance: 1.15423e+02 (1.48257e+02), Accept ratio: 0.46995, 
INFO:root:Epoch   216, Energy: -1.01661e+02 (-1.01898e+02), Variance: 1.21629e+02 (2.14071e+02), Accept ratio: 0.46886, 
INFO:root:Epoch   217, Energy: -1.01006e+02 (-1.00970e+02), Variance: 1.18085e+02 (1.73065e+02), Accept ratio: 0.46801, 
INFO:root:Epoch   218, Energy: -1.01679e+02 (-1.01482e+02), Variance: 1.14511e+02 (1.62276e+02), Accept ratio: 0.46614, 
INFO:root:Epoch   219, Energy: -1.01746e+02 (-1.01620e+02), Variance: 1.20888e+02 (2.24739e+02), Accept ratio: 0.46605, 
INFO:root:Epoch   220, Energy: -1.02330e+02 (-1.02490e+02), Variance: 1.19308e+02 (1.67192e+02), Accept ratio: 0.46793, 
INFO:root:Epoch   221, Energy: -1.01813e+02 (-1.02240e+02), Variance: 1.02301e+02 (2.14077e+02), Accept ratio: 0.46457, 
INFO:root:Epoch   222, Energy: -1.02249e+02 (-1.02262e+02), Variance: 1.18383e+02 (1.57338e+02), Accept ratio: 0.46137, 
INFO:root:Epoch   223, Energy: -1.02100e+02 (-1.02116e+02), Variance: 1.12190e+02 (1.48455e+02), Accept ratio: 0.46756, 
INFO:root:Epoch   224, Energy: -1.01846e+02 (-1.01978e+02), Variance: 1.08327e+02 (1.42514e+02), Accept ratio: 0.46602, 
INFO:root:Epoch   225, Energy: -1.02210e+02 (-1.02188e+02), Variance: 1.10308e+02 (1.41979e+02), Accept ratio: 0.46694, 
INFO:root:Epoch   226, Energy: -1.01893e+02 (-1.01818e+02), Variance: 1.14660e+02 (2.02265e+02), Accept ratio: 0.46943, 
INFO:root:Epoch   227, Energy: -1.02226e+02 (-1.02402e+02), Variance: 1.05125e+02 (1.68720e+02), Accept ratio: 0.46575, 
INFO:root:Epoch   228, Energy: -1.02060e+02 (-1.02115e+02), Variance: 1.08378e+02 (1.48918e+02), Accept ratio: 0.46277, 
INFO:root:Epoch   229, Energy: -1.01986e+02 (-1.01829e+02), Variance: 1.01392e+02 (1.34956e+02), Accept ratio: 0.46936, 
INFO:root:Epoch   230, Energy: -1.01819e+02 (-1.01798e+02), Variance: 1.01568e+02 (1.42049e+02), Accept ratio: 0.46348, 
INFO:root:Epoch   231, Energy: -1.02136e+02 (-1.02246e+02), Variance: 1.08530e+02 (1.60298e+02), Accept ratio: 0.46230, 
INFO:root:Epoch   232, Energy: -1.02437e+02 (-1.02478e+02), Variance: 1.16793e+02 (1.65849e+02), Accept ratio: 0.46421, 
INFO:root:Epoch   233, Energy: -1.01903e+02 (-1.01692e+02), Variance: 1.06728e+02 (1.37230e+02), Accept ratio: 0.46307, 
INFO:root:Epoch   234, Energy: -1.02707e+02 (-1.02494e+02), Variance: 1.03241e+02 (2.80663e+02), Accept ratio: 0.46219, 
INFO:root:Epoch   235, Energy: -1.02644e+02 (-1.02460e+02), Variance: 8.99690e+01 (1.29775e+02), Accept ratio: 0.45747, 
INFO:root:Epoch   236, Energy: -1.02797e+02 (-1.03074e+02), Variance: 9.63315e+01 (1.70526e+02), Accept ratio: 0.45976, 
INFO:root:Epoch   237, Energy: -1.03237e+02 (-1.03148e+02), Variance: 8.61610e+01 (1.24400e+02), Accept ratio: 0.46341, 
INFO:root:Epoch   238, Energy: -1.02968e+02 (-1.02794e+02), Variance: 9.66423e+01 (1.24049e+02), Accept ratio: 0.46552, 
INFO:root:Epoch   239, Energy: -1.02801e+02 (-1.02736e+02), Variance: 1.00620e+02 (1.40042e+02), Accept ratio: 0.45438, 
INFO:root:Epoch   240, Energy: -1.02937e+02 (-1.02774e+02), Variance: 8.84742e+01 (1.49630e+02), Accept ratio: 0.46157, 
INFO:root:Epoch   241, Energy: -1.03138e+02 (-1.03050e+02), Variance: 8.50816e+01 (1.02834e+02), Accept ratio: 0.45502, 
INFO:root:Epoch   242, Energy: -1.03038e+02 (-1.03133e+02), Variance: 7.93640e+01 (1.73149e+02), Accept ratio: 0.45712, 
INFO:root:Epoch   243, Energy: -1.03036e+02 (-1.03038e+02), Variance: 8.81702e+01 (1.55352e+02), Accept ratio: 0.45930, 
INFO:root:Epoch   244, Energy: -1.03123e+02 (-1.03838e+02), Variance: 8.34907e+01 (4.24231e+02), Accept ratio: 0.45587, 
INFO:root:Epoch   245, Energy: -1.03376e+02 (-1.03242e+02), Variance: 7.61197e+01 (1.01556e+02), Accept ratio: 0.45256, 
INFO:root:Epoch   246, Energy: -1.03301e+02 (-1.02956e+02), Variance: 8.61003e+01 (1.39518e+02), Accept ratio: 0.45072, 
INFO:root:Epoch   247, Energy: -1.03508e+02 (-1.03735e+02), Variance: 8.23121e+01 (1.85588e+02), Accept ratio: 0.45865, 
INFO:root:Epoch   248, Energy: -1.03284e+02 (-1.03642e+02), Variance: 8.60300e+01 (3.62380e+02), Accept ratio: 0.45426, 
INFO:root:Epoch   249, Energy: -1.03647e+02 (-1.03184e+02), Variance: 8.69014e+01 (1.89103e+02), Accept ratio: 0.46329, 
INFO:root:Epoch   250, Energy: -1.03166e+02 (-1.02845e+02), Variance: 8.69257e+01 (2.10118e+02), Accept ratio: 0.44761, 
INFO:root:Epoch   251, Energy: -1.03207e+02 (-1.02420e+02), Variance: 1.08770e+02 (5.18843e+02), Accept ratio: 0.45784, 
INFO:root:Epoch   252, Energy: -1.03489e+02 (-1.03399e+02), Variance: 8.83319e+01 (1.34330e+02), Accept ratio: 0.45626, 
INFO:root:Epoch   253, Energy: -1.03786e+02 (-1.03615e+02), Variance: 9.55448e+01 (1.60465e+02), Accept ratio: 0.45039, 
INFO:root:Epoch   254, Energy: -1.03699e+02 (-1.03441e+02), Variance: 8.43892e+01 (1.26204e+02), Accept ratio: 0.45413, 
INFO:root:Epoch   255, Energy: -1.03787e+02 (-1.03533e+02), Variance: 8.26987e+01 (1.41863e+02), Accept ratio: 0.45271, 
INFO:root:Epoch   256, Energy: -1.04046e+02 (-1.04209e+02), Variance: 7.46655e+01 (1.55748e+02), Accept ratio: 0.45278, 
INFO:root:Epoch   257, Energy: -1.03815e+02 (-1.03682e+02), Variance: 6.55922e+01 (9.74764e+01), Accept ratio: 0.44768, 
INFO:root:Epoch   258, Energy: -1.03786e+02 (-1.03612e+02), Variance: 6.57239e+01 (8.26253e+01), Accept ratio: 0.45043, 
INFO:root:Epoch   259, Energy: -1.03825e+02 (-1.03697e+02), Variance: 6.68820e+01 (9.26055e+01), Accept ratio: 0.45443, 
INFO:root:Epoch   260, Energy: -1.04014e+02 (-1.04030e+02), Variance: 7.83016e+01 (1.02091e+02), Accept ratio: 0.45288, 
INFO:root:Epoch   261, Energy: -1.04155e+02 (-1.04102e+02), Variance: 7.42360e+01 (9.88675e+01), Accept ratio: 0.45792, 
INFO:root:Epoch   262, Energy: -1.04144e+02 (-1.04306e+02), Variance: 7.41242e+01 (2.61628e+02), Accept ratio: 0.45500, 
INFO:root:Epoch   263, Energy: -1.03968e+02 (-1.03987e+02), Variance: 7.09281e+01 (1.03260e+02), Accept ratio: 0.44771, 
INFO:root:Epoch   264, Energy: -1.04094e+02 (-1.03936e+02), Variance: 6.67454e+01 (1.11772e+02), Accept ratio: 0.45559, 
INFO:root:Epoch   265, Energy: -1.04059e+02 (-1.04012e+02), Variance: 7.41021e+01 (9.73155e+01), Accept ratio: 0.44672, 
INFO:root:Epoch   266, Energy: -1.03852e+02 (-1.03735e+02), Variance: 7.53714e+01 (9.17439e+01), Accept ratio: 0.45212, 
INFO:root:Epoch   267, Energy: -1.04160e+02 (-1.04150e+02), Variance: 6.96839e+01 (8.34714e+01), Accept ratio: 0.45098, 
INFO:root:Epoch   268, Energy: -1.04109e+02 (-1.04007e+02), Variance: 6.83796e+01 (9.62394e+01), Accept ratio: 0.45110, 
INFO:root:Epoch   269, Energy: -1.04205e+02 (-1.04388e+02), Variance: 6.93742e+01 (1.53997e+02), Accept ratio: 0.45327, 
INFO:root:Epoch   270, Energy: -1.03894e+02 (-1.03687e+02), Variance: 7.04500e+01 (1.16286e+02), Accept ratio: 0.45489, 
INFO:root:Epoch   271, Energy: -1.04367e+02 (-1.04232e+02), Variance: 7.20030e+01 (1.23220e+02), Accept ratio: 0.44479, 
INFO:root:Epoch   272, Energy: -1.04239e+02 (-1.04023e+02), Variance: 7.35233e+01 (1.28742e+02), Accept ratio: 0.45290, 
INFO:root:Epoch   273, Energy: -1.03926e+02 (-1.03462e+02), Variance: 7.14770e+01 (1.26231e+02), Accept ratio: 0.45796, 
INFO:root:Epoch   274, Energy: -1.04474e+02 (-1.04330e+02), Variance: 7.42588e+01 (1.65120e+02), Accept ratio: 0.46031, 
INFO:root:Epoch   275, Energy: -1.04413e+02 (-1.04023e+02), Variance: 6.85076e+01 (1.62885e+02), Accept ratio: 0.45002, 
INFO:root:Epoch   276, Energy: -1.04595e+02 (-1.04556e+02), Variance: 5.55601e+01 (9.91703e+01), Accept ratio: 0.44865, 
INFO:root:Epoch   277, Energy: -1.04540e+02 (-1.04470e+02), Variance: 5.58848e+01 (8.17629e+01), Accept ratio: 0.45348, 
INFO:root:Epoch   278, Energy: -1.04372e+02 (-1.04690e+02), Variance: 6.70652e+01 (2.15083e+02), Accept ratio: 0.44672, 
INFO:root:Epoch   279, Energy: -1.04576e+02 (-1.04519e+02), Variance: 5.88976e+01 (7.19856e+01), Accept ratio: 0.45153, 
INFO:root:Epoch   280, Energy: -1.04392e+02 (-1.04335e+02), Variance: 6.29331e+01 (1.14874e+02), Accept ratio: 0.45006, 
INFO:root:Epoch   281, Energy: -1.04458e+02 (-1.04323e+02), Variance: 6.31164e+01 (1.02501e+02), Accept ratio: 0.44409, 
INFO:root:Epoch   282, Energy: -1.04430e+02 (-1.04171e+02), Variance: 5.91808e+01 (8.91192e+01), Accept ratio: 0.44892, 
INFO:root:Epoch   283, Energy: -1.04632e+02 (-1.04362e+02), Variance: 5.98176e+01 (9.70493e+01), Accept ratio: 0.44763, 
INFO:root:Epoch   284, Energy: -1.04598e+02 (-1.04450e+02), Variance: 5.45653e+01 (1.02002e+02), Accept ratio: 0.44743, 
INFO:root:Epoch   285, Energy: -1.04611e+02 (-1.04522e+02), Variance: 5.27932e+01 (6.65628e+01), Accept ratio: 0.44359, 
INFO:root:Epoch   286, Energy: -1.04908e+02 (-1.04769e+02), Variance: 6.07784e+01 (8.39921e+01), Accept ratio: 0.44825, 
INFO:root:Epoch   287, Energy: -1.05205e+02 (-1.05123e+02), Variance: 5.85124e+01 (7.38999e+01), Accept ratio: 0.44434, 
INFO:root:Epoch   288, Energy: -1.05050e+02 (-1.04926e+02), Variance: 5.25843e+01 (7.03849e+01), Accept ratio: 0.44073, 
INFO:root:Epoch   289, Energy: -1.04814e+02 (-1.04825e+02), Variance: 5.49283e+01 (7.83694e+01), Accept ratio: 0.44823, 
INFO:root:Epoch   290, Energy: -1.04913e+02 (-1.04923e+02), Variance: 5.24843e+01 (8.82296e+01), Accept ratio: 0.44977, 
INFO:root:Epoch   291, Energy: -1.05095e+02 (-1.05368e+02), Variance: 4.99561e+01 (1.76759e+02), Accept ratio: 0.48855, 
INFO:root:Epoch   292, Energy: -1.04706e+02 (-1.04760e+02), Variance: 6.06077e+01 (9.72947e+01), Accept ratio: 0.49481, 
INFO:root:Epoch   293, Energy: -1.05269e+02 (-1.05136e+02), Variance: 5.72705e+01 (8.09900e+01), Accept ratio: 0.48561, 
INFO:root:Epoch   294, Energy: -1.05196e+02 (-1.05208e+02), Variance: 5.82975e+01 (9.30553e+01), Accept ratio: 0.49504, 
INFO:root:Epoch   295, Energy: -1.04990e+02 (-1.05088e+02), Variance: 5.88018e+01 (1.28790e+02), Accept ratio: 0.48770, 
INFO:root:Epoch   296, Energy: -1.05166e+02 (-1.04937e+02), Variance: 5.17136e+01 (8.08089e+01), Accept ratio: 0.48810, 
INFO:root:Epoch   297, Energy: -1.05496e+02 (-1.05560e+02), Variance: 4.52858e+01 (8.67656e+01), Accept ratio: 0.48971, 
INFO:root:Epoch   298, Energy: -1.05437e+02 (-1.05760e+02), Variance: 5.04936e+01 (1.82113e+02), Accept ratio: 0.48298, 
INFO:root:Epoch   299, Energy: -1.05243e+02 (-1.04992e+02), Variance: 4.27538e+01 (7.12750e+01), Accept ratio: 0.49041, 
INFO:root:Epoch   300, Energy: -1.05174e+02 (-1.05008e+02), Variance: 4.69751e+01 (6.30258e+01), Accept ratio: 0.48436, , best weights saved
INFO:root:Epoch   301, Energy: -1.05120e+02 (-1.05094e+02), Variance: 4.69044e+01 (6.03301e+01), Accept ratio: 0.48960, 
INFO:root:Epoch   302, Energy: -1.05307e+02 (-1.05281e+02), Variance: 4.78759e+01 (6.69592e+01), Accept ratio: 0.48740, 
INFO:root:Epoch   303, Energy: -1.05551e+02 (-1.05661e+02), Variance: 4.05712e+01 (8.55260e+01), Accept ratio: 0.48542, 
INFO:root:Epoch   304, Energy: -1.05286e+02 (-1.05121e+02), Variance: 3.70171e+01 (5.07567e+01), Accept ratio: 0.49230, 
INFO:root:Epoch   305, Energy: -1.05428e+02 (-1.05515e+02), Variance: 4.22130e+01 (1.14244e+02), Accept ratio: 0.48492, 
INFO:root:Epoch   306, Energy: -1.05317e+02 (-1.05138e+02), Variance: 3.60126e+01 (6.29603e+01), Accept ratio: 0.49605, 
INFO:root:Epoch   307, Energy: -1.05500e+02 (-1.05484e+02), Variance: 4.36113e+01 (5.94840e+01), Accept ratio: 0.48179, 
INFO:root:Epoch   308, Energy: -1.05279e+02 (-1.05160e+02), Variance: 4.26195e+01 (6.84561e+01), Accept ratio: 0.48364, 
INFO:root:Epoch   309, Energy: -1.05493e+02 (-1.05398e+02), Variance: 3.96889e+01 (5.59768e+01), Accept ratio: 0.48275, 
INFO:root:Epoch   310, Energy: -1.05595e+02 (-1.05518e+02), Variance: 4.02657e+01 (6.15212e+01), Accept ratio: 0.48350, 
INFO:root:Epoch   311, Energy: -1.05645e+02 (-1.05615e+02), Variance: 4.54522e+01 (7.11149e+01), Accept ratio: 0.48467, 
INFO:root:Epoch   312, Energy: -1.05438e+02 (-1.05169e+02), Variance: 4.14524e+01 (6.99953e+01), Accept ratio: 0.48828, 
INFO:root:Epoch   313, Energy: -1.05337e+02 (-1.05292e+02), Variance: 4.32353e+01 (6.22886e+01), Accept ratio: 0.48313, 
INFO:root:Epoch   314, Energy: -1.05713e+02 (-1.05571e+02), Variance: 4.57021e+01 (6.60682e+01), Accept ratio: 0.49003, 
INFO:root:Epoch   315, Energy: -1.05203e+02 (-1.04957e+02), Variance: 4.01072e+01 (7.49472e+01), Accept ratio: 0.48626, 
INFO:root:Epoch   316, Energy: -1.05654e+02 (-1.05516e+02), Variance: 3.84610e+01 (5.79717e+01), Accept ratio: 0.48624, 
INFO:root:Epoch   317, Energy: -1.05819e+02 (-1.05692e+02), Variance: 3.97421e+01 (6.69241e+01), Accept ratio: 0.49151, 
INFO:root:Epoch   318, Energy: -1.05432e+02 (-1.05398e+02), Variance: 4.08749e+01 (7.98354e+01), Accept ratio: 0.48680, 
INFO:root:Epoch   319, Energy: -1.05534e+02 (-1.05496e+02), Variance: 4.14940e+01 (7.00112e+01), Accept ratio: 0.48577, 
INFO:root:Epoch   320, Energy: -1.05294e+02 (-1.04740e+02), Variance: 4.60181e+01 (2.15300e+02), Accept ratio: 0.48198, 
INFO:root:Epoch   321, Energy: -1.05607e+02 (-1.05447e+02), Variance: 4.40594e+01 (7.40571e+01), Accept ratio: 0.48511, 
INFO:root:Epoch   322, Energy: -1.05862e+02 (-1.05918e+02), Variance: 4.00039e+01 (9.24942e+01), Accept ratio: 0.49151, 
INFO:root:Epoch   323, Energy: -1.05653e+02 (-1.04942e+02), Variance: 4.35588e+01 (4.32711e+02), Accept ratio: 0.48373, 
INFO:root:Epoch   324, Energy: -1.05637e+02 (-1.05399e+02), Variance: 3.70339e+01 (6.80117e+01), Accept ratio: 0.48016, 
INFO:root:Epoch   325, Energy: -1.05315e+02 (-1.05104e+02), Variance: 4.21993e+01 (7.27607e+01), Accept ratio: 0.48637, 
INFO:root:Epoch   326, Energy: -1.05640e+02 (-1.05567e+02), Variance: 3.56665e+01 (4.87079e+01), Accept ratio: 0.48270, 
INFO:root:Epoch   327, Energy: -1.05614e+02 (-1.05669e+02), Variance: 4.04754e+01 (7.73715e+01), Accept ratio: 0.49255, 
INFO:root:Epoch   328, Energy: -1.05620e+02 (-1.05479e+02), Variance: 3.98283e+01 (5.27408e+01), Accept ratio: 0.49104, 
INFO:root:Epoch   329, Energy: -1.05522e+02 (-1.05454e+02), Variance: 4.46385e+01 (6.76042e+01), Accept ratio: 0.48822, 
INFO:root:Epoch   330, Energy: -1.05805e+02 (-1.05743e+02), Variance: 3.55572e+01 (6.09394e+01), Accept ratio: 0.49090, 
INFO:root:Epoch   331, Energy: -1.05668e+02 (-1.05505e+02), Variance: 3.41262e+01 (5.91736e+01), Accept ratio: 0.49195, 
INFO:root:Epoch   332, Energy: -1.05771e+02 (-1.05719e+02), Variance: 3.26544e+01 (6.18354e+01), Accept ratio: 0.49391, 
INFO:root:Epoch   333, Energy: -1.05886e+02 (-1.05765e+02), Variance: 4.07676e+01 (6.37347e+01), Accept ratio: 0.48842, 
INFO:root:Epoch   334, Energy: -1.06099e+02 (-1.06034e+02), Variance: 3.62062e+01 (5.14854e+01), Accept ratio: 0.48640, 
INFO:root:Epoch   335, Energy: -1.05954e+02 (-1.06022e+02), Variance: 3.88260e+01 (7.03255e+01), Accept ratio: 0.48326, 
INFO:root:Epoch   336, Energy: -1.06002e+02 (-1.05945e+02), Variance: 3.79115e+01 (7.74374e+01), Accept ratio: 0.48779, 
INFO:root:Epoch   337, Energy: -1.05746e+02 (-1.05495e+02), Variance: 3.47109e+01 (6.30852e+01), Accept ratio: 0.48435, 
INFO:root:Epoch   338, Energy: -1.05823e+02 (-1.05818e+02), Variance: 3.99740e+01 (8.07728e+01), Accept ratio: 0.48106, 
INFO:root:Epoch   339, Energy: -1.05916e+02 (-1.05731e+02), Variance: 3.64553e+01 (5.75134e+01), Accept ratio: 0.47759, 
INFO:root:Epoch   340, Energy: -1.06086e+02 (-1.09001e+02), Variance: 5.30496e+01 (9.51862e+03), Accept ratio: 0.48731, 
INFO:root:Epoch   341, Energy: -1.06018e+02 (-1.05588e+02), Variance: 3.96176e+01 (1.63958e+02), Accept ratio: 0.48314, 
INFO:root:Epoch   342, Energy: -1.05927e+02 (-1.05425e+02), Variance: 3.78057e+01 (1.43627e+02), Accept ratio: 0.47951, 
INFO:root:Epoch   343, Energy: -1.06128e+02 (-1.06093e+02), Variance: 3.29130e+01 (5.98660e+01), Accept ratio: 0.48744, 
INFO:root:Epoch   344, Energy: -1.05981e+02 (-1.05857e+02), Variance: 3.15895e+01 (3.90055e+01), Accept ratio: 0.48860, 
INFO:root:Epoch   345, Energy: -1.06050e+02 (-1.05944e+02), Variance: 2.97179e+01 (3.55141e+01), Accept ratio: 0.48605, 
INFO:root:Epoch   346, Energy: -1.06151e+02 (-1.06026e+02), Variance: 2.91612e+01 (5.23579e+01), Accept ratio: 0.48517, 
INFO:root:Epoch   347, Energy: -1.06091e+02 (-1.05865e+02), Variance: 3.11223e+01 (5.72750e+01), Accept ratio: 0.48461, 
INFO:root:Epoch   348, Energy: -1.05886e+02 (-1.05726e+02), Variance: 3.58089e+01 (7.22412e+01), Accept ratio: 0.48471, 
INFO:root:Epoch   349, Energy: -1.06084e+02 (-1.06041e+02), Variance: 3.23429e+01 (5.66509e+01), Accept ratio: 0.48194, 
INFO:root:Epoch   350, Energy: -1.06379e+02 (-1.06218e+02), Variance: 3.31172e+01 (4.98165e+01), Accept ratio: 0.48468, 
INFO:root:Epoch   351, Energy: -1.06087e+02 (-1.05910e+02), Variance: 3.16621e+01 (5.08228e+01), Accept ratio: 0.48404, 
INFO:root:Epoch   352, Energy: -1.06211e+02 (-1.06094e+02), Variance: 3.10889e+01 (5.66102e+01), Accept ratio: 0.48422, 
INFO:root:Epoch   353, Energy: -1.06134e+02 (-1.06004e+02), Variance: 2.94556e+01 (4.67435e+01), Accept ratio: 0.48767, 
INFO:root:Epoch   354, Energy: -1.06222e+02 (-1.06108e+02), Variance: 2.94826e+01 (5.62109e+01), Accept ratio: 0.48573, 
INFO:root:Epoch   355, Energy: -1.06222e+02 (-1.06079e+02), Variance: 3.10819e+01 (1.16928e+02), Accept ratio: 0.48669, 
INFO:root:Epoch   356, Energy: -1.06397e+02 (-1.06153e+02), Variance: 3.37290e+01 (5.99391e+01), Accept ratio: 0.48511, 
INFO:root:Epoch   357, Energy: -1.06526e+02 (-1.06319e+02), Variance: 3.50347e+01 (7.16619e+01), Accept ratio: 0.48225, 
INFO:root:Epoch   358, Energy: -1.06645e+02 (-1.06494e+02), Variance: 3.32244e+01 (6.21664e+01), Accept ratio: 0.48378, 
INFO:root:Epoch   359, Energy: -1.06277e+02 (-1.06234e+02), Variance: 3.74263e+01 (1.64915e+02), Accept ratio: 0.48160, 
INFO:root:Epoch   360, Energy: -1.06377e+02 (-1.06290e+02), Variance: 3.18159e+01 (6.66432e+01), Accept ratio: 0.48262, 
INFO:root:Epoch   361, Energy: -1.06524e+02 (-1.06349e+02), Variance: 3.12130e+01 (6.34053e+01), Accept ratio: 0.48200, 
INFO:root:Epoch   362, Energy: -1.06606e+02 (-1.06234e+02), Variance: 3.21408e+01 (1.41120e+02), Accept ratio: 0.47801, 
INFO:root:Epoch   363, Energy: -1.06456e+02 (-1.06012e+02), Variance: 3.06347e+01 (1.33530e+02), Accept ratio: 0.48551, 
INFO:root:Epoch   364, Energy: -1.06276e+02 (-1.06195e+02), Variance: 2.56900e+01 (3.79564e+01), Accept ratio: 0.47914, 
INFO:root:Epoch   365, Energy: -1.06387e+02 (-1.06382e+02), Variance: 2.58240e+01 (4.98810e+01), Accept ratio: 0.48371, 
INFO:root:Epoch   366, Energy: -1.06135e+02 (-1.05761e+02), Variance: 2.35743e+01 (5.62564e+01), Accept ratio: 0.47578, 
INFO:root:Epoch   367, Energy: -1.06445e+02 (-1.06149e+02), Variance: 2.55723e+01 (6.41089e+01), Accept ratio: 0.47505, 
INFO:root:Epoch   368, Energy: -1.06406e+02 (-1.06226e+02), Variance: 2.19160e+01 (8.82820e+01), Accept ratio: 0.48095, 
INFO:root:Epoch   369, Energy: -1.06483e+02 (-1.06347e+02), Variance: 2.31128e+01 (8.63140e+01), Accept ratio: 0.47913, 
INFO:root:Epoch   370, Energy: -1.06457e+02 (-1.06475e+02), Variance: 2.32191e+01 (7.47775e+01), Accept ratio: 0.47611, 
INFO:root:Epoch   371, Energy: -1.06608e+02 (-1.06320e+02), Variance: 2.57853e+01 (5.87722e+01), Accept ratio: 0.47865, 
INFO:root:Epoch   372, Energy: -1.06768e+02 (-1.06508e+02), Variance: 2.85141e+01 (6.11225e+01), Accept ratio: 0.47721, 
INFO:root:Epoch   373, Energy: -1.06790e+02 (-1.06557e+02), Variance: 2.64572e+01 (4.47111e+01), Accept ratio: 0.47908, 
INFO:root:Epoch   374, Energy: -1.06807e+02 (-1.06711e+02), Variance: 2.49797e+01 (4.45044e+01), Accept ratio: 0.47668, 
INFO:root:Epoch   375, Energy: -1.06826e+02 (-1.06673e+02), Variance: 2.08054e+01 (4.38385e+01), Accept ratio: 0.47757, 
INFO:root:Epoch   376, Energy: -1.06588e+02 (-1.06011e+02), Variance: 2.44864e+01 (2.94840e+02), Accept ratio: 0.47628, 
INFO:root:Epoch   377, Energy: -1.06796e+02 (-1.06640e+02), Variance: 1.81291e+01 (2.97564e+01), Accept ratio: 0.47631, 
INFO:root:Epoch   378, Energy: -1.06726e+02 (-1.06466e+02), Variance: 2.37775e+01 (5.17407e+01), Accept ratio: 0.48157, 
INFO:root:Epoch   379, Energy: -1.06874e+02 (-1.06696e+02), Variance: 2.12753e+01 (4.60040e+01), Accept ratio: 0.47801, 
INFO:root:Epoch   380, Energy: -1.06723e+02 (-1.06694e+02), Variance: 2.18457e+01 (4.57606e+01), Accept ratio: 0.48243, 
INFO:root:Epoch   381, Energy: -1.06724e+02 (-1.06418e+02), Variance: 2.55120e+01 (1.37355e+02), Accept ratio: 0.48126, 
INFO:root:Epoch   382, Energy: -1.06867e+02 (-1.06701e+02), Variance: 2.08510e+01 (3.52483e+01), Accept ratio: 0.48496, 
INFO:root:Epoch   383, Energy: -1.06762e+02 (-1.06619e+02), Variance: 2.35758e+01 (3.33324e+01), Accept ratio: 0.48743, 
INFO:root:Epoch   384, Energy: -1.07029e+02 (-1.06906e+02), Variance: 1.83755e+01 (2.94054e+01), Accept ratio: 0.48204, 
INFO:root:Epoch   385, Energy: -1.06801e+02 (-1.06744e+02), Variance: 2.01963e+01 (3.28176e+01), Accept ratio: 0.47745, 
INFO:root:Epoch   386, Energy: -1.06781e+02 (-1.06546e+02), Variance: 2.20585e+01 (3.62910e+01), Accept ratio: 0.48126, 
INFO:root:Epoch   387, Energy: -1.06703e+02 (-1.06768e+02), Variance: 2.06696e+01 (5.95202e+01), Accept ratio: 0.47285, 
INFO:root:Epoch   388, Energy: -1.06723e+02 (-1.06341e+02), Variance: 2.08016e+01 (1.38050e+02), Accept ratio: 0.47687, 
INFO:root:Epoch   389, Energy: -1.06628e+02 (-1.06429e+02), Variance: 1.85802e+01 (3.66746e+01), Accept ratio: 0.47660, 
INFO:root:Epoch   390, Energy: -1.06563e+02 (-1.06475e+02), Variance: 2.03835e+01 (3.84285e+01), Accept ratio: 0.48213, 
INFO:root:Epoch   391, Energy: -1.06672e+02 (-1.06610e+02), Variance: 1.68338e+01 (2.68112e+01), Accept ratio: 0.48141, 
INFO:root:Epoch   392, Energy: -1.06687e+02 (-1.06570e+02), Variance: 1.91082e+01 (2.56483e+01), Accept ratio: 0.48705, 
INFO:root:Epoch   393, Energy: -1.06818e+02 (-1.06733e+02), Variance: 2.11763e+01 (3.42928e+01), Accept ratio: 0.47584, 
INFO:root:Epoch   394, Energy: -1.06773e+02 (-1.06703e+02), Variance: 1.71370e+01 (2.26443e+01), Accept ratio: 0.47915, 
INFO:root:Epoch   395, Energy: -1.06665e+02 (-1.06630e+02), Variance: 1.85588e+01 (2.69298e+01), Accept ratio: 0.47621, 
INFO:root:Epoch   396, Energy: -1.06757e+02 (-1.06722e+02), Variance: 2.30883e+01 (4.20081e+01), Accept ratio: 0.47954, 
INFO:root:Epoch   397, Energy: -1.06958e+02 (-1.06855e+02), Variance: 2.07337e+01 (4.05772e+01), Accept ratio: 0.48232, 
INFO:root:Epoch   398, Energy: -1.06786e+02 (-1.06628e+02), Variance: 1.76360e+01 (2.70394e+01), Accept ratio: 0.48392, 
INFO:root:Epoch   399, Energy: -1.06689e+02 (-1.06153e+02), Variance: 2.30921e+01 (1.45100e+02), Accept ratio: 0.48814, 
INFO:root:Epoch   400, Energy: -1.06878e+02 (-1.06755e+02), Variance: 1.82120e+01 (2.97424e+01), Accept ratio: 0.48223, , best weights saved
INFO:root:Epoch   401, Energy: -1.06905e+02 (-1.06787e+02), Variance: 1.79129e+01 (4.47420e+01), Accept ratio: 0.47980, 
INFO:root:Epoch   402, Energy: -1.06675e+02 (-1.06380e+02), Variance: 1.78044e+01 (4.05051e+01), Accept ratio: 0.47751, 
INFO:root:Epoch   403, Energy: -1.07107e+02 (-1.06990e+02), Variance: 1.90287e+01 (2.73400e+01), Accept ratio: 0.47958, 
INFO:root:Epoch   404, Energy: -1.06803e+02 (-1.06690e+02), Variance: 1.70994e+01 (2.17491e+01), Accept ratio: 0.47815, 
INFO:root:Epoch   405, Energy: -1.06826e+02 (-1.06637e+02), Variance: 1.88394e+01 (6.81138e+01), Accept ratio: 0.47845, 
INFO:root:Epoch   406, Energy: -1.06718e+02 (-1.06584e+02), Variance: 2.07232e+01 (3.88334e+01), Accept ratio: 0.47824, 
INFO:root:Epoch   407, Energy: -1.06838e+02 (-1.06565e+02), Variance: 2.01232e+01 (5.64114e+01), Accept ratio: 0.47706, 
INFO:root:Epoch   408, Energy: -1.06965e+02 (-1.06923e+02), Variance: 1.71687e+01 (2.67519e+01), Accept ratio: 0.48368, 
INFO:root:Epoch   409, Energy: -1.06888e+02 (-1.06997e+02), Variance: 1.92571e+01 (7.05135e+01), Accept ratio: 0.47320, 
INFO:root:Epoch   410, Energy: -1.07034e+02 (-1.07034e+02), Variance: 1.66084e+01 (3.89875e+01), Accept ratio: 0.48785, 
INFO:root:Epoch   411, Energy: -1.06809e+02 (-1.06754e+02), Variance: 1.82426e+01 (3.18797e+01), Accept ratio: 0.48046, 
INFO:root:Epoch   412, Energy: -1.07071e+02 (-1.07137e+02), Variance: 1.59197e+01 (4.37178e+01), Accept ratio: 0.48080, 
INFO:root:Epoch   413, Energy: -1.06920e+02 (-1.06953e+02), Variance: 1.67440e+01 (3.68101e+01), Accept ratio: 0.48452, 
INFO:root:Epoch   414, Energy: -1.06979e+02 (-1.06866e+02), Variance: 1.70235e+01 (3.32839e+01), Accept ratio: 0.48563, 
INFO:root:Epoch   415, Energy: -1.07137e+02 (-1.07032e+02), Variance: 1.31975e+01 (2.07284e+01), Accept ratio: 0.47697, 
INFO:root:Epoch   416, Energy: -1.07053e+02 (-1.06945e+02), Variance: 1.45793e+01 (2.23041e+01), Accept ratio: 0.48240, 
INFO:root:Epoch   417, Energy: -1.07189e+02 (-1.07092e+02), Variance: 1.40888e+01 (2.00457e+01), Accept ratio: 0.48033, 
INFO:root:Epoch   418, Energy: -1.06986e+02 (-1.06862e+02), Variance: 1.53755e+01 (3.21266e+01), Accept ratio: 0.47964, 
INFO:root:Epoch   419, Energy: -1.07014e+02 (-1.06952e+02), Variance: 1.58951e+01 (2.76643e+01), Accept ratio: 0.47837, 
INFO:root:Epoch   420, Energy: -1.06951e+02 (-1.06901e+02), Variance: 1.28556e+01 (1.96933e+01), Accept ratio: 0.48289, 
INFO:root:Epoch   421, Energy: -1.07078e+02 (-1.07030e+02), Variance: 1.26911e+01 (1.76252e+01), Accept ratio: 0.48526, 
INFO:root:Epoch   422, Energy: -1.07140e+02 (-1.07165e+02), Variance: 1.30604e+01 (3.21631e+01), Accept ratio: 0.47921, 
INFO:root:Epoch   423, Energy: -1.07174e+02 (-1.07064e+02), Variance: 1.36013e+01 (2.04520e+01), Accept ratio: 0.47359, 
INFO:root:Epoch   424, Energy: -1.07083e+02 (-1.07004e+02), Variance: 1.32547e+01 (3.41333e+01), Accept ratio: 0.47886, 
INFO:root:Epoch   425, Energy: -1.07146e+02 (-1.07051e+02), Variance: 1.24068e+01 (2.07943e+01), Accept ratio: 0.48067, 
INFO:root:Epoch   426, Energy: -1.07144e+02 (-1.07093e+02), Variance: 1.33058e+01 (2.14049e+01), Accept ratio: 0.48378, 
INFO:root:Epoch   427, Energy: -1.07257e+02 (-1.06997e+02), Variance: 1.32440e+01 (5.89000e+01), Accept ratio: 0.48426, 
INFO:root:Epoch   428, Energy: -1.07176e+02 (-1.07139e+02), Variance: 1.70009e+01 (3.87263e+01), Accept ratio: 0.48485, 
INFO:root:Epoch   429, Energy: -1.07155e+02 (-1.07098e+02), Variance: 1.25515e+01 (1.86037e+01), Accept ratio: 0.48018, 
INFO:root:Epoch   430, Energy: -1.07280e+02 (-1.07290e+02), Variance: 1.15260e+01 (2.03621e+01), Accept ratio: 0.48391, 
INFO:root:Epoch   431, Energy: -1.07159e+02 (-1.06757e+02), Variance: 1.20135e+01 (1.54407e+02), Accept ratio: 0.48398, 
INFO:root:Epoch   432, Energy: -1.07130e+02 (-1.07050e+02), Variance: 1.17073e+01 (2.25856e+01), Accept ratio: 0.48367, 
INFO:root:Epoch   433, Energy: -1.07148e+02 (-1.07081e+02), Variance: 1.38080e+01 (2.07823e+01), Accept ratio: 0.47995, 
INFO:root:Epoch   434, Energy: -1.07193e+02 (-1.07098e+02), Variance: 1.35207e+01 (2.28511e+01), Accept ratio: 0.47155, 
INFO:root:Epoch   435, Energy: -1.07389e+02 (-1.07274e+02), Variance: 1.28797e+01 (2.07567e+01), Accept ratio: 0.47738, 
INFO:root:Epoch   436, Energy: -1.07280e+02 (-1.07340e+02), Variance: 1.47414e+01 (3.35106e+01), Accept ratio: 0.47420, 
INFO:root:Epoch   437, Energy: -1.07090e+02 (-1.07059e+02), Variance: 1.28297e+01 (1.97272e+01), Accept ratio: 0.48055, 
INFO:root:Epoch   438, Energy: -1.07279e+02 (-1.07299e+02), Variance: 1.24189e+01 (2.33533e+01), Accept ratio: 0.47788, 
INFO:root:Epoch   439, Energy: -1.07234e+02 (-1.07167e+02), Variance: 1.15793e+01 (1.76350e+01), Accept ratio: 0.48300, 
INFO:root:Epoch   440, Energy: -1.07180e+02 (-1.07014e+02), Variance: 1.36556e+01 (2.78545e+01), Accept ratio: 0.47395, 
INFO:root:Epoch   441, Energy: -1.07226e+02 (-1.07208e+02), Variance: 1.51933e+01 (3.06302e+01), Accept ratio: 0.47876, 
INFO:root:Epoch   442, Energy: -1.07174e+02 (-1.07100e+02), Variance: 1.40033e+01 (2.36537e+01), Accept ratio: 0.47695, 
INFO:root:Epoch   443, Energy: -1.07014e+02 (-1.06925e+02), Variance: 1.34745e+01 (1.88927e+01), Accept ratio: 0.47599, 
INFO:root:Epoch   444, Energy: -1.07209e+02 (-1.07127e+02), Variance: 1.46163e+01 (2.81739e+01), Accept ratio: 0.47452, 
INFO:root:Epoch   445, Energy: -1.07386e+02 (-1.07336e+02), Variance: 1.26716e+01 (1.76347e+01), Accept ratio: 0.47809, 
INFO:root:Epoch   446, Energy: -1.07199e+02 (-1.07017e+02), Variance: 1.34518e+01 (2.43192e+01), Accept ratio: 0.47936, 
INFO:root:Epoch   447, Energy: -1.07290e+02 (-1.07225e+02), Variance: 1.28324e+01 (3.02279e+01), Accept ratio: 0.48123, 
INFO:root:Epoch   448, Energy: -1.07253e+02 (-1.07204e+02), Variance: 1.26293e+01 (2.00875e+01), Accept ratio: 0.48091, 
INFO:root:Epoch   449, Energy: -1.07323e+02 (-1.07126e+02), Variance: 1.30450e+01 (2.85066e+01), Accept ratio: 0.47971, 
INFO:root:Epoch   450, Energy: -1.07286e+02 (-1.07246e+02), Variance: 1.43676e+01 (2.76686e+01), Accept ratio: 0.47955, 
INFO:root:Epoch   451, Energy: -1.07341e+02 (-1.07316e+02), Variance: 1.11496e+01 (1.90005e+01), Accept ratio: 0.48531, 
INFO:root:Epoch   452, Energy: -1.07476e+02 (-1.07423e+02), Variance: 1.17580e+01 (2.07236e+01), Accept ratio: 0.47570, 
INFO:root:Epoch   453, Energy: -1.07234e+02 (-1.07132e+02), Variance: 1.17057e+01 (1.91309e+01), Accept ratio: 0.47772, 
INFO:root:Epoch   454, Energy: -1.07175e+02 (-1.07091e+02), Variance: 1.05423e+01 (1.68344e+01), Accept ratio: 0.47646, 
INFO:root:Epoch   455, Energy: -1.07469e+02 (-1.07436e+02), Variance: 8.80594e+00 (1.35359e+01), Accept ratio: 0.48007, 
INFO:root:Epoch   456, Energy: -1.07505e+02 (-1.07485e+02), Variance: 1.06792e+01 (1.86846e+01), Accept ratio: 0.47804, 
INFO:root:Epoch   457, Energy: -1.07387e+02 (-1.07244e+02), Variance: 1.13961e+01 (2.85615e+01), Accept ratio: 0.47613, 
INFO:root:Epoch   458, Energy: -1.07458e+02 (-1.07306e+02), Variance: 1.20513e+01 (2.91400e+01), Accept ratio: 0.47597, 
INFO:root:Epoch   459, Energy: -1.07447e+02 (-1.07407e+02), Variance: 1.13299e+01 (2.05405e+01), Accept ratio: 0.48383, 
INFO:root:Epoch   460, Energy: -1.07675e+02 (-1.07658e+02), Variance: 1.09627e+01 (1.87477e+01), Accept ratio: 0.48019, 
INFO:root:Epoch   461, Energy: -1.07463e+02 (-1.07453e+02), Variance: 1.07060e+01 (2.56192e+01), Accept ratio: 0.47501, 
INFO:root:Epoch   462, Energy: -1.07421e+02 (-1.07203e+02), Variance: 1.18406e+01 (6.34074e+01), Accept ratio: 0.47944, 
INFO:root:Epoch   463, Energy: -1.07442e+02 (-1.07287e+02), Variance: 1.07763e+01 (2.83354e+01), Accept ratio: 0.48444, 
INFO:root:Epoch   464, Energy: -1.07363e+02 (-1.07243e+02), Variance: 1.08551e+01 (2.06937e+01), Accept ratio: 0.47692, 
INFO:root:Epoch   465, Energy: -1.07293e+02 (-1.07653e+02), Variance: 1.39320e+01 (3.32094e+02), Accept ratio: 0.48322, 
INFO:root:Epoch   466, Energy: -1.07599e+02 (-1.07525e+02), Variance: 1.03746e+01 (1.88191e+01), Accept ratio: 0.48122, 
INFO:root:Epoch   467, Energy: -1.07432e+02 (-1.07353e+02), Variance: 1.06558e+01 (1.98655e+01), Accept ratio: 0.48148, 
INFO:root:Epoch   468, Energy: -1.07425e+02 (-1.07126e+02), Variance: 1.16831e+01 (8.87826e+01), Accept ratio: 0.48119, 
INFO:root:Epoch   469, Energy: -1.07387e+02 (-1.07315e+02), Variance: 9.58188e+00 (1.40571e+01), Accept ratio: 0.47573, 
INFO:root:Epoch   470, Energy: -1.07433e+02 (-1.07367e+02), Variance: 1.11269e+01 (2.62076e+01), Accept ratio: 0.47893, 
INFO:root:Epoch   471, Energy: -1.07384e+02 (-1.07395e+02), Variance: 1.03782e+01 (3.18135e+01), Accept ratio: 0.48232, 
INFO:root:Epoch   472, Energy: -1.07539e+02 (-1.07607e+02), Variance: 1.06307e+01 (2.70135e+01), Accept ratio: 0.47586, 
INFO:root:Epoch   473, Energy: -1.07403e+02 (-1.07258e+02), Variance: 1.00798e+01 (2.13715e+01), Accept ratio: 0.48182, 
INFO:root:Epoch   474, Energy: -1.07416e+02 (-1.07418e+02), Variance: 1.02558e+01 (3.58821e+01), Accept ratio: 0.47369, 
INFO:root:Epoch   475, Energy: -1.07266e+02 (-1.07175e+02), Variance: 1.22779e+01 (2.02090e+01), Accept ratio: 0.47503, 
INFO:root:Epoch   476, Energy: -1.07534e+02 (-1.07660e+02), Variance: 1.02386e+01 (6.26608e+01), Accept ratio: 0.47673, 
INFO:root:Epoch   477, Energy: -1.07468e+02 (-1.07446e+02), Variance: 1.02630e+01 (1.52124e+01), Accept ratio: 0.48426, 
INFO:root:Epoch   478, Energy: -1.07426e+02 (-1.07342e+02), Variance: 1.02939e+01 (1.45869e+01), Accept ratio: 0.48655, 
INFO:root:Epoch   479, Energy: -1.07542e+02 (-1.07318e+02), Variance: 9.78882e+00 (4.28714e+01), Accept ratio: 0.47609, 
INFO:root:Epoch   480, Energy: -1.07397e+02 (-1.07402e+02), Variance: 1.04545e+01 (1.71981e+01), Accept ratio: 0.47510, 
INFO:root:Epoch   481, Energy: -1.07505e+02 (-1.07436e+02), Variance: 1.00080e+01 (1.31102e+01), Accept ratio: 0.48826, 
INFO:root:Epoch   482, Energy: -1.07574e+02 (-1.07477e+02), Variance: 8.72695e+00 (1.31986e+01), Accept ratio: 0.47294, 
INFO:root:Epoch   483, Energy: -1.07694e+02 (-1.07514e+02), Variance: 1.11946e+01 (3.89348e+01), Accept ratio: 0.47918, 
INFO:root:Epoch   484, Energy: -1.07455e+02 (-1.07148e+02), Variance: 1.08406e+01 (5.01190e+01), Accept ratio: 0.47528, 
INFO:root:Epoch   485, Energy: -1.07566e+02 (-1.07011e+02), Variance: 1.06941e+01 (1.53092e+02), Accept ratio: 0.47873, 
INFO:root:Epoch   486, Energy: -1.07591e+02 (-1.07239e+02), Variance: 1.02286e+01 (1.19615e+02), Accept ratio: 0.48527, 
INFO:root:Epoch   487, Energy: -1.07491e+02 (-1.06914e+02), Variance: 1.22905e+01 (3.60834e+02), Accept ratio: 0.47724, 
INFO:root:Epoch   488, Energy: -1.07476e+02 (-1.07125e+02), Variance: 1.04117e+01 (8.64430e+01), Accept ratio: 0.47344, 
INFO:root:Epoch   489, Energy: -1.07685e+02 (-1.07599e+02), Variance: 9.96121e+00 (2.44226e+01), Accept ratio: 0.47308, 
INFO:root:Epoch   490, Energy: -1.07630e+02 (-1.07567e+02), Variance: 1.06563e+01 (1.55787e+01), Accept ratio: 0.47415, 
INFO:root:Epoch   491, Energy: -1.07690e+02 (-1.07623e+02), Variance: 9.04614e+00 (1.49010e+01), Accept ratio: 0.47373, 
INFO:root:Epoch   492, Energy: -1.07729e+02 (-1.07950e+02), Variance: 9.68821e+00 (4.49405e+01), Accept ratio: 0.47403, 
INFO:root:Epoch   493, Energy: -1.07633e+02 (-1.07560e+02), Variance: 9.06301e+00 (1.56909e+01), Accept ratio: 0.47567, 
INFO:root:Epoch   494, Energy: -1.07609e+02 (-1.07524e+02), Variance: 8.61429e+00 (1.29685e+01), Accept ratio: 0.47643, 
INFO:root:Epoch   495, Energy: -1.07808e+02 (-1.07853e+02), Variance: 9.30414e+00 (2.28337e+01), Accept ratio: 0.46826, 
INFO:root:Epoch   496, Energy: -1.07551e+02 (-1.07457e+02), Variance: 8.81217e+00 (1.33543e+01), Accept ratio: 0.47852, 
INFO:root:Epoch   497, Energy: -1.07630e+02 (-1.07600e+02), Variance: 1.02057e+01 (1.67025e+01), Accept ratio: 0.46960, 
INFO:root:Epoch   498, Energy: -1.07563e+02 (-1.07508e+02), Variance: 7.58961e+00 (1.11519e+01), Accept ratio: 0.48228, 
INFO:root:Epoch   499, Energy: -1.07575e+02 (-1.07433e+02), Variance: 7.69475e+00 (1.53630e+01), Accept ratio: 0.47966, 
INFO:root:Epoch   500, Energy: -1.07565e+02 (-1.07475e+02), Variance: 8.24574e+00 (1.22863e+01), Accept ratio: 0.47376, , best weights saved
INFO:root:Epoch   501, Energy: -1.07600e+02 (-1.07454e+02), Variance: 9.39595e+00 (2.16161e+01), Accept ratio: 0.47963, 
INFO:root:Epoch   502, Energy: -1.07677e+02 (-1.07597e+02), Variance: 8.97552e+00 (1.83195e+01), Accept ratio: 0.47859, 
INFO:root:Epoch   503, Energy: -1.07628e+02 (-1.07549e+02), Variance: 9.81833e+00 (1.96304e+01), Accept ratio: 0.48364, 
INFO:root:Epoch   504, Energy: -1.07522e+02 (-1.07386e+02), Variance: 1.01946e+01 (1.81340e+01), Accept ratio: 0.47924, 
INFO:root:Epoch   505, Energy: -1.07663e+02 (-1.07585e+02), Variance: 8.50451e+00 (1.12314e+01), Accept ratio: 0.47823, 
INFO:root:Epoch   506, Energy: -1.07623e+02 (-1.07584e+02), Variance: 8.47290e+00 (1.28123e+01), Accept ratio: 0.47872, 
INFO:root:Epoch   507, Energy: -1.07588e+02 (-1.07516e+02), Variance: 9.27383e+00 (2.08491e+01), Accept ratio: 0.47829, 
INFO:root:Epoch   508, Energy: -1.07746e+02 (-1.07663e+02), Variance: 7.55709e+00 (1.62089e+01), Accept ratio: 0.47664, 
INFO:root:Epoch   509, Energy: -1.07756e+02 (-1.07561e+02), Variance: 8.44551e+00 (2.10410e+01), Accept ratio: 0.48089, 
INFO:root:Epoch   510, Energy: -1.07728e+02 (-1.07587e+02), Variance: 8.10980e+00 (2.33429e+01), Accept ratio: 0.47832, 
INFO:root:Epoch   511, Energy: -1.07755e+02 (-1.07649e+02), Variance: 7.82658e+00 (1.94148e+01), Accept ratio: 0.47895, 
INFO:root:Epoch   512, Energy: -1.07732e+02 (-1.07561e+02), Variance: 8.25312e+00 (2.39623e+01), Accept ratio: 0.48353, 
INFO:root:Epoch   513, Energy: -1.07808e+02 (-1.07856e+02), Variance: 1.01381e+01 (2.71612e+01), Accept ratio: 0.47737, 
INFO:root:Epoch   514, Energy: -1.07755e+02 (-1.07525e+02), Variance: 8.96958e+00 (3.29024e+01), Accept ratio: 0.47540, 
INFO:root:Epoch   515, Energy: -1.07726e+02 (-1.07638e+02), Variance: 8.67339e+00 (1.43501e+01), Accept ratio: 0.47809, 
INFO:root:Epoch   516, Energy: -1.07757e+02 (-1.07586e+02), Variance: 8.62828e+00 (2.00118e+01), Accept ratio: 0.47702, 
INFO:root:Epoch   517, Energy: -1.07853e+02 (-1.07849e+02), Variance: 9.53238e+00 (1.66682e+01), Accept ratio: 0.47888, 
INFO:root:Epoch   518, Energy: -1.07648e+02 (-1.07509e+02), Variance: 9.40070e+00 (1.68237e+01), Accept ratio: 0.47841, 
INFO:root:Epoch   519, Energy: -1.07643e+02 (-1.07523e+02), Variance: 9.28371e+00 (1.83133e+01), Accept ratio: 0.47856, 
INFO:root:Epoch   520, Energy: -1.07661e+02 (-1.07545e+02), Variance: 9.53245e+00 (1.78938e+01), Accept ratio: 0.47463, 
INFO:root:Epoch   521, Energy: -1.07692e+02 (-1.07573e+02), Variance: 8.54058e+00 (1.32882e+01), Accept ratio: 0.48665, 
INFO:root:Epoch   522, Energy: -1.07716e+02 (-1.07639e+02), Variance: 7.58022e+00 (1.11494e+01), Accept ratio: 0.47114, 
INFO:root:Epoch   523, Energy: -1.07735e+02 (-1.07611e+02), Variance: 7.66539e+00 (1.25036e+01), Accept ratio: 0.47536, 
INFO:root:Epoch   524, Energy: -1.07689e+02 (-1.07361e+02), Variance: 9.71520e+00 (6.54119e+01), Accept ratio: 0.48426, 
INFO:root:Epoch   525, Energy: -1.07584e+02 (-1.07553e+02), Variance: 9.86262e+00 (1.97978e+01), Accept ratio: 0.48387, 
INFO:root:Epoch   526, Energy: -1.07711e+02 (-1.07548e+02), Variance: 8.40935e+00 (2.20833e+01), Accept ratio: 0.48030, 
INFO:root:Epoch   527, Energy: -1.07717e+02 (-1.07556e+02), Variance: 8.79844e+00 (2.67821e+01), Accept ratio: 0.47699, 
INFO:root:Epoch   528, Energy: -1.07722e+02 (-1.07569e+02), Variance: 7.76482e+00 (1.42351e+01), Accept ratio: 0.48511, 
INFO:root:Epoch   529, Energy: -1.07793e+02 (-1.07762e+02), Variance: 7.78275e+00 (2.02551e+01), Accept ratio: 0.48021, 
INFO:root:Epoch   530, Energy: -1.07896e+02 (-1.07792e+02), Variance: 8.45865e+00 (1.35013e+01), Accept ratio: 0.47254, 
INFO:root:Epoch   531, Energy: -1.07801e+02 (-1.07624e+02), Variance: 7.71151e+00 (1.48074e+01), Accept ratio: 0.47780, 
INFO:root:Epoch   532, Energy: -1.07879e+02 (-1.07737e+02), Variance: 8.32102e+00 (1.98858e+01), Accept ratio: 0.47905, 
INFO:root:Epoch   533, Energy: -1.07775e+02 (-1.07632e+02), Variance: 7.42562e+00 (1.41225e+01), Accept ratio: 0.48166, 
INFO:root:Epoch   534, Energy: -1.07795e+02 (-1.07497e+02), Variance: 8.01919e+00 (4.58145e+01), Accept ratio: 0.47877, 
INFO:root:Epoch   535, Energy: -1.07779e+02 (-1.07652e+02), Variance: 6.67860e+00 (1.26001e+01), Accept ratio: 0.47547, 
INFO:root:Epoch   536, Energy: -1.07855e+02 (-1.07743e+02), Variance: 6.22363e+00 (1.27301e+01), Accept ratio: 0.47791, 
INFO:root:Epoch   537, Energy: -1.07875e+02 (-1.07665e+02), Variance: 7.56839e+00 (2.00632e+01), Accept ratio: 0.47393, 
INFO:root:Epoch   538, Energy: -1.08025e+02 (-1.07992e+02), Variance: 8.00432e+00 (1.88573e+01), Accept ratio: 0.48100, 
INFO:root:Epoch   539, Energy: -1.07854e+02 (-1.07728e+02), Variance: 8.48740e+00 (2.15347e+01), Accept ratio: 0.47746, 
INFO:root:Epoch   540, Energy: -1.07862e+02 (-1.07826e+02), Variance: 7.66159e+00 (3.27127e+01), Accept ratio: 0.48297, 
INFO:root:Epoch   541, Energy: -1.07927e+02 (-1.07616e+02), Variance: 7.14725e+00 (8.02720e+01), Accept ratio: 0.47885, 
INFO:root:Epoch   542, Energy: -1.08008e+02 (-1.07933e+02), Variance: 7.49309e+00 (1.36694e+01), Accept ratio: 0.47618, 
INFO:root:Epoch   543, Energy: -1.08026e+02 (-1.08061e+02), Variance: 6.78174e+00 (1.64502e+01), Accept ratio: 0.48011, 
INFO:root:Epoch   544, Energy: -1.08004e+02 (-1.07860e+02), Variance: 7.75398e+00 (1.66337e+01), Accept ratio: 0.47463, 
INFO:root:Epoch   545, Energy: -1.07783e+02 (-1.07638e+02), Variance: 6.96174e+00 (1.37714e+01), Accept ratio: 0.48006, 
INFO:root:Epoch   546, Energy: -1.07870e+02 (-1.07795e+02), Variance: 7.08754e+00 (1.63174e+01), Accept ratio: 0.47924, 
INFO:root:Epoch   547, Energy: -1.07976e+02 (-1.07901e+02), Variance: 5.78081e+00 (1.12674e+01), Accept ratio: 0.47974, 
INFO:root:Epoch   548, Energy: -1.07794e+02 (-1.07680e+02), Variance: 6.88707e+00 (1.12204e+01), Accept ratio: 0.47908, 
INFO:root:Epoch   549, Energy: -1.07922e+02 (-1.07836e+02), Variance: 6.13265e+00 (1.00306e+01), Accept ratio: 0.48192, 
INFO:root:Epoch   550, Energy: -1.07859e+02 (-1.07697e+02), Variance: 6.43988e+00 (1.39963e+01), Accept ratio: 0.47653, 
INFO:root:Epoch   551, Energy: -1.07938e+02 (-1.07866e+02), Variance: 8.77778e+00 (3.19871e+01), Accept ratio: 0.47719, 
INFO:root:Epoch   552, Energy: -1.07911e+02 (-1.08016e+02), Variance: 6.36338e+00 (4.46715e+01), Accept ratio: 0.47584, 
INFO:root:Epoch   553, Energy: -1.07963e+02 (-1.07912e+02), Variance: 6.75787e+00 (1.53483e+01), Accept ratio: 0.47535, 
INFO:root:Epoch   554, Energy: -1.07888e+02 (-1.07700e+02), Variance: 6.88214e+00 (1.55354e+01), Accept ratio: 0.47647, 
INFO:root:Epoch   555, Energy: -1.07848e+02 (-1.07704e+02), Variance: 6.92939e+00 (1.21959e+01), Accept ratio: 0.47112, 
INFO:root:Epoch   556, Energy: -1.07838e+02 (-1.07726e+02), Variance: 5.62693e+00 (1.05928e+01), Accept ratio: 0.48091, 
INFO:root:Epoch   557, Energy: -1.07963e+02 (-1.07889e+02), Variance: 5.65890e+00 (9.86899e+00), Accept ratio: 0.48476, 
INFO:root:Epoch   558, Energy: -1.07820e+02 (-1.07709e+02), Variance: 7.14611e+00 (1.29030e+01), Accept ratio: 0.47893, 
INFO:root:Epoch   559, Energy: -1.07900e+02 (-1.07754e+02), Variance: 7.28601e+00 (2.10935e+01), Accept ratio: 0.47503, 
INFO:root:Epoch   560, Energy: -1.07833e+02 (-1.07702e+02), Variance: 6.23160e+00 (1.18758e+01), Accept ratio: 0.47497, 
INFO:root:Epoch   561, Energy: -1.07894e+02 (-1.07800e+02), Variance: 7.15482e+00 (1.31973e+01), Accept ratio: 0.47788, 
INFO:root:Epoch   562, Energy: -1.07935e+02 (-1.07865e+02), Variance: 7.00410e+00 (1.26719e+01), Accept ratio: 0.48429, 
INFO:root:Epoch   563, Energy: -1.07871e+02 (-1.07708e+02), Variance: 7.08881e+00 (2.14271e+01), Accept ratio: 0.48144, 
INFO:root:Epoch   564, Energy: -1.07821e+02 (-1.07616e+02), Variance: 6.58007e+00 (2.50811e+01), Accept ratio: 0.47783, 
INFO:root:Epoch   565, Energy: -1.07884e+02 (-1.07758e+02), Variance: 7.29870e+00 (1.51192e+01), Accept ratio: 0.48344, 
INFO:root:Epoch   566, Energy: -1.07890e+02 (-1.07829e+02), Variance: 6.63440e+00 (1.15440e+01), Accept ratio: 0.47432, 
INFO:root:Epoch   567, Energy: -1.08060e+02 (-1.08061e+02), Variance: 8.35285e+00 (1.65813e+01), Accept ratio: 0.47910, 
INFO:root:Epoch   568, Energy: -1.07872e+02 (-1.07699e+02), Variance: 6.72305e+00 (1.59384e+01), Accept ratio: 0.48181, 
INFO:root:Epoch   569, Energy: -1.07877e+02 (-1.07615e+02), Variance: 8.59734e+00 (3.51820e+01), Accept ratio: 0.47875, 
INFO:root:Epoch   570, Energy: -1.07908e+02 (-1.07786e+02), Variance: 7.01165e+00 (1.44249e+01), Accept ratio: 0.47008, 
INFO:root:Epoch   571, Energy: -1.08040e+02 (-1.07900e+02), Variance: 7.66764e+00 (1.88512e+01), Accept ratio: 0.47436, 
INFO:root:Epoch   572, Energy: -1.07914e+02 (-1.07822e+02), Variance: 6.70435e+00 (1.18034e+01), Accept ratio: 0.48111, 
INFO:root:Epoch   573, Energy: -1.07994e+02 (-1.07913e+02), Variance: 6.41543e+00 (9.83357e+00), Accept ratio: 0.48554, 
INFO:root:Epoch   574, Energy: -1.07996e+02 (-1.07706e+02), Variance: 6.67632e+00 (4.27152e+01), Accept ratio: 0.47161, 
INFO:root:Epoch   575, Energy: -1.07995e+02 (-1.07813e+02), Variance: 6.12337e+00 (1.97240e+01), Accept ratio: 0.47798, 
INFO:root:Epoch   576, Energy: -1.07993e+02 (-1.08031e+02), Variance: 5.93964e+00 (6.31160e+01), Accept ratio: 0.47605, 
INFO:root:Epoch   577, Energy: -1.08000e+02 (-1.07843e+02), Variance: 6.36656e+00 (1.47451e+01), Accept ratio: 0.48265, 
INFO:root:Epoch   578, Energy: -1.08022e+02 (-1.07887e+02), Variance: 6.76657e+00 (1.69590e+01), Accept ratio: 0.47718, 
INFO:root:Epoch   579, Energy: -1.07979e+02 (-1.07765e+02), Variance: 6.81560e+00 (2.85823e+01), Accept ratio: 0.47974, 
INFO:root:Epoch   580, Energy: -1.08089e+02 (-1.08060e+02), Variance: 5.98189e+00 (1.35656e+01), Accept ratio: 0.48121, 
INFO:root:Epoch   581, Energy: -1.07896e+02 (-1.07616e+02), Variance: 6.72304e+00 (5.05745e+01), Accept ratio: 0.47562, 
INFO:root:Epoch   582, Energy: -1.07964e+02 (-1.07792e+02), Variance: 5.67372e+00 (1.82654e+01), Accept ratio: 0.47953, 
INFO:root:Epoch   583, Energy: -1.08046e+02 (-1.07924e+02), Variance: 5.79064e+00 (1.59639e+01), Accept ratio: 0.47865, 
INFO:root:Epoch   584, Energy: -1.08079e+02 (-1.08050e+02), Variance: 5.80689e+00 (1.04965e+01), Accept ratio: 0.47462, 
INFO:root:Epoch   585, Energy: -1.07964e+02 (-1.07680e+02), Variance: 6.35590e+00 (3.69826e+01), Accept ratio: 0.47905, 
INFO:root:Epoch   586, Energy: -1.07964e+02 (-1.07778e+02), Variance: 6.96165e+00 (2.58960e+01), Accept ratio: 0.46938, 
INFO:root:Epoch   587, Energy: -1.08053e+02 (-1.07790e+02), Variance: 5.80509e+00 (6.98699e+01), Accept ratio: 0.47890, 
INFO:root:Epoch   588, Energy: -1.08022e+02 (-1.07909e+02), Variance: 6.84360e+00 (2.35240e+01), Accept ratio: 0.48011, 
INFO:root:Epoch   589, Energy: -1.08008e+02 (-1.07888e+02), Variance: 5.36772e+00 (1.00705e+01), Accept ratio: 0.47668, 
INFO:root:Epoch   590, Energy: -1.07965e+02 (-1.07804e+02), Variance: 5.97536e+00 (1.45916e+01), Accept ratio: 0.47380, 
INFO:root:Epoch   591, Energy: -1.07987e+02 (-1.07809e+02), Variance: 6.35844e+00 (2.30828e+01), Accept ratio: 0.47740, 
INFO:root:Epoch   592, Energy: -1.07964e+02 (-1.07862e+02), Variance: 6.04595e+00 (1.08432e+01), Accept ratio: 0.48115, 
INFO:root:Epoch   593, Energy: -1.08047e+02 (-1.07972e+02), Variance: 4.92866e+00 (1.22336e+01), Accept ratio: 0.48035, 
INFO:root:Epoch   594, Energy: -1.08054e+02 (-1.08042e+02), Variance: 5.87949e+00 (2.09390e+01), Accept ratio: 0.47269, 
INFO:root:Epoch   595, Energy: -1.08072e+02 (-1.08054e+02), Variance: 5.92622e+00 (1.27885e+01), Accept ratio: 0.47236, 
INFO:root:Epoch   596, Energy: -1.08030e+02 (-1.07913e+02), Variance: 5.77709e+00 (1.03959e+01), Accept ratio: 0.47195, 
INFO:root:Epoch   597, Energy: -1.08007e+02 (-1.07901e+02), Variance: 6.09994e+00 (1.26680e+01), Accept ratio: 0.47894, 
INFO:root:Epoch   598, Energy: -1.08179e+02 (-1.08202e+02), Variance: 6.14086e+00 (1.24615e+01), Accept ratio: 0.47401, 
INFO:root:Epoch   599, Energy: -1.08105e+02 (-1.08008e+02), Variance: 5.04124e+00 (8.77136e+00), Accept ratio: 0.48212, 
INFO:root:Epoch   600, Energy: -1.08007e+02 (-1.07888e+02), Variance: 5.22113e+00 (1.17496e+01), Accept ratio: 0.47467, , best weights saved
INFO:root:Epoch   601, Energy: -1.08054e+02 (-1.07965e+02), Variance: 5.08629e+00 (1.05896e+01), Accept ratio: 0.46982, 
INFO:root:Epoch   602, Energy: -1.08119e+02 (-1.08081e+02), Variance: 6.09101e+00 (1.23854e+01), Accept ratio: 0.47663, 
INFO:root:Epoch   603, Energy: -1.07985e+02 (-1.07900e+02), Variance: 5.63339e+00 (9.25856e+00), Accept ratio: 0.47014, 
INFO:root:Epoch   604, Energy: -1.08075e+02 (-1.07950e+02), Variance: 6.44718e+00 (2.01844e+01), Accept ratio: 0.47457, 
INFO:root:Epoch   605, Energy: -1.08069e+02 (-1.08068e+02), Variance: 5.53061e+00 (1.32619e+01), Accept ratio: 0.47485, 
INFO:root:Epoch   606, Energy: -1.08103e+02 (-1.08079e+02), Variance: 5.46838e+00 (1.09602e+01), Accept ratio: 0.47570, 
INFO:root:Epoch   607, Energy: -1.08053e+02 (-1.07968e+02), Variance: 5.22782e+00 (1.01895e+01), Accept ratio: 0.48033, 
INFO:root:Epoch   608, Energy: -1.08025e+02 (-1.07997e+02), Variance: 5.73645e+00 (1.39444e+01), Accept ratio: 0.48053, 
INFO:root:Epoch   609, Energy: -1.08085e+02 (-1.08054e+02), Variance: 5.76000e+00 (2.02554e+01), Accept ratio: 0.47044, 
INFO:root:Epoch   610, Energy: -1.08069e+02 (-1.08086e+02), Variance: 4.75686e+00 (8.77830e+00), Accept ratio: 0.47717, 
INFO:root:Epoch   611, Energy: -1.08072e+02 (-1.08131e+02), Variance: 5.65639e+00 (1.98037e+01), Accept ratio: 0.47359, 
INFO:root:Epoch   612, Energy: -1.07958e+02 (-1.07811e+02), Variance: 5.59130e+00 (1.39225e+01), Accept ratio: 0.47472, 
INFO:root:Epoch   613, Energy: -1.07982e+02 (-1.07996e+02), Variance: 5.68414e+00 (1.27340e+01), Accept ratio: 0.47583, 
INFO:root:Epoch   614, Energy: -1.08092e+02 (-1.07940e+02), Variance: 5.24300e+00 (1.49277e+01), Accept ratio: 0.47788, 
INFO:root:Epoch   615, Energy: -1.08125e+02 (-1.08153e+02), Variance: 5.29023e+00 (1.97728e+01), Accept ratio: 0.47886, 
INFO:root:Epoch   616, Energy: -1.08181e+02 (-1.08021e+02), Variance: 4.97003e+00 (1.87365e+01), Accept ratio: 0.48045, 
INFO:root:Epoch   617, Energy: -1.08119e+02 (-1.08047e+02), Variance: 5.02221e+00 (8.22212e+00), Accept ratio: 0.47515, 
INFO:root:Epoch   618, Energy: -1.08185e+02 (-1.08150e+02), Variance: 4.98656e+00 (8.11599e+00), Accept ratio: 0.47471, 
INFO:root:Epoch   619, Energy: -1.08092e+02 (-1.07981e+02), Variance: 4.41083e+00 (1.09451e+01), Accept ratio: 0.47761, 
INFO:root:Epoch   620, Energy: -1.08154e+02 (-1.08163e+02), Variance: 5.01396e+00 (1.10766e+01), Accept ratio: 0.48031, 
INFO:root:Epoch   621, Energy: -1.08125e+02 (-1.08014e+02), Variance: 4.36469e+00 (8.09186e+00), Accept ratio: 0.47237, 
INFO:root:Epoch   622, Energy: -1.08125e+02 (-1.08025e+02), Variance: 4.30290e+00 (1.23910e+01), Accept ratio: 0.47240, 
INFO:root:Epoch   623, Energy: -1.08209e+02 (-1.08174e+02), Variance: 5.41132e+00 (1.31562e+01), Accept ratio: 0.47231, 
INFO:root:Epoch   624, Energy: -1.08104e+02 (-1.07996e+02), Variance: 5.48896e+00 (3.04560e+01), Accept ratio: 0.47767, 
INFO:root:Epoch   625, Energy: -1.08142e+02 (-1.08157e+02), Variance: 5.13002e+00 (1.48278e+01), Accept ratio: 0.47837, 
INFO:root:Epoch   626, Energy: -1.08170e+02 (-1.08129e+02), Variance: 4.61496e+00 (8.01692e+00), Accept ratio: 0.47565, 
INFO:root:Epoch   627, Energy: -1.08182e+02 (-1.08009e+02), Variance: 4.68591e+00 (2.13545e+01), Accept ratio: 0.47301, 
INFO:root:Epoch   628, Energy: -1.08124e+02 (-1.07946e+02), Variance: 5.18216e+00 (2.25180e+01), Accept ratio: 0.48362, 
INFO:root:Epoch   629, Energy: -1.08171e+02 (-1.08027e+02), Variance: 4.83691e+00 (1.63413e+01), Accept ratio: 0.47497, 
INFO:root:Epoch   630, Energy: -1.08136e+02 (-1.08140e+02), Variance: 5.60097e+00 (1.51507e+01), Accept ratio: 0.47522, 
INFO:root:Epoch   631, Energy: -1.08106e+02 (-1.07933e+02), Variance: 5.11203e+00 (1.48329e+01), Accept ratio: 0.48113, 
INFO:root:Epoch   632, Energy: -1.08217e+02 (-1.08173e+02), Variance: 4.59593e+00 (6.39691e+00), Accept ratio: 0.47470, 
INFO:root:Epoch   633, Energy: -1.08165e+02 (-1.08183e+02), Variance: 4.96136e+00 (1.79081e+01), Accept ratio: 0.47239, 
INFO:root:Epoch   634, Energy: -1.08107e+02 (-1.08023e+02), Variance: 4.33925e+00 (9.07457e+00), Accept ratio: 0.47366, 
INFO:root:Epoch   635, Energy: -1.08196e+02 (-1.08140e+02), Variance: 4.76569e+00 (8.15306e+00), Accept ratio: 0.47236, 
INFO:root:Epoch   636, Energy: -1.08243e+02 (-1.08180e+02), Variance: 4.64384e+00 (7.17442e+00), Accept ratio: 0.48453, 
INFO:root:Epoch   637, Energy: -1.08139e+02 (-1.08164e+02), Variance: 5.21883e+00 (9.63167e+00), Accept ratio: 0.47734, 
INFO:root:Epoch   638, Energy: -1.08147e+02 (-1.08081e+02), Variance: 4.42088e+00 (8.98316e+00), Accept ratio: 0.48028, 
INFO:root:Epoch   639, Energy: -1.08186e+02 (-1.08128e+02), Variance: 4.64229e+00 (1.38290e+01), Accept ratio: 0.48298, 
INFO:root:Epoch   640, Energy: -1.08256e+02 (-1.08240e+02), Variance: 4.39241e+00 (7.18086e+00), Accept ratio: 0.47917, 
INFO:root:Epoch   641, Energy: -1.08264e+02 (-1.08257e+02), Variance: 4.23739e+00 (7.05439e+00), Accept ratio: 0.47811, 
INFO:root:Epoch   642, Energy: -1.08182e+02 (-1.08249e+02), Variance: 4.49327e+00 (1.28948e+01), Accept ratio: 0.47825, 
INFO:root:Epoch   643, Energy: -1.08140e+02 (-1.08183e+02), Variance: 4.73209e+00 (1.10124e+01), Accept ratio: 0.46587, 
INFO:root:Epoch   644, Energy: -1.08160e+02 (-1.08131e+02), Variance: 4.06666e+00 (7.35705e+00), Accept ratio: 0.47925, 
INFO:root:Epoch   645, Energy: -1.08267e+02 (-1.08197e+02), Variance: 4.28152e+00 (2.16084e+01), Accept ratio: 0.48083, 
INFO:root:Epoch   646, Energy: -1.08200e+02 (-1.08222e+02), Variance: 3.95563e+00 (1.02255e+01), Accept ratio: 0.47941, 
INFO:root:Epoch   647, Energy: -1.08232e+02 (-1.08230e+02), Variance: 4.38426e+00 (6.49718e+00), Accept ratio: 0.47682, 
INFO:root:Epoch   648, Energy: -1.08257e+02 (-1.08213e+02), Variance: 4.22531e+00 (6.31075e+00), Accept ratio: 0.47419, 
INFO:root:Epoch   649, Energy: -1.08244e+02 (-1.08194e+02), Variance: 3.90347e+00 (6.83367e+00), Accept ratio: 0.48235, 
INFO:root:Epoch   650, Energy: -1.08246e+02 (-1.08167e+02), Variance: 4.81617e+00 (7.23426e+00), Accept ratio: 0.48503, 
INFO:root:Epoch   651, Energy: -1.08269e+02 (-1.08392e+02), Variance: 4.22724e+00 (1.72840e+01), Accept ratio: 0.48527, 
INFO:root:Epoch   652, Energy: -1.08254e+02 (-1.08283e+02), Variance: 5.12643e+00 (1.16784e+01), Accept ratio: 0.47749, 
INFO:root:Epoch   653, Energy: -1.08223e+02 (-1.08218e+02), Variance: 4.09457e+00 (7.04467e+00), Accept ratio: 0.47601, 
INFO:root:Epoch   654, Energy: -1.08190e+02 (-1.08214e+02), Variance: 4.65388e+00 (7.99060e+00), Accept ratio: 0.47898, 
INFO:root:Epoch   655, Energy: -1.08106e+02 (-1.08054e+02), Variance: 4.47640e+00 (6.59201e+00), Accept ratio: 0.47774, 
INFO:root:Epoch   656, Energy: -1.08220e+02 (-1.08229e+02), Variance: 4.44187e+00 (1.44593e+01), Accept ratio: 0.48152, 
INFO:root:Epoch   657, Energy: -1.08205e+02 (-1.08260e+02), Variance: 3.81784e+00 (9.82364e+00), Accept ratio: 0.48187, 
INFO:root:Epoch   658, Energy: -1.08248e+02 (-1.08376e+02), Variance: 4.12018e+00 (1.95621e+01), Accept ratio: 0.48136, 
INFO:root:Epoch   659, Energy: -1.08314e+02 (-1.08351e+02), Variance: 4.18360e+00 (9.30791e+00), Accept ratio: 0.47491, 
INFO:root:Epoch   660, Energy: -1.08290e+02 (-1.08325e+02), Variance: 4.42706e+00 (9.30377e+00), Accept ratio: 0.47835, 
INFO:root:Epoch   661, Energy: -1.08338e+02 (-1.08339e+02), Variance: 4.16580e+00 (7.71298e+00), Accept ratio: 0.47836, 
INFO:root:Epoch   662, Energy: -1.08303e+02 (-1.08336e+02), Variance: 3.69810e+00 (6.03817e+00), Accept ratio: 0.47804, 
INFO:root:Epoch   663, Energy: -1.08343e+02 (-1.08338e+02), Variance: 4.43829e+00 (6.35489e+00), Accept ratio: 0.48186, 
INFO:root:Epoch   664, Energy: -1.08241e+02 (-1.08174e+02), Variance: 4.31797e+00 (1.00323e+01), Accept ratio: 0.47399, 
INFO:root:Epoch   665, Energy: -1.08324e+02 (-1.08349e+02), Variance: 4.56144e+00 (7.20316e+00), Accept ratio: 0.47675, 
INFO:root:Epoch   666, Energy: -1.08288e+02 (-1.08132e+02), Variance: 4.34236e+00 (1.58947e+01), Accept ratio: 0.47990, 
INFO:root:Epoch   667, Energy: -1.08440e+02 (-1.08477e+02), Variance: 4.21244e+00 (7.38720e+00), Accept ratio: 0.47964, 
INFO:root:Epoch   668, Energy: -1.08297e+02 (-1.08294e+02), Variance: 4.04391e+00 (5.70034e+00), Accept ratio: 0.47301, 
INFO:root:Epoch   669, Energy: -1.08183e+02 (-1.08149e+02), Variance: 3.48171e+00 (4.57258e+00), Accept ratio: 0.48025, 
INFO:root:Epoch   670, Energy: -1.08291e+02 (-1.08257e+02), Variance: 3.75748e+00 (6.70082e+00), Accept ratio: 0.47696, 
INFO:root:Epoch   671, Energy: -1.08231e+02 (-1.08177e+02), Variance: 3.92965e+00 (6.54747e+00), Accept ratio: 0.47242, 
INFO:root:Epoch   672, Energy: -1.08212e+02 (-1.08175e+02), Variance: 3.55656e+00 (6.04969e+00), Accept ratio: 0.47919, 
INFO:root:Epoch   673, Energy: -1.08300e+02 (-1.08314e+02), Variance: 3.99729e+00 (8.56798e+00), Accept ratio: 0.47859, 
INFO:root:Epoch   674, Energy: -1.08205e+02 (-1.08201e+02), Variance: 3.80893e+00 (5.41306e+00), Accept ratio: 0.47257, 
INFO:root:Epoch   675, Energy: -1.08224e+02 (-1.08195e+02), Variance: 3.75937e+00 (7.43457e+00), Accept ratio: 0.47351, 
INFO:root:Epoch   676, Energy: -1.08322e+02 (-1.08355e+02), Variance: 4.69704e+00 (2.40015e+01), Accept ratio: 0.47406, 
INFO:root:Epoch   677, Energy: -1.08281e+02 (-1.08279e+02), Variance: 3.83699e+00 (8.90025e+00), Accept ratio: 0.47143, 
INFO:root:Epoch   678, Energy: -1.08328e+02 (-1.08337e+02), Variance: 4.04132e+00 (6.95331e+00), Accept ratio: 0.47670, 
INFO:root:Epoch   679, Energy: -1.08336e+02 (-1.08420e+02), Variance: 3.70198e+00 (1.89746e+01), Accept ratio: 0.47875, 
INFO:root:Epoch   680, Energy: -1.08314e+02 (-1.08299e+02), Variance: 3.84490e+00 (7.78637e+00), Accept ratio: 0.47384, 
INFO:root:Epoch   681, Energy: -1.08309e+02 (-1.08246e+02), Variance: 4.28475e+00 (7.86290e+00), Accept ratio: 0.47283, 
INFO:root:Epoch   682, Energy: -1.08279e+02 (-1.08254e+02), Variance: 3.68356e+00 (6.17182e+00), Accept ratio: 0.47224, 
INFO:root:Epoch   683, Energy: -1.08308e+02 (-1.08231e+02), Variance: 4.15004e+00 (6.43625e+00), Accept ratio: 0.46993, 
INFO:root:Epoch   684, Energy: -1.08274e+02 (-1.08189e+02), Variance: 4.59688e+00 (8.69848e+00), Accept ratio: 0.47673, 
INFO:root:Epoch   685, Energy: -1.08281e+02 (-1.08204e+02), Variance: 4.06937e+00 (1.33579e+01), Accept ratio: 0.47689, 
INFO:root:Epoch   686, Energy: -1.08251e+02 (-1.08215e+02), Variance: 3.84412e+00 (5.91844e+00), Accept ratio: 0.47635, 
INFO:root:Epoch   687, Energy: -1.08273e+02 (-1.08242e+02), Variance: 4.35442e+00 (7.60516e+00), Accept ratio: 0.47057, 
INFO:root:Epoch   688, Energy: -1.08260e+02 (-1.08274e+02), Variance: 4.72261e+00 (1.87215e+01), Accept ratio: 0.47659, 
INFO:root:Epoch   689, Energy: -1.08272e+02 (-1.08257e+02), Variance: 4.34396e+00 (7.07572e+00), Accept ratio: 0.47384, 
INFO:root:Epoch   690, Energy: -1.08336e+02 (-1.08273e+02), Variance: 3.70274e+00 (6.02845e+00), Accept ratio: 0.47853, 
INFO:root:Epoch   691, Energy: -1.08248e+02 (-1.08159e+02), Variance: 3.66566e+00 (8.10924e+00), Accept ratio: 0.48114, 
INFO:root:Epoch   692, Energy: -1.08208e+02 (-1.08224e+02), Variance: 4.15051e+00 (7.33006e+00), Accept ratio: 0.47567, 
INFO:root:Epoch   693, Energy: -1.08332e+02 (-1.08350e+02), Variance: 4.03802e+00 (6.33400e+00), Accept ratio: 0.47744, 
INFO:root:Epoch   694, Energy: -1.08174e+02 (-1.08187e+02), Variance: 3.61762e+00 (5.88353e+00), Accept ratio: 0.47519, 
INFO:root:Epoch   695, Energy: -1.08311e+02 (-1.08273e+02), Variance: 3.96265e+00 (5.65581e+00), Accept ratio: 0.47873, 
INFO:root:Epoch   696, Energy: -1.08340e+02 (-1.08356e+02), Variance: 3.67191e+00 (6.16923e+00), Accept ratio: 0.47054, 
INFO:root:Epoch   697, Energy: -1.08270e+02 (-1.08239e+02), Variance: 3.91617e+00 (1.60726e+01), Accept ratio: 0.47986, 
INFO:root:Epoch   698, Energy: -1.08260e+02 (-1.07820e+02), Variance: 4.30206e+00 (1.74749e+02), Accept ratio: 0.46918, 
INFO:root:Epoch   699, Energy: -1.08312e+02 (-1.08292e+02), Variance: 3.62722e+00 (5.52780e+00), Accept ratio: 0.47381, 
INFO:root:Epoch   700, Energy: -1.08329e+02 (-1.08356e+02), Variance: 4.00109e+00 (1.59321e+01), Accept ratio: 0.47544, , best weights saved
INFO:root:Epoch   701, Energy: -1.08304e+02 (-1.08226e+02), Variance: 3.20767e+00 (6.87573e+00), Accept ratio: 0.47709, 
INFO:root:Epoch   702, Energy: -1.08279e+02 (-1.08189e+02), Variance: 3.45903e+00 (1.57187e+01), Accept ratio: 0.47324, 
INFO:root:Epoch   703, Energy: -1.08272e+02 (-1.08245e+02), Variance: 3.78228e+00 (7.68344e+00), Accept ratio: 0.47044, 
INFO:root:Epoch   704, Energy: -1.08350e+02 (-1.08405e+02), Variance: 3.84255e+00 (6.61930e+00), Accept ratio: 0.46879, 
INFO:root:Epoch   705, Energy: -1.08373e+02 (-1.08351e+02), Variance: 3.50709e+00 (7.08106e+00), Accept ratio: 0.47256, 
INFO:root:Epoch   706, Energy: -1.08418e+02 (-1.08358e+02), Variance: 3.31005e+00 (6.41751e+00), Accept ratio: 0.47732, 
INFO:root:Epoch   707, Energy: -1.08353e+02 (-1.08302e+02), Variance: 3.09680e+00 (4.67236e+00), Accept ratio: 0.47874, 
INFO:root:Epoch   708, Energy: -1.08328e+02 (-1.08363e+02), Variance: 3.11571e+00 (9.25102e+00), Accept ratio: 0.47694, 
INFO:root:Epoch   709, Energy: -1.08325e+02 (-1.08307e+02), Variance: 3.38235e+00 (4.78527e+00), Accept ratio: 0.47904, 
INFO:root:Epoch   710, Energy: -1.08367e+02 (-1.08378e+02), Variance: 3.56035e+00 (5.66019e+00), Accept ratio: 0.48331, 
INFO:root:Epoch   711, Energy: -1.08283e+02 (-1.08228e+02), Variance: 3.25126e+00 (5.32752e+00), Accept ratio: 0.47781, 
INFO:root:Epoch   712, Energy: -1.08373e+02 (-1.08378e+02), Variance: 3.60304e+00 (5.47448e+00), Accept ratio: 0.47384, 
INFO:root:Epoch   713, Energy: -1.08382e+02 (-1.08503e+02), Variance: 3.68347e+00 (1.62494e+01), Accept ratio: 0.46722, 
INFO:root:Epoch   714, Energy: -1.08388e+02 (-1.08386e+02), Variance: 2.90678e+00 (4.26822e+00), Accept ratio: 0.47775, 
INFO:root:Epoch   715, Energy: -1.08307e+02 (-1.08295e+02), Variance: 2.88027e+00 (4.88357e+00), Accept ratio: 0.47082, 
INFO:root:Epoch   716, Energy: -1.08359e+02 (-1.08333e+02), Variance: 3.22089e+00 (5.75070e+00), Accept ratio: 0.47807, 
INFO:root:Epoch   717, Energy: -1.08345e+02 (-1.08255e+02), Variance: 3.04174e+00 (7.91912e+00), Accept ratio: 0.47700, 
INFO:root:Epoch   718, Energy: -1.08267e+02 (-1.08236e+02), Variance: 3.51699e+00 (6.03664e+00), Accept ratio: 0.48309, 
INFO:root:Epoch   719, Energy: -1.08322e+02 (-1.08260e+02), Variance: 3.64503e+00 (6.68706e+00), Accept ratio: 0.47840, 
INFO:root:Epoch   720, Energy: -1.08343e+02 (-1.08292e+02), Variance: 3.41404e+00 (6.97024e+00), Accept ratio: 0.47505, 
INFO:root:Epoch   721, Energy: -1.08307e+02 (-1.08276e+02), Variance: 3.29816e+00 (6.90823e+00), Accept ratio: 0.48224, 
INFO:root:Epoch   722, Energy: -1.08282e+02 (-1.08234e+02), Variance: 3.35693e+00 (9.68525e+00), Accept ratio: 0.47499, 
INFO:root:Epoch   723, Energy: -1.08248e+02 (-1.08169e+02), Variance: 3.70817e+00 (1.84182e+01), Accept ratio: 0.47915, 
INFO:root:Epoch   724, Energy: -1.08318e+02 (-1.08200e+02), Variance: 3.15692e+00 (1.39200e+01), Accept ratio: 0.47734, 
INFO:root:Epoch   725, Energy: -1.08375e+02 (-1.08333e+02), Variance: 3.10530e+00 (4.93926e+00), Accept ratio: 0.48177, 
INFO:root:Epoch   726, Energy: -1.08410e+02 (-1.08422e+02), Variance: 3.16933e+00 (6.19622e+00), Accept ratio: 0.47629, 
INFO:root:Epoch   727, Energy: -1.08429e+02 (-1.08353e+02), Variance: 3.08189e+00 (6.40976e+00), Accept ratio: 0.47158, 
INFO:root:Epoch   728, Energy: -1.08350e+02 (-1.08331e+02), Variance: 3.58509e+00 (5.78647e+00), Accept ratio: 0.47605, 
INFO:root:Epoch   729, Energy: -1.08305e+02 (-1.08268e+02), Variance: 3.71900e+00 (6.01965e+00), Accept ratio: 0.46416, 
INFO:root:Epoch   730, Energy: -1.08353e+02 (-1.08441e+02), Variance: 3.42671e+00 (2.08256e+01), Accept ratio: 0.47544, 
INFO:root:Epoch   731, Energy: -1.08315e+02 (-1.08294e+02), Variance: 3.32592e+00 (5.63307e+00), Accept ratio: 0.47286, 
INFO:root:Epoch   732, Energy: -1.08299e+02 (-1.08602e+02), Variance: 4.11320e+00 (1.51688e+02), Accept ratio: 0.47376, 
INFO:root:Epoch   733, Energy: -1.08393e+02 (-1.08338e+02), Variance: 3.17298e+00 (6.55240e+00), Accept ratio: 0.47408, 
INFO:root:Epoch   734, Energy: -1.08342e+02 (-1.08309e+02), Variance: 3.10072e+00 (4.50107e+00), Accept ratio: 0.47344, 
INFO:root:Epoch   735, Energy: -1.08332e+02 (-1.08271e+02), Variance: 3.29120e+00 (5.56140e+00), Accept ratio: 0.46955, 
INFO:root:Epoch   736, Energy: -1.08303e+02 (-1.08285e+02), Variance: 3.97847e+00 (9.90432e+00), Accept ratio: 0.47491, 
INFO:root:Epoch   737, Energy: -1.08364e+02 (-1.08362e+02), Variance: 3.34300e+00 (8.32424e+00), Accept ratio: 0.47276, 
INFO:root:Epoch   738, Energy: -1.08236e+02 (-1.08249e+02), Variance: 3.33293e+00 (7.35760e+00), Accept ratio: 0.47750, 
INFO:root:Epoch   739, Energy: -1.08293e+02 (-1.08261e+02), Variance: 3.13893e+00 (4.50312e+00), Accept ratio: 0.47701, 
INFO:root:Epoch   740, Energy: -1.08285e+02 (-1.08275e+02), Variance: 3.35171e+00 (5.84996e+00), Accept ratio: 0.47245, 
INFO:root:Epoch   741, Energy: -1.08349e+02 (-1.08328e+02), Variance: 3.50912e+00 (4.58154e+00), Accept ratio: 0.48813, 
INFO:root:Epoch   742, Energy: -1.08273e+02 (-1.08206e+02), Variance: 3.58960e+00 (5.94366e+00), Accept ratio: 0.46989, 
INFO:root:Epoch   743, Energy: -1.08354e+02 (-1.08353e+02), Variance: 3.49733e+00 (8.62593e+00), Accept ratio: 0.47909, 
INFO:root:Epoch   744, Energy: -1.08374e+02 (-1.08321e+02), Variance: 3.54893e+00 (5.67979e+00), Accept ratio: 0.47339, 
INFO:root:Epoch   745, Energy: -1.08404e+02 (-1.08385e+02), Variance: 3.21213e+00 (6.02105e+00), Accept ratio: 0.47408, 
INFO:root:Epoch   746, Energy: -1.08425e+02 (-1.08462e+02), Variance: 3.68587e+00 (8.82076e+00), Accept ratio: 0.46900, 
INFO:root:Epoch   747, Energy: -1.08435e+02 (-1.08393e+02), Variance: 3.38706e+00 (5.28248e+00), Accept ratio: 0.46955, 
INFO:root:Epoch   748, Energy: -1.08385e+02 (-1.08339e+02), Variance: 3.49214e+00 (6.23371e+00), Accept ratio: 0.47620, 
INFO:root:Epoch   749, Energy: -1.08353e+02 (-1.08287e+02), Variance: 2.86128e+00 (9.14421e+00), Accept ratio: 0.48029, 
INFO:root:Epoch   750, Energy: -1.08394e+02 (-1.08213e+02), Variance: 3.69233e+00 (2.20406e+01), Accept ratio: 0.47306, 
INFO:root:Epoch   751, Energy: -1.08394e+02 (-1.08315e+02), Variance: 3.29195e+00 (7.38781e+00), Accept ratio: 0.47979, 
INFO:root:Epoch   752, Energy: -1.08454e+02 (-1.08470e+02), Variance: 3.69827e+00 (1.19636e+01), Accept ratio: 0.47655, 
INFO:root:Epoch   753, Energy: -1.08483e+02 (-1.08351e+02), Variance: 3.37344e+00 (1.23355e+01), Accept ratio: 0.47742, 
INFO:root:Epoch   754, Energy: -1.08455e+02 (-1.08426e+02), Variance: 2.91157e+00 (5.55442e+00), Accept ratio: 0.47970, 
INFO:root:Epoch   755, Energy: -1.08466e+02 (-1.08506e+02), Variance: 2.78111e+00 (8.37536e+00), Accept ratio: 0.47857, 
INFO:root:Epoch   756, Energy: -1.08495e+02 (-1.08409e+02), Variance: 2.99980e+00 (8.16097e+00), Accept ratio: 0.47556, 
INFO:root:Epoch   757, Energy: -1.08450e+02 (-1.08387e+02), Variance: 3.01922e+00 (6.14801e+00), Accept ratio: 0.47400, 
INFO:root:Epoch   758, Energy: -1.08524e+02 (-1.08483e+02), Variance: 2.81296e+00 (7.04717e+00), Accept ratio: 0.48121, 
INFO:root:Epoch   759, Energy: -1.08487e+02 (-1.08418e+02), Variance: 2.62061e+00 (6.28819e+00), Accept ratio: 0.47613, 
INFO:root:Epoch   760, Energy: -1.08524e+02 (-1.08531e+02), Variance: 3.12338e+00 (4.93229e+00), Accept ratio: 0.47364, 
INFO:root:Epoch   761, Energy: -1.08509e+02 (-1.08458e+02), Variance: 3.02957e+00 (6.27250e+00), Accept ratio: 0.47114, 
INFO:root:Epoch   762, Energy: -1.08583e+02 (-1.08567e+02), Variance: 2.79531e+00 (5.02481e+00), Accept ratio: 0.47653, 
INFO:root:Epoch   763, Energy: -1.08474e+02 (-1.08379e+02), Variance: 3.36866e+00 (7.70414e+00), Accept ratio: 0.47154, 
INFO:root:Epoch   764, Energy: -1.08399e+02 (-1.08416e+02), Variance: 3.18772e+00 (5.76273e+00), Accept ratio: 0.47531, 
INFO:root:Epoch   765, Energy: -1.08450e+02 (-1.08406e+02), Variance: 2.60130e+00 (4.07753e+00), Accept ratio: 0.47731, 
INFO:root:Epoch   766, Energy: -1.08447e+02 (-1.08374e+02), Variance: 2.67358e+00 (5.03804e+00), Accept ratio: 0.47348, 
INFO:root:Epoch   767, Energy: -1.08539e+02 (-1.08520e+02), Variance: 2.70594e+00 (4.44480e+00), Accept ratio: 0.47419, 
INFO:root:Epoch   768, Energy: -1.08527e+02 (-1.08505e+02), Variance: 3.14308e+00 (6.43058e+00), Accept ratio: 0.47111, 
INFO:root:Epoch   769, Energy: -1.08459e+02 (-1.08371e+02), Variance: 3.44135e+00 (8.25059e+00), Accept ratio: 0.47405, 
INFO:root:Epoch   770, Energy: -1.08456e+02 (-1.08375e+02), Variance: 3.16011e+00 (9.31677e+00), Accept ratio: 0.47439, 
INFO:root:Epoch   771, Energy: -1.08460e+02 (-1.08503e+02), Variance: 3.76513e+00 (1.79655e+01), Accept ratio: 0.47989, 
INFO:root:Epoch   772, Energy: -1.08446e+02 (-1.08397e+02), Variance: 3.69144e+00 (1.61224e+01), Accept ratio: 0.47544, 
INFO:root:Epoch   773, Energy: -1.08393e+02 (-1.08365e+02), Variance: 3.12081e+00 (1.15413e+01), Accept ratio: 0.47371, 
INFO:root:Epoch   774, Energy: -1.08447e+02 (-1.08385e+02), Variance: 2.81657e+00 (5.28418e+00), Accept ratio: 0.47250, 
INFO:root:Epoch   775, Energy: -1.08436e+02 (-1.08431e+02), Variance: 3.01279e+00 (5.62856e+00), Accept ratio: 0.47109, 
INFO:root:Epoch   776, Energy: -1.08478e+02 (-1.08439e+02), Variance: 2.73996e+00 (5.04754e+00), Accept ratio: 0.47178, 
INFO:root:Epoch   777, Energy: -1.08430e+02 (-1.08379e+02), Variance: 3.07796e+00 (6.44807e+00), Accept ratio: 0.47639, 
INFO:root:Epoch   778, Energy: -1.08406e+02 (-1.08367e+02), Variance: 2.75310e+00 (4.71572e+00), Accept ratio: 0.48407, 
INFO:root:Epoch   779, Energy: -1.08491e+02 (-1.08474e+02), Variance: 3.06846e+00 (7.53699e+00), Accept ratio: 0.47146, 
INFO:root:Epoch   780, Energy: -1.08479e+02 (-1.08523e+02), Variance: 3.25325e+00 (7.09847e+00), Accept ratio: 0.47443, 
INFO:root:Epoch   781, Energy: -1.08407e+02 (-1.08381e+02), Variance: 3.04608e+00 (5.03685e+00), Accept ratio: 0.46974, 
INFO:root:Epoch   782, Energy: -1.08451e+02 (-1.08397e+02), Variance: 2.80392e+00 (5.43969e+00), Accept ratio: 0.47967, 
INFO:root:Epoch   783, Energy: -1.08460e+02 (-1.08463e+02), Variance: 3.27843e+00 (6.99867e+00), Accept ratio: 0.47550, 
INFO:root:Epoch   784, Energy: -1.08473e+02 (-1.08471e+02), Variance: 3.72463e+00 (7.01042e+00), Accept ratio: 0.47138, 
INFO:root:Epoch   785, Energy: -1.08468e+02 (-1.08306e+02), Variance: 3.42690e+00 (1.96760e+01), Accept ratio: 0.48064, 
INFO:root:Epoch   786, Energy: -1.08431e+02 (-1.08395e+02), Variance: 3.40182e+00 (9.25472e+00), Accept ratio: 0.47589, 
INFO:root:Epoch   787, Energy: -1.08504e+02 (-1.08469e+02), Variance: 3.48044e+00 (5.92745e+00), Accept ratio: 0.47569, 
INFO:root:Epoch   788, Energy: -1.08448e+02 (-1.08402e+02), Variance: 3.32622e+00 (5.00298e+00), Accept ratio: 0.47458, 
INFO:root:Epoch   789, Energy: -1.08433e+02 (-1.08362e+02), Variance: 3.05722e+00 (5.66372e+00), Accept ratio: 0.47857, 
INFO:root:Epoch   790, Energy: -1.08423e+02 (-1.08442e+02), Variance: 3.09085e+00 (6.55751e+00), Accept ratio: 0.47268, 
INFO:root:Epoch   791, Energy: -1.08470e+02 (-1.08419e+02), Variance: 2.76679e+00 (7.80210e+00), Accept ratio: 0.47392, 
INFO:root:Epoch   792, Energy: -1.08446e+02 (-1.08415e+02), Variance: 3.06763e+00 (1.19906e+01), Accept ratio: 0.48251, 
INFO:root:Epoch   793, Energy: -1.08470e+02 (-1.08368e+02), Variance: 3.12517e+00 (9.95693e+00), Accept ratio: 0.47024, 
INFO:root:Epoch   794, Energy: -1.08391e+02 (-1.08348e+02), Variance: 3.15149e+00 (9.39794e+00), Accept ratio: 0.47625, 
INFO:root:Epoch   795, Energy: -1.08458e+02 (-1.08403e+02), Variance: 2.92112e+00 (5.55619e+00), Accept ratio: 0.47667, 
INFO:root:Epoch   796, Energy: -1.08554e+02 (-1.08609e+02), Variance: 2.77928e+00 (5.85788e+00), Accept ratio: 0.47403, 
INFO:root:Epoch   797, Energy: -1.08514e+02 (-1.08470e+02), Variance: 3.26100e+00 (5.14469e+00), Accept ratio: 0.48113, 
INFO:root:Epoch   798, Energy: -1.08483e+02 (-1.08445e+02), Variance: 3.03436e+00 (6.70197e+00), Accept ratio: 0.47627, 
INFO:root:Epoch   799, Energy: -1.08401e+02 (-1.08342e+02), Variance: 3.36544e+00 (1.02154e+01), Accept ratio: 0.47186, 
INFO:root:Epoch   800, Energy: -1.08442e+02 (-1.08504e+02), Variance: 3.05966e+00 (6.18519e+00), Accept ratio: 0.47573, , best weights saved
INFO:root:Epoch   801, Energy: -1.08496e+02 (-1.08465e+02), Variance: 3.05823e+00 (1.29757e+01), Accept ratio: 0.46876, 
INFO:root:Epoch   802, Energy: -1.08392e+02 (-1.08373e+02), Variance: 2.88885e+00 (9.18707e+00), Accept ratio: 0.46360, 
INFO:root:Epoch   803, Energy: -1.08468e+02 (-1.08441e+02), Variance: 2.85745e+00 (4.29126e+00), Accept ratio: 0.47365, 
INFO:root:Epoch   804, Energy: -1.08404e+02 (-1.08320e+02), Variance: 3.42122e+00 (6.99277e+00), Accept ratio: 0.47717, 
INFO:root:Epoch   805, Energy: -1.08378e+02 (-1.08279e+02), Variance: 2.57688e+00 (5.66461e+00), Accept ratio: 0.47697, 
INFO:root:Epoch   806, Energy: -1.08421e+02 (-1.08431e+02), Variance: 3.21039e+00 (5.59483e+00), Accept ratio: 0.48006, 
INFO:root:Epoch   807, Energy: -1.08442e+02 (-1.08424e+02), Variance: 2.62968e+00 (1.33580e+01), Accept ratio: 0.47984, 
INFO:root:Epoch   808, Energy: -1.08553e+02 (-1.08595e+02), Variance: 2.54097e+00 (5.58993e+00), Accept ratio: 0.47281, 
INFO:root:Epoch   809, Energy: -1.08485e+02 (-1.08460e+02), Variance: 2.53648e+00 (3.98041e+00), Accept ratio: 0.47493, 
INFO:root:Epoch   810, Energy: -1.08479e+02 (-1.08455e+02), Variance: 2.77929e+00 (1.03340e+01), Accept ratio: 0.47688, 
INFO:root:Epoch   811, Energy: -1.08483e+02 (-1.08473e+02), Variance: 2.29653e+00 (2.56704e+00), Accept ratio: 0.47117, 
INFO:root:Epoch   812, Energy: -1.08494e+02 (-1.08489e+02), Variance: 2.91965e+00 (1.32076e+01), Accept ratio: 0.47585, 
INFO:root:Epoch   813, Energy: -1.08412e+02 (-1.08425e+02), Variance: 2.39873e+00 (4.03489e+00), Accept ratio: 0.47727, 
INFO:root:Epoch   814, Energy: -1.08557e+02 (-1.08631e+02), Variance: 2.46030e+00 (6.33686e+00), Accept ratio: 0.47889, 
INFO:root:Epoch   815, Energy: -1.08473e+02 (-1.08497e+02), Variance: 2.55091e+00 (4.40726e+00), Accept ratio: 0.47541, 
INFO:root:Epoch   816, Energy: -1.08477e+02 (-1.08497e+02), Variance: 2.32137e+00 (2.72299e+00), Accept ratio: 0.47849, 
INFO:root:Epoch   817, Energy: -1.08495e+02 (-1.08469e+02), Variance: 2.42546e+00 (5.16692e+00), Accept ratio: 0.46699, 
INFO:root:Epoch   818, Energy: -1.08483e+02 (-1.08408e+02), Variance: 2.49120e+00 (7.19964e+00), Accept ratio: 0.47291, 
INFO:root:Epoch   819, Energy: -1.08453e+02 (-1.08440e+02), Variance: 2.99584e+00 (4.68784e+00), Accept ratio: 0.47623, 
INFO:root:Epoch   820, Energy: -1.08464e+02 (-1.08364e+02), Variance: 2.58517e+00 (6.19849e+00), Accept ratio: 0.46787, 
INFO:root:Epoch   821, Energy: -1.08453e+02 (-1.08431e+02), Variance: 2.52963e+00 (3.76080e+00), Accept ratio: 0.47920, 
INFO:root:Epoch   822, Energy: -1.08494e+02 (-1.08494e+02), Variance: 2.75030e+00 (5.00764e+00), Accept ratio: 0.47422, 
INFO:root:Epoch   823, Energy: -1.08434e+02 (-1.08437e+02), Variance: 2.51651e+00 (3.69315e+00), Accept ratio: 0.47140, 
INFO:root:Epoch   824, Energy: -1.08438e+02 (-1.08428e+02), Variance: 2.58452e+00 (3.37590e+00), Accept ratio: 0.47440, 
INFO:root:Epoch   825, Energy: -1.08572e+02 (-1.08589e+02), Variance: 2.61197e+00 (4.44772e+00), Accept ratio: 0.47435, 
INFO:root:Epoch   826, Energy: -1.08572e+02 (-1.08570e+02), Variance: 2.47203e+00 (3.76278e+00), Accept ratio: 0.47377, 
INFO:root:Epoch   827, Energy: -1.08477e+02 (-1.08483e+02), Variance: 2.49519e+00 (5.73945e+00), Accept ratio: 0.48149, 
INFO:root:Epoch   828, Energy: -1.08440e+02 (-1.08445e+02), Variance: 2.76817e+00 (4.19216e+00), Accept ratio: 0.47323, 
INFO:root:Epoch   829, Energy: -1.08498e+02 (-1.08515e+02), Variance: 2.91886e+00 (3.99720e+00), Accept ratio: 0.47208, 
INFO:root:Epoch   830, Energy: -1.08592e+02 (-1.08587e+02), Variance: 2.79009e+00 (3.38024e+00), Accept ratio: 0.47356, 
INFO:root:Epoch   831, Energy: -1.08526e+02 (-1.08497e+02), Variance: 2.64087e+00 (5.23164e+00), Accept ratio: 0.47548, 
INFO:root:Epoch   832, Energy: -1.08541e+02 (-1.08559e+02), Variance: 2.69425e+00 (4.28204e+00), Accept ratio: 0.47782, 
INFO:root:Epoch   833, Energy: -1.08641e+02 (-1.08544e+02), Variance: 2.78804e+00 (1.03286e+01), Accept ratio: 0.47608, 
INFO:root:Epoch   834, Energy: -1.08592e+02 (-1.08603e+02), Variance: 2.92819e+00 (3.77900e+00), Accept ratio: 0.46732, 
INFO:root:Epoch   835, Energy: -1.08625e+02 (-1.08681e+02), Variance: 2.69699e+00 (5.28436e+00), Accept ratio: 0.47547, 
INFO:root:Epoch   836, Energy: -1.08532e+02 (-1.08510e+02), Variance: 2.64461e+00 (4.00862e+00), Accept ratio: 0.47335, 
INFO:root:Epoch   837, Energy: -1.08512e+02 (-1.08518e+02), Variance: 2.92003e+00 (4.47371e+00), Accept ratio: 0.47518, 
INFO:root:Epoch   838, Energy: -1.08556e+02 (-1.08561e+02), Variance: 2.63884e+00 (3.07152e+00), Accept ratio: 0.47786, 
INFO:root:Epoch   839, Energy: -1.08466e+02 (-1.08452e+02), Variance: 2.73226e+00 (5.16735e+00), Accept ratio: 0.47577, 
INFO:root:Epoch   840, Energy: -1.08505e+02 (-1.08459e+02), Variance: 2.61341e+00 (4.14612e+00), Accept ratio: 0.47098, 
INFO:root:Epoch   841, Energy: -1.08470e+02 (-1.08523e+02), Variance: 2.34233e+00 (4.90935e+00), Accept ratio: 0.47604, 
INFO:root:Epoch   842, Energy: -1.08465e+02 (-1.08438e+02), Variance: 2.50988e+00 (3.45035e+00), Accept ratio: 0.47083, 
INFO:root:Epoch   843, Energy: -1.08506e+02 (-1.08471e+02), Variance: 2.54907e+00 (4.81445e+00), Accept ratio: 0.47284, 
INFO:root:Epoch   844, Energy: -1.08546e+02 (-1.08506e+02), Variance: 2.74140e+00 (5.87930e+00), Accept ratio: 0.47870, 
INFO:root:Epoch   845, Energy: -1.08531e+02 (-1.08503e+02), Variance: 2.51599e+00 (3.69949e+00), Accept ratio: 0.47463, 
INFO:root:Epoch   846, Energy: -1.08504e+02 (-1.08441e+02), Variance: 2.57001e+00 (4.43818e+00), Accept ratio: 0.47025, 
INFO:root:Epoch   847, Energy: -1.08590e+02 (-1.08651e+02), Variance: 2.58280e+00 (5.55585e+00), Accept ratio: 0.47491, 
INFO:root:Epoch   848, Energy: -1.08644e+02 (-1.08644e+02), Variance: 2.23221e+00 (2.59744e+00), Accept ratio: 0.47743, 
INFO:root:Epoch   849, Energy: -1.08555e+02 (-1.08560e+02), Variance: 2.33912e+00 (3.27602e+00), Accept ratio: 0.47254, 
INFO:root:Epoch   850, Energy: -1.08536e+02 (-1.08524e+02), Variance: 2.18537e+00 (3.75908e+00), Accept ratio: 0.47446, 
INFO:root:Epoch   851, Energy: -1.08569e+02 (-1.08602e+02), Variance: 2.49723e+00 (3.75725e+00), Accept ratio: 0.47304, 
INFO:root:Epoch   852, Energy: -1.08479e+02 (-1.08436e+02), Variance: 2.79068e+00 (4.46363e+00), Accept ratio: 0.47685, 
INFO:root:Epoch   853, Energy: -1.08557e+02 (-1.08520e+02), Variance: 2.32113e+00 (5.57478e+00), Accept ratio: 0.46933, 
INFO:root:Epoch   854, Energy: -1.08615e+02 (-1.08625e+02), Variance: 2.54912e+00 (3.08822e+00), Accept ratio: 0.47343, 
INFO:root:Epoch   855, Energy: -1.08632e+02 (-1.08692e+02), Variance: 2.55083e+00 (7.08728e+00), Accept ratio: 0.47219, 
INFO:root:Epoch   856, Energy: -1.08598e+02 (-1.08628e+02), Variance: 2.38850e+00 (4.15779e+00), Accept ratio: 0.46711, 
INFO:root:Epoch   857, Energy: -1.08621e+02 (-1.08673e+02), Variance: 2.23038e+00 (4.22841e+00), Accept ratio: 0.47523, 
INFO:root:Epoch   858, Energy: -1.08573e+02 (-1.08562e+02), Variance: 2.43084e+00 (3.09496e+00), Accept ratio: 0.47404, 
INFO:root:Epoch   859, Energy: -1.08582e+02 (-1.08578e+02), Variance: 2.54378e+00 (3.55059e+00), Accept ratio: 0.46127, 
INFO:root:Epoch   860, Energy: -1.08536e+02 (-1.08573e+02), Variance: 2.22011e+00 (6.51497e+00), Accept ratio: 0.47020, 
INFO:root:Epoch   861, Energy: -1.08575e+02 (-1.08560e+02), Variance: 2.14303e+00 (3.15586e+00), Accept ratio: 0.47556, 
INFO:root:Epoch   862, Energy: -1.08523e+02 (-1.08572e+02), Variance: 2.21333e+00 (4.24585e+00), Accept ratio: 0.47956, 
INFO:root:Epoch   863, Energy: -1.08544e+02 (-1.08569e+02), Variance: 2.10453e+00 (4.09511e+00), Accept ratio: 0.46666, 
INFO:root:Epoch   864, Energy: -1.08573e+02 (-1.08569e+02), Variance: 2.00574e+00 (2.51710e+00), Accept ratio: 0.46836, 
INFO:root:Epoch   865, Energy: -1.08541e+02 (-1.08529e+02), Variance: 2.37547e+00 (1.18477e+01), Accept ratio: 0.48003, 
INFO:root:Epoch   866, Energy: -1.08555e+02 (-1.08573e+02), Variance: 1.88086e+00 (2.73314e+00), Accept ratio: 0.47299, 
INFO:root:Epoch   867, Energy: -1.08561e+02 (-1.08648e+02), Variance: 2.16665e+00 (1.13801e+01), Accept ratio: 0.47569, 
INFO:root:Epoch   868, Energy: -1.08511e+02 (-1.08522e+02), Variance: 2.58197e+00 (4.06535e+00), Accept ratio: 0.46911, 
INFO:root:Epoch   869, Energy: -1.08530e+02 (-1.08533e+02), Variance: 2.34522e+00 (4.23140e+00), Accept ratio: 0.46651, 
INFO:root:Epoch   870, Energy: -1.08544e+02 (-1.08529e+02), Variance: 2.09155e+00 (3.10330e+00), Accept ratio: 0.47858, 
INFO:root:Epoch   871, Energy: -1.08529e+02 (-1.08576e+02), Variance: 2.20467e+00 (5.03430e+00), Accept ratio: 0.46944, 
INFO:root:Epoch   872, Energy: -1.08598e+02 (-1.08604e+02), Variance: 2.12544e+00 (2.88340e+00), Accept ratio: 0.47180, 
INFO:root:Epoch   873, Energy: -1.08526e+02 (-1.08505e+02), Variance: 2.26978e+00 (3.72658e+00), Accept ratio: 0.47521, 
INFO:root:Epoch   874, Energy: -1.08602e+02 (-1.08606e+02), Variance: 2.28632e+00 (3.22748e+00), Accept ratio: 0.46829, 
INFO:root:Epoch   875, Energy: -1.08596e+02 (-1.08577e+02), Variance: 1.91884e+00 (2.48131e+00), Accept ratio: 0.47715, 
INFO:root:Epoch   876, Energy: -1.08581e+02 (-1.08598e+02), Variance: 2.28287e+00 (3.07031e+00), Accept ratio: 0.47642, 
INFO:root:Epoch   877, Energy: -1.08511e+02 (-1.08478e+02), Variance: 2.09731e+00 (2.98988e+00), Accept ratio: 0.47488, 
INFO:root:Epoch   878, Energy: -1.08567e+02 (-1.08462e+02), Variance: 2.50402e+00 (2.18961e+01), Accept ratio: 0.46892, 
INFO:root:Epoch   879, Energy: -1.08608e+02 (-1.08638e+02), Variance: 2.30958e+00 (3.50943e+00), Accept ratio: 0.46919, 
INFO:root:Epoch   880, Energy: -1.08573e+02 (-1.08645e+02), Variance: 2.29897e+00 (4.46423e+00), Accept ratio: 0.46939, 
INFO:root:Epoch   881, Energy: -1.08642e+02 (-1.08668e+02), Variance: 1.97592e+00 (2.69376e+00), Accept ratio: 0.47268, 
INFO:root:Epoch   882, Energy: -1.08605e+02 (-1.08631e+02), Variance: 2.18767e+00 (6.80391e+00), Accept ratio: 0.47411, 
INFO:root:Epoch   883, Energy: -1.08596e+02 (-1.08565e+02), Variance: 2.31472e+00 (5.47880e+00), Accept ratio: 0.46748, 
INFO:root:Epoch   884, Energy: -1.08547e+02 (-1.08558e+02), Variance: 2.39100e+00 (3.34535e+00), Accept ratio: 0.47101, 
INFO:root:Epoch   885, Energy: -1.08593e+02 (-1.08651e+02), Variance: 2.14345e+00 (4.24117e+00), Accept ratio: 0.46450, 
INFO:root:Epoch   886, Energy: -1.08552e+02 (-1.08543e+02), Variance: 2.03309e+00 (2.93092e+00), Accept ratio: 0.47083, 
INFO:root:Epoch   887, Energy: -1.08563e+02 (-1.08576e+02), Variance: 2.02687e+00 (2.46999e+00), Accept ratio: 0.47414, 
INFO:root:Epoch   888, Energy: -1.08559e+02 (-1.08565e+02), Variance: 1.91876e+00 (2.30362e+00), Accept ratio: 0.47868, 
INFO:root:Epoch   889, Energy: -1.08638e+02 (-1.08687e+02), Variance: 2.12576e+00 (1.98712e+01), Accept ratio: 0.47362, 
INFO:root:Epoch   890, Energy: -1.08617e+02 (-1.08629e+02), Variance: 2.08305e+00 (4.62130e+00), Accept ratio: 0.47215, 
INFO:root:Epoch   891, Energy: -1.08614e+02 (-1.08959e+02), Variance: 2.65429e+00 (1.28902e+02), Accept ratio: 0.46882, 
INFO:root:Epoch   892, Energy: -1.08594e+02 (-1.08565e+02), Variance: 2.77481e+00 (5.91577e+00), Accept ratio: 0.47338, 
INFO:root:Epoch   893, Energy: -1.08653e+02 (-1.08694e+02), Variance: 2.23348e+00 (3.96014e+00), Accept ratio: 0.47444, 
INFO:root:Epoch   894, Energy: -1.08564e+02 (-1.08535e+02), Variance: 2.41981e+00 (3.50861e+00), Accept ratio: 0.47337, 
INFO:root:Epoch   895, Energy: -1.08539e+02 (-1.08557e+02), Variance: 2.47219e+00 (5.28000e+00), Accept ratio: 0.47565, 
INFO:root:Epoch   896, Energy: -1.08594e+02 (-1.08625e+02), Variance: 2.14812e+00 (5.24524e+00), Accept ratio: 0.47246, 
INFO:root:Epoch   897, Energy: -1.08568e+02 (-1.08579e+02), Variance: 1.87946e+00 (2.16388e+00), Accept ratio: 0.46936, 
INFO:root:Epoch   898, Energy: -1.08536e+02 (-1.08496e+02), Variance: 2.03877e+00 (3.29959e+00), Accept ratio: 0.46772, 
INFO:root:Epoch   899, Energy: -1.08568e+02 (-1.08556e+02), Variance: 2.22972e+00 (2.83796e+00), Accept ratio: 0.47282, 
INFO:root:Epoch   900, Energy: -1.08588e+02 (-1.08576e+02), Variance: 2.10851e+00 (2.42862e+00), Accept ratio: 0.46651, , best weights saved
INFO:root:Epoch   901, Energy: -1.08667e+02 (-1.08697e+02), Variance: 2.13730e+00 (3.84613e+00), Accept ratio: 0.47184, 
INFO:root:Epoch   902, Energy: -1.08617e+02 (-1.08628e+02), Variance: 2.09643e+00 (3.46704e+00), Accept ratio: 0.47431, 
INFO:root:Epoch   903, Energy: -1.08679e+02 (-1.08788e+02), Variance: 2.52511e+00 (9.70840e+00), Accept ratio: 0.47228, 
INFO:root:Epoch   904, Energy: -1.08694e+02 (-1.08725e+02), Variance: 2.01861e+00 (3.19377e+00), Accept ratio: 0.47604, 
INFO:root:Epoch   905, Energy: -1.08578e+02 (-1.08576e+02), Variance: 2.09287e+00 (3.13622e+00), Accept ratio: 0.46986, 
INFO:root:Epoch   906, Energy: -1.08528e+02 (-1.08489e+02), Variance: 2.38576e+00 (4.24076e+00), Accept ratio: 0.46936, 
INFO:root:Epoch   907, Energy: -1.08602e+02 (-1.08616e+02), Variance: 1.95314e+00 (3.72606e+00), Accept ratio: 0.47427, 
INFO:root:Epoch   908, Energy: -1.08568e+02 (-1.08571e+02), Variance: 2.22851e+00 (2.78090e+00), Accept ratio: 0.46903, 
INFO:root:Epoch   909, Energy: -1.08657e+02 (-1.08550e+02), Variance: 2.12771e+00 (1.43028e+01), Accept ratio: 0.46959, 
INFO:root:Epoch   910, Energy: -1.08635e+02 (-1.08651e+02), Variance: 2.26159e+00 (3.73988e+00), Accept ratio: 0.47189, 
INFO:root:Epoch   911, Energy: -1.08569e+02 (-1.08593e+02), Variance: 2.26579e+00 (3.49071e+00), Accept ratio: 0.47300, 
INFO:root:Epoch   912, Energy: -1.08575e+02 (-1.08552e+02), Variance: 2.52005e+00 (4.00620e+00), Accept ratio: 0.46824, 
INFO:root:Epoch   913, Energy: -1.08642e+02 (-1.08797e+02), Variance: 2.52225e+00 (1.56972e+01), Accept ratio: 0.46840, 
INFO:root:Epoch   914, Energy: -1.08612e+02 (-1.08616e+02), Variance: 2.63848e+00 (4.13187e+00), Accept ratio: 0.47080, 
INFO:root:Epoch   915, Energy: -1.08623e+02 (-1.08626e+02), Variance: 2.46756e+00 (3.87259e+00), Accept ratio: 0.46600, 
INFO:root:Epoch   916, Energy: -1.08656e+02 (-1.08680e+02), Variance: 2.31777e+00 (1.00524e+01), Accept ratio: 0.46933, 
INFO:root:Epoch   917, Energy: -1.08598e+02 (-1.08604e+02), Variance: 2.14181e+00 (3.17036e+00), Accept ratio: 0.47060, 
INFO:root:Epoch   918, Energy: -1.08577e+02 (-1.08539e+02), Variance: 2.15582e+00 (3.47261e+00), Accept ratio: 0.47528, 
INFO:root:Epoch   919, Energy: -1.08604e+02 (-1.08611e+02), Variance: 1.91778e+00 (2.20325e+00), Accept ratio: 0.47374, 
INFO:root:Epoch   920, Energy: -1.08615e+02 (-1.08646e+02), Variance: 2.17331e+00 (4.39901e+00), Accept ratio: 0.47930, 
INFO:root:Epoch   921, Energy: -1.08706e+02 (-1.08779e+02), Variance: 2.20800e+00 (5.62645e+00), Accept ratio: 0.47718, 
INFO:root:Epoch   922, Energy: -1.08693e+02 (-1.08685e+02), Variance: 2.07695e+00 (3.11289e+00), Accept ratio: 0.47382, 
INFO:root:Epoch   923, Energy: -1.08689e+02 (-1.08680e+02), Variance: 2.02154e+00 (4.01159e+00), Accept ratio: 0.47083, 
INFO:root:Epoch   924, Energy: -1.08650e+02 (-1.08674e+02), Variance: 2.17776e+00 (3.56315e+00), Accept ratio: 0.47358, 
INFO:root:Epoch   925, Energy: -1.08623e+02 (-1.08652e+02), Variance: 1.89564e+00 (2.47678e+00), Accept ratio: 0.47717, 
INFO:root:Epoch   926, Energy: -1.08637e+02 (-1.08653e+02), Variance: 1.81044e+00 (4.32910e+00), Accept ratio: 0.47553, 
INFO:root:Epoch   927, Energy: -1.08713e+02 (-1.08746e+02), Variance: 2.10537e+00 (4.76349e+00), Accept ratio: 0.47357, 
INFO:root:Epoch   928, Energy: -1.08713e+02 (-1.08743e+02), Variance: 1.84745e+00 (2.75149e+00), Accept ratio: 0.47334, 
INFO:root:Epoch   929, Energy: -1.08675e+02 (-1.08674e+02), Variance: 1.74492e+00 (2.94632e+00), Accept ratio: 0.47960, 
INFO:root:Epoch   930, Energy: -1.08628e+02 (-1.08631e+02), Variance: 2.12219e+00 (2.78729e+00), Accept ratio: 0.47277, 
INFO:root:Epoch   931, Energy: -1.08669e+02 (-1.08682e+02), Variance: 2.19728e+00 (3.01939e+00), Accept ratio: 0.46841, 
INFO:root:Epoch   932, Energy: -1.08612e+02 (-1.08599e+02), Variance: 1.90408e+00 (2.81726e+00), Accept ratio: 0.46039, 
INFO:root:Epoch   933, Energy: -1.08695e+02 (-1.08682e+02), Variance: 2.14267e+00 (3.78397e+00), Accept ratio: 0.47256, 
INFO:root:Epoch   934, Energy: -1.08645e+02 (-1.08694e+02), Variance: 2.11963e+00 (6.42913e+00), Accept ratio: 0.46476, 
INFO:root:Epoch   935, Energy: -1.08615e+02 (-1.08657e+02), Variance: 2.10149e+00 (4.41045e+00), Accept ratio: 0.47717, 
INFO:root:Epoch   936, Energy: -1.08666e+02 (-1.08690e+02), Variance: 2.31511e+00 (5.37385e+00), Accept ratio: 0.47911, 
INFO:root:Epoch   937, Energy: -1.08679e+02 (-1.08725e+02), Variance: 2.01775e+00 (3.39488e+00), Accept ratio: 0.47300, 
INFO:root:Epoch   938, Energy: -1.08677e+02 (-1.08678e+02), Variance: 1.94905e+00 (3.03764e+00), Accept ratio: 0.47201, 
INFO:root:Epoch   939, Energy: -1.08685e+02 (-1.08692e+02), Variance: 2.14679e+00 (2.80050e+00), Accept ratio: 0.47541, 
INFO:root:Epoch   940, Energy: -1.08693e+02 (-1.08689e+02), Variance: 2.00143e+00 (2.89694e+00), Accept ratio: 0.46748, 
INFO:root:Epoch   941, Energy: -1.08716e+02 (-1.08759e+02), Variance: 2.06413e+00 (3.17945e+00), Accept ratio: 0.46783, 
INFO:root:Epoch   942, Energy: -1.08643e+02 (-1.08651e+02), Variance: 2.21231e+00 (8.50364e+00), Accept ratio: 0.47405, 
INFO:root:Epoch   943, Energy: -1.08673e+02 (-1.08711e+02), Variance: 2.00121e+00 (3.35519e+00), Accept ratio: 0.47142, 
INFO:root:Epoch   944, Energy: -1.08757e+02 (-1.08802e+02), Variance: 2.53285e+00 (4.30067e+00), Accept ratio: 0.47406, 
INFO:root:Epoch   945, Energy: -1.08643e+02 (-1.08631e+02), Variance: 1.86924e+00 (2.32353e+00), Accept ratio: 0.47147, 
INFO:root:Epoch   946, Energy: -1.08709e+02 (-1.08698e+02), Variance: 1.76577e+00 (2.16128e+00), Accept ratio: 0.47308, 
INFO:root:Epoch   947, Energy: -1.08701e+02 (-1.08737e+02), Variance: 2.00890e+00 (3.33519e+00), Accept ratio: 0.47479, 
INFO:root:Epoch   948, Energy: -1.08704e+02 (-1.08702e+02), Variance: 2.05994e+00 (3.18195e+00), Accept ratio: 0.47516, 
INFO:root:Epoch   949, Energy: -1.08614e+02 (-1.08602e+02), Variance: 2.29190e+00 (7.34457e+00), Accept ratio: 0.47593, 
INFO:root:Epoch   950, Energy: -1.08704e+02 (-1.08733e+02), Variance: 2.04079e+00 (4.44398e+00), Accept ratio: 0.46828, 
INFO:root:Epoch   951, Energy: -1.08689e+02 (-1.08690e+02), Variance: 2.17011e+00 (4.09103e+00), Accept ratio: 0.46846, 
INFO:root:Epoch   952, Energy: -1.08658e+02 (-1.08636e+02), Variance: 1.98422e+00 (3.35119e+00), Accept ratio: 0.46957, 
INFO:root:Epoch   953, Energy: -1.08727e+02 (-1.08734e+02), Variance: 2.14415e+00 (3.44616e+00), Accept ratio: 0.47243, 
INFO:root:Epoch   954, Energy: -1.08728e+02 (-1.08748e+02), Variance: 2.16804e+00 (6.01612e+00), Accept ratio: 0.47426, 
INFO:root:Epoch   955, Energy: -1.08672e+02 (-1.08669e+02), Variance: 1.91101e+00 (3.27639e+00), Accept ratio: 0.47018, 
INFO:root:Epoch   956, Energy: -1.08707e+02 (-1.08674e+02), Variance: 2.22904e+00 (4.15855e+00), Accept ratio: 0.46936, 
INFO:root:Epoch   957, Energy: -1.08634e+02 (-1.08621e+02), Variance: 2.04867e+00 (2.53413e+00), Accept ratio: 0.46632, 
INFO:root:Epoch   958, Energy: -1.08619e+02 (-1.08611e+02), Variance: 2.00728e+00 (3.61281e+00), Accept ratio: 0.47501, 
INFO:root:Epoch   959, Energy: -1.08637e+02 (-1.08623e+02), Variance: 2.03214e+00 (2.91376e+00), Accept ratio: 0.46910, 
INFO:root:Epoch   960, Energy: -1.08686e+02 (-1.08758e+02), Variance: 2.31116e+00 (5.61073e+00), Accept ratio: 0.47448, 
INFO:root:Epoch   961, Energy: -1.08631e+02 (-1.08630e+02), Variance: 2.00182e+00 (3.36287e+00), Accept ratio: 0.47002, 
INFO:root:Epoch   962, Energy: -1.08649e+02 (-1.08656e+02), Variance: 2.31069e+00 (3.05238e+00), Accept ratio: 0.47392, 
INFO:root:Epoch   963, Energy: -1.08592e+02 (-1.08568e+02), Variance: 2.34354e+00 (5.40021e+00), Accept ratio: 0.47185, 
INFO:root:Epoch   964, Energy: -1.08670e+02 (-1.08629e+02), Variance: 2.00044e+00 (3.02565e+00), Accept ratio: 0.47697, 
INFO:root:Epoch   965, Energy: -1.08642e+02 (-1.08574e+02), Variance: 1.99091e+00 (4.06414e+00), Accept ratio: 0.47092, 
INFO:root:Epoch   966, Energy: -1.08665e+02 (-1.08654e+02), Variance: 2.05579e+00 (7.99081e+00), Accept ratio: 0.47384, 
INFO:root:Epoch   967, Energy: -1.08679e+02 (-1.08687e+02), Variance: 1.77980e+00 (2.61546e+00), Accept ratio: 0.47524, 
INFO:root:Epoch   968, Energy: -1.08650e+02 (-1.08629e+02), Variance: 1.89888e+00 (2.41931e+00), Accept ratio: 0.47698, 
INFO:root:Epoch   969, Energy: -1.08670e+02 (-1.08717e+02), Variance: 2.25617e+00 (5.07494e+00), Accept ratio: 0.47105, 
INFO:root:Epoch   970, Energy: -1.08689e+02 (-1.08664e+02), Variance: 2.33801e+00 (3.85718e+00), Accept ratio: 0.47443, 
INFO:root:Epoch   971, Energy: -1.08666e+02 (-1.08700e+02), Variance: 2.32003e+00 (4.53182e+00), Accept ratio: 0.48014, 
INFO:root:Epoch   972, Energy: -1.08659e+02 (-1.08641e+02), Variance: 1.87035e+00 (2.63148e+00), Accept ratio: 0.47328, 
INFO:root:Epoch   973, Energy: -1.08649e+02 (-1.08677e+02), Variance: 1.92496e+00 (4.81471e+00), Accept ratio: 0.47361, 
INFO:root:Epoch   974, Energy: -1.08574e+02 (-1.08563e+02), Variance: 1.87906e+00 (2.49410e+00), Accept ratio: 0.47464, 
INFO:root:Epoch   975, Energy: -1.08661e+02 (-1.08718e+02), Variance: 2.10838e+00 (5.51926e+00), Accept ratio: 0.47609, 
INFO:root:Epoch   976, Energy: -1.08685e+02 (-1.08694e+02), Variance: 1.94326e+00 (2.89005e+00), Accept ratio: 0.48021, 
INFO:root:Epoch   977, Energy: -1.08662e+02 (-1.08649e+02), Variance: 2.04574e+00 (2.78928e+00), Accept ratio: 0.47354, 
INFO:root:Epoch   978, Energy: -1.08727e+02 (-1.08740e+02), Variance: 1.94340e+00 (3.13728e+00), Accept ratio: 0.47479, 
INFO:root:Epoch   979, Energy: -1.08748e+02 (-1.08786e+02), Variance: 1.99681e+00 (4.26482e+00), Accept ratio: 0.46819, 
INFO:root:Epoch   980, Energy: -1.08752e+02 (-1.08758e+02), Variance: 1.96883e+00 (3.29854e+00), Accept ratio: 0.48054, 
INFO:root:Epoch   981, Energy: -1.08651e+02 (-1.08658e+02), Variance: 2.25512e+00 (6.00408e+00), Accept ratio: 0.47023, 
INFO:root:Epoch   982, Energy: -1.08678e+02 (-1.08617e+02), Variance: 2.03631e+00 (4.68854e+00), Accept ratio: 0.47363, 
INFO:root:Epoch   983, Energy: -1.08710e+02 (-1.08717e+02), Variance: 1.95267e+00 (3.33200e+00), Accept ratio: 0.47126, 
INFO:root:Epoch   984, Energy: -1.08711e+02 (-1.08766e+02), Variance: 2.01880e+00 (9.47847e+00), Accept ratio: 0.46968, 
INFO:root:Epoch   985, Energy: -1.08727e+02 (-1.08707e+02), Variance: 1.92873e+00 (3.05929e+00), Accept ratio: 0.47086, 
INFO:root:Epoch   986, Energy: -1.08680e+02 (-1.08699e+02), Variance: 1.99100e+00 (4.07532e+00), Accept ratio: 0.46886, 
INFO:root:Epoch   987, Energy: -1.08638e+02 (-1.08619e+02), Variance: 1.75347e+00 (2.70294e+00), Accept ratio: 0.48026, 
INFO:root:Epoch   988, Energy: -1.08728e+02 (-1.08723e+02), Variance: 1.90886e+00 (2.91797e+00), Accept ratio: 0.47096, 
INFO:root:Epoch   989, Energy: -1.08671e+02 (-1.08741e+02), Variance: 1.87666e+00 (1.03520e+01), Accept ratio: 0.46802, 
INFO:root:Epoch   990, Energy: -1.08736e+02 (-1.08733e+02), Variance: 2.04358e+00 (3.13195e+00), Accept ratio: 0.47252, 
INFO:root:Epoch   991, Energy: -1.08713e+02 (-1.08640e+02), Variance: 1.96693e+00 (5.77205e+00), Accept ratio: 0.47101, 
INFO:root:Epoch   992, Energy: -1.08679e+02 (-1.08632e+02), Variance: 1.77611e+00 (3.51785e+00), Accept ratio: 0.46804, 
INFO:root:Epoch   993, Energy: -1.08778e+02 (-1.08764e+02), Variance: 1.69736e+00 (2.16296e+00), Accept ratio: 0.47383, 
INFO:root:Epoch   994, Energy: -1.08767e+02 (-1.08841e+02), Variance: 1.93788e+00 (9.06656e+00), Accept ratio: 0.47549, 
INFO:root:Epoch   995, Energy: -1.08754e+02 (-1.08804e+02), Variance: 1.71126e+00 (5.20655e+00), Accept ratio: 0.47784, 
INFO:root:Epoch   996, Energy: -1.08693e+02 (-1.08656e+02), Variance: 1.87157e+00 (3.05932e+00), Accept ratio: 0.47865, 
INFO:root:Epoch   997, Energy: -1.08764e+02 (-1.08781e+02), Variance: 2.12567e+00 (3.35451e+00), Accept ratio: 0.47781, 
INFO:root:Epoch   998, Energy: -1.08738e+02 (-1.08722e+02), Variance: 1.74385e+00 (2.75858e+00), Accept ratio: 0.47262, 
INFO:root:Epoch   999, Energy: -1.08812e+02 (-1.08820e+02), Variance: 1.69482e+00 (2.54561e+00), Accept ratio: 0.47834, 
INFO:root:Epoch  1000, Energy: -1.08779e+02 (-1.08777e+02), Variance: 1.66442e+00 (3.04833e+00), Accept ratio: 0.47488, , best weights saved
INFO:root:Epoch  1001, Energy: -1.08782e+02 (-1.08736e+02), Variance: 1.81682e+00 (3.98538e+00), Accept ratio: 0.47535, 
INFO:root:Epoch  1002, Energy: -1.08754e+02 (-1.08628e+02), Variance: 1.94161e+00 (1.02240e+01), Accept ratio: 0.46710, 
INFO:root:Epoch  1003, Energy: -1.08779e+02 (-1.08663e+02), Variance: 2.13509e+00 (8.70200e+00), Accept ratio: 0.46861, 
INFO:root:Epoch  1004, Energy: -1.08858e+02 (-1.08870e+02), Variance: 1.97643e+00 (2.90847e+00), Accept ratio: 0.47332, 
INFO:root:Epoch  1005, Energy: -1.08772e+02 (-1.08805e+02), Variance: 2.01575e+00 (4.76832e+00), Accept ratio: 0.47561, 
INFO:root:Epoch  1006, Energy: -1.08789e+02 (-1.08794e+02), Variance: 1.83277e+00 (3.03666e+00), Accept ratio: 0.46648, 
INFO:root:Epoch  1007, Energy: -1.08726e+02 (-1.08722e+02), Variance: 1.82805e+00 (2.11141e+00), Accept ratio: 0.47136, 
INFO:root:Epoch  1008, Energy: -1.08663e+02 (-1.08648e+02), Variance: 1.76203e+00 (2.38773e+00), Accept ratio: 0.47238, 
INFO:root:Epoch  1009, Energy: -1.08651e+02 (-1.08637e+02), Variance: 1.89436e+00 (2.58062e+00), Accept ratio: 0.47732, 
INFO:root:Epoch  1010, Energy: -1.08728e+02 (-1.08707e+02), Variance: 1.79838e+00 (2.58743e+00), Accept ratio: 0.47324, 
INFO:root:Epoch  1011, Energy: -1.08827e+02 (-1.08831e+02), Variance: 1.76767e+00 (2.19447e+00), Accept ratio: 0.47390, 
INFO:root:Epoch  1012, Energy: -1.08709e+02 (-1.08723e+02), Variance: 1.80863e+00 (2.31378e+00), Accept ratio: 0.46848, 
INFO:root:Epoch  1013, Energy: -1.08712e+02 (-1.08717e+02), Variance: 1.78396e+00 (2.56220e+00), Accept ratio: 0.47421, 
INFO:root:Epoch  1014, Energy: -1.08698e+02 (-1.08728e+02), Variance: 1.67909e+00 (5.75535e+00), Accept ratio: 0.46653, 
INFO:root:Epoch  1015, Energy: -1.08688e+02 (-1.08691e+02), Variance: 1.95740e+00 (2.90362e+00), Accept ratio: 0.47105, 
INFO:root:Epoch  1016, Energy: -1.08683e+02 (-1.08760e+02), Variance: 2.11935e+00 (9.46950e+00), Accept ratio: 0.46874, 
INFO:root:Epoch  1017, Energy: -1.08694e+02 (-1.08702e+02), Variance: 1.69137e+00 (2.60656e+00), Accept ratio: 0.46963, 
INFO:root:Epoch  1018, Energy: -1.08668e+02 (-1.08650e+02), Variance: 1.69068e+00 (2.15557e+00), Accept ratio: 0.46982, 
INFO:root:Epoch  1019, Energy: -1.08677e+02 (-1.08633e+02), Variance: 1.79620e+00 (3.09957e+00), Accept ratio: 0.47737, 
INFO:root:Epoch  1020, Energy: -1.08740e+02 (-1.08756e+02), Variance: 2.16099e+00 (4.22945e+00), Accept ratio: 0.47103, 
INFO:root:Epoch  1021, Energy: -1.08704e+02 (-1.08683e+02), Variance: 1.71730e+00 (2.16435e+00), Accept ratio: 0.47230, 
INFO:root:Epoch  1022, Energy: -1.08728e+02 (-1.08675e+02), Variance: 2.24208e+00 (7.55186e+00), Accept ratio: 0.46878, 
INFO:root:Epoch  1023, Energy: -1.08746e+02 (-1.08778e+02), Variance: 1.64000e+00 (2.94713e+00), Accept ratio: 0.47342, 
INFO:root:Epoch  1024, Energy: -1.08694e+02 (-1.08713e+02), Variance: 1.68771e+00 (2.72402e+00), Accept ratio: 0.47566, 
INFO:root:Epoch  1025, Energy: -1.08714e+02 (-1.08777e+02), Variance: 1.60359e+00 (7.21347e+00), Accept ratio: 0.46747, 
INFO:root:Epoch  1026, Energy: -1.08722e+02 (-1.08753e+02), Variance: 1.89374e+00 (3.85717e+00), Accept ratio: 0.47738, 
INFO:root:Epoch  1027, Energy: -1.08702e+02 (-1.08711e+02), Variance: 1.69508e+00 (2.68898e+00), Accept ratio: 0.46706, 
INFO:root:Epoch  1028, Energy: -1.08657e+02 (-1.08670e+02), Variance: 1.68351e+00 (3.32677e+00), Accept ratio: 0.47020, 
INFO:root:Epoch  1029, Energy: -1.08757e+02 (-1.08767e+02), Variance: 1.59842e+00 (1.86693e+00), Accept ratio: 0.46992, 
INFO:root:Epoch  1030, Energy: -1.08680e+02 (-1.08683e+02), Variance: 1.92325e+00 (3.77291e+00), Accept ratio: 0.47337, 
INFO:root:Epoch  1031, Energy: -1.08745e+02 (-1.08773e+02), Variance: 1.88463e+00 (2.55070e+00), Accept ratio: 0.47426, 
INFO:root:Epoch  1032, Energy: -1.08736e+02 (-1.08689e+02), Variance: 1.98633e+00 (5.79772e+00), Accept ratio: 0.47451, 
INFO:root:Epoch  1033, Energy: -1.08707e+02 (-1.08743e+02), Variance: 1.95628e+00 (5.30712e+00), Accept ratio: 0.47669, 
INFO:root:Epoch  1034, Energy: -1.08695e+02 (-1.08699e+02), Variance: 1.69372e+00 (2.29446e+00), Accept ratio: 0.47400, 
INFO:root:Epoch  1035, Energy: -1.08710e+02 (-1.08670e+02), Variance: 1.65982e+00 (3.35164e+00), Accept ratio: 0.47499, 
INFO:root:Epoch  1036, Energy: -1.08743e+02 (-1.08745e+02), Variance: 1.71920e+00 (2.62431e+00), Accept ratio: 0.47469, 
INFO:root:Epoch  1037, Energy: -1.08733e+02 (-1.08732e+02), Variance: 1.52254e+00 (2.38285e+00), Accept ratio: 0.47798, 
INFO:root:Epoch  1038, Energy: -1.08656e+02 (-1.08715e+02), Variance: 1.78921e+00 (5.05262e+00), Accept ratio: 0.47606, 
INFO:root:Epoch  1039, Energy: -1.08670e+02 (-1.08650e+02), Variance: 1.76586e+00 (2.18355e+00), Accept ratio: 0.47531, 
INFO:root:Epoch  1040, Energy: -1.08647e+02 (-1.08653e+02), Variance: 1.86500e+00 (3.00634e+00), Accept ratio: 0.46544, 
INFO:root:Epoch  1041, Energy: -1.08685e+02 (-1.08663e+02), Variance: 2.08589e+00 (5.71820e+00), Accept ratio: 0.47029, 
INFO:root:Epoch  1042, Energy: -1.08647e+02 (-1.08655e+02), Variance: 1.82584e+00 (3.32355e+00), Accept ratio: 0.47048, 
INFO:root:Epoch  1043, Energy: -1.08645e+02 (-1.08658e+02), Variance: 1.91967e+00 (3.62384e+00), Accept ratio: 0.46966, 
INFO:root:Epoch  1044, Energy: -1.08702e+02 (-1.08665e+02), Variance: 2.03685e+00 (3.77497e+00), Accept ratio: 0.47126, 
INFO:root:Epoch  1045, Energy: -1.08669e+02 (-1.08591e+02), Variance: 1.95057e+00 (5.75995e+00), Accept ratio: 0.47035, 
INFO:root:Epoch  1046, Energy: -1.08632e+02 (-1.08651e+02), Variance: 1.55098e+00 (2.22323e+00), Accept ratio: 0.47301, 
INFO:root:Epoch  1047, Energy: -1.08662e+02 (-1.08680e+02), Variance: 1.56971e+00 (3.15086e+00), Accept ratio: 0.47745, 
INFO:root:Epoch  1048, Energy: -1.08669e+02 (-1.08726e+02), Variance: 1.52391e+00 (3.77544e+00), Accept ratio: 0.47458, 
INFO:root:Epoch  1049, Energy: -1.08659e+02 (-1.08634e+02), Variance: 1.59119e+00 (2.68156e+00), Accept ratio: 0.47304, 
INFO:root:Epoch  1050, Energy: -1.08720e+02 (-1.08709e+02), Variance: 1.86555e+00 (3.15938e+00), Accept ratio: 0.47382, 
INFO:root:Epoch  1051, Energy: -1.08681e+02 (-1.08652e+02), Variance: 1.78990e+00 (2.85998e+00), Accept ratio: 0.47265, 
INFO:root:Epoch  1052, Energy: -1.08670e+02 (-1.08750e+02), Variance: 1.94004e+00 (6.03234e+00), Accept ratio: 0.47617, 
INFO:root:Epoch  1053, Energy: -1.08689e+02 (-1.08701e+02), Variance: 1.75392e+00 (2.65113e+00), Accept ratio: 0.47244, 
INFO:root:Epoch  1054, Energy: -1.08664e+02 (-1.08663e+02), Variance: 1.57376e+00 (1.82985e+00), Accept ratio: 0.46807, 
INFO:root:Epoch  1055, Energy: -1.08740e+02 (-1.08760e+02), Variance: 1.65761e+00 (2.04381e+00), Accept ratio: 0.47279, 
INFO:root:Epoch  1056, Energy: -1.08674e+02 (-1.08654e+02), Variance: 1.56374e+00 (2.24533e+00), Accept ratio: 0.47335, 
INFO:root:Epoch  1057, Energy: -1.08677e+02 (-1.08674e+02), Variance: 1.44159e+00 (1.89444e+00), Accept ratio: 0.47390, 
INFO:root:Epoch  1058, Energy: -1.08734e+02 (-1.08744e+02), Variance: 1.83199e+00 (2.12934e+00), Accept ratio: 0.47496, 
INFO:root:Epoch  1059, Energy: -1.08657e+02 (-1.08911e+02), Variance: 1.83656e+00 (5.53267e+01), Accept ratio: 0.46781, 
INFO:root:Epoch  1060, Energy: -1.08651e+02 (-1.08734e+02), Variance: 1.96630e+00 (1.08956e+01), Accept ratio: 0.47034, 
INFO:root:Epoch  1061, Energy: -1.08699e+02 (-1.08693e+02), Variance: 1.86226e+00 (2.48383e+00), Accept ratio: 0.47156, 
INFO:root:Epoch  1062, Energy: -1.08662e+02 (-1.08665e+02), Variance: 1.55261e+00 (2.44942e+00), Accept ratio: 0.46440, 
INFO:root:Epoch  1063, Energy: -1.08685e+02 (-1.08641e+02), Variance: 1.94664e+00 (4.75965e+00), Accept ratio: 0.47412, 
INFO:root:Epoch  1064, Energy: -1.08642e+02 (-1.08641e+02), Variance: 1.68687e+00 (1.96815e+00), Accept ratio: 0.47227, 
INFO:root:Epoch  1065, Energy: -1.08725e+02 (-1.08739e+02), Variance: 1.72377e+00 (3.31520e+00), Accept ratio: 0.47226, 
INFO:root:Epoch  1066, Energy: -1.08725e+02 (-1.08696e+02), Variance: 1.95908e+00 (5.55064e+00), Accept ratio: 0.47045, 
INFO:root:Epoch  1067, Energy: -1.08695e+02 (-1.08642e+02), Variance: 1.64732e+00 (7.69495e+00), Accept ratio: 0.47198, 
INFO:root:Epoch  1068, Energy: -1.08729e+02 (-1.08709e+02), Variance: 1.73703e+00 (2.76193e+00), Accept ratio: 0.47222, 
INFO:root:Epoch  1069, Energy: -1.08678e+02 (-1.08679e+02), Variance: 1.61019e+00 (2.49927e+00), Accept ratio: 0.46940, 
INFO:root:Epoch  1070, Energy: -1.08652e+02 (-1.08623e+02), Variance: 1.84413e+00 (2.95434e+00), Accept ratio: 0.47526, 
INFO:root:Epoch  1071, Energy: -1.08690e+02 (-1.08655e+02), Variance: 1.89196e+00 (3.05661e+00), Accept ratio: 0.46866, 
INFO:root:Epoch  1072, Energy: -1.08756e+02 (-1.08757e+02), Variance: 1.69095e+00 (2.73520e+00), Accept ratio: 0.47075, 
INFO:root:Epoch  1073, Energy: -1.08736e+02 (-1.08729e+02), Variance: 1.83613e+00 (3.35474e+00), Accept ratio: 0.46988, 
INFO:root:Epoch  1074, Energy: -1.08748e+02 (-1.08772e+02), Variance: 2.34475e+00 (8.18810e+00), Accept ratio: 0.48149, 
INFO:root:Epoch  1075, Energy: -1.08773e+02 (-1.08732e+02), Variance: 1.85161e+00 (2.92785e+00), Accept ratio: 0.48000, 
INFO:root:Epoch  1076, Energy: -1.08721e+02 (-1.08722e+02), Variance: 1.86569e+00 (3.19041e+00), Accept ratio: 0.47160, 
INFO:root:Epoch  1077, Energy: -1.08755e+02 (-1.08753e+02), Variance: 1.52240e+00 (1.99937e+00), Accept ratio: 0.46362, 
INFO:root:Epoch  1078, Energy: -1.08712e+02 (-1.08709e+02), Variance: 1.91109e+00 (2.59137e+00), Accept ratio: 0.47806, 
INFO:root:Epoch  1079, Energy: -1.08778e+02 (-1.08760e+02), Variance: 1.72296e+00 (2.18441e+00), Accept ratio: 0.46845, 
INFO:root:Epoch  1080, Energy: -1.08791e+02 (-1.08807e+02), Variance: 1.77917e+00 (2.70012e+00), Accept ratio: 0.47427, 
INFO:root:Epoch  1081, Energy: -1.08824e+02 (-1.08836e+02), Variance: 1.70951e+00 (2.57307e+00), Accept ratio: 0.46638, 
INFO:root:Epoch  1082, Energy: -1.08789e+02 (-1.08826e+02), Variance: 1.64678e+00 (3.29708e+00), Accept ratio: 0.47014, 
INFO:root:Epoch  1083, Energy: -1.08758e+02 (-1.08809e+02), Variance: 1.49651e+00 (3.77773e+00), Accept ratio: 0.47435, 
INFO:root:Epoch  1084, Energy: -1.08766e+02 (-1.08788e+02), Variance: 1.53680e+00 (2.37091e+00), Accept ratio: 0.47449, 
INFO:root:Epoch  1085, Energy: -1.08747e+02 (-1.08752e+02), Variance: 1.50419e+00 (1.81692e+00), Accept ratio: 0.47911, 
INFO:root:Epoch  1086, Energy: -1.08807e+02 (-1.08807e+02), Variance: 1.44056e+00 (2.31577e+00), Accept ratio: 0.47185, 
INFO:root:Epoch  1087, Energy: -1.08737e+02 (-1.08734e+02), Variance: 1.48486e+00 (1.92038e+00), Accept ratio: 0.47419, 
INFO:root:Epoch  1088, Energy: -1.08783e+02 (-1.08782e+02), Variance: 1.45921e+00 (1.65315e+00), Accept ratio: 0.47774, 
INFO:root:Epoch  1089, Energy: -1.08731e+02 (-1.08746e+02), Variance: 1.68143e+00 (2.81500e+00), Accept ratio: 0.46766, 
INFO:root:Epoch  1090, Energy: -1.08749e+02 (-1.08770e+02), Variance: 1.72726e+00 (2.67562e+00), Accept ratio: 0.47352, 
INFO:root:Epoch  1091, Energy: -1.08744e+02 (-1.08747e+02), Variance: 1.55116e+00 (1.80929e+00), Accept ratio: 0.46878, 
INFO:root:Epoch  1092, Energy: -1.08690e+02 (-1.08683e+02), Variance: 1.58940e+00 (2.25049e+00), Accept ratio: 0.46909, 
INFO:root:Epoch  1093, Energy: -1.08742e+02 (-1.08760e+02), Variance: 1.55109e+00 (2.32812e+00), Accept ratio: 0.47523, 
INFO:root:Epoch  1094, Energy: -1.08754e+02 (-1.08758e+02), Variance: 1.75079e+00 (3.41299e+00), Accept ratio: 0.47552, 
INFO:root:Epoch  1095, Energy: -1.08775e+02 (-1.08792e+02), Variance: 1.60197e+00 (2.63747e+00), Accept ratio: 0.46697, 
INFO:root:Epoch  1096, Energy: -1.08796e+02 (-1.08853e+02), Variance: 1.57090e+00 (5.81234e+00), Accept ratio: 0.47072, 
INFO:root:Epoch  1097, Energy: -1.08776e+02 (-1.08786e+02), Variance: 1.62699e+00 (1.99482e+00), Accept ratio: 0.47479, 
INFO:root:Epoch  1098, Energy: -1.08798e+02 (-1.08828e+02), Variance: 1.79571e+00 (2.63699e+00), Accept ratio: 0.47651, 
INFO:root:Epoch  1099, Energy: -1.08761e+02 (-1.08732e+02), Variance: 1.63939e+00 (2.89486e+00), Accept ratio: 0.47273, 
INFO:root:Epoch  1100, Energy: -1.08739e+02 (-1.08749e+02), Variance: 1.69440e+00 (2.11191e+00), Accept ratio: 0.47433, , best weights saved
INFO:root:Epoch  1101, Energy: -1.08760e+02 (-1.08762e+02), Variance: 1.60682e+00 (2.49284e+00), Accept ratio: 0.46692, 
INFO:root:Epoch  1102, Energy: -1.08758e+02 (-1.08755e+02), Variance: 1.62974e+00 (2.49091e+00), Accept ratio: 0.47771, 
INFO:root:Epoch  1103, Energy: -1.08727e+02 (-1.08734e+02), Variance: 1.72361e+00 (2.64185e+00), Accept ratio: 0.47516, 
INFO:root:Epoch  1104, Energy: -1.08651e+02 (-1.08635e+02), Variance: 1.95745e+00 (2.85259e+00), Accept ratio: 0.46527, 
INFO:root:Epoch  1105, Energy: -1.08702e+02 (-1.08709e+02), Variance: 1.65701e+00 (2.87271e+00), Accept ratio: 0.47335, 
INFO:root:Epoch  1106, Energy: -1.08693e+02 (-1.08685e+02), Variance: 1.68078e+00 (5.60344e+00), Accept ratio: 0.47292, 
INFO:root:Epoch  1107, Energy: -1.08713e+02 (-1.08746e+02), Variance: 1.79940e+00 (2.88617e+00), Accept ratio: 0.47584, 
INFO:root:Epoch  1108, Energy: -1.08702e+02 (-1.08688e+02), Variance: 1.61551e+00 (1.97416e+00), Accept ratio: 0.47776, 
INFO:root:Epoch  1109, Energy: -1.08709e+02 (-1.08743e+02), Variance: 1.54149e+00 (2.57159e+00), Accept ratio: 0.48020, 
INFO:root:Epoch  1110, Energy: -1.08796e+02 (-1.08870e+02), Variance: 1.64919e+00 (3.91579e+00), Accept ratio: 0.47453, 
INFO:root:Epoch  1111, Energy: -1.08771e+02 (-1.08842e+02), Variance: 1.71052e+00 (5.58180e+00), Accept ratio: 0.47755, 
INFO:root:Epoch  1112, Energy: -1.08820e+02 (-1.08864e+02), Variance: 1.63187e+00 (3.91085e+00), Accept ratio: 0.46753, 
INFO:root:Epoch  1113, Energy: -1.08826e+02 (-1.08944e+02), Variance: 1.88324e+00 (1.02046e+01), Accept ratio: 0.47718, 
INFO:root:Epoch  1114, Energy: -1.08781e+02 (-1.08819e+02), Variance: 1.43146e+00 (2.27439e+00), Accept ratio: 0.46833, 
INFO:root:Epoch  1115, Energy: -1.08756e+02 (-1.08801e+02), Variance: 1.77925e+00 (3.44873e+00), Accept ratio: 0.46621, 
INFO:root:Epoch  1116, Energy: -1.08780e+02 (-1.08813e+02), Variance: 1.48891e+00 (2.43449e+00), Accept ratio: 0.47235, 
INFO:root:Epoch  1117, Energy: -1.08788e+02 (-1.08781e+02), Variance: 1.45768e+00 (1.67101e+00), Accept ratio: 0.46593, 
INFO:root:Epoch  1118, Energy: -1.08687e+02 (-1.08657e+02), Variance: 1.55945e+00 (2.22602e+00), Accept ratio: 0.47464, 
INFO:root:Epoch  1119, Energy: -1.08763e+02 (-1.08781e+02), Variance: 1.71371e+00 (3.34224e+00), Accept ratio: 0.46726, 
INFO:root:Epoch  1120, Energy: -1.08718e+02 (-1.08722e+02), Variance: 1.51378e+00 (2.21244e+00), Accept ratio: 0.47529, 
INFO:root:Epoch  1121, Energy: -1.08739e+02 (-1.08793e+02), Variance: 1.36562e+00 (3.14861e+00), Accept ratio: 0.47424, 
INFO:root:Epoch  1122, Energy: -1.08736e+02 (-1.08765e+02), Variance: 1.64743e+00 (2.91658e+00), Accept ratio: 0.47505, 
INFO:root:Epoch  1123, Energy: -1.08800e+02 (-1.08785e+02), Variance: 1.52922e+00 (1.92096e+00), Accept ratio: 0.47187, 
INFO:root:Epoch  1124, Energy: -1.08813e+02 (-1.08808e+02), Variance: 1.66175e+00 (2.31060e+00), Accept ratio: 0.47355, 
INFO:root:Epoch  1125, Energy: -1.08736e+02 (-1.08704e+02), Variance: 1.56389e+00 (2.38084e+00), Accept ratio: 0.47702, 
INFO:root:Epoch  1126, Energy: -1.08742e+02 (-1.08713e+02), Variance: 1.41950e+00 (3.17147e+00), Accept ratio: 0.47792, 
INFO:root:Epoch  1127, Energy: -1.08771e+02 (-1.08766e+02), Variance: 1.46730e+00 (2.11231e+00), Accept ratio: 0.46856, 
INFO:root:Epoch  1128, Energy: -1.08742e+02 (-1.08686e+02), Variance: 1.67518e+00 (6.21191e+00), Accept ratio: 0.46933, 
INFO:root:Epoch  1129, Energy: -1.08779e+02 (-1.08786e+02), Variance: 1.63721e+00 (2.45312e+00), Accept ratio: 0.46939, 
INFO:root:Epoch  1130, Energy: -1.08748e+02 (-1.08749e+02), Variance: 1.73967e+00 (2.84060e+00), Accept ratio: 0.46888, 
INFO:root:Epoch  1131, Energy: -1.08792e+02 (-1.08783e+02), Variance: 1.61028e+00 (2.56141e+00), Accept ratio: 0.46425, 
INFO:root:Epoch  1132, Energy: -1.08755e+02 (-1.08756e+02), Variance: 1.44571e+00 (3.06493e+00), Accept ratio: 0.47710, 
INFO:root:Epoch  1133, Energy: -1.08719e+02 (-1.08724e+02), Variance: 1.45633e+00 (1.93929e+00), Accept ratio: 0.46861, 
INFO:root:Epoch  1134, Energy: -1.08701e+02 (-1.08656e+02), Variance: 1.60280e+00 (4.09706e+00), Accept ratio: 0.47420, 
INFO:root:Epoch  1135, Energy: -1.08722e+02 (-1.08695e+02), Variance: 1.50833e+00 (2.95281e+00), Accept ratio: 0.47301, 
INFO:root:Epoch  1136, Energy: -1.08737e+02 (-1.08711e+02), Variance: 1.66365e+00 (2.51458e+00), Accept ratio: 0.47026, 
INFO:root:Epoch  1137, Energy: -1.08832e+02 (-1.08845e+02), Variance: 1.56606e+00 (2.21338e+00), Accept ratio: 0.47262, 
INFO:root:Epoch  1138, Energy: -1.08796e+02 (-1.08813e+02), Variance: 1.68201e+00 (3.50257e+00), Accept ratio: 0.46996, 
INFO:root:Epoch  1139, Energy: -1.08786e+02 (-1.08793e+02), Variance: 1.58393e+00 (2.46504e+00), Accept ratio: 0.46938, 
INFO:root:Epoch  1140, Energy: -1.08816e+02 (-1.08827e+02), Variance: 1.73513e+00 (4.12211e+00), Accept ratio: 0.47823, 
INFO:root:Epoch  1141, Energy: -1.08827e+02 (-1.08815e+02), Variance: 1.54817e+00 (2.01651e+00), Accept ratio: 0.47388, 
INFO:root:Epoch  1142, Energy: -1.08817e+02 (-1.08839e+02), Variance: 1.52770e+00 (2.73953e+00), Accept ratio: 0.47404, 
INFO:root:Epoch  1143, Energy: -1.08825e+02 (-1.08833e+02), Variance: 1.46685e+00 (2.80164e+00), Accept ratio: 0.47342, 
INFO:root:Epoch  1144, Energy: -1.08820e+02 (-1.08747e+02), Variance: 1.68427e+00 (4.93125e+00), Accept ratio: 0.47328, 
INFO:root:Epoch  1145, Energy: -1.08814e+02 (-1.08795e+02), Variance: 1.45731e+00 (2.12798e+00), Accept ratio: 0.46746, 
INFO:root:Epoch  1146, Energy: -1.08848e+02 (-1.08817e+02), Variance: 1.59033e+00 (3.00886e+00), Accept ratio: 0.47613, 
INFO:root:Epoch  1147, Energy: -1.08847e+02 (-1.08842e+02), Variance: 1.56932e+00 (2.31795e+00), Accept ratio: 0.48039, 
INFO:root:Epoch  1148, Energy: -1.08792e+02 (-1.08795e+02), Variance: 1.49169e+00 (2.60130e+00), Accept ratio: 0.48229, 
INFO:root:Epoch  1149, Energy: -1.08787e+02 (-1.08753e+02), Variance: 1.40656e+00 (2.06617e+00), Accept ratio: 0.47375, 
INFO:root:Epoch  1150, Energy: -1.08764e+02 (-1.08712e+02), Variance: 1.49876e+00 (2.63173e+00), Accept ratio: 0.47003, 
INFO:root:Epoch  1151, Energy: -1.08836e+02 (-1.08773e+02), Variance: 1.87610e+00 (5.31599e+00), Accept ratio: 0.47193, 
INFO:root:Epoch  1152, Energy: -1.08825e+02 (-1.08848e+02), Variance: 1.79811e+00 (1.15047e+01), Accept ratio: 0.47240, 
INFO:root:Epoch  1153, Energy: -1.08868e+02 (-1.08846e+02), Variance: 1.81174e+00 (4.15587e+00), Accept ratio: 0.47081, 
INFO:root:Epoch  1154, Energy: -1.08842e+02 (-1.08821e+02), Variance: 1.62677e+00 (3.05317e+00), Accept ratio: 0.46522, 
INFO:root:Epoch  1155, Energy: -1.08797e+02 (-1.08772e+02), Variance: 1.47565e+00 (2.04550e+00), Accept ratio: 0.46716, 
INFO:root:Epoch  1156, Energy: -1.08816e+02 (-1.08807e+02), Variance: 1.31108e+00 (1.90343e+00), Accept ratio: 0.47619, 
INFO:root:Epoch  1157, Energy: -1.08843e+02 (-1.08854e+02), Variance: 1.50706e+00 (2.39387e+00), Accept ratio: 0.47865, 
INFO:root:Epoch  1158, Energy: -1.08793e+02 (-1.08793e+02), Variance: 1.49973e+00 (2.11707e+00), Accept ratio: 0.47353, 
INFO:root:Epoch  1159, Energy: -1.08785e+02 (-1.08786e+02), Variance: 1.63519e+00 (2.46465e+00), Accept ratio: 0.46604, 
INFO:root:Epoch  1160, Energy: -1.08802e+02 (-1.08909e+02), Variance: 1.67457e+00 (1.26964e+01), Accept ratio: 0.47051, 
INFO:root:Epoch  1161, Energy: -1.08773e+02 (-1.08761e+02), Variance: 1.61779e+00 (2.29304e+00), Accept ratio: 0.47662, 
INFO:root:Epoch  1162, Energy: -1.08854e+02 (-1.08883e+02), Variance: 1.98759e+00 (2.97739e+00), Accept ratio: 0.46958, 
INFO:root:Epoch  1163, Energy: -1.08856e+02 (-1.08858e+02), Variance: 1.51951e+00 (1.83869e+00), Accept ratio: 0.47370, 
INFO:root:Epoch  1164, Energy: -1.08838e+02 (-1.08849e+02), Variance: 1.46043e+00 (1.85478e+00), Accept ratio: 0.46848, 
INFO:root:Epoch  1165, Energy: -1.08790e+02 (-1.08812e+02), Variance: 1.63063e+00 (2.64912e+00), Accept ratio: 0.47256, 
INFO:root:Epoch  1166, Energy: -1.08758e+02 (-1.08779e+02), Variance: 1.60580e+00 (2.59128e+00), Accept ratio: 0.47273, 
INFO:root:Epoch  1167, Energy: -1.08787e+02 (-1.08858e+02), Variance: 1.69826e+00 (5.02552e+00), Accept ratio: 0.47127, 
INFO:root:Epoch  1168, Energy: -1.08809e+02 (-1.08961e+02), Variance: 1.46890e+00 (1.98380e+01), Accept ratio: 0.47097, 
INFO:root:Epoch  1169, Energy: -1.08833e+02 (-1.08839e+02), Variance: 1.57206e+00 (1.99730e+00), Accept ratio: 0.47023, 
INFO:root:Epoch  1170, Energy: -1.08764e+02 (-1.08777e+02), Variance: 1.51900e+00 (2.55615e+00), Accept ratio: 0.47467, 
INFO:root:Epoch  1171, Energy: -1.08759e+02 (-1.08749e+02), Variance: 1.50354e+00 (2.10505e+00), Accept ratio: 0.47041, 
INFO:root:Epoch  1172, Energy: -1.08770e+02 (-1.08778e+02), Variance: 1.40005e+00 (2.46307e+00), Accept ratio: 0.47491, 
INFO:root:Epoch  1173, Energy: -1.08740e+02 (-1.08718e+02), Variance: 1.58524e+00 (3.39172e+00), Accept ratio: 0.47149, 
INFO:root:Epoch  1174, Energy: -1.08837e+02 (-1.08872e+02), Variance: 1.64599e+00 (3.09725e+00), Accept ratio: 0.47943, 
INFO:root:Epoch  1175, Energy: -1.08759e+02 (-1.08718e+02), Variance: 1.64978e+00 (2.78646e+00), Accept ratio: 0.47043, 
INFO:root:Epoch  1176, Energy: -1.08801e+02 (-1.08809e+02), Variance: 1.50952e+00 (2.42133e+00), Accept ratio: 0.46554, 
INFO:root:Epoch  1177, Energy: -1.08750e+02 (-1.08807e+02), Variance: 1.45593e+00 (6.86446e+00), Accept ratio: 0.47795, 
INFO:root:Epoch  1178, Energy: -1.08804e+02 (-1.08879e+02), Variance: 1.37815e+00 (5.05296e+00), Accept ratio: 0.47982, 
INFO:root:Epoch  1179, Energy: -1.08794e+02 (-1.08783e+02), Variance: 1.43568e+00 (1.84026e+00), Accept ratio: 0.47018, 
INFO:root:Epoch  1180, Energy: -1.08774e+02 (-1.08771e+02), Variance: 1.74042e+00 (2.27680e+00), Accept ratio: 0.47106, 
INFO:root:Epoch  1181, Energy: -1.08850e+02 (-1.08869e+02), Variance: 1.53161e+00 (2.49566e+00), Accept ratio: 0.47143, 
INFO:root:Epoch  1182, Energy: -1.08812e+02 (-1.08828e+02), Variance: 1.52058e+00 (2.24881e+00), Accept ratio: 0.46279, 
INFO:root:Epoch  1183, Energy: -1.08697e+02 (-1.08709e+02), Variance: 1.64276e+00 (4.69043e+00), Accept ratio: 0.47517, 
INFO:root:Epoch  1184, Energy: -1.08776e+02 (-1.08767e+02), Variance: 1.57848e+00 (1.73175e+00), Accept ratio: 0.47782, 
INFO:root:Epoch  1185, Energy: -1.08775e+02 (-1.08754e+02), Variance: 1.53616e+00 (2.71932e+00), Accept ratio: 0.46548, 
INFO:root:Epoch  1186, Energy: -1.08722e+02 (-1.08754e+02), Variance: 1.55327e+00 (3.23331e+00), Accept ratio: 0.47806, 
INFO:root:Epoch  1187, Energy: -1.08687e+02 (-1.08677e+02), Variance: 1.53256e+00 (1.98982e+00), Accept ratio: 0.47099, 
INFO:root:Epoch  1188, Energy: -1.08733e+02 (-1.08721e+02), Variance: 1.64599e+00 (3.24348e+00), Accept ratio: 0.46479, 
INFO:root:Epoch  1189, Energy: -1.08773e+02 (-1.08799e+02), Variance: 1.42268e+00 (2.56117e+00), Accept ratio: 0.46717, 
INFO:root:Epoch  1190, Energy: -1.08802e+02 (-1.08888e+02), Variance: 1.33317e+00 (6.27042e+00), Accept ratio: 0.47071, 
INFO:root:Epoch  1191, Energy: -1.08824e+02 (-1.08818e+02), Variance: 1.27444e+00 (1.59307e+00), Accept ratio: 0.47676, 
INFO:root:Epoch  1192, Energy: -1.08843e+02 (-1.08858e+02), Variance: 1.47253e+00 (2.45275e+00), Accept ratio: 0.47572, 
INFO:root:Epoch  1193, Energy: -1.08819e+02 (-1.08832e+02), Variance: 1.38616e+00 (2.15852e+00), Accept ratio: 0.46914, 
INFO:root:Epoch  1194, Energy: -1.08774e+02 (-1.08746e+02), Variance: 1.75335e+00 (2.77000e+00), Accept ratio: 0.47145, 
INFO:root:Epoch  1195, Energy: -1.08772e+02 (-1.08753e+02), Variance: 1.60512e+00 (2.05727e+00), Accept ratio: 0.47456, 
INFO:root:Epoch  1196, Energy: -1.08784e+02 (-1.08786e+02), Variance: 1.65331e+00 (2.56291e+00), Accept ratio: 0.47556, 
INFO:root:Epoch  1197, Energy: -1.08809e+02 (-1.08828e+02), Variance: 1.52482e+00 (2.17222e+00), Accept ratio: 0.46474, 
INFO:root:Epoch  1198, Energy: -1.08765e+02 (-1.08780e+02), Variance: 1.29402e+00 (1.64749e+00), Accept ratio: 0.47268, 
INFO:root:Epoch  1199, Energy: -1.08773e+02 (-1.08776e+02), Variance: 1.26941e+00 (1.68314e+00), Accept ratio: 0.46869, 
INFO:root:Epoch  1200, Energy: -1.08776e+02 (-1.08807e+02), Variance: 1.32601e+00 (2.60773e+00), Accept ratio: 0.47462, , best weights saved
INFO:root:Epoch  1201, Energy: -1.08856e+02 (-1.08878e+02), Variance: 1.38552e+00 (1.94771e+00), Accept ratio: 0.47610, 
INFO:root:Epoch  1202, Energy: -1.08823e+02 (-1.08836e+02), Variance: 1.42727e+00 (1.98180e+00), Accept ratio: 0.47008, 
INFO:root:Epoch  1203, Energy: -1.08829e+02 (-1.08886e+02), Variance: 1.42296e+00 (3.31318e+00), Accept ratio: 0.46921, 
INFO:root:Epoch  1204, Energy: -1.08836e+02 (-1.08842e+02), Variance: 1.57251e+00 (2.09636e+00), Accept ratio: 0.46952, 
INFO:root:Epoch  1205, Energy: -1.08883e+02 (-1.08920e+02), Variance: 1.45112e+00 (2.39864e+00), Accept ratio: 0.46877, 
INFO:root:Epoch  1206, Energy: -1.08816e+02 (-1.08824e+02), Variance: 1.27321e+00 (1.78405e+00), Accept ratio: 0.47400, 
INFO:root:Epoch  1207, Energy: -1.08837e+02 (-1.08853e+02), Variance: 1.43913e+00 (1.77790e+00), Accept ratio: 0.46841, 
INFO:root:Epoch  1208, Energy: -1.08809e+02 (-1.08776e+02), Variance: 1.46831e+00 (2.28092e+00), Accept ratio: 0.46889, 
INFO:root:Epoch  1209, Energy: -1.08768e+02 (-1.08836e+02), Variance: 1.63804e+00 (5.56201e+00), Accept ratio: 0.47257, 
INFO:root:Epoch  1210, Energy: -1.08813e+02 (-1.08776e+02), Variance: 1.61887e+00 (2.79033e+00), Accept ratio: 0.47154, 
INFO:root:Epoch  1211, Energy: -1.08913e+02 (-1.08903e+02), Variance: 1.44407e+00 (1.76899e+00), Accept ratio: 0.47460, 
INFO:root:Epoch  1212, Energy: -1.08819e+02 (-1.08816e+02), Variance: 1.59986e+00 (1.95057e+00), Accept ratio: 0.47434, 
INFO:root:Epoch  1213, Energy: -1.08741e+02 (-1.08740e+02), Variance: 1.51213e+00 (1.87369e+00), Accept ratio: 0.47442, 
INFO:root:Epoch  1214, Energy: -1.08770e+02 (-1.08776e+02), Variance: 1.61204e+00 (2.35092e+00), Accept ratio: 0.47465, 
INFO:root:Epoch  1215, Energy: -1.08820e+02 (-1.08818e+02), Variance: 1.75226e+00 (2.93268e+00), Accept ratio: 0.46653, 
INFO:root:Epoch  1216, Energy: -1.08749e+02 (-1.08743e+02), Variance: 1.31186e+00 (1.54893e+00), Accept ratio: 0.47547, 
INFO:root:Epoch  1217, Energy: -1.08791e+02 (-1.08816e+02), Variance: 1.55533e+00 (2.79680e+00), Accept ratio: 0.47382, 
INFO:root:Epoch  1218, Energy: -1.08799e+02 (-1.08829e+02), Variance: 1.44828e+00 (5.07656e+00), Accept ratio: 0.46807, 
INFO:root:Epoch  1219, Energy: -1.08781e+02 (-1.08746e+02), Variance: 1.61228e+00 (2.60555e+00), Accept ratio: 0.47565, 
INFO:root:Epoch  1220, Energy: -1.08853e+02 (-1.08815e+02), Variance: 1.48568e+00 (3.61959e+00), Accept ratio: 0.47033, 
INFO:root:Epoch  1221, Energy: -1.08872e+02 (-1.08886e+02), Variance: 1.42880e+00 (2.05891e+00), Accept ratio: 0.46893, 
INFO:root:Epoch  1222, Energy: -1.08799e+02 (-1.08789e+02), Variance: 1.33535e+00 (1.60748e+00), Accept ratio: 0.47450, 
INFO:root:Epoch  1223, Energy: -1.08808e+02 (-1.08801e+02), Variance: 1.39055e+00 (4.92932e+00), Accept ratio: 0.47070, 
INFO:root:Epoch  1224, Energy: -1.08774e+02 (-1.08830e+02), Variance: 1.39239e+00 (4.20657e+00), Accept ratio: 0.46807, 
INFO:root:Epoch  1225, Energy: -1.08834e+02 (-1.08864e+02), Variance: 1.25458e+00 (1.99354e+00), Accept ratio: 0.47419, 
INFO:root:Epoch  1226, Energy: -1.08785e+02 (-1.08796e+02), Variance: 1.31254e+00 (1.85467e+00), Accept ratio: 0.47809, 
INFO:root:Epoch  1227, Energy: -1.08849e+02 (-1.08877e+02), Variance: 1.32027e+00 (2.96371e+00), Accept ratio: 0.47291, 
INFO:root:Epoch  1228, Energy: -1.08825e+02 (-1.08828e+02), Variance: 1.27478e+00 (1.66841e+00), Accept ratio: 0.46983, 
INFO:root:Epoch  1229, Energy: -1.08854e+02 (-1.09003e+02), Variance: 1.49529e+00 (2.54235e+01), Accept ratio: 0.47068, 
INFO:root:Epoch  1230, Energy: -1.08811e+02 (-1.08857e+02), Variance: 1.27207e+00 (2.49583e+00), Accept ratio: 0.46681, 
INFO:root:Epoch  1231, Energy: -1.08827e+02 (-1.08837e+02), Variance: 1.15892e+00 (1.30460e+00), Accept ratio: 0.47303, 
INFO:root:Epoch  1232, Energy: -1.08829e+02 (-1.08831e+02), Variance: 1.37496e+00 (1.93270e+00), Accept ratio: 0.47477, 
INFO:root:Epoch  1233, Energy: -1.08819e+02 (-1.08783e+02), Variance: 1.28314e+00 (4.34490e+00), Accept ratio: 0.47093, 
INFO:root:Epoch  1234, Energy: -1.08819e+02 (-1.08819e+02), Variance: 1.29888e+00 (1.66944e+00), Accept ratio: 0.47528, 
INFO:root:Epoch  1235, Energy: -1.08837e+02 (-1.08821e+02), Variance: 1.23362e+00 (1.68517e+00), Accept ratio: 0.46487, 
INFO:root:Epoch  1236, Energy: -1.08856e+02 (-1.08853e+02), Variance: 1.20570e+00 (1.34244e+00), Accept ratio: 0.47113, 
INFO:root:Epoch  1237, Energy: -1.08834e+02 (-1.08853e+02), Variance: 1.41963e+00 (1.78081e+00), Accept ratio: 0.47242, 
INFO:root:Epoch  1238, Energy: -1.08824e+02 (-1.08783e+02), Variance: 1.49578e+00 (4.27366e+00), Accept ratio: 0.47879, 
INFO:root:Epoch  1239, Energy: -1.08810e+02 (-1.08835e+02), Variance: 1.49061e+00 (2.79192e+00), Accept ratio: 0.47384, 
INFO:root:Epoch  1240, Energy: -1.08799e+02 (-1.08812e+02), Variance: 1.32762e+00 (2.37270e+00), Accept ratio: 0.46735, 
INFO:root:Epoch  1241, Energy: -1.08777e+02 (-1.08769e+02), Variance: 1.22038e+00 (1.68334e+00), Accept ratio: 0.47568, 
INFO:root:Epoch  1242, Energy: -1.08898e+02 (-1.08898e+02), Variance: 1.34497e+00 (2.53858e+00), Accept ratio: 0.46800, 
INFO:root:Epoch  1243, Energy: -1.08847e+02 (-1.08777e+02), Variance: 1.43369e+00 (7.10636e+00), Accept ratio: 0.47029, 
INFO:root:Epoch  1244, Energy: -1.08796e+02 (-1.08800e+02), Variance: 1.51848e+00 (2.03211e+00), Accept ratio: 0.47241, 
INFO:root:Epoch  1245, Energy: -1.08840e+02 (-1.08819e+02), Variance: 1.30101e+00 (2.49960e+00), Accept ratio: 0.46935, 
INFO:root:Epoch  1246, Energy: -1.08837e+02 (-1.08839e+02), Variance: 1.20052e+00 (1.39500e+00), Accept ratio: 0.47385, 
INFO:root:Epoch  1247, Energy: -1.08794e+02 (-1.08791e+02), Variance: 1.41893e+00 (1.86797e+00), Accept ratio: 0.46717, 
INFO:root:Epoch  1248, Energy: -1.08836e+02 (-1.08877e+02), Variance: 1.37322e+00 (2.97864e+00), Accept ratio: 0.46857, 
INFO:root:Epoch  1249, Energy: -1.08872e+02 (-1.08877e+02), Variance: 1.30551e+00 (1.97599e+00), Accept ratio: 0.46742, 
INFO:root:Epoch  1250, Energy: -1.08848e+02 (-1.08866e+02), Variance: 1.35322e+00 (3.67730e+00), Accept ratio: 0.47127, 
INFO:root:Epoch  1251, Energy: -1.08845e+02 (-1.08847e+02), Variance: 1.26777e+00 (1.37689e+00), Accept ratio: 0.47059, 
INFO:root:Epoch  1252, Energy: -1.08938e+02 (-1.08973e+02), Variance: 1.65707e+00 (3.40716e+00), Accept ratio: 0.47534, 
INFO:root:Epoch  1253, Energy: -1.08950e+02 (-1.08970e+02), Variance: 1.61041e+00 (2.53228e+00), Accept ratio: 0.46771, 
INFO:root:Epoch  1254, Energy: -1.08866e+02 (-1.08829e+02), Variance: 1.63550e+00 (6.45317e+00), Accept ratio: 0.46620, 
INFO:root:Epoch  1255, Energy: -1.08809e+02 (-1.08869e+02), Variance: 1.57144e+00 (1.16723e+01), Accept ratio: 0.47208, 
INFO:root:Epoch  1256, Energy: -1.08786e+02 (-1.08785e+02), Variance: 1.36074e+00 (1.79010e+00), Accept ratio: 0.47797, 
INFO:root:Epoch  1257, Energy: -1.08847e+02 (-1.08878e+02), Variance: 1.31842e+00 (2.57922e+00), Accept ratio: 0.47400, 
INFO:root:Epoch  1258, Energy: -1.08890e+02 (-1.08908e+02), Variance: 1.26748e+00 (1.52570e+00), Accept ratio: 0.47241, 
INFO:root:Epoch  1259, Energy: -1.08892e+02 (-1.08915e+02), Variance: 1.37431e+00 (1.79349e+00), Accept ratio: 0.46927, 
INFO:root:Epoch  1260, Energy: -1.08861e+02 (-1.08880e+02), Variance: 1.37496e+00 (1.86488e+00), Accept ratio: 0.46749, 
INFO:root:Epoch  1261, Energy: -1.08854e+02 (-1.08858e+02), Variance: 1.57636e+00 (2.21302e+00), Accept ratio: 0.47423, 
INFO:root:Epoch  1262, Energy: -1.08815e+02 (-1.08776e+02), Variance: 1.66127e+00 (2.62016e+00), Accept ratio: 0.47007, 
INFO:root:Epoch  1263, Energy: -1.08833e+02 (-1.08848e+02), Variance: 1.43909e+00 (3.12216e+00), Accept ratio: 0.47359, 
INFO:root:Epoch  1264, Energy: -1.08763e+02 (-1.08731e+02), Variance: 1.50055e+00 (2.74411e+00), Accept ratio: 0.46948, 
INFO:root:Epoch  1265, Energy: -1.08871e+02 (-1.08912e+02), Variance: 1.27641e+00 (2.51585e+00), Accept ratio: 0.47663, 
INFO:root:Epoch  1266, Energy: -1.08797e+02 (-1.08812e+02), Variance: 1.29098e+00 (1.88854e+00), Accept ratio: 0.47329, 
INFO:root:Epoch  1267, Energy: -1.08862e+02 (-1.08874e+02), Variance: 1.24995e+00 (1.45409e+00), Accept ratio: 0.47080, 
INFO:root:Epoch  1268, Energy: -1.08847e+02 (-1.08862e+02), Variance: 1.40288e+00 (6.32838e+00), Accept ratio: 0.46987, 
INFO:root:Epoch  1269, Energy: -1.08866e+02 (-1.08872e+02), Variance: 1.31760e+00 (2.78010e+00), Accept ratio: 0.46944, 
INFO:root:Epoch  1270, Energy: -1.08886e+02 (-1.08885e+02), Variance: 1.22414e+00 (1.32550e+00), Accept ratio: 0.46988, 
INFO:root:Epoch  1271, Energy: -1.08908e+02 (-1.08897e+02), Variance: 1.40071e+00 (2.17302e+00), Accept ratio: 0.47470, 
INFO:root:Epoch  1272, Energy: -1.08907e+02 (-1.08900e+02), Variance: 1.54617e+00 (2.95388e+00), Accept ratio: 0.47104, 
INFO:root:Epoch  1273, Energy: -1.08891e+02 (-1.08878e+02), Variance: 1.40730e+00 (1.77183e+00), Accept ratio: 0.47399, 
INFO:root:Epoch  1274, Energy: -1.08905e+02 (-1.08904e+02), Variance: 1.53615e+00 (2.89264e+00), Accept ratio: 0.47526, 
INFO:root:Epoch  1275, Energy: -1.08848e+02 (-1.08832e+02), Variance: 1.27536e+00 (3.78274e+00), Accept ratio: 0.46780, 
INFO:root:Epoch  1276, Energy: -1.08864e+02 (-1.08869e+02), Variance: 1.33382e+00 (2.33578e+00), Accept ratio: 0.46890, 
INFO:root:Epoch  1277, Energy: -1.08849e+02 (-1.08888e+02), Variance: 1.33774e+00 (3.11371e+00), Accept ratio: 0.46982, 
INFO:root:Epoch  1278, Energy: -1.08883e+02 (-1.08981e+02), Variance: 1.22153e+00 (8.03005e+00), Accept ratio: 0.47216, 
INFO:root:Epoch  1279, Energy: -1.08858e+02 (-1.08877e+02), Variance: 1.48718e+00 (3.42937e+00), Accept ratio: 0.46800, 
INFO:root:Epoch  1280, Energy: -1.08843e+02 (-1.08839e+02), Variance: 1.35842e+00 (1.96603e+00), Accept ratio: 0.47068, 
INFO:root:Epoch  1281, Energy: -1.08813e+02 (-1.08794e+02), Variance: 1.55705e+00 (2.82514e+00), Accept ratio: 0.47474, 
INFO:root:Epoch  1282, Energy: -1.08818e+02 (-1.08806e+02), Variance: 1.32584e+00 (1.70085e+00), Accept ratio: 0.47382, 
INFO:root:Epoch  1283, Energy: -1.08828e+02 (-1.08826e+02), Variance: 1.35418e+00 (1.94212e+00), Accept ratio: 0.47157, 
INFO:root:Epoch  1284, Energy: -1.08795e+02 (-1.08788e+02), Variance: 1.46281e+00 (1.89022e+00), Accept ratio: 0.47316, 
INFO:root:Epoch  1285, Energy: -1.08853e+02 (-1.08867e+02), Variance: 1.32139e+00 (1.82114e+00), Accept ratio: 0.46924, 
INFO:root:Epoch  1286, Energy: -1.08815e+02 (-1.08791e+02), Variance: 1.44286e+00 (2.64154e+00), Accept ratio: 0.47457, 
INFO:root:Epoch  1287, Energy: -1.08853e+02 (-1.08870e+02), Variance: 1.11243e+00 (1.82888e+00), Accept ratio: 0.47471, 
INFO:root:Epoch  1288, Energy: -1.08811e+02 (-1.08808e+02), Variance: 1.47529e+00 (2.24901e+00), Accept ratio: 0.47297, 
INFO:root:Epoch  1289, Energy: -1.08812e+02 (-1.08793e+02), Variance: 1.51258e+00 (2.18182e+00), Accept ratio: 0.46758, 
INFO:root:Epoch  1290, Energy: -1.08866e+02 (-1.08903e+02), Variance: 1.36149e+00 (3.83853e+00), Accept ratio: 0.46719, 
INFO:root:Epoch  1291, Energy: -1.08897e+02 (-1.08896e+02), Variance: 1.21651e+00 (1.28636e+00), Accept ratio: 0.46571, 
INFO:root:Epoch  1292, Energy: -1.08849e+02 (-1.08815e+02), Variance: 1.27944e+00 (1.91541e+00), Accept ratio: 0.47317, 
INFO:root:Epoch  1293, Energy: -1.08822e+02 (-1.08808e+02), Variance: 1.52584e+00 (2.11651e+00), Accept ratio: 0.48085, 
INFO:root:Epoch  1294, Energy: -1.08849e+02 (-1.08814e+02), Variance: 1.33128e+00 (2.42262e+00), Accept ratio: 0.47672, 
INFO:root:Epoch  1295, Energy: -1.08769e+02 (-1.08760e+02), Variance: 1.26859e+00 (1.71095e+00), Accept ratio: 0.46896, 
INFO:root:Epoch  1296, Energy: -1.08843e+02 (-1.08888e+02), Variance: 1.50973e+00 (2.40233e+00), Accept ratio: 0.47152, 
INFO:root:Epoch  1297, Energy: -1.08865e+02 (-1.08846e+02), Variance: 1.38252e+00 (2.64573e+00), Accept ratio: 0.48073, 
INFO:root:Epoch  1298, Energy: -1.08819e+02 (-1.08816e+02), Variance: 1.35381e+00 (1.40457e+00), Accept ratio: 0.46902, 
INFO:root:Epoch  1299, Energy: -1.08782e+02 (-1.08772e+02), Variance: 1.31545e+00 (1.57870e+00), Accept ratio: 0.47589, 
INFO:root:Epoch  1300, Energy: -1.08849e+02 (-1.08844e+02), Variance: 1.33317e+00 (1.69141e+00), Accept ratio: 0.47747, , best weights saved
INFO:root:Epoch  1301, Energy: -1.08842e+02 (-1.08833e+02), Variance: 1.24712e+00 (1.59232e+00), Accept ratio: 0.47640, 
INFO:root:Epoch  1302, Energy: -1.08819e+02 (-1.08809e+02), Variance: 1.28729e+00 (1.65540e+00), Accept ratio: 0.46569, 
INFO:root:Epoch  1303, Energy: -1.08818e+02 (-1.08772e+02), Variance: 1.40872e+00 (4.50671e+00), Accept ratio: 0.47836, 
INFO:root:Epoch  1304, Energy: -1.08849e+02 (-1.08771e+02), Variance: 1.48051e+00 (1.04468e+01), Accept ratio: 0.47011, 
INFO:root:Epoch  1305, Energy: -1.08803e+02 (-1.08738e+02), Variance: 1.49714e+00 (3.27655e+00), Accept ratio: 0.47277, 
INFO:root:Epoch  1306, Energy: -1.08805e+02 (-1.08796e+02), Variance: 1.42034e+00 (1.95887e+00), Accept ratio: 0.47114, 
INFO:root:Epoch  1307, Energy: -1.08865e+02 (-1.08877e+02), Variance: 1.42363e+00 (1.76342e+00), Accept ratio: 0.47291, 
INFO:root:Epoch  1308, Energy: -1.08818e+02 (-1.08807e+02), Variance: 1.31342e+00 (1.74146e+00), Accept ratio: 0.47224, 
INFO:root:Epoch  1309, Energy: -1.08911e+02 (-1.08950e+02), Variance: 1.45802e+00 (2.64459e+00), Accept ratio: 0.47736, 
INFO:root:Epoch  1310, Energy: -1.08845e+02 (-1.08830e+02), Variance: 1.36999e+00 (2.12267e+00), Accept ratio: 0.47159, 
INFO:root:Epoch  1311, Energy: -1.08873e+02 (-1.08867e+02), Variance: 1.20025e+00 (1.87028e+00), Accept ratio: 0.47792, 
INFO:root:Epoch  1312, Energy: -1.08840e+02 (-1.08873e+02), Variance: 1.23881e+00 (3.68728e+00), Accept ratio: 0.47825, 
INFO:root:Epoch  1313, Energy: -1.08871e+02 (-1.08790e+02), Variance: 1.28847e+00 (1.55430e+01), Accept ratio: 0.46990, 
INFO:root:Epoch  1314, Energy: -1.08899e+02 (-1.08914e+02), Variance: 1.17346e+00 (1.78755e+00), Accept ratio: 0.47010, 
INFO:root:Epoch  1315, Energy: -1.08849e+02 (-1.08851e+02), Variance: 1.24231e+00 (2.21693e+00), Accept ratio: 0.47181, 
INFO:root:Epoch  1316, Energy: -1.08820e+02 (-1.08817e+02), Variance: 1.15412e+00 (1.44326e+00), Accept ratio: 0.47389, 
INFO:root:Epoch  1317, Energy: -1.08763e+02 (-1.08722e+02), Variance: 1.25295e+00 (2.70866e+00), Accept ratio: 0.47086, 
INFO:root:Epoch  1318, Energy: -1.08812e+02 (-1.08816e+02), Variance: 1.28061e+00 (2.02121e+00), Accept ratio: 0.46787, 
INFO:root:Epoch  1319, Energy: -1.08818e+02 (-1.08794e+02), Variance: 1.41470e+00 (3.01599e+00), Accept ratio: 0.47108, 
INFO:root:Epoch  1320, Energy: -1.08892e+02 (-1.08885e+02), Variance: 1.42473e+00 (1.96743e+00), Accept ratio: 0.46906, 
INFO:root:Epoch  1321, Energy: -1.08867e+02 (-1.08890e+02), Variance: 1.34970e+00 (2.90890e+00), Accept ratio: 0.46908, 
INFO:root:Epoch  1322, Energy: -1.08871e+02 (-1.08882e+02), Variance: 1.23588e+00 (1.78915e+00), Accept ratio: 0.47246, 
INFO:root:Epoch  1323, Energy: -1.08855e+02 (-1.08863e+02), Variance: 1.40580e+00 (1.97947e+00), Accept ratio: 0.47706, 
INFO:root:Epoch  1324, Energy: -1.08808e+02 (-1.08801e+02), Variance: 1.40173e+00 (3.18807e+00), Accept ratio: 0.47022, 
INFO:root:Epoch  1325, Energy: -1.08843e+02 (-1.08836e+02), Variance: 1.41959e+00 (1.81042e+00), Accept ratio: 0.47003, 
INFO:root:Epoch  1326, Energy: -1.08892e+02 (-1.08898e+02), Variance: 1.33968e+00 (2.58400e+00), Accept ratio: 0.46625, 
INFO:root:Epoch  1327, Energy: -1.08912e+02 (-1.08944e+02), Variance: 1.42015e+00 (3.16013e+00), Accept ratio: 0.46658, 
INFO:root:Epoch  1328, Energy: -1.08868e+02 (-1.08872e+02), Variance: 1.32137e+00 (1.83984e+00), Accept ratio: 0.47180, 
INFO:root:Epoch  1329, Energy: -1.08931e+02 (-1.08959e+02), Variance: 1.29301e+00 (3.19651e+00), Accept ratio: 0.47283, 
INFO:root:Epoch  1330, Energy: -1.08894e+02 (-1.08907e+02), Variance: 1.28123e+00 (2.12141e+00), Accept ratio: 0.47039, 
INFO:root:Epoch  1331, Energy: -1.08925e+02 (-1.08934e+02), Variance: 1.27786e+00 (2.53075e+00), Accept ratio: 0.47138, 
INFO:root:Epoch  1332, Energy: -1.08929e+02 (-1.08961e+02), Variance: 1.25108e+00 (2.39111e+00), Accept ratio: 0.47435, 
INFO:root:Epoch  1333, Energy: -1.08898e+02 (-1.08922e+02), Variance: 1.19868e+00 (1.98161e+00), Accept ratio: 0.47043, 
INFO:root:Epoch  1334, Energy: -1.08858e+02 (-1.08873e+02), Variance: 1.22261e+00 (1.61929e+00), Accept ratio: 0.46976, 
INFO:root:Epoch  1335, Energy: -1.08903e+02 (-1.08888e+02), Variance: 1.33952e+00 (1.82798e+00), Accept ratio: 0.47318, 
INFO:root:Epoch  1336, Energy: -1.08907e+02 (-1.08918e+02), Variance: 1.30270e+00 (2.09978e+00), Accept ratio: 0.46941, 
INFO:root:Epoch  1337, Energy: -1.08905e+02 (-1.08917e+02), Variance: 1.30400e+00 (2.22601e+00), Accept ratio: 0.47764, 
INFO:root:Epoch  1338, Energy: -1.08884e+02 (-1.08888e+02), Variance: 1.31262e+00 (1.55452e+00), Accept ratio: 0.47115, 
INFO:root:Epoch  1339, Energy: -1.08916e+02 (-1.08921e+02), Variance: 1.26269e+00 (2.13479e+00), Accept ratio: 0.47223, 
INFO:root:Epoch  1340, Energy: -1.08893e+02 (-1.08932e+02), Variance: 1.11047e+00 (1.94092e+00), Accept ratio: 0.47521, 
INFO:root:Epoch  1341, Energy: -1.08902e+02 (-1.08905e+02), Variance: 1.32203e+00 (1.45227e+00), Accept ratio: 0.47494, 
INFO:root:Epoch  1342, Energy: -1.08910e+02 (-1.08911e+02), Variance: 1.29139e+00 (1.83253e+00), Accept ratio: 0.46695, 
INFO:root:Epoch  1343, Energy: -1.08922e+02 (-1.08952e+02), Variance: 1.22625e+00 (1.71559e+00), Accept ratio: 0.47106, 
INFO:root:Epoch  1344, Energy: -1.08907e+02 (-1.08955e+02), Variance: 1.23836e+00 (4.36603e+00), Accept ratio: 0.47145, 
INFO:root:Epoch  1345, Energy: -1.08868e+02 (-1.08872e+02), Variance: 1.32117e+00 (1.83279e+00), Accept ratio: 0.47000, 
INFO:root:Epoch  1346, Energy: -1.08897e+02 (-1.08902e+02), Variance: 1.35494e+00 (1.84399e+00), Accept ratio: 0.47610, 
INFO:root:Epoch  1347, Energy: -1.08844e+02 (-1.08856e+02), Variance: 1.29221e+00 (1.48054e+00), Accept ratio: 0.47353, 
INFO:root:Epoch  1348, Energy: -1.08849e+02 (-1.08868e+02), Variance: 1.51123e+00 (1.84447e+00), Accept ratio: 0.46952, 
INFO:root:Epoch  1349, Energy: -1.08845e+02 (-1.08838e+02), Variance: 1.23120e+00 (1.75820e+00), Accept ratio: 0.46440, 
INFO:root:Epoch  1350, Energy: -1.08842e+02 (-1.08839e+02), Variance: 1.24952e+00 (1.56832e+00), Accept ratio: 0.46814, 
INFO:root:Epoch  1351, Energy: -1.08833e+02 (-1.08867e+02), Variance: 1.25477e+00 (2.55216e+00), Accept ratio: 0.46999, 
INFO:root:Epoch  1352, Energy: -1.08934e+02 (-1.08987e+02), Variance: 1.45589e+00 (3.09828e+00), Accept ratio: 0.46708, 
INFO:root:Epoch  1353, Energy: -1.08846e+02 (-1.08839e+02), Variance: 1.22505e+00 (3.31674e+00), Accept ratio: 0.46874, 
INFO:root:Epoch  1354, Energy: -1.08901e+02 (-1.08903e+02), Variance: 1.08788e+00 (1.49902e+00), Accept ratio: 0.47579, 
INFO:root:Epoch  1355, Energy: -1.08913e+02 (-1.08911e+02), Variance: 1.10401e+00 (1.51824e+00), Accept ratio: 0.46862, 
INFO:root:Epoch  1356, Energy: -1.08898e+02 (-1.08947e+02), Variance: 1.28398e+00 (3.24460e+00), Accept ratio: 0.46570, 
INFO:root:Epoch  1357, Energy: -1.08831e+02 (-1.08812e+02), Variance: 1.34160e+00 (2.72526e+00), Accept ratio: 0.47480, 
INFO:root:Epoch  1358, Energy: -1.08806e+02 (-1.08811e+02), Variance: 1.26700e+00 (2.20756e+00), Accept ratio: 0.47046, 
INFO:root:Epoch  1359, Energy: -1.08859e+02 (-1.08877e+02), Variance: 1.34237e+00 (2.29365e+00), Accept ratio: 0.47176, 
INFO:root:Epoch  1360, Energy: -1.08870e+02 (-1.08886e+02), Variance: 1.37922e+00 (3.12646e+00), Accept ratio: 0.47295, 
INFO:root:Epoch  1361, Energy: -1.08903e+02 (-1.08920e+02), Variance: 1.31834e+00 (2.05825e+00), Accept ratio: 0.47524, 
INFO:root:Epoch  1362, Energy: -1.08922e+02 (-1.08927e+02), Variance: 1.22375e+00 (1.68539e+00), Accept ratio: 0.47226, 
INFO:root:Epoch  1363, Energy: -1.08904e+02 (-1.08913e+02), Variance: 1.21902e+00 (1.42582e+00), Accept ratio: 0.47235, 
INFO:root:Epoch  1364, Energy: -1.08913e+02 (-1.08902e+02), Variance: 1.21825e+00 (1.88432e+00), Accept ratio: 0.46926, 
INFO:root:Epoch  1365, Energy: -1.08897e+02 (-1.08841e+02), Variance: 1.19370e+00 (6.54418e+00), Accept ratio: 0.46709, 
INFO:root:Epoch  1366, Energy: -1.08886e+02 (-1.08899e+02), Variance: 1.27219e+00 (1.56613e+00), Accept ratio: 0.47546, 
INFO:root:Epoch  1367, Energy: -1.08906e+02 (-1.08908e+02), Variance: 1.28438e+00 (1.85794e+00), Accept ratio: 0.46630, 
INFO:root:Epoch  1368, Energy: -1.08878e+02 (-1.08984e+02), Variance: 1.16605e+00 (9.40221e+00), Accept ratio: 0.46986, 
INFO:root:Epoch  1369, Energy: -1.08868e+02 (-1.08944e+02), Variance: 1.31928e+00 (8.28139e+00), Accept ratio: 0.47042, 
INFO:root:Epoch  1370, Energy: -1.08828e+02 (-1.08793e+02), Variance: 1.20494e+00 (2.25897e+00), Accept ratio: 0.46625, 
INFO:root:Epoch  1371, Energy: -1.08881e+02 (-1.08860e+02), Variance: 1.23095e+00 (1.61219e+00), Accept ratio: 0.47024, 
INFO:root:Epoch  1372, Energy: -1.08846e+02 (-1.08704e+02), Variance: 1.17005e+00 (2.41593e+01), Accept ratio: 0.46924, 
INFO:root:Epoch  1373, Energy: -1.08879e+02 (-1.08871e+02), Variance: 1.04030e+00 (1.20983e+00), Accept ratio: 0.47216, 
INFO:root:Epoch  1374, Energy: -1.08862e+02 (-1.08837e+02), Variance: 1.12240e+00 (1.65910e+00), Accept ratio: 0.47161, 
INFO:root:Epoch  1375, Energy: -1.08878e+02 (-1.08886e+02), Variance: 1.04131e+00 (1.38776e+00), Accept ratio: 0.47307, 
INFO:root:Epoch  1376, Energy: -1.08896e+02 (-1.08915e+02), Variance: 1.05026e+00 (1.40293e+00), Accept ratio: 0.46912, 
INFO:root:Epoch  1377, Energy: -1.08925e+02 (-1.08973e+02), Variance: 1.32535e+00 (2.16545e+00), Accept ratio: 0.46801, 
INFO:root:Epoch  1378, Energy: -1.08853e+02 (-1.08886e+02), Variance: 1.29159e+00 (3.20103e+00), Accept ratio: 0.46573, 
INFO:root:Epoch  1379, Energy: -1.08882e+02 (-1.08887e+02), Variance: 1.05361e+00 (1.39455e+00), Accept ratio: 0.47184, 
INFO:root:Epoch  1380, Energy: -1.08967e+02 (-1.08980e+02), Variance: 1.22373e+00 (1.60180e+00), Accept ratio: 0.47856, 
INFO:root:Epoch  1381, Energy: -1.08940e+02 (-1.08983e+02), Variance: 1.19999e+00 (4.45748e+00), Accept ratio: 0.47308, 
INFO:root:Epoch  1382, Energy: -1.08910e+02 (-1.08870e+02), Variance: 1.40039e+00 (2.88296e+00), Accept ratio: 0.46994, 
INFO:root:Epoch  1383, Energy: -1.08907e+02 (-1.08917e+02), Variance: 1.19718e+00 (1.56407e+00), Accept ratio: 0.46969, 
INFO:root:Epoch  1384, Energy: -1.08930e+02 (-1.08944e+02), Variance: 1.09273e+00 (1.63825e+00), Accept ratio: 0.46568, 
INFO:root:Epoch  1385, Energy: -1.08930e+02 (-1.08899e+02), Variance: 1.31872e+00 (5.16200e+00), Accept ratio: 0.47458, 
INFO:root:Epoch  1386, Energy: -1.08872e+02 (-1.08849e+02), Variance: 1.36418e+00 (2.54475e+00), Accept ratio: 0.47015, 
INFO:root:Epoch  1387, Energy: -1.08914e+02 (-1.08914e+02), Variance: 1.20051e+00 (2.17833e+00), Accept ratio: 0.47118, 
INFO:root:Epoch  1388, Energy: -1.08841e+02 (-1.08813e+02), Variance: 1.18130e+00 (2.68678e+00), Accept ratio: 0.47127, 
INFO:root:Epoch  1389, Energy: -1.08877e+02 (-1.08858e+02), Variance: 1.11043e+00 (1.51872e+00), Accept ratio: 0.47319, 
INFO:root:Epoch  1390, Energy: -1.08844e+02 (-1.08816e+02), Variance: 1.24769e+00 (1.99719e+00), Accept ratio: 0.47355, 
INFO:root:Epoch  1391, Energy: -1.08876e+02 (-1.08882e+02), Variance: 1.17740e+00 (1.92008e+00), Accept ratio: 0.47526, 
INFO:root:Epoch  1392, Energy: -1.08867e+02 (-1.08857e+02), Variance: 1.20011e+00 (1.94951e+00), Accept ratio: 0.47149, 
INFO:root:Epoch  1393, Energy: -1.08899e+02 (-1.08886e+02), Variance: 1.06564e+00 (1.54511e+00), Accept ratio: 0.47453, 
INFO:root:Epoch  1394, Energy: -1.08930e+02 (-1.08911e+02), Variance: 1.08350e+00 (1.44519e+00), Accept ratio: 0.47461, 
INFO:root:Epoch  1395, Energy: -1.08904e+02 (-1.08906e+02), Variance: 1.22434e+00 (1.52576e+00), Accept ratio: 0.47688, 
INFO:root:Epoch  1396, Energy: -1.08862e+02 (-1.08831e+02), Variance: 1.13296e+00 (1.79451e+00), Accept ratio: 0.47243, 
INFO:root:Epoch  1397, Energy: -1.08914e+02 (-1.08920e+02), Variance: 1.16032e+00 (1.47828e+00), Accept ratio: 0.46954, 
INFO:root:Epoch  1398, Energy: -1.08939e+02 (-1.08970e+02), Variance: 1.05912e+00 (2.47808e+00), Accept ratio: 0.46668, 
INFO:root:Epoch  1399, Energy: -1.08893e+02 (-1.08933e+02), Variance: 1.08692e+00 (2.45254e+00), Accept ratio: 0.47073, 
INFO:root:Epoch  1400, Energy: -1.08946e+02 (-1.08974e+02), Variance: 1.09170e+00 (2.26764e+00), Accept ratio: 0.47476, , best weights saved
INFO:root:Epoch  1401, Energy: -1.08929e+02 (-1.08980e+02), Variance: 1.17778e+00 (3.60792e+00), Accept ratio: 0.47666, 
INFO:root:Epoch  1402, Energy: -1.08962e+02 (-1.09000e+02), Variance: 1.32930e+00 (2.44272e+00), Accept ratio: 0.47000, 
INFO:root:Epoch  1403, Energy: -1.08907e+02 (-1.08939e+02), Variance: 1.08496e+00 (1.88715e+00), Accept ratio: 0.47169, 
INFO:root:Epoch  1404, Energy: -1.08938e+02 (-1.08937e+02), Variance: 1.09465e+00 (1.42170e+00), Accept ratio: 0.47083, 
INFO:root:Epoch  1405, Energy: -1.08972e+02 (-1.09030e+02), Variance: 1.15798e+00 (3.98697e+00), Accept ratio: 0.47697, 
INFO:root:Epoch  1406, Energy: -1.08979e+02 (-1.08987e+02), Variance: 1.04374e+00 (1.34507e+00), Accept ratio: 0.47885, 
INFO:root:Epoch  1407, Energy: -1.08958e+02 (-1.08972e+02), Variance: 9.17378e-01 (1.11820e+00), Accept ratio: 0.47548, 
INFO:root:Epoch  1408, Energy: -1.08950e+02 (-1.08961e+02), Variance: 1.04828e+00 (1.29352e+00), Accept ratio: 0.47328, 
INFO:root:Epoch  1409, Energy: -1.08931e+02 (-1.08941e+02), Variance: 1.05107e+00 (1.57770e+00), Accept ratio: 0.47238, 
INFO:root:Epoch  1410, Energy: -1.08929e+02 (-1.08932e+02), Variance: 1.07380e+00 (1.38686e+00), Accept ratio: 0.47248, 
INFO:root:Epoch  1411, Energy: -1.08954e+02 (-1.08978e+02), Variance: 1.09745e+00 (1.96626e+00), Accept ratio: 0.46994, 
INFO:root:Epoch  1412, Energy: -1.08931e+02 (-1.08946e+02), Variance: 9.69026e-01 (1.35844e+00), Accept ratio: 0.47284, 
INFO:root:Epoch  1413, Energy: -1.08902e+02 (-1.08921e+02), Variance: 1.06391e+00 (1.74973e+00), Accept ratio: 0.46793, 
INFO:root:Epoch  1414, Energy: -1.08898e+02 (-1.08912e+02), Variance: 1.04983e+00 (1.65074e+00), Accept ratio: 0.47340, 
INFO:root:Epoch  1415, Energy: -1.08908e+02 (-1.08912e+02), Variance: 1.05689e+00 (1.18453e+00), Accept ratio: 0.47525, 
INFO:root:Epoch  1416, Energy: -1.08911e+02 (-1.08899e+02), Variance: 9.77415e-01 (1.60987e+00), Accept ratio: 0.47129, 
INFO:root:Epoch  1417, Energy: -1.08916e+02 (-1.08899e+02), Variance: 1.08203e+00 (1.48470e+00), Accept ratio: 0.46659, 
INFO:root:Epoch  1418, Energy: -1.08955e+02 (-1.08995e+02), Variance: 1.18178e+00 (2.10365e+00), Accept ratio: 0.46546, 
INFO:root:Epoch  1419, Energy: -1.08918e+02 (-1.08936e+02), Variance: 1.02137e+00 (1.29674e+00), Accept ratio: 0.46926, 
INFO:root:Epoch  1420, Energy: -1.08851e+02 (-1.08849e+02), Variance: 1.16075e+00 (2.02542e+00), Accept ratio: 0.47437, 
INFO:root:Epoch  1421, Energy: -1.08926e+02 (-1.08933e+02), Variance: 1.10390e+00 (1.33402e+00), Accept ratio: 0.46221, 
INFO:root:Epoch  1422, Energy: -1.08934e+02 (-1.08885e+02), Variance: 1.11547e+00 (3.86045e+00), Accept ratio: 0.47313, 
INFO:root:Epoch  1423, Energy: -1.08959e+02 (-1.08960e+02), Variance: 1.19020e+00 (1.85719e+00), Accept ratio: 0.46694, 
INFO:root:Epoch  1424, Energy: -1.08926e+02 (-1.08943e+02), Variance: 1.03567e+00 (1.35728e+00), Accept ratio: 0.46511, 
INFO:root:Epoch  1425, Energy: -1.08921e+02 (-1.08897e+02), Variance: 1.17147e+00 (2.19988e+00), Accept ratio: 0.47272, 
INFO:root:Epoch  1426, Energy: -1.08911e+02 (-1.08907e+02), Variance: 1.09934e+00 (1.23094e+00), Accept ratio: 0.46574, 
INFO:root:Epoch  1427, Energy: -1.08885e+02 (-1.08875e+02), Variance: 1.05054e+00 (1.19634e+00), Accept ratio: 0.46792, 
INFO:root:Epoch  1428, Energy: -1.08908e+02 (-1.08931e+02), Variance: 1.10003e+00 (1.92803e+00), Accept ratio: 0.47585, 
INFO:root:Epoch  1429, Energy: -1.08850e+02 (-1.08871e+02), Variance: 1.14812e+00 (3.75104e+00), Accept ratio: 0.46227, 
INFO:root:Epoch  1430, Energy: -1.08896e+02 (-1.08935e+02), Variance: 1.12330e+00 (2.00804e+00), Accept ratio: 0.47215, 
INFO:root:Epoch  1431, Energy: -1.08916e+02 (-1.08920e+02), Variance: 1.07038e+00 (1.31765e+00), Accept ratio: 0.46929, 
INFO:root:Epoch  1432, Energy: -1.08867e+02 (-1.08871e+02), Variance: 1.11473e+00 (1.51291e+00), Accept ratio: 0.47245, 
INFO:root:Epoch  1433, Energy: -1.08874e+02 (-1.08857e+02), Variance: 1.16506e+00 (1.73376e+00), Accept ratio: 0.48306, 
INFO:root:Epoch  1434, Energy: -1.08864e+02 (-1.08896e+02), Variance: 1.20256e+00 (2.39660e+00), Accept ratio: 0.47291, 
INFO:root:Epoch  1435, Energy: -1.08824e+02 (-1.08827e+02), Variance: 1.25383e+00 (1.60104e+00), Accept ratio: 0.47563, 
INFO:root:Epoch  1436, Energy: -1.08824e+02 (-1.08794e+02), Variance: 1.39180e+00 (2.44049e+00), Accept ratio: 0.46987, 
INFO:root:Epoch  1437, Energy: -1.08826e+02 (-1.08849e+02), Variance: 1.16610e+00 (1.89951e+00), Accept ratio: 0.47030, 
INFO:root:Epoch  1438, Energy: -1.08858e+02 (-1.08870e+02), Variance: 1.12152e+00 (1.69162e+00), Accept ratio: 0.47271, 
INFO:root:Epoch  1439, Energy: -1.08849e+02 (-1.08858e+02), Variance: 1.06586e+00 (1.45829e+00), Accept ratio: 0.47678, 
INFO:root:Epoch  1440, Energy: -1.08880e+02 (-1.08906e+02), Variance: 1.12425e+00 (1.80559e+00), Accept ratio: 0.47196, 
INFO:root:Epoch  1441, Energy: -1.08905e+02 (-1.08951e+02), Variance: 9.12660e-01 (1.88436e+00), Accept ratio: 0.47691, 
INFO:root:Epoch  1442, Energy: -1.08898e+02 (-1.08896e+02), Variance: 1.02368e+00 (1.60375e+00), Accept ratio: 0.46863, 
INFO:root:Epoch  1443, Energy: -1.08886e+02 (-1.08882e+02), Variance: 1.09162e+00 (1.30341e+00), Accept ratio: 0.47054, 
INFO:root:Epoch  1444, Energy: -1.08841e+02 (-1.08851e+02), Variance: 1.31237e+00 (1.96648e+00), Accept ratio: 0.47305, 
INFO:root:Epoch  1445, Energy: -1.08902e+02 (-1.08916e+02), Variance: 1.22761e+00 (1.76483e+00), Accept ratio: 0.47183, 
INFO:root:Epoch  1446, Energy: -1.08925e+02 (-1.08970e+02), Variance: 1.05146e+00 (3.18890e+00), Accept ratio: 0.47225, 
INFO:root:Epoch  1447, Energy: -1.08874e+02 (-1.08888e+02), Variance: 1.12934e+00 (1.72927e+00), Accept ratio: 0.47443, 
INFO:root:Epoch  1448, Energy: -1.08883e+02 (-1.08892e+02), Variance: 1.04806e+00 (1.61954e+00), Accept ratio: 0.46701, 
INFO:root:Epoch  1449, Energy: -1.08890e+02 (-1.08861e+02), Variance: 1.04021e+00 (1.64086e+00), Accept ratio: 0.46970, 
INFO:root:Epoch  1450, Energy: -1.08901e+02 (-1.08898e+02), Variance: 1.09421e+00 (1.88725e+00), Accept ratio: 0.47685, 
INFO:root:Epoch  1451, Energy: -1.08907e+02 (-1.08900e+02), Variance: 1.19486e+00 (1.92199e+00), Accept ratio: 0.47344, 
INFO:root:Epoch  1452, Energy: -1.08863e+02 (-1.08868e+02), Variance: 1.15674e+00 (2.81642e+00), Accept ratio: 0.47368, 
INFO:root:Epoch  1453, Energy: -1.08845e+02 (-1.08853e+02), Variance: 1.20405e+00 (2.02655e+00), Accept ratio: 0.46899, 
INFO:root:Epoch  1454, Energy: -1.08903e+02 (-1.08871e+02), Variance: 1.40768e+00 (5.52178e+00), Accept ratio: 0.46451, 
INFO:root:Epoch  1455, Energy: -1.08915e+02 (-1.08962e+02), Variance: 1.30998e+00 (3.21954e+00), Accept ratio: 0.47590, 
INFO:root:Epoch  1456, Energy: -1.08882e+02 (-1.08861e+02), Variance: 1.28162e+00 (2.53747e+00), Accept ratio: 0.47272, 
INFO:root:Epoch  1457, Energy: -1.08861e+02 (-1.08863e+02), Variance: 1.27771e+00 (1.89862e+00), Accept ratio: 0.47172, 
INFO:root:Epoch  1458, Energy: -1.08904e+02 (-1.08905e+02), Variance: 1.14656e+00 (1.59334e+00), Accept ratio: 0.47243, 
INFO:root:Epoch  1459, Energy: -1.08833e+02 (-1.08834e+02), Variance: 1.13408e+00 (1.27422e+00), Accept ratio: 0.47754, 
INFO:root:Epoch  1460, Energy: -1.08906e+02 (-1.08928e+02), Variance: 1.19457e+00 (1.70074e+00), Accept ratio: 0.47272, 
INFO:root:Epoch  1461, Energy: -1.08911e+02 (-1.08914e+02), Variance: 1.16480e+00 (1.64109e+00), Accept ratio: 0.47106, 
INFO:root:Epoch  1462, Energy: -1.08896e+02 (-1.08888e+02), Variance: 1.32004e+00 (1.68213e+00), Accept ratio: 0.47239, 
INFO:root:Epoch  1463, Energy: -1.08897e+02 (-1.08944e+02), Variance: 1.33141e+00 (4.06546e+00), Accept ratio: 0.47534, 
INFO:root:Epoch  1464, Energy: -1.08965e+02 (-1.09035e+02), Variance: 1.39519e+00 (6.04498e+00), Accept ratio: 0.46474, 
INFO:root:Epoch  1465, Energy: -1.08877e+02 (-1.08868e+02), Variance: 1.16491e+00 (1.62440e+00), Accept ratio: 0.47025, 
INFO:root:Epoch  1466, Energy: -1.08886e+02 (-1.08798e+02), Variance: 1.19875e+00 (5.00893e+00), Accept ratio: 0.46723, 
INFO:root:Epoch  1467, Energy: -1.08915e+02 (-1.08934e+02), Variance: 1.19343e+00 (1.94896e+00), Accept ratio: 0.46513, 
INFO:root:Epoch  1468, Energy: -1.08905e+02 (-1.08943e+02), Variance: 1.12869e+00 (1.83948e+00), Accept ratio: 0.46983, 
INFO:root:Epoch  1469, Energy: -1.08885e+02 (-1.08844e+02), Variance: 1.21283e+00 (2.62067e+00), Accept ratio: 0.47003, 
INFO:root:Epoch  1470, Energy: -1.08869e+02 (-1.08869e+02), Variance: 1.14360e+00 (1.34295e+00), Accept ratio: 0.47268, 
INFO:root:Epoch  1471, Energy: -1.08934e+02 (-1.08943e+02), Variance: 1.12938e+00 (1.32988e+00), Accept ratio: 0.46349, 
INFO:root:Epoch  1472, Energy: -1.08897e+02 (-1.08838e+02), Variance: 1.21747e+00 (6.75807e+00), Accept ratio: 0.47251, 
INFO:root:Epoch  1473, Energy: -1.08887e+02 (-1.08867e+02), Variance: 1.08430e+00 (1.48068e+00), Accept ratio: 0.47140, 
INFO:root:Epoch  1474, Energy: -1.08902e+02 (-1.08901e+02), Variance: 1.17387e+00 (4.58544e+00), Accept ratio: 0.46929, 
INFO:root:Epoch  1475, Energy: -1.08816e+02 (-1.08791e+02), Variance: 1.16401e+00 (1.65219e+00), Accept ratio: 0.46097, 
INFO:root:Epoch  1476, Energy: -1.08853e+02 (-1.08844e+02), Variance: 1.17732e+00 (1.70313e+00), Accept ratio: 0.47999, 
INFO:root:Epoch  1477, Energy: -1.08881e+02 (-1.08900e+02), Variance: 1.03900e+00 (1.66127e+00), Accept ratio: 0.46393, 
INFO:root:Epoch  1478, Energy: -1.08866e+02 (-1.08879e+02), Variance: 1.08317e+00 (1.50788e+00), Accept ratio: 0.47579, 
INFO:root:Epoch  1479, Energy: -1.08904e+02 (-1.08905e+02), Variance: 1.22794e+00 (1.43804e+00), Accept ratio: 0.46970, 
INFO:root:Epoch  1480, Energy: -1.08901e+02 (-1.08922e+02), Variance: 1.02783e+00 (1.97738e+00), Accept ratio: 0.47045, 
INFO:root:Epoch  1481, Energy: -1.08864e+02 (-1.08888e+02), Variance: 1.08312e+00 (1.47547e+00), Accept ratio: 0.47226, 
INFO:root:Epoch  1482, Energy: -1.08810e+02 (-1.08807e+02), Variance: 1.03950e+00 (1.24046e+00), Accept ratio: 0.47328, 
INFO:root:Epoch  1483, Energy: -1.08875e+02 (-1.08891e+02), Variance: 1.28859e+00 (1.72235e+00), Accept ratio: 0.47062, 
INFO:root:Epoch  1484, Energy: -1.08851e+02 (-1.08861e+02), Variance: 1.03809e+00 (1.26064e+00), Accept ratio: 0.47326, 
INFO:root:Epoch  1485, Energy: -1.08827e+02 (-1.08813e+02), Variance: 1.06169e+00 (1.27295e+00), Accept ratio: 0.47890, 
INFO:root:Epoch  1486, Energy: -1.08827e+02 (-1.08845e+02), Variance: 1.17815e+00 (1.53990e+00), Accept ratio: 0.47280, 
INFO:root:Epoch  1487, Energy: -1.08834e+02 (-1.08760e+02), Variance: 1.08783e+00 (6.32818e+00), Accept ratio: 0.47493, 
INFO:root:Epoch  1488, Energy: -1.08882e+02 (-1.08881e+02), Variance: 1.14288e+00 (1.97404e+00), Accept ratio: 0.47935, 
INFO:root:Epoch  1489, Energy: -1.08878e+02 (-1.08886e+02), Variance: 1.08302e+00 (1.27613e+00), Accept ratio: 0.47093, 
INFO:root:Epoch  1490, Energy: -1.08882e+02 (-1.08888e+02), Variance: 1.11344e+00 (1.64746e+00), Accept ratio: 0.47694, 
INFO:root:Epoch  1491, Energy: -1.08868e+02 (-1.08876e+02), Variance: 1.18012e+00 (2.41165e+00), Accept ratio: 0.46644, 
INFO:root:Epoch  1492, Energy: -1.08824e+02 (-1.08833e+02), Variance: 1.18392e+00 (2.71840e+00), Accept ratio: 0.47007, 
INFO:root:Epoch  1493, Energy: -1.08818e+02 (-1.08824e+02), Variance: 1.10198e+00 (1.52005e+00), Accept ratio: 0.47304, 
INFO:root:Epoch  1494, Energy: -1.08836e+02 (-1.08827e+02), Variance: 1.05175e+00 (1.27407e+00), Accept ratio: 0.47119, 
INFO:root:Epoch  1495, Energy: -1.08896e+02 (-1.08914e+02), Variance: 9.88567e-01 (1.38649e+00), Accept ratio: 0.47815, 
INFO:root:Epoch  1496, Energy: -1.08878e+02 (-1.08878e+02), Variance: 1.16780e+00 (1.39803e+00), Accept ratio: 0.47473, 
INFO:root:Epoch  1497, Energy: -1.08861e+02 (-1.08854e+02), Variance: 9.99509e-01 (1.30422e+00), Accept ratio: 0.47219, 
INFO:root:Epoch  1498, Energy: -1.08907e+02 (-1.08944e+02), Variance: 1.03681e+00 (2.11217e+00), Accept ratio: 0.46972, 
INFO:root:Epoch  1499, Energy: -1.08869e+02 (-1.08873e+02), Variance: 1.01708e+00 (1.20416e+00), Accept ratio: 0.47620, 
INFO:root:Epoch  1500, Energy: -1.08871e+02 (-1.08879e+02), Variance: 1.12082e+00 (1.38766e+00), Accept ratio: 0.47247, , best weights saved
INFO:root:Epoch  1501, Energy: -1.08887e+02 (-1.08848e+02), Variance: 1.14379e+00 (2.08759e+00), Accept ratio: 0.47216, 
INFO:root:Epoch  1502, Energy: -1.08925e+02 (-1.08930e+02), Variance: 1.13059e+00 (1.45482e+00), Accept ratio: 0.47211, 
INFO:root:Epoch  1503, Energy: -1.08898e+02 (-1.08898e+02), Variance: 1.05958e+00 (1.25485e+00), Accept ratio: 0.47050, 
INFO:root:Epoch  1504, Energy: -1.08887e+02 (-1.08909e+02), Variance: 1.17965e+00 (1.64300e+00), Accept ratio: 0.47371, 
INFO:root:Epoch  1505, Energy: -1.08844e+02 (-1.08817e+02), Variance: 1.29309e+00 (3.97748e+00), Accept ratio: 0.47074, 
INFO:root:Epoch  1506, Energy: -1.08881e+02 (-1.08885e+02), Variance: 1.24959e+00 (1.54953e+00), Accept ratio: 0.47300, 
INFO:root:Epoch  1507, Energy: -1.08947e+02 (-1.08979e+02), Variance: 1.16265e+00 (2.92661e+00), Accept ratio: 0.47167, 
INFO:root:Epoch  1508, Energy: -1.08906e+02 (-1.08892e+02), Variance: 1.06076e+00 (1.34686e+00), Accept ratio: 0.47784, 
INFO:root:Epoch  1509, Energy: -1.08891e+02 (-1.09023e+02), Variance: 1.21813e+00 (5.59013e+01), Accept ratio: 0.47383, 
INFO:root:Epoch  1510, Energy: -1.08865e+02 (-1.08868e+02), Variance: 1.19151e+00 (1.85787e+00), Accept ratio: 0.46505, 
INFO:root:Epoch  1511, Energy: -1.08896e+02 (-1.08867e+02), Variance: 1.24010e+00 (2.17734e+00), Accept ratio: 0.47224, 
INFO:root:Epoch  1512, Energy: -1.08894e+02 (-1.08900e+02), Variance: 1.21324e+00 (1.62531e+00), Accept ratio: 0.46561, 
INFO:root:Epoch  1513, Energy: -1.08964e+02 (-1.08978e+02), Variance: 1.20402e+00 (1.86693e+00), Accept ratio: 0.47140, 
INFO:root:Epoch  1514, Energy: -1.08912e+02 (-1.08936e+02), Variance: 1.15120e+00 (2.08616e+00), Accept ratio: 0.46908, 
INFO:root:Epoch  1515, Energy: -1.08921e+02 (-1.08881e+02), Variance: 1.08920e+00 (2.88837e+00), Accept ratio: 0.47241, 
INFO:root:Epoch  1516, Energy: -1.08949e+02 (-1.08932e+02), Variance: 1.14770e+00 (1.99293e+00), Accept ratio: 0.47113, 
INFO:root:Epoch  1517, Energy: -1.08899e+02 (-1.08807e+02), Variance: 1.20641e+00 (7.79514e+00), Accept ratio: 0.46801, 
INFO:root:Epoch  1518, Energy: -1.08880e+02 (-1.08883e+02), Variance: 1.03836e+00 (2.04331e+00), Accept ratio: 0.46958, 
INFO:root:Epoch  1519, Energy: -1.08935e+02 (-1.08932e+02), Variance: 1.08435e+00 (1.14569e+00), Accept ratio: 0.47595, 
INFO:root:Epoch  1520, Energy: -1.08901e+02 (-1.08907e+02), Variance: 1.18186e+00 (1.53765e+00), Accept ratio: 0.46714, 
INFO:root:Epoch  1521, Energy: -1.08869e+02 (-1.08853e+02), Variance: 1.26392e+00 (1.83926e+00), Accept ratio: 0.47439, 
INFO:root:Epoch  1522, Energy: -1.08924e+02 (-1.08888e+02), Variance: 1.18121e+00 (3.86618e+00), Accept ratio: 0.47174, 
INFO:root:Epoch  1523, Energy: -1.08902e+02 (-1.08884e+02), Variance: 9.90407e-01 (1.64661e+00), Accept ratio: 0.47604, 
INFO:root:Epoch  1524, Energy: -1.08951e+02 (-1.08940e+02), Variance: 1.05134e+00 (1.51701e+00), Accept ratio: 0.46777, 
INFO:root:Epoch  1525, Energy: -1.08938e+02 (-1.08945e+02), Variance: 1.13125e+00 (1.56724e+00), Accept ratio: 0.47205, 
INFO:root:Epoch  1526, Energy: -1.08930e+02 (-1.08934e+02), Variance: 1.22201e+00 (1.65451e+00), Accept ratio: 0.46977, 
INFO:root:Epoch  1527, Energy: -1.08943e+02 (-1.08940e+02), Variance: 1.19112e+00 (1.65639e+00), Accept ratio: 0.47450, 
INFO:root:Epoch  1528, Energy: -1.08924e+02 (-1.08931e+02), Variance: 1.05030e+00 (1.23718e+00), Accept ratio: 0.47649, 
INFO:root:Epoch  1529, Energy: -1.08964e+02 (-1.08976e+02), Variance: 9.26778e-01 (1.43353e+00), Accept ratio: 0.47975, 
INFO:root:Epoch  1530, Energy: -1.08880e+02 (-1.08875e+02), Variance: 1.00684e+00 (1.13226e+00), Accept ratio: 0.47739, 
INFO:root:Epoch  1531, Energy: -1.08909e+02 (-1.08908e+02), Variance: 9.22255e-01 (9.42301e-01), Accept ratio: 0.47484, 
INFO:root:Epoch  1532, Energy: -1.08916e+02 (-1.08907e+02), Variance: 9.36984e-01 (1.27835e+00), Accept ratio: 0.47213, 
INFO:root:Epoch  1533, Energy: -1.08944e+02 (-1.08944e+02), Variance: 1.00115e+00 (1.24015e+00), Accept ratio: 0.47832, 
INFO:root:Epoch  1534, Energy: -1.08923e+02 (-1.08927e+02), Variance: 9.47297e-01 (1.15189e+00), Accept ratio: 0.47076, 
INFO:root:Epoch  1535, Energy: -1.08913e+02 (-1.08863e+02), Variance: 9.44765e-01 (3.40981e+00), Accept ratio: 0.46909, 
INFO:root:Epoch  1536, Energy: -1.08931e+02 (-1.08923e+02), Variance: 9.15866e-01 (1.24665e+00), Accept ratio: 0.47741, 
INFO:root:Epoch  1537, Energy: -1.08920e+02 (-1.08894e+02), Variance: 1.01275e+00 (1.60738e+00), Accept ratio: 0.47486, 
INFO:root:Epoch  1538, Energy: -1.08911e+02 (-1.08831e+02), Variance: 1.06098e+00 (7.48614e+00), Accept ratio: 0.46828, 
INFO:root:Epoch  1539, Energy: -1.08939e+02 (-1.08920e+02), Variance: 9.34712e-01 (1.16793e+00), Accept ratio: 0.47426, 
INFO:root:Epoch  1540, Energy: -1.08911e+02 (-1.08874e+02), Variance: 1.05718e+00 (1.70604e+00), Accept ratio: 0.46847, 
INFO:root:Epoch  1541, Energy: -1.08929e+02 (-1.08921e+02), Variance: 9.41742e-01 (1.05975e+00), Accept ratio: 0.47666, 
INFO:root:Epoch  1542, Energy: -1.08954e+02 (-1.08944e+02), Variance: 9.32681e-01 (1.08517e+00), Accept ratio: 0.47797, 
INFO:root:Epoch  1543, Energy: -1.08937e+02 (-1.08934e+02), Variance: 9.30584e-01 (1.05048e+00), Accept ratio: 0.47191, 
INFO:root:Epoch  1544, Energy: -1.08965e+02 (-1.08934e+02), Variance: 1.01417e+00 (8.41219e+00), Accept ratio: 0.47446, 
INFO:root:Epoch  1545, Energy: -1.08928e+02 (-1.08874e+02), Variance: 1.19513e+00 (5.54154e+00), Accept ratio: 0.47157, 
INFO:root:Epoch  1546, Energy: -1.08936e+02 (-1.08942e+02), Variance: 1.12036e+00 (1.34913e+00), Accept ratio: 0.47126, 
INFO:root:Epoch  1547, Energy: -1.08940e+02 (-1.08940e+02), Variance: 1.05917e+00 (1.32512e+00), Accept ratio: 0.46697, 
INFO:root:Epoch  1548, Energy: -1.08937e+02 (-1.08934e+02), Variance: 1.01490e+00 (1.08445e+00), Accept ratio: 0.47648, 
INFO:root:Epoch  1549, Energy: -1.08893e+02 (-1.08882e+02), Variance: 1.16914e+00 (1.64658e+00), Accept ratio: 0.47406, 
INFO:root:Epoch  1550, Energy: -1.08982e+02 (-1.08991e+02), Variance: 9.88898e-01 (1.09768e+00), Accept ratio: 0.46651, 
INFO:root:Epoch  1551, Energy: -1.08940e+02 (-1.08953e+02), Variance: 1.09411e+00 (1.76973e+00), Accept ratio: 0.46821, 
INFO:root:Epoch  1552, Energy: -1.08929e+02 (-1.08917e+02), Variance: 1.12820e+00 (1.64618e+00), Accept ratio: 0.46792, 
INFO:root:Epoch  1553, Energy: -1.08949e+02 (-1.08961e+02), Variance: 1.15379e+00 (1.72719e+00), Accept ratio: 0.48174, 
INFO:root:Epoch  1554, Energy: -1.08921e+02 (-1.08896e+02), Variance: 1.25607e+00 (2.90982e+00), Accept ratio: 0.47076, 
INFO:root:Epoch  1555, Energy: -1.08944e+02 (-1.08899e+02), Variance: 9.56817e-01 (2.34648e+00), Accept ratio: 0.46864, 
INFO:root:Epoch  1556, Energy: -1.08903e+02 (-1.08925e+02), Variance: 1.02838e+00 (1.80648e+00), Accept ratio: 0.46890, 
INFO:root:Epoch  1557, Energy: -1.08978e+02 (-1.08962e+02), Variance: 9.29111e-01 (1.33231e+00), Accept ratio: 0.47340, 
INFO:root:Epoch  1558, Energy: -1.08962e+02 (-1.08952e+02), Variance: 1.12371e+00 (1.73893e+00), Accept ratio: 0.46712, 
INFO:root:Epoch  1559, Energy: -1.08955e+02 (-1.09023e+02), Variance: 9.77489e-01 (5.59647e+00), Accept ratio: 0.46814, 
INFO:root:Epoch  1560, Energy: -1.08922e+02 (-1.08915e+02), Variance: 9.81954e-01 (1.11403e+00), Accept ratio: 0.46962, 
INFO:root:Epoch  1561, Energy: -1.08885e+02 (-1.08845e+02), Variance: 1.04052e+00 (2.12981e+00), Accept ratio: 0.46824, 
INFO:root:Epoch  1562, Energy: -1.08893e+02 (-1.08875e+02), Variance: 9.87561e-01 (1.74723e+00), Accept ratio: 0.47100, 
INFO:root:Epoch  1563, Energy: -1.08886e+02 (-1.08857e+02), Variance: 9.66916e-01 (1.81869e+00), Accept ratio: 0.47365, 
INFO:root:Epoch  1564, Energy: -1.08949e+02 (-1.08957e+02), Variance: 9.70382e-01 (1.19648e+00), Accept ratio: 0.47874, 
INFO:root:Epoch  1565, Energy: -1.09006e+02 (-1.09042e+02), Variance: 1.03813e+00 (1.83024e+00), Accept ratio: 0.47154, 
INFO:root:Epoch  1566, Energy: -1.08967e+02 (-1.08966e+02), Variance: 1.01746e+00 (1.32420e+00), Accept ratio: 0.47011, 
INFO:root:Epoch  1567, Energy: -1.08961e+02 (-1.09019e+02), Variance: 1.02684e+00 (3.81589e+00), Accept ratio: 0.46902, 
INFO:root:Epoch  1568, Energy: -1.08877e+02 (-1.08863e+02), Variance: 1.07554e+00 (1.25363e+00), Accept ratio: 0.46960, 
INFO:root:Epoch  1569, Energy: -1.08926e+02 (-1.08935e+02), Variance: 1.16027e+00 (1.46588e+00), Accept ratio: 0.46954, 
INFO:root:Epoch  1570, Energy: -1.08937e+02 (-1.08936e+02), Variance: 1.10773e+00 (1.32870e+00), Accept ratio: 0.47387, 
INFO:root:Epoch  1571, Energy: -1.08937e+02 (-1.08942e+02), Variance: 1.01333e+00 (2.11098e+00), Accept ratio: 0.47034, 
INFO:root:Epoch  1572, Energy: -1.08885e+02 (-1.08890e+02), Variance: 9.39949e-01 (1.08786e+00), Accept ratio: 0.47848, 
INFO:root:Epoch  1573, Energy: -1.08945e+02 (-1.08942e+02), Variance: 1.15160e+00 (1.48733e+00), Accept ratio: 0.46787, 
INFO:root:Epoch  1574, Energy: -1.08940e+02 (-1.08946e+02), Variance: 9.53465e-01 (1.19392e+00), Accept ratio: 0.47000, 
INFO:root:Epoch  1575, Energy: -1.08899e+02 (-1.08882e+02), Variance: 9.30018e-01 (1.35795e+00), Accept ratio: 0.46522, 
INFO:root:Epoch  1576, Energy: -1.08893e+02 (-1.08893e+02), Variance: 9.07571e-01 (1.07054e+00), Accept ratio: 0.47317, 
INFO:root:Epoch  1577, Energy: -1.08938e+02 (-1.08966e+02), Variance: 9.92078e-01 (1.49904e+00), Accept ratio: 0.47241, 
INFO:root:Epoch  1578, Energy: -1.08906e+02 (-1.08888e+02), Variance: 1.08529e+00 (1.60886e+00), Accept ratio: 0.46829, 
INFO:root:Epoch  1579, Energy: -1.08945e+02 (-1.08946e+02), Variance: 1.01808e+00 (1.08961e+00), Accept ratio: 0.47274, 
INFO:root:Epoch  1580, Energy: -1.08992e+02 (-1.08987e+02), Variance: 1.04062e+00 (1.31448e+00), Accept ratio: 0.47208, 
INFO:root:Epoch  1581, Energy: -1.08923e+02 (-1.08918e+02), Variance: 1.02579e+00 (1.20090e+00), Accept ratio: 0.46888, 
INFO:root:Epoch  1582, Energy: -1.08930e+02 (-1.08945e+02), Variance: 1.12504e+00 (1.98853e+00), Accept ratio: 0.46901, 
INFO:root:Epoch  1583, Energy: -1.08875e+02 (-1.08864e+02), Variance: 9.77025e-01 (1.20355e+00), Accept ratio: 0.47451, 
INFO:root:Epoch  1584, Energy: -1.08878e+02 (-1.08878e+02), Variance: 1.01848e+00 (1.12148e+00), Accept ratio: 0.47894, 
INFO:root:Epoch  1585, Energy: -1.08864e+02 (-1.08882e+02), Variance: 1.05579e+00 (1.47173e+00), Accept ratio: 0.47462, 
INFO:root:Epoch  1586, Energy: -1.08855e+02 (-1.08845e+02), Variance: 1.09351e+00 (1.27928e+00), Accept ratio: 0.47900, 
INFO:root:Epoch  1587, Energy: -1.08902e+02 (-1.08906e+02), Variance: 1.14308e+00 (1.38314e+00), Accept ratio: 0.47199, 
INFO:root:Epoch  1588, Energy: -1.08896e+02 (-1.08938e+02), Variance: 1.10375e+00 (3.00816e+00), Accept ratio: 0.47466, 
INFO:root:Epoch  1589, Energy: -1.08893e+02 (-1.08888e+02), Variance: 9.57136e-01 (1.14143e+00), Accept ratio: 0.47204, 
INFO:root:Epoch  1590, Energy: -1.08862e+02 (-1.08824e+02), Variance: 9.36110e-01 (2.43326e+00), Accept ratio: 0.47263, 
INFO:root:Epoch  1591, Energy: -1.08890e+02 (-1.08897e+02), Variance: 9.47436e-01 (1.37266e+00), Accept ratio: 0.47060, 
INFO:root:Epoch  1592, Energy: -1.08870e+02 (-1.08873e+02), Variance: 9.86613e-01 (1.05479e+00), Accept ratio: 0.46581, 
INFO:root:Epoch  1593, Energy: -1.08915e+02 (-1.08951e+02), Variance: 9.72950e-01 (1.88326e+00), Accept ratio: 0.46906, 
INFO:root:Epoch  1594, Energy: -1.08863e+02 (-1.08839e+02), Variance: 9.98064e-01 (1.35644e+00), Accept ratio: 0.46883, 
INFO:root:Epoch  1595, Energy: -1.08908e+02 (-1.08940e+02), Variance: 1.16484e+00 (2.74958e+00), Accept ratio: 0.46790, 
INFO:root:Epoch  1596, Energy: -1.08907e+02 (-1.08940e+02), Variance: 8.89137e-01 (1.59580e+00), Accept ratio: 0.47668, 
INFO:root:Epoch  1597, Energy: -1.08904e+02 (-1.08911e+02), Variance: 1.02326e+00 (1.29478e+00), Accept ratio: 0.47000, 
INFO:root:Epoch  1598, Energy: -1.08912e+02 (-1.08901e+02), Variance: 1.07955e+00 (1.26240e+00), Accept ratio: 0.46793, 
INFO:root:Epoch  1599, Energy: -1.08969e+02 (-1.08962e+02), Variance: 1.05372e+00 (1.53651e+00), Accept ratio: 0.46899, 
INFO:root:Epoch  1600, Energy: -1.08951e+02 (-1.08943e+02), Variance: 8.94901e-01 (1.35824e+00), Accept ratio: 0.47358, , best weights saved
INFO:root:Epoch  1601, Energy: -1.08912e+02 (-1.08922e+02), Variance: 9.57735e-01 (1.35932e+00), Accept ratio: 0.46786, 
INFO:root:Epoch  1602, Energy: -1.08918e+02 (-1.08920e+02), Variance: 9.26384e-01 (9.36815e-01), Accept ratio: 0.47647, 
INFO:root:Epoch  1603, Energy: -1.08937e+02 (-1.08934e+02), Variance: 9.74934e-01 (1.24045e+00), Accept ratio: 0.47036, 
INFO:root:Epoch  1604, Energy: -1.08967e+02 (-1.08973e+02), Variance: 9.84375e-01 (1.23387e+00), Accept ratio: 0.46485, 
INFO:root:Epoch  1605, Energy: -1.08922e+02 (-1.08921e+02), Variance: 1.01520e+00 (1.37374e+00), Accept ratio: 0.47700, 
INFO:root:Epoch  1606, Energy: -1.08934e+02 (-1.08964e+02), Variance: 1.04649e+00 (3.57682e+00), Accept ratio: 0.47055, 
INFO:root:Epoch  1607, Energy: -1.08900e+02 (-1.08871e+02), Variance: 9.21444e-01 (1.36748e+00), Accept ratio: 0.46883, 
INFO:root:Epoch  1608, Energy: -1.08919e+02 (-1.08932e+02), Variance: 1.13814e+00 (1.39685e+00), Accept ratio: 0.46947, 
INFO:root:Epoch  1609, Energy: -1.08857e+02 (-1.08855e+02), Variance: 1.03342e+00 (1.51614e+00), Accept ratio: 0.47913, 
INFO:root:Epoch  1610, Energy: -1.08893e+02 (-1.08889e+02), Variance: 1.04913e+00 (1.72208e+00), Accept ratio: 0.47388, 
INFO:root:Epoch  1611, Energy: -1.08943e+02 (-1.08944e+02), Variance: 1.15650e+00 (1.58091e+00), Accept ratio: 0.46882, 
INFO:root:Epoch  1612, Energy: -1.08918e+02 (-1.08923e+02), Variance: 1.04523e+00 (1.23418e+00), Accept ratio: 0.46724, 
INFO:root:Epoch  1613, Energy: -1.08915e+02 (-1.08883e+02), Variance: 1.04063e+00 (2.50916e+00), Accept ratio: 0.46751, 
INFO:root:Epoch  1614, Energy: -1.08829e+02 (-1.08802e+02), Variance: 1.10057e+00 (1.65919e+00), Accept ratio: 0.47149, 
INFO:root:Epoch  1615, Energy: -1.08853e+02 (-1.08836e+02), Variance: 9.80978e-01 (1.47440e+00), Accept ratio: 0.47756, 
INFO:root:Epoch  1616, Energy: -1.08873e+02 (-1.08855e+02), Variance: 9.64922e-01 (1.87745e+00), Accept ratio: 0.47409, 
INFO:root:Epoch  1617, Energy: -1.08943e+02 (-1.08941e+02), Variance: 1.16623e+00 (1.63092e+00), Accept ratio: 0.47613, 
INFO:root:Epoch  1618, Energy: -1.08894e+02 (-1.08911e+02), Variance: 1.04880e+00 (1.58942e+00), Accept ratio: 0.47072, 
INFO:root:Epoch  1619, Energy: -1.08919e+02 (-1.08913e+02), Variance: 1.11314e+00 (1.63533e+00), Accept ratio: 0.46552, 
INFO:root:Epoch  1620, Energy: -1.08943e+02 (-1.08933e+02), Variance: 1.04117e+00 (1.45477e+00), Accept ratio: 0.46622, 
INFO:root:Epoch  1621, Energy: -1.08902e+02 (-1.08894e+02), Variance: 1.09617e+00 (1.41986e+00), Accept ratio: 0.46648, 
INFO:root:Epoch  1622, Energy: -1.08884e+02 (-1.09098e+02), Variance: 1.23898e+00 (4.60816e+01), Accept ratio: 0.46783, 
INFO:root:Epoch  1623, Energy: -1.08916e+02 (-1.08915e+02), Variance: 1.29601e+00 (2.36862e+00), Accept ratio: 0.46966, 
INFO:root:Epoch  1624, Energy: -1.08859e+02 (-1.08872e+02), Variance: 1.03994e+00 (1.27346e+00), Accept ratio: 0.46812, 
INFO:root:Epoch  1625, Energy: -1.08890e+02 (-1.08899e+02), Variance: 1.02230e+00 (1.18390e+00), Accept ratio: 0.46990, 
INFO:root:Epoch  1626, Energy: -1.08876e+02 (-1.08869e+02), Variance: 1.10634e+00 (1.48311e+00), Accept ratio: 0.47364, 
INFO:root:Epoch  1627, Energy: -1.08908e+02 (-1.08912e+02), Variance: 1.09960e+00 (1.38408e+00), Accept ratio: 0.47359, 
INFO:root:Epoch  1628, Energy: -1.08923e+02 (-1.08905e+02), Variance: 9.54927e-01 (1.31294e+00), Accept ratio: 0.47198, 
INFO:root:Epoch  1629, Energy: -1.08954e+02 (-1.08948e+02), Variance: 9.75980e-01 (1.09026e+00), Accept ratio: 0.47209, 
INFO:root:Epoch  1630, Energy: -1.08934e+02 (-1.08948e+02), Variance: 1.09930e+00 (1.52096e+00), Accept ratio: 0.46723, 
INFO:root:Epoch  1631, Energy: -1.08960e+02 (-1.08976e+02), Variance: 1.01138e+00 (1.85853e+00), Accept ratio: 0.47154, 
INFO:root:Epoch  1632, Energy: -1.08969e+02 (-1.08971e+02), Variance: 1.17365e+00 (1.46306e+00), Accept ratio: 0.47289, 
INFO:root:Epoch  1633, Energy: -1.08916e+02 (-1.08929e+02), Variance: 1.12833e+00 (1.48565e+00), Accept ratio: 0.47556, 
INFO:root:Epoch  1634, Energy: -1.08895e+02 (-1.08884e+02), Variance: 1.16266e+00 (1.47390e+00), Accept ratio: 0.47035, 
INFO:root:Epoch  1635, Energy: -1.08935e+02 (-1.08907e+02), Variance: 1.14186e+00 (2.27793e+00), Accept ratio: 0.47289, 
INFO:root:Epoch  1636, Energy: -1.08938e+02 (-1.08974e+02), Variance: 9.95291e-01 (2.23393e+00), Accept ratio: 0.47236, 
INFO:root:Epoch  1637, Energy: -1.08958e+02 (-1.08971e+02), Variance: 1.11634e+00 (1.89477e+00), Accept ratio: 0.46871, 
INFO:root:Epoch  1638, Energy: -1.08910e+02 (-1.08928e+02), Variance: 1.16623e+00 (1.62207e+00), Accept ratio: 0.46904, 
INFO:root:Epoch  1639, Energy: -1.08888e+02 (-1.08876e+02), Variance: 1.14536e+00 (1.61756e+00), Accept ratio: 0.47438, 
INFO:root:Epoch  1640, Energy: -1.08878e+02 (-1.08870e+02), Variance: 1.17214e+00 (1.63200e+00), Accept ratio: 0.47596, 
INFO:root:Epoch  1641, Energy: -1.08873e+02 (-1.08876e+02), Variance: 9.52250e-01 (1.25808e+00), Accept ratio: 0.47673, 
INFO:root:Epoch  1642, Energy: -1.08888e+02 (-1.08851e+02), Variance: 1.04879e+00 (2.16292e+00), Accept ratio: 0.47198, 
INFO:root:Epoch  1643, Energy: -1.08847e+02 (-1.08847e+02), Variance: 1.00037e+00 (1.15830e+00), Accept ratio: 0.47258, 
INFO:root:Epoch  1644, Energy: -1.08884e+02 (-1.08884e+02), Variance: 7.91218e-01 (8.28769e-01), Accept ratio: 0.47272, 
INFO:root:Epoch  1645, Energy: -1.08898e+02 (-1.08887e+02), Variance: 9.84608e-01 (1.35405e+00), Accept ratio: 0.46908, 
INFO:root:Epoch  1646, Energy: -1.08922e+02 (-1.08945e+02), Variance: 9.81306e-01 (1.44356e+00), Accept ratio: 0.46813, 
INFO:root:Epoch  1647, Energy: -1.08969e+02 (-1.08979e+02), Variance: 1.01179e+00 (1.43118e+00), Accept ratio: 0.47705, 
INFO:root:Epoch  1648, Energy: -1.08939e+02 (-1.08931e+02), Variance: 9.38540e-01 (1.10202e+00), Accept ratio: 0.46997, 
INFO:root:Epoch  1649, Energy: -1.08906e+02 (-1.08902e+02), Variance: 1.01586e+00 (1.15016e+00), Accept ratio: 0.47350, 
INFO:root:Epoch  1650, Energy: -1.08917e+02 (-1.08912e+02), Variance: 1.18013e+00 (1.44899e+00), Accept ratio: 0.46854, 
INFO:root:Epoch  1651, Energy: -1.08917e+02 (-1.08928e+02), Variance: 1.10609e+00 (1.40789e+00), Accept ratio: 0.46837, 
INFO:root:Epoch  1652, Energy: -1.08927e+02 (-1.08928e+02), Variance: 1.10163e+00 (1.95798e+00), Accept ratio: 0.47056, 
INFO:root:Epoch  1653, Energy: -1.08917e+02 (-1.08932e+02), Variance: 9.01486e-01 (1.23272e+00), Accept ratio: 0.46839, 
INFO:root:Epoch  1654, Energy: -1.08940e+02 (-1.08937e+02), Variance: 1.01010e+00 (1.21098e+00), Accept ratio: 0.47896, 
INFO:root:Epoch  1655, Energy: -1.08919e+02 (-1.08906e+02), Variance: 1.06135e+00 (1.23028e+00), Accept ratio: 0.47136, 
INFO:root:Epoch  1656, Energy: -1.08944e+02 (-1.08953e+02), Variance: 1.11427e+00 (1.31611e+00), Accept ratio: 0.47200, 
INFO:root:Epoch  1657, Energy: -1.08895e+02 (-1.08871e+02), Variance: 1.03686e+00 (1.49781e+00), Accept ratio: 0.47067, 
INFO:root:Epoch  1658, Energy: -1.08875e+02 (-1.08816e+02), Variance: 1.24427e+00 (3.51391e+00), Accept ratio: 0.47013, 
INFO:root:Epoch  1659, Energy: -1.08970e+02 (-1.08975e+02), Variance: 1.16025e+00 (1.31284e+00), Accept ratio: 0.46915, 
INFO:root:Epoch  1660, Energy: -1.08959e+02 (-1.08991e+02), Variance: 9.90826e-01 (2.17861e+00), Accept ratio: 0.47510, 
INFO:root:Epoch  1661, Energy: -1.08924e+02 (-1.08928e+02), Variance: 1.01510e+00 (1.49113e+00), Accept ratio: 0.47616, 
INFO:root:Epoch  1662, Energy: -1.08917e+02 (-1.08915e+02), Variance: 9.66744e-01 (1.19992e+00), Accept ratio: 0.47144, 
INFO:root:Epoch  1663, Energy: -1.08954e+02 (-1.08969e+02), Variance: 1.03357e+00 (1.29326e+00), Accept ratio: 0.46991, 
INFO:root:Epoch  1664, Energy: -1.08925e+02 (-1.08923e+02), Variance: 1.00188e+00 (1.53781e+00), Accept ratio: 0.46644, 
INFO:root:Epoch  1665, Energy: -1.08895e+02 (-1.08875e+02), Variance: 1.22033e+00 (1.84592e+00), Accept ratio: 0.46767, 
INFO:root:Epoch  1666, Energy: -1.08916e+02 (-1.08899e+02), Variance: 1.01917e+00 (1.49616e+00), Accept ratio: 0.47209, 
INFO:root:Epoch  1667, Energy: -1.08865e+02 (-1.08857e+02), Variance: 1.08974e+00 (1.32945e+00), Accept ratio: 0.47086, 
INFO:root:Epoch  1668, Energy: -1.08897e+02 (-1.08902e+02), Variance: 1.09170e+00 (1.41423e+00), Accept ratio: 0.47413, 
INFO:root:Epoch  1669, Energy: -1.08924e+02 (-1.08921e+02), Variance: 1.11123e+00 (1.39596e+00), Accept ratio: 0.47614, 
INFO:root:Epoch  1670, Energy: -1.08865e+02 (-1.08846e+02), Variance: 1.06033e+00 (1.57139e+00), Accept ratio: 0.47422, 
INFO:root:Epoch  1671, Energy: -1.08865e+02 (-1.08867e+02), Variance: 1.02319e+00 (1.34678e+00), Accept ratio: 0.46600, 
INFO:root:Epoch  1672, Energy: -1.08896e+02 (-1.08895e+02), Variance: 1.18077e+00 (1.68463e+00), Accept ratio: 0.46885, 
INFO:root:Epoch  1673, Energy: -1.08882e+02 (-1.08870e+02), Variance: 1.17898e+00 (1.51243e+00), Accept ratio: 0.46333, 
INFO:root:Epoch  1674, Energy: -1.08920e+02 (-1.08938e+02), Variance: 1.16199e+00 (2.00342e+00), Accept ratio: 0.46967, 
INFO:root:Epoch  1675, Energy: -1.08915e+02 (-1.08903e+02), Variance: 1.31354e+00 (2.08488e+00), Accept ratio: 0.47012, 
INFO:root:Epoch  1676, Energy: -1.08900e+02 (-1.08918e+02), Variance: 1.26140e+00 (2.93621e+00), Accept ratio: 0.46294, 
INFO:root:Epoch  1677, Energy: -1.08981e+02 (-1.08993e+02), Variance: 1.09472e+00 (1.52728e+00), Accept ratio: 0.45749, 
INFO:root:Epoch  1678, Energy: -1.08974e+02 (-1.08979e+02), Variance: 1.10209e+00 (1.51511e+00), Accept ratio: 0.46907, 
INFO:root:Epoch  1679, Energy: -1.08938e+02 (-1.08933e+02), Variance: 1.07315e+00 (1.23470e+00), Accept ratio: 0.46796, 
INFO:root:Epoch  1680, Energy: -1.08915e+02 (-1.08909e+02), Variance: 1.12614e+00 (1.81185e+00), Accept ratio: 0.46922, 
INFO:root:Epoch  1681, Energy: -1.08951e+02 (-1.08948e+02), Variance: 1.26088e+00 (1.73756e+00), Accept ratio: 0.47044, 
INFO:root:Epoch  1682, Energy: -1.08944e+02 (-1.08915e+02), Variance: 1.12638e+00 (1.76181e+00), Accept ratio: 0.46397, 
INFO:root:Epoch  1683, Energy: -1.08910e+02 (-1.08892e+02), Variance: 9.98302e-01 (1.68560e+00), Accept ratio: 0.47042, 
INFO:root:Epoch  1684, Energy: -1.08914e+02 (-1.08910e+02), Variance: 1.19289e+00 (1.56087e+00), Accept ratio: 0.47071, 
INFO:root:Epoch  1685, Energy: -1.08894e+02 (-1.08902e+02), Variance: 1.17528e+00 (1.60551e+00), Accept ratio: 0.46724, 
INFO:root:Epoch  1686, Energy: -1.08872e+02 (-1.08861e+02), Variance: 1.04543e+00 (1.82777e+00), Accept ratio: 0.47360, 
INFO:root:Epoch  1687, Energy: -1.08925e+02 (-1.08936e+02), Variance: 1.28168e+00 (1.91266e+00), Accept ratio: 0.47560, 
INFO:root:Epoch  1688, Energy: -1.08956e+02 (-1.08968e+02), Variance: 1.22385e+00 (2.12222e+00), Accept ratio: 0.46636, 
INFO:root:Epoch  1689, Energy: -1.08956e+02 (-1.08974e+02), Variance: 1.16721e+00 (1.42867e+00), Accept ratio: 0.46979, 
INFO:root:Epoch  1690, Energy: -1.08937e+02 (-1.08926e+02), Variance: 1.12850e+00 (1.28361e+00), Accept ratio: 0.46796, 
INFO:root:Epoch  1691, Energy: -1.08930e+02 (-1.08926e+02), Variance: 9.41227e-01 (1.05814e+00), Accept ratio: 0.46965, 
INFO:root:Epoch  1692, Energy: -1.08995e+02 (-1.09005e+02), Variance: 1.00977e+00 (1.46689e+00), Accept ratio: 0.46125, 
INFO:root:Epoch  1693, Energy: -1.08934e+02 (-1.08959e+02), Variance: 1.08578e+00 (2.14357e+00), Accept ratio: 0.46467, 
INFO:root:Epoch  1694, Energy: -1.08925e+02 (-1.08923e+02), Variance: 1.06346e+00 (1.41227e+00), Accept ratio: 0.46979, 
INFO:root:Epoch  1695, Energy: -1.08922e+02 (-1.08925e+02), Variance: 1.28172e+00 (1.54607e+00), Accept ratio: 0.46644, 
INFO:root:Epoch  1696, Energy: -1.08950e+02 (-1.08946e+02), Variance: 1.24172e+00 (1.46159e+00), Accept ratio: 0.47198, 
INFO:root:Epoch  1697, Energy: -1.08967e+02 (-1.08982e+02), Variance: 1.14246e+00 (1.68657e+00), Accept ratio: 0.46878, 
INFO:root:Epoch  1698, Energy: -1.08914e+02 (-1.08909e+02), Variance: 1.17359e+00 (2.09528e+00), Accept ratio: 0.46647, 
INFO:root:Epoch  1699, Energy: -1.08986e+02 (-1.09001e+02), Variance: 1.22051e+00 (2.05004e+00), Accept ratio: 0.47553, 
INFO:root:Epoch  1700, Energy: -1.08983e+02 (-1.09017e+02), Variance: 1.10579e+00 (4.13431e+00), Accept ratio: 0.46246, , best weights saved
INFO:root:Epoch  1701, Energy: -1.08974e+02 (-1.08996e+02), Variance: 1.22616e+00 (1.50774e+00), Accept ratio: 0.46785, 
INFO:root:Epoch  1702, Energy: -1.08993e+02 (-1.09005e+02), Variance: 1.14777e+00 (1.41645e+00), Accept ratio: 0.47354, 
INFO:root:Epoch  1703, Energy: -1.08939e+02 (-1.08939e+02), Variance: 9.37483e-01 (1.07011e+00), Accept ratio: 0.47421, 
INFO:root:Epoch  1704, Energy: -1.08928e+02 (-1.08927e+02), Variance: 1.16613e+00 (1.73333e+00), Accept ratio: 0.47213, 
INFO:root:Epoch  1705, Energy: -1.08933e+02 (-1.08939e+02), Variance: 1.02066e+00 (1.39038e+00), Accept ratio: 0.46940, 
INFO:root:Epoch  1706, Energy: -1.08905e+02 (-1.08923e+02), Variance: 1.01692e+00 (1.38596e+00), Accept ratio: 0.47169, 
INFO:root:Epoch  1707, Energy: -1.08950e+02 (-1.08929e+02), Variance: 1.02794e+00 (1.43158e+00), Accept ratio: 0.47309, 
INFO:root:Epoch  1708, Energy: -1.08956e+02 (-1.08976e+02), Variance: 1.20293e+00 (1.63781e+00), Accept ratio: 0.47249, 
INFO:root:Epoch  1709, Energy: -1.08888e+02 (-1.08874e+02), Variance: 1.00191e+00 (1.94289e+00), Accept ratio: 0.46708, 
INFO:root:Epoch  1710, Energy: -1.08926e+02 (-1.08933e+02), Variance: 1.10449e+00 (1.55915e+00), Accept ratio: 0.47185, 
INFO:root:Epoch  1711, Energy: -1.08957e+02 (-1.08976e+02), Variance: 1.18428e+00 (1.66559e+00), Accept ratio: 0.47741, 
INFO:root:Epoch  1712, Energy: -1.08911e+02 (-1.08981e+02), Variance: 9.31511e-01 (6.89833e+00), Accept ratio: 0.47366, 
INFO:root:Epoch  1713, Energy: -1.08965e+02 (-1.08986e+02), Variance: 1.05787e+00 (1.51169e+00), Accept ratio: 0.47223, 
INFO:root:Epoch  1714, Energy: -1.08915e+02 (-1.08900e+02), Variance: 9.49026e-01 (1.40450e+00), Accept ratio: 0.47318, 
INFO:root:Epoch  1715, Energy: -1.08918e+02 (-1.08922e+02), Variance: 1.01348e+00 (1.24144e+00), Accept ratio: 0.46361, 
INFO:root:Epoch  1716, Energy: -1.08948e+02 (-1.08937e+02), Variance: 9.88729e-01 (1.38842e+00), Accept ratio: 0.47062, 
INFO:root:Epoch  1717, Energy: -1.08970e+02 (-1.08958e+02), Variance: 1.05786e+00 (1.33687e+00), Accept ratio: 0.47613, 
INFO:root:Epoch  1718, Energy: -1.08932e+02 (-1.08796e+02), Variance: 1.11196e+00 (1.80885e+01), Accept ratio: 0.46847, 
INFO:root:Epoch  1719, Energy: -1.08928e+02 (-1.08923e+02), Variance: 9.83756e-01 (1.50936e+00), Accept ratio: 0.46855, 
INFO:root:Epoch  1720, Energy: -1.08940e+02 (-1.08921e+02), Variance: 1.07280e+00 (1.54547e+00), Accept ratio: 0.47114, 
INFO:root:Epoch  1721, Energy: -1.08918e+02 (-1.08901e+02), Variance: 1.10989e+00 (1.44427e+00), Accept ratio: 0.46915, 
INFO:root:Epoch  1722, Energy: -1.08976e+02 (-1.08982e+02), Variance: 1.01440e+00 (1.89663e+00), Accept ratio: 0.47246, 
INFO:root:Epoch  1723, Energy: -1.08925e+02 (-1.08931e+02), Variance: 9.84759e-01 (2.03215e+00), Accept ratio: 0.47672, 
INFO:root:Epoch  1724, Energy: -1.08905e+02 (-1.08903e+02), Variance: 9.73092e-01 (1.26658e+00), Accept ratio: 0.47527, 
INFO:root:Epoch  1725, Energy: -1.08860e+02 (-1.08850e+02), Variance: 9.85335e-01 (1.22291e+00), Accept ratio: 0.46552, 
INFO:root:Epoch  1726, Energy: -1.08940e+02 (-1.08940e+02), Variance: 1.07229e+00 (2.55362e+00), Accept ratio: 0.47652, 
INFO:root:Epoch  1727, Energy: -1.08896e+02 (-1.08874e+02), Variance: 9.82284e-01 (1.66969e+00), Accept ratio: 0.47134, 
INFO:root:Epoch  1728, Energy: -1.08923e+02 (-1.08885e+02), Variance: 1.02068e+00 (1.94473e+00), Accept ratio: 0.47359, 
INFO:root:Epoch  1729, Energy: -1.08912e+02 (-1.08859e+02), Variance: 8.57347e-01 (3.75407e+00), Accept ratio: 0.47266, 
INFO:root:Epoch  1730, Energy: -1.08927e+02 (-1.08890e+02), Variance: 1.03635e+00 (1.98109e+00), Accept ratio: 0.47777, 
INFO:root:Epoch  1731, Energy: -1.08945e+02 (-1.08933e+02), Variance: 1.02082e+00 (1.21483e+00), Accept ratio: 0.47710, 
INFO:root:Epoch  1732, Energy: -1.08948e+02 (-1.08951e+02), Variance: 9.65739e-01 (1.02017e+00), Accept ratio: 0.47886, 
INFO:root:Epoch  1733, Energy: -1.08937e+02 (-1.08901e+02), Variance: 9.85595e-01 (2.87208e+00), Accept ratio: 0.46862, 
INFO:root:Epoch  1734, Energy: -1.08890e+02 (-1.08852e+02), Variance: 9.77493e-01 (3.01455e+00), Accept ratio: 0.47166, 
INFO:root:Epoch  1735, Energy: -1.08905e+02 (-1.08911e+02), Variance: 9.47095e-01 (1.30606e+00), Accept ratio: 0.47467, 
INFO:root:Epoch  1736, Energy: -1.08918e+02 (-1.08918e+02), Variance: 9.31462e-01 (9.87476e-01), Accept ratio: 0.47342, 
INFO:root:Epoch  1737, Energy: -1.08912e+02 (-1.08911e+02), Variance: 1.16459e+00 (1.85902e+00), Accept ratio: 0.48028, 
INFO:root:Epoch  1738, Energy: -1.08983e+02 (-1.08984e+02), Variance: 1.12952e+00 (1.51150e+00), Accept ratio: 0.46962, 
INFO:root:Epoch  1739, Energy: -1.08965e+02 (-1.08941e+02), Variance: 1.05630e+00 (2.29318e+00), Accept ratio: 0.47504, 
INFO:root:Epoch  1740, Energy: -1.08935e+02 (-1.08954e+02), Variance: 1.02290e+00 (1.62467e+00), Accept ratio: 0.47327, 
INFO:root:Epoch  1741, Energy: -1.08951e+02 (-1.08972e+02), Variance: 1.11123e+00 (1.94881e+00), Accept ratio: 0.47454, 
INFO:root:Epoch  1742, Energy: -1.08902e+02 (-1.08883e+02), Variance: 1.21235e+00 (1.62421e+00), Accept ratio: 0.47316, 
INFO:root:Epoch  1743, Energy: -1.08942e+02 (-1.08933e+02), Variance: 1.12678e+00 (1.33085e+00), Accept ratio: 0.47004, 
INFO:root:Epoch  1744, Energy: -1.09003e+02 (-1.08991e+02), Variance: 1.15005e+00 (1.58942e+00), Accept ratio: 0.46834, 
INFO:root:Epoch  1745, Energy: -1.08973e+02 (-1.08969e+02), Variance: 1.11775e+00 (1.62631e+00), Accept ratio: 0.46947, 
INFO:root:Epoch  1746, Energy: -1.08984e+02 (-1.08959e+02), Variance: 9.75479e-01 (1.45797e+00), Accept ratio: 0.47273, 
INFO:root:Epoch  1747, Energy: -1.09006e+02 (-1.09003e+02), Variance: 1.11752e+00 (1.41641e+00), Accept ratio: 0.46454, 
INFO:root:Epoch  1748, Energy: -1.08979e+02 (-1.08959e+02), Variance: 1.04759e+00 (3.58741e+00), Accept ratio: 0.47439, 
INFO:root:Epoch  1749, Energy: -1.08964e+02 (-1.08970e+02), Variance: 1.00164e+00 (1.24088e+00), Accept ratio: 0.46259, 
INFO:root:Epoch  1750, Energy: -1.08996e+02 (-1.08978e+02), Variance: 1.13158e+00 (1.53080e+00), Accept ratio: 0.47269, 
INFO:root:Epoch  1751, Energy: -1.08947e+02 (-1.08955e+02), Variance: 1.13749e+00 (6.33830e+00), Accept ratio: 0.46744, 
INFO:root:Epoch  1752, Energy: -1.08935e+02 (-1.08921e+02), Variance: 1.04092e+00 (1.41886e+00), Accept ratio: 0.46894, 
INFO:root:Epoch  1753, Energy: -1.08856e+02 (-1.08822e+02), Variance: 1.23889e+00 (2.21036e+00), Accept ratio: 0.47003, 
INFO:root:Epoch  1754, Energy: -1.08947e+02 (-1.08947e+02), Variance: 1.05127e+00 (1.58754e+00), Accept ratio: 0.46926, 
INFO:root:Epoch  1755, Energy: -1.08883e+02 (-1.08835e+02), Variance: 1.13581e+00 (3.73925e+00), Accept ratio: 0.46981, 
INFO:root:Epoch  1756, Energy: -1.08949e+02 (-1.08960e+02), Variance: 1.15534e+00 (1.29597e+00), Accept ratio: 0.47168, 
INFO:root:Epoch  1757, Energy: -1.08983e+02 (-1.08957e+02), Variance: 1.02438e+00 (1.61284e+00), Accept ratio: 0.46688, 
INFO:root:Epoch  1758, Energy: -1.08972e+02 (-1.08957e+02), Variance: 9.13315e-01 (1.26591e+00), Accept ratio: 0.46815, 
INFO:root:Epoch  1759, Energy: -1.08968e+02 (-1.08952e+02), Variance: 1.00935e+00 (1.28482e+00), Accept ratio: 0.47616, 
INFO:root:Epoch  1760, Energy: -1.08962e+02 (-1.08935e+02), Variance: 1.01776e+00 (1.67682e+00), Accept ratio: 0.47226, 
INFO:root:Epoch  1761, Energy: -1.08980e+02 (-1.08951e+02), Variance: 1.01464e+00 (1.83389e+00), Accept ratio: 0.47728, 
INFO:root:Epoch  1762, Energy: -1.08958e+02 (-1.08907e+02), Variance: 9.20477e-01 (4.19143e+00), Accept ratio: 0.47038, 
INFO:root:Epoch  1763, Energy: -1.08951e+02 (-1.08935e+02), Variance: 1.00730e+00 (1.47239e+00), Accept ratio: 0.46824, 
INFO:root:Epoch  1764, Energy: -1.08978e+02 (-1.08969e+02), Variance: 1.08072e+00 (1.49351e+00), Accept ratio: 0.46957, 
INFO:root:Epoch  1765, Energy: -1.08943e+02 (-1.08933e+02), Variance: 9.56053e-01 (1.22373e+00), Accept ratio: 0.46958, 
INFO:root:Epoch  1766, Energy: -1.08946e+02 (-1.08953e+02), Variance: 9.72951e-01 (1.14354e+00), Accept ratio: 0.46615, 
INFO:root:Epoch  1767, Energy: -1.08934e+02 (-1.08934e+02), Variance: 1.05987e+00 (1.39458e+00), Accept ratio: 0.47354, 
INFO:root:Epoch  1768, Energy: -1.08971e+02 (-1.08965e+02), Variance: 9.64059e-01 (1.29660e+00), Accept ratio: 0.46569, 
INFO:root:Epoch  1769, Energy: -1.08971e+02 (-1.08946e+02), Variance: 9.96764e-01 (1.90787e+00), Accept ratio: 0.47212, 
INFO:root:Epoch  1770, Energy: -1.08987e+02 (-1.08979e+02), Variance: 1.01240e+00 (1.40860e+00), Accept ratio: 0.46816, 
INFO:root:Epoch  1771, Energy: -1.08959e+02 (-1.08905e+02), Variance: 9.59545e-01 (2.51571e+00), Accept ratio: 0.46929, 
INFO:root:Epoch  1772, Energy: -1.08978e+02 (-1.08991e+02), Variance: 1.04733e+00 (1.66393e+00), Accept ratio: 0.47008, 
INFO:root:Epoch  1773, Energy: -1.08935e+02 (-1.08949e+02), Variance: 1.02176e+00 (1.72113e+00), Accept ratio: 0.47351, 
INFO:root:Epoch  1774, Energy: -1.08952e+02 (-1.08944e+02), Variance: 9.96175e-01 (1.73743e+00), Accept ratio: 0.46903, 
INFO:root:Epoch  1775, Energy: -1.08934e+02 (-1.08955e+02), Variance: 9.89943e-01 (1.47763e+00), Accept ratio: 0.47671, 
INFO:root:Epoch  1776, Energy: -1.08890e+02 (-1.08880e+02), Variance: 8.64118e-01 (1.00516e+00), Accept ratio: 0.47143, 
INFO:root:Epoch  1777, Energy: -1.08900e+02 (-1.08896e+02), Variance: 9.48033e-01 (1.16786e+00), Accept ratio: 0.46906, 
INFO:root:Epoch  1778, Energy: -1.08910e+02 (-1.08899e+02), Variance: 9.92545e-01 (1.10797e+00), Accept ratio: 0.47098, 
INFO:root:Epoch  1779, Energy: -1.08916e+02 (-1.08918e+02), Variance: 9.77729e-01 (1.23969e+00), Accept ratio: 0.47188, 
INFO:root:Epoch  1780, Energy: -1.08959e+02 (-1.08874e+02), Variance: 1.00422e+00 (7.77105e+00), Accept ratio: 0.47308, 
INFO:root:Epoch  1781, Energy: -1.08970e+02 (-1.08975e+02), Variance: 9.99253e-01 (1.50693e+00), Accept ratio: 0.47243, 
INFO:root:Epoch  1782, Energy: -1.08945e+02 (-1.08938e+02), Variance: 8.68398e-01 (1.17150e+00), Accept ratio: 0.47276, 
INFO:root:Epoch  1783, Energy: -1.08974e+02 (-1.08983e+02), Variance: 8.98831e-01 (1.07725e+00), Accept ratio: 0.47771, 
INFO:root:Epoch  1784, Energy: -1.08933e+02 (-1.08922e+02), Variance: 1.03431e+00 (1.71470e+00), Accept ratio: 0.46696, 
INFO:root:Epoch  1785, Energy: -1.08921e+02 (-1.08919e+02), Variance: 1.05978e+00 (1.29546e+00), Accept ratio: 0.46954, 
INFO:root:Epoch  1786, Energy: -1.08968e+02 (-1.08953e+02), Variance: 9.62685e-01 (1.49946e+00), Accept ratio: 0.46848, 
INFO:root:Epoch  1787, Energy: -1.08989e+02 (-1.08989e+02), Variance: 9.90884e-01 (1.15811e+00), Accept ratio: 0.47883, 
INFO:root:Epoch  1788, Energy: -1.08955e+02 (-1.08949e+02), Variance: 9.74893e-01 (1.11258e+00), Accept ratio: 0.46069, 
INFO:root:Epoch  1789, Energy: -1.08957e+02 (-1.08944e+02), Variance: 9.54754e-01 (2.01060e+00), Accept ratio: 0.47278, 
INFO:root:Epoch  1790, Energy: -1.08930e+02 (-1.08908e+02), Variance: 9.79146e-01 (1.69769e+00), Accept ratio: 0.47275, 
INFO:root:Epoch  1791, Energy: -1.09022e+02 (-1.09025e+02), Variance: 9.67818e-01 (1.50761e+00), Accept ratio: 0.47041, 
INFO:root:Epoch  1792, Energy: -1.08956e+02 (-1.08940e+02), Variance: 1.03314e+00 (1.27347e+00), Accept ratio: 0.46395, 
INFO:root:Epoch  1793, Energy: -1.08998e+02 (-1.09006e+02), Variance: 1.00807e+00 (1.67058e+00), Accept ratio: 0.46997, 
INFO:root:Epoch  1794, Energy: -1.08975e+02 (-1.08973e+02), Variance: 9.63139e-01 (1.11128e+00), Accept ratio: 0.47234, 
INFO:root:Epoch  1795, Energy: -1.08967e+02 (-1.08967e+02), Variance: 9.40531e-01 (1.07068e+00), Accept ratio: 0.46928, 
INFO:root:Epoch  1796, Energy: -1.08958e+02 (-1.08979e+02), Variance: 9.17145e-01 (1.30969e+00), Accept ratio: 0.46836, 
INFO:root:Epoch  1797, Energy: -1.08966e+02 (-1.08939e+02), Variance: 9.90507e-01 (1.45747e+00), Accept ratio: 0.46733, 
INFO:root:Epoch  1798, Energy: -1.08960e+02 (-1.08957e+02), Variance: 9.05958e-01 (1.42306e+00), Accept ratio: 0.47642, 
INFO:root:Epoch  1799, Energy: -1.08939e+02 (-1.08935e+02), Variance: 8.73015e-01 (9.70394e-01), Accept ratio: 0.47600, 
INFO:root:Epoch  1800, Energy: -1.08992e+02 (-1.08988e+02), Variance: 1.00762e+00 (1.35036e+00), Accept ratio: 0.46964, , best weights saved
INFO:root:Epoch  1801, Energy: -1.08942e+02 (-1.08929e+02), Variance: 9.23830e-01 (1.14478e+00), Accept ratio: 0.46738, 
INFO:root:Epoch  1802, Energy: -1.08921e+02 (-1.08918e+02), Variance: 1.03930e+00 (1.72552e+00), Accept ratio: 0.46705, 
INFO:root:Epoch  1803, Energy: -1.08948e+02 (-1.08952e+02), Variance: 8.62764e-01 (1.02526e+00), Accept ratio: 0.47516, 
INFO:root:Epoch  1804, Energy: -1.08959e+02 (-1.09096e+02), Variance: 1.04417e+00 (2.09661e+01), Accept ratio: 0.47202, 
INFO:root:Epoch  1805, Energy: -1.08964e+02 (-1.08943e+02), Variance: 1.07414e+00 (1.71052e+00), Accept ratio: 0.47224, 
INFO:root:Epoch  1806, Energy: -1.08950e+02 (-1.08957e+02), Variance: 9.59452e-01 (1.64073e+00), Accept ratio: 0.47155, 
INFO:root:Epoch  1807, Energy: -1.08947e+02 (-1.08968e+02), Variance: 9.52300e-01 (1.37038e+00), Accept ratio: 0.46906, 
INFO:root:Epoch  1808, Energy: -1.08906e+02 (-1.08927e+02), Variance: 1.08883e+00 (3.00351e+00), Accept ratio: 0.47055, 
INFO:root:Epoch  1809, Energy: -1.08962e+02 (-1.08923e+02), Variance: 1.04385e+00 (1.96016e+00), Accept ratio: 0.47509, 
INFO:root:Epoch  1810, Energy: -1.08972e+02 (-1.08971e+02), Variance: 9.42001e-01 (1.31652e+00), Accept ratio: 0.47384, 
INFO:root:Epoch  1811, Energy: -1.08942e+02 (-1.08964e+02), Variance: 1.04379e+00 (1.71055e+00), Accept ratio: 0.46868, 
INFO:root:Epoch  1812, Energy: -1.08966e+02 (-1.08968e+02), Variance: 9.11243e-01 (9.51961e-01), Accept ratio: 0.47374, 
INFO:root:Epoch  1813, Energy: -1.08973e+02 (-1.08991e+02), Variance: 9.35239e-01 (1.18907e+00), Accept ratio: 0.46737, 
INFO:root:Epoch  1814, Energy: -1.08985e+02 (-1.08981e+02), Variance: 9.07066e-01 (1.12625e+00), Accept ratio: 0.46884, 
INFO:root:Epoch  1815, Energy: -1.08912e+02 (-1.08909e+02), Variance: 8.61549e-01 (1.10893e+00), Accept ratio: 0.47120, 
INFO:root:Epoch  1816, Energy: -1.08960e+02 (-1.08949e+02), Variance: 8.46963e-01 (1.02030e+00), Accept ratio: 0.46512, 
INFO:root:Epoch  1817, Energy: -1.08960e+02 (-1.08965e+02), Variance: 1.00093e+00 (1.38690e+00), Accept ratio: 0.46365, 
INFO:root:Epoch  1818, Energy: -1.08946e+02 (-1.08947e+02), Variance: 9.26295e-01 (1.06532e+00), Accept ratio: 0.46919, 
INFO:root:Epoch  1819, Energy: -1.08896e+02 (-1.08866e+02), Variance: 1.18789e+00 (1.82346e+00), Accept ratio: 0.46938, 
INFO:root:Epoch  1820, Energy: -1.08874e+02 (-1.08880e+02), Variance: 1.15333e+00 (1.67686e+00), Accept ratio: 0.46958, 
INFO:root:Epoch  1821, Energy: -1.08915e+02 (-1.08891e+02), Variance: 1.08415e+00 (1.62640e+00), Accept ratio: 0.46309, 
INFO:root:Epoch  1822, Energy: -1.08967e+02 (-1.08964e+02), Variance: 1.00656e+00 (1.27941e+00), Accept ratio: 0.46963, 
INFO:root:Epoch  1823, Energy: -1.08949e+02 (-1.08914e+02), Variance: 1.09181e+00 (2.55204e+00), Accept ratio: 0.47408, 
INFO:root:Epoch  1824, Energy: -1.08953e+02 (-1.08953e+02), Variance: 9.41232e-01 (1.46542e+00), Accept ratio: 0.47181, 
INFO:root:Epoch  1825, Energy: -1.08945e+02 (-1.08931e+02), Variance: 1.00528e+00 (1.33952e+00), Accept ratio: 0.47365, 
INFO:root:Epoch  1826, Energy: -1.08970e+02 (-1.08967e+02), Variance: 1.00684e+00 (1.34740e+00), Accept ratio: 0.47259, 
INFO:root:Epoch  1827, Energy: -1.08958e+02 (-1.08940e+02), Variance: 9.74751e-01 (2.37805e+00), Accept ratio: 0.46005, 
INFO:root:Epoch  1828, Energy: -1.08951e+02 (-1.08960e+02), Variance: 9.69040e-01 (1.31973e+00), Accept ratio: 0.46391, 
INFO:root:Epoch  1829, Energy: -1.08980e+02 (-1.08986e+02), Variance: 8.39120e-01 (9.72213e-01), Accept ratio: 0.46870, 
INFO:root:Epoch  1830, Energy: -1.08961e+02 (-1.08962e+02), Variance: 8.96693e-01 (9.95960e-01), Accept ratio: 0.47214, 
INFO:root:Epoch  1831, Energy: -1.08994e+02 (-1.09040e+02), Variance: 9.62456e-01 (2.13500e+00), Accept ratio: 0.46865, 
INFO:root:Epoch  1832, Energy: -1.09018e+02 (-1.09025e+02), Variance: 9.94878e-01 (4.50272e+00), Accept ratio: 0.47413, 
INFO:root:Epoch  1833, Energy: -1.08958e+02 (-1.08955e+02), Variance: 1.06240e+00 (1.66044e+00), Accept ratio: 0.46839, 
INFO:root:Epoch  1834, Energy: -1.08993e+02 (-1.08990e+02), Variance: 1.07637e+00 (1.62660e+00), Accept ratio: 0.47294, 
INFO:root:Epoch  1835, Energy: -1.08998e+02 (-1.09002e+02), Variance: 8.86562e-01 (1.03126e+00), Accept ratio: 0.47578, 
INFO:root:Epoch  1836, Energy: -1.08975e+02 (-1.08989e+02), Variance: 9.72285e-01 (1.69735e+00), Accept ratio: 0.46599, 
INFO:root:Epoch  1837, Energy: -1.08932e+02 (-1.08905e+02), Variance: 9.94399e-01 (1.57645e+00), Accept ratio: 0.47288, 
INFO:root:Epoch  1838, Energy: -1.08996e+02 (-1.09032e+02), Variance: 1.09068e+00 (2.23798e+00), Accept ratio: 0.46605, 
INFO:root:Epoch  1839, Energy: -1.08937e+02 (-1.08934e+02), Variance: 9.74287e-01 (1.38156e+00), Accept ratio: 0.46670, 
INFO:root:Epoch  1840, Energy: -1.09009e+02 (-1.09032e+02), Variance: 1.00665e+00 (1.67724e+00), Accept ratio: 0.46703, 
INFO:root:Epoch  1841, Energy: -1.08940e+02 (-1.09069e+02), Variance: 1.09812e+00 (2.01249e+01), Accept ratio: 0.46853, 
INFO:root:Epoch  1842, Energy: -1.08957e+02 (-1.08950e+02), Variance: 8.56540e-01 (9.68919e-01), Accept ratio: 0.46410, 
INFO:root:Epoch  1843, Energy: -1.08886e+02 (-1.08815e+02), Variance: 9.60514e-01 (4.53120e+00), Accept ratio: 0.46534, 
INFO:root:Epoch  1844, Energy: -1.08968e+02 (-1.08972e+02), Variance: 9.53753e-01 (1.15573e+00), Accept ratio: 0.47421, 
INFO:root:Epoch  1845, Energy: -1.09008e+02 (-1.09052e+02), Variance: 8.42854e-01 (3.68996e+00), Accept ratio: 0.46799, 
INFO:root:Epoch  1846, Energy: -1.08993e+02 (-1.09008e+02), Variance: 8.82153e-01 (1.16059e+00), Accept ratio: 0.47082, 
INFO:root:Epoch  1847, Energy: -1.08991e+02 (-1.08986e+02), Variance: 8.12797e-01 (8.86198e-01), Accept ratio: 0.47001, 
INFO:root:Epoch  1848, Energy: -1.08977e+02 (-1.08960e+02), Variance: 9.91191e-01 (1.90891e+00), Accept ratio: 0.46931, 
INFO:root:Epoch  1849, Energy: -1.08982e+02 (-1.08976e+02), Variance: 9.85736e-01 (1.15361e+00), Accept ratio: 0.46727, 
INFO:root:Epoch  1850, Energy: -1.08956e+02 (-1.08954e+02), Variance: 8.44170e-01 (9.27420e-01), Accept ratio: 0.47869, 
INFO:root:Epoch  1851, Energy: -1.08959e+02 (-1.08945e+02), Variance: 9.32698e-01 (1.60712e+00), Accept ratio: 0.47402, 
INFO:root:Epoch  1852, Energy: -1.08955e+02 (-1.08947e+02), Variance: 1.13256e+00 (1.27020e+00), Accept ratio: 0.46483, 
INFO:root:Epoch  1853, Energy: -1.08976e+02 (-1.08944e+02), Variance: 9.55756e-01 (1.87628e+00), Accept ratio: 0.47019, 
INFO:root:Epoch  1854, Energy: -1.08989e+02 (-1.08965e+02), Variance: 1.01296e+00 (1.40012e+00), Accept ratio: 0.46709, 
INFO:root:Epoch  1855, Energy: -1.08998e+02 (-1.08974e+02), Variance: 9.33708e-01 (1.55001e+00), Accept ratio: 0.47564, 
INFO:root:Epoch  1856, Energy: -1.08978e+02 (-1.08983e+02), Variance: 8.51034e-01 (9.40474e-01), Accept ratio: 0.47206, 
INFO:root:Epoch  1857, Energy: -1.08979e+02 (-1.08928e+02), Variance: 1.16905e+00 (2.34213e+00), Accept ratio: 0.47174, 
INFO:root:Epoch  1858, Energy: -1.08952e+02 (-1.08940e+02), Variance: 1.16645e+00 (1.83594e+00), Accept ratio: 0.47383, 
INFO:root:Epoch  1859, Energy: -1.08911e+02 (-1.08879e+02), Variance: 1.17844e+00 (1.81765e+00), Accept ratio: 0.47198, 
INFO:root:Epoch  1860, Energy: -1.08939e+02 (-1.08911e+02), Variance: 1.13544e+00 (1.53605e+00), Accept ratio: 0.46939, 
INFO:root:Epoch  1861, Energy: -1.08965e+02 (-1.08960e+02), Variance: 9.65758e-01 (1.30576e+00), Accept ratio: 0.47170, 
INFO:root:Epoch  1862, Energy: -1.08969e+02 (-1.08970e+02), Variance: 8.04739e-01 (9.14408e-01), Accept ratio: 0.47301, 
INFO:root:Epoch  1863, Energy: -1.08967e+02 (-1.08960e+02), Variance: 1.01629e+00 (1.25057e+00), Accept ratio: 0.47748, 
INFO:root:Epoch  1864, Energy: -1.08961e+02 (-1.08966e+02), Variance: 9.21219e-01 (9.94422e-01), Accept ratio: 0.47061, 
INFO:root:Epoch  1865, Energy: -1.08974e+02 (-1.08965e+02), Variance: 9.67615e-01 (1.44774e+00), Accept ratio: 0.47129, 
INFO:root:Epoch  1866, Energy: -1.08992e+02 (-1.09007e+02), Variance: 9.65354e-01 (1.69448e+00), Accept ratio: 0.46791, 
INFO:root:Epoch  1867, Energy: -1.08968e+02 (-1.08963e+02), Variance: 9.21801e-01 (1.33388e+00), Accept ratio: 0.47025, 
INFO:root:Epoch  1868, Energy: -1.08967e+02 (-1.08968e+02), Variance: 1.02254e+00 (1.18735e+00), Accept ratio: 0.47537, 
INFO:root:Epoch  1869, Energy: -1.08957e+02 (-1.08929e+02), Variance: 8.77076e-01 (1.46764e+00), Accept ratio: 0.47510, 
INFO:root:Epoch  1870, Energy: -1.08991e+02 (-1.08974e+02), Variance: 1.03313e+00 (1.91357e+00), Accept ratio: 0.47233, 
INFO:root:Epoch  1871, Energy: -1.08956e+02 (-1.08949e+02), Variance: 9.41367e-01 (1.09214e+00), Accept ratio: 0.46469, 
INFO:root:Epoch  1872, Energy: -1.08977e+02 (-1.08952e+02), Variance: 9.80481e-01 (1.85743e+00), Accept ratio: 0.46714, 
INFO:root:Epoch  1873, Energy: -1.08983e+02 (-1.08958e+02), Variance: 9.50431e-01 (1.51956e+00), Accept ratio: 0.47105, 
INFO:root:Epoch  1874, Energy: -1.08943e+02 (-1.08931e+02), Variance: 1.07764e+00 (1.69678e+00), Accept ratio: 0.47118, 
INFO:root:Epoch  1875, Energy: -1.08957e+02 (-1.08937e+02), Variance: 1.11508e+00 (1.71620e+00), Accept ratio: 0.46997, 
INFO:root:Epoch  1876, Energy: -1.08978e+02 (-1.08968e+02), Variance: 1.02519e+00 (1.19414e+00), Accept ratio: 0.46728, 
INFO:root:Epoch  1877, Energy: -1.08935e+02 (-1.08945e+02), Variance: 8.58656e-01 (1.32250e+00), Accept ratio: 0.46960, 
INFO:root:Epoch  1878, Energy: -1.08994e+02 (-1.08989e+02), Variance: 9.20782e-01 (1.15884e+00), Accept ratio: 0.47021, 
INFO:root:Epoch  1879, Energy: -1.09031e+02 (-1.09015e+02), Variance: 9.47734e-01 (1.28993e+00), Accept ratio: 0.46786, 
INFO:root:Epoch  1880, Energy: -1.08988e+02 (-1.08989e+02), Variance: 1.04189e+00 (1.54484e+00), Accept ratio: 0.46907, 
INFO:root:Epoch  1881, Energy: -1.09010e+02 (-1.09039e+02), Variance: 1.09143e+00 (1.70354e+00), Accept ratio: 0.46672, 
INFO:root:Epoch  1882, Energy: -1.09034e+02 (-1.09040e+02), Variance: 8.81986e-01 (1.30181e+00), Accept ratio: 0.46759, 
INFO:root:Epoch  1883, Energy: -1.08977e+02 (-1.08914e+02), Variance: 9.27712e-01 (2.59816e+00), Accept ratio: 0.46214, 
INFO:root:Epoch  1884, Energy: -1.08962e+02 (-1.08960e+02), Variance: 9.40880e-01 (1.39560e+00), Accept ratio: 0.46600, 
INFO:root:Epoch  1885, Energy: -1.08963e+02 (-1.08908e+02), Variance: 1.13641e+00 (2.69239e+00), Accept ratio: 0.46324, 
INFO:root:Epoch  1886, Energy: -1.08988e+02 (-1.08971e+02), Variance: 9.91913e-01 (1.55039e+00), Accept ratio: 0.47636, 
INFO:root:Epoch  1887, Energy: -1.08935e+02 (-1.08922e+02), Variance: 1.00910e+00 (1.59469e+00), Accept ratio: 0.46951, 
INFO:root:Epoch  1888, Energy: -1.08948e+02 (-1.08951e+02), Variance: 9.93820e-01 (1.51826e+00), Accept ratio: 0.47374, 
INFO:root:Epoch  1889, Energy: -1.08960e+02 (-1.08923e+02), Variance: 9.36386e-01 (1.76847e+00), Accept ratio: 0.46763, 
INFO:root:Epoch  1890, Energy: -1.08928e+02 (-1.08924e+02), Variance: 8.42849e-01 (9.45339e-01), Accept ratio: 0.47317, 
INFO:root:Epoch  1891, Energy: -1.08949e+02 (-1.08951e+02), Variance: 1.20280e+00 (2.92778e+00), Accept ratio: 0.47107, 
INFO:root:Epoch  1892, Energy: -1.08925e+02 (-1.08921e+02), Variance: 1.02509e+00 (1.33486e+00), Accept ratio: 0.46919, 
INFO:root:Epoch  1893, Energy: -1.08970e+02 (-1.08977e+02), Variance: 1.04333e+00 (1.36487e+00), Accept ratio: 0.46946, 
INFO:root:Epoch  1894, Energy: -1.08996e+02 (-1.08993e+02), Variance: 9.48164e-01 (1.01275e+00), Accept ratio: 0.46605, 
INFO:root:Epoch  1895, Energy: -1.08988e+02 (-1.08980e+02), Variance: 1.01793e+00 (1.41254e+00), Accept ratio: 0.47327, 
INFO:root:Epoch  1896, Energy: -1.09032e+02 (-1.09034e+02), Variance: 1.02473e+00 (1.08986e+00), Accept ratio: 0.46880, 
INFO:root:Epoch  1897, Energy: -1.09004e+02 (-1.09001e+02), Variance: 9.19383e-01 (1.09004e+00), Accept ratio: 0.46855, 
INFO:root:Epoch  1898, Energy: -1.08965e+02 (-1.09030e+02), Variance: 9.17579e-01 (6.98663e+00), Accept ratio: 0.47433, 
INFO:root:Epoch  1899, Energy: -1.09000e+02 (-1.09005e+02), Variance: 8.86723e-01 (1.47893e+00), Accept ratio: 0.46276, 
INFO:root:Epoch  1900, Energy: -1.08970e+02 (-1.08942e+02), Variance: 8.97502e-01 (1.56467e+00), Accept ratio: 0.46658, , best weights saved
INFO:root:Epoch  1901, Energy: -1.08958e+02 (-1.08960e+02), Variance: 1.01907e+00 (1.44650e+00), Accept ratio: 0.46996, 
INFO:root:Epoch  1902, Energy: -1.08943e+02 (-1.08908e+02), Variance: 1.11128e+00 (1.98119e+00), Accept ratio: 0.46468, 
INFO:root:Epoch  1903, Energy: -1.08935e+02 (-1.08943e+02), Variance: 9.87346e-01 (1.62255e+00), Accept ratio: 0.46795, 
INFO:root:Epoch  1904, Energy: -1.08975e+02 (-1.08979e+02), Variance: 9.58274e-01 (1.17551e+00), Accept ratio: 0.47052, 
INFO:root:Epoch  1905, Energy: -1.08939e+02 (-1.08946e+02), Variance: 9.35728e-01 (1.33135e+00), Accept ratio: 0.47195, 
INFO:root:Epoch  1906, Energy: -1.08941e+02 (-1.08948e+02), Variance: 9.13432e-01 (1.03050e+00), Accept ratio: 0.47269, 
INFO:root:Epoch  1907, Energy: -1.08937e+02 (-1.08934e+02), Variance: 9.93741e-01 (1.24913e+00), Accept ratio: 0.47231, 
INFO:root:Epoch  1908, Energy: -1.08984e+02 (-1.08981e+02), Variance: 1.00352e+00 (1.38346e+00), Accept ratio: 0.46803, 
INFO:root:Epoch  1909, Energy: -1.08985e+02 (-1.08991e+02), Variance: 1.08090e+00 (1.19089e+00), Accept ratio: 0.47210, 
INFO:root:Epoch  1910, Energy: -1.08964e+02 (-1.08993e+02), Variance: 1.04319e+00 (1.57694e+00), Accept ratio: 0.45852, 
INFO:root:Epoch  1911, Energy: -1.08960e+02 (-1.08953e+02), Variance: 9.78714e-01 (1.17793e+00), Accept ratio: 0.46302, 
INFO:root:Epoch  1912, Energy: -1.08951e+02 (-1.08959e+02), Variance: 9.19185e-01 (1.40636e+00), Accept ratio: 0.46729, 
INFO:root:Epoch  1913, Energy: -1.08993e+02 (-1.08996e+02), Variance: 8.42709e-01 (9.20316e-01), Accept ratio: 0.47531, 
INFO:root:Epoch  1914, Energy: -1.08949e+02 (-1.08950e+02), Variance: 9.03002e-01 (1.56375e+00), Accept ratio: 0.47954, 
INFO:root:Epoch  1915, Energy: -1.08982e+02 (-1.08981e+02), Variance: 8.44741e-01 (1.11398e+00), Accept ratio: 0.47447, 
INFO:root:Epoch  1916, Energy: -1.09018e+02 (-1.09024e+02), Variance: 1.05636e+00 (1.50205e+00), Accept ratio: 0.46898, 
INFO:root:Epoch  1917, Energy: -1.08998e+02 (-1.08994e+02), Variance: 9.07194e-01 (1.12196e+00), Accept ratio: 0.47356, 
INFO:root:Epoch  1918, Energy: -1.09002e+02 (-1.09022e+02), Variance: 8.96678e-01 (1.26223e+00), Accept ratio: 0.46993, 
INFO:root:Epoch  1919, Energy: -1.09009e+02 (-1.08975e+02), Variance: 1.06141e+00 (2.03560e+00), Accept ratio: 0.46753, 
INFO:root:Epoch  1920, Energy: -1.09035e+02 (-1.09042e+02), Variance: 1.12830e+00 (1.50696e+00), Accept ratio: 0.46408, 
INFO:root:Epoch  1921, Energy: -1.08979e+02 (-1.08965e+02), Variance: 8.55390e-01 (1.09969e+00), Accept ratio: 0.47622, 
INFO:root:Epoch  1922, Energy: -1.08964e+02 (-1.08951e+02), Variance: 9.85961e-01 (1.28925e+00), Accept ratio: 0.46895, 
INFO:root:Epoch  1923, Energy: -1.08936e+02 (-1.08917e+02), Variance: 8.89748e-01 (1.41781e+00), Accept ratio: 0.47337, 
INFO:root:Epoch  1924, Energy: -1.08946e+02 (-1.08939e+02), Variance: 1.04075e+00 (1.49124e+00), Accept ratio: 0.47163, 
INFO:root:Epoch  1925, Energy: -1.08983e+02 (-1.08994e+02), Variance: 9.06386e-01 (1.79564e+00), Accept ratio: 0.46500, 
INFO:root:Epoch  1926, Energy: -1.08985e+02 (-1.09019e+02), Variance: 9.49297e-01 (2.65682e+00), Accept ratio: 0.47004, 
INFO:root:Epoch  1927, Energy: -1.09018e+02 (-1.09019e+02), Variance: 9.42861e-01 (1.14758e+00), Accept ratio: 0.47112, 
INFO:root:Epoch  1928, Energy: -1.09027e+02 (-1.09019e+02), Variance: 9.03520e-01 (1.80877e+00), Accept ratio: 0.46755, 
INFO:root:Epoch  1929, Energy: -1.09009e+02 (-1.09019e+02), Variance: 9.94094e-01 (1.30393e+00), Accept ratio: 0.47237, 
INFO:root:Epoch  1930, Energy: -1.08989e+02 (-1.08992e+02), Variance: 9.07461e-01 (1.05801e+00), Accept ratio: 0.46911, 
INFO:root:Epoch  1931, Energy: -1.09002e+02 (-1.08994e+02), Variance: 9.08649e-01 (1.18039e+00), Accept ratio: 0.47419, 
INFO:root:Epoch  1932, Energy: -1.08972e+02 (-1.08996e+02), Variance: 9.22765e-01 (1.32344e+00), Accept ratio: 0.47135, 
INFO:root:Epoch  1933, Energy: -1.08956e+02 (-1.08960e+02), Variance: 9.16885e-01 (1.10919e+00), Accept ratio: 0.47236, 
INFO:root:Epoch  1934, Energy: -1.08970e+02 (-1.08987e+02), Variance: 1.08207e+00 (2.06470e+00), Accept ratio: 0.46650, 
INFO:root:Epoch  1935, Energy: -1.08913e+02 (-1.08927e+02), Variance: 9.27348e-01 (1.39272e+00), Accept ratio: 0.46647, 
INFO:root:Epoch  1936, Energy: -1.08978e+02 (-1.08982e+02), Variance: 8.77503e-01 (9.18735e-01), Accept ratio: 0.47551, 
INFO:root:Epoch  1937, Energy: -1.08977e+02 (-1.08999e+02), Variance: 8.86552e-01 (1.39717e+00), Accept ratio: 0.47140, 
INFO:root:Epoch  1938, Energy: -1.08993e+02 (-1.08971e+02), Variance: 9.33444e-01 (1.47350e+00), Accept ratio: 0.46598, 
INFO:root:Epoch  1939, Energy: -1.08937e+02 (-1.08931e+02), Variance: 1.06999e+00 (1.44702e+00), Accept ratio: 0.46919, 
INFO:root:Epoch  1940, Energy: -1.08926e+02 (-1.08884e+02), Variance: 1.08416e+00 (2.13270e+00), Accept ratio: 0.46506, 
INFO:root:Epoch  1941, Energy: -1.08968e+02 (-1.08950e+02), Variance: 9.02816e-01 (1.56728e+00), Accept ratio: 0.47005, 
INFO:root:Epoch  1942, Energy: -1.08952e+02 (-1.08962e+02), Variance: 8.85118e-01 (1.64631e+00), Accept ratio: 0.47245, 
INFO:root:Epoch  1943, Energy: -1.08933e+02 (-1.08921e+02), Variance: 8.56166e-01 (1.01594e+00), Accept ratio: 0.47329, 
INFO:root:Epoch  1944, Energy: -1.08944e+02 (-1.08945e+02), Variance: 8.57920e-01 (9.59942e-01), Accept ratio: 0.47136, 
INFO:root:Epoch  1945, Energy: -1.08955e+02 (-1.08973e+02), Variance: 8.35013e-01 (1.26645e+00), Accept ratio: 0.47338, 
INFO:root:Epoch  1946, Energy: -1.08936e+02 (-1.08942e+02), Variance: 8.89360e-01 (1.00463e+00), Accept ratio: 0.47269, 
INFO:root:Epoch  1947, Energy: -1.08982e+02 (-1.08973e+02), Variance: 9.32324e-01 (1.50233e+00), Accept ratio: 0.47699, 
INFO:root:Epoch  1948, Energy: -1.08965e+02 (-1.08977e+02), Variance: 9.29057e-01 (1.46758e+00), Accept ratio: 0.47558, 
INFO:root:Epoch  1949, Energy: -1.08940e+02 (-1.08941e+02), Variance: 8.01628e-01 (1.79572e+00), Accept ratio: 0.47494, 
INFO:root:Epoch  1950, Energy: -1.08937e+02 (-1.08922e+02), Variance: 8.61532e-01 (1.05336e+00), Accept ratio: 0.46926, 
INFO:root:Epoch  1951, Energy: -1.08946e+02 (-1.08933e+02), Variance: 8.76609e-01 (1.68922e+00), Accept ratio: 0.47074, 
INFO:root:Epoch  1952, Energy: -1.08985e+02 (-1.08978e+02), Variance: 9.05090e-01 (1.07539e+00), Accept ratio: 0.46295, 
INFO:root:Epoch  1953, Energy: -1.08994e+02 (-1.08976e+02), Variance: 9.36430e-01 (2.11189e+00), Accept ratio: 0.47209, 
INFO:root:Epoch  1954, Energy: -1.08992e+02 (-1.09020e+02), Variance: 8.40410e-01 (1.37055e+00), Accept ratio: 0.46785, 
INFO:root:Epoch  1955, Energy: -1.08980e+02 (-1.08970e+02), Variance: 9.29666e-01 (1.18100e+00), Accept ratio: 0.46526, 
INFO:root:Epoch  1956, Energy: -1.08958e+02 (-1.08951e+02), Variance: 1.03858e+00 (1.34026e+00), Accept ratio: 0.46832, 
INFO:root:Epoch  1957, Energy: -1.08966e+02 (-1.08976e+02), Variance: 9.18711e-01 (1.16593e+00), Accept ratio: 0.48062, 
INFO:root:Epoch  1958, Energy: -1.08963e+02 (-1.08941e+02), Variance: 9.39231e-01 (1.41002e+00), Accept ratio: 0.46770, 
INFO:root:Epoch  1959, Energy: -1.08966e+02 (-1.08950e+02), Variance: 9.52564e-01 (1.40778e+00), Accept ratio: 0.46870, 
INFO:root:Epoch  1960, Energy: -1.09017e+02 (-1.09012e+02), Variance: 8.97523e-01 (9.88603e-01), Accept ratio: 0.46612, 
INFO:root:Epoch  1961, Energy: -1.08986e+02 (-1.09018e+02), Variance: 9.39637e-01 (1.75119e+00), Accept ratio: 0.46924, 
INFO:root:Epoch  1962, Energy: -1.08907e+02 (-1.08893e+02), Variance: 9.52419e-01 (1.31904e+00), Accept ratio: 0.46375, 
INFO:root:Epoch  1963, Energy: -1.08940e+02 (-1.08915e+02), Variance: 1.06428e+00 (1.68252e+00), Accept ratio: 0.46414, 
INFO:root:Epoch  1964, Energy: -1.08993e+02 (-1.08968e+02), Variance: 9.73577e-01 (1.64637e+00), Accept ratio: 0.46753, 
INFO:root:Epoch  1965, Energy: -1.08972e+02 (-1.08970e+02), Variance: 9.17106e-01 (1.08689e+00), Accept ratio: 0.47152, 
INFO:root:Epoch  1966, Energy: -1.08953e+02 (-1.08940e+02), Variance: 9.39544e-01 (1.46415e+00), Accept ratio: 0.47181, 
INFO:root:Epoch  1967, Energy: -1.08959e+02 (-1.08983e+02), Variance: 8.69034e-01 (2.15330e+00), Accept ratio: 0.47238, 
INFO:root:Epoch  1968, Energy: -1.08976e+02 (-1.08961e+02), Variance: 9.69581e-01 (1.47084e+00), Accept ratio: 0.47872, 
INFO:root:Epoch  1969, Energy: -1.09006e+02 (-1.09010e+02), Variance: 1.00138e+00 (1.21669e+00), Accept ratio: 0.46787, 
INFO:root:Epoch  1970, Energy: -1.08954e+02 (-1.08940e+02), Variance: 8.60475e-01 (1.15281e+00), Accept ratio: 0.46719, 
INFO:root:Epoch  1971, Energy: -1.08948e+02 (-1.08933e+02), Variance: 8.85797e-01 (1.26471e+00), Accept ratio: 0.47108, 
INFO:root:Epoch  1972, Energy: -1.08982e+02 (-1.08981e+02), Variance: 9.27233e-01 (1.17593e+00), Accept ratio: 0.47144, 
INFO:root:Epoch  1973, Energy: -1.08998e+02 (-1.09001e+02), Variance: 9.03596e-01 (9.49891e-01), Accept ratio: 0.47140, 
INFO:root:Epoch  1974, Energy: -1.09036e+02 (-1.09034e+02), Variance: 9.32624e-01 (1.37153e+00), Accept ratio: 0.46951, 
INFO:root:Epoch  1975, Energy: -1.09009e+02 (-1.08995e+02), Variance: 9.67888e-01 (1.56528e+00), Accept ratio: 0.47477, 
INFO:root:Epoch  1976, Energy: -1.08964e+02 (-1.08958e+02), Variance: 9.17899e-01 (1.11479e+00), Accept ratio: 0.47127, 
INFO:root:Epoch  1977, Energy: -1.08966e+02 (-1.08942e+02), Variance: 9.70618e-01 (1.76061e+00), Accept ratio: 0.46138, 
INFO:root:Epoch  1978, Energy: -1.08941e+02 (-1.08921e+02), Variance: 8.91900e-01 (1.45513e+00), Accept ratio: 0.47068, 
INFO:root:Epoch  1979, Energy: -1.08958e+02 (-1.08983e+02), Variance: 8.44266e-01 (2.13723e+00), Accept ratio: 0.47019, 
INFO:root:Epoch  1980, Energy: -1.08974e+02 (-1.08989e+02), Variance: 8.62759e-01 (1.51667e+00), Accept ratio: 0.46525, 
INFO:root:Epoch  1981, Energy: -1.08923e+02 (-1.08904e+02), Variance: 7.67029e-01 (1.40746e+00), Accept ratio: 0.47406, 
INFO:root:Epoch  1982, Energy: -1.08940e+02 (-1.08934e+02), Variance: 8.35065e-01 (9.16700e-01), Accept ratio: 0.46949, 
INFO:root:Epoch  1983, Energy: -1.08911e+02 (-1.08892e+02), Variance: 1.02685e+00 (1.85350e+00), Accept ratio: 0.46307, 
INFO:root:Epoch  1984, Energy: -1.08855e+02 (-1.08843e+02), Variance: 9.02370e-01 (1.12181e+00), Accept ratio: 0.46827, 
INFO:root:Epoch  1985, Energy: -1.08947e+02 (-1.08953e+02), Variance: 8.58366e-01 (1.00106e+00), Accept ratio: 0.47260, 
INFO:root:Epoch  1986, Energy: -1.08978e+02 (-1.08992e+02), Variance: 9.39446e-01 (1.09378e+00), Accept ratio: 0.46191, 
INFO:root:Epoch  1987, Energy: -1.08992e+02 (-1.09044e+02), Variance: 1.00959e+00 (3.57068e+00), Accept ratio: 0.47033, 
INFO:root:Epoch  1988, Energy: -1.08953e+02 (-1.08948e+02), Variance: 1.01700e+00 (1.17284e+00), Accept ratio: 0.47627, 
INFO:root:Epoch  1989, Energy: -1.08946e+02 (-1.08949e+02), Variance: 8.52540e-01 (1.04009e+00), Accept ratio: 0.47163, 
INFO:root:Epoch  1990, Energy: -1.08937e+02 (-1.08927e+02), Variance: 1.01014e+00 (1.24175e+00), Accept ratio: 0.47110, 
INFO:root:Epoch  1991, Energy: -1.09022e+02 (-1.09050e+02), Variance: 9.99155e-01 (2.07294e+00), Accept ratio: 0.46396, 
INFO:root:Epoch  1992, Energy: -1.08999e+02 (-1.08991e+02), Variance: 9.80713e-01 (1.17798e+00), Accept ratio: 0.46946, 
INFO:root:Epoch  1993, Energy: -1.09015e+02 (-1.09009e+02), Variance: 9.86569e-01 (1.23035e+00), Accept ratio: 0.47894, 
INFO:root:Epoch  1994, Energy: -1.08940e+02 (-1.08936e+02), Variance: 8.50792e-01 (1.09079e+00), Accept ratio: 0.47251, 
INFO:root:Epoch  1995, Energy: -1.08960e+02 (-1.08951e+02), Variance: 9.06120e-01 (9.93553e-01), Accept ratio: 0.46965, 
INFO:root:Epoch  1996, Energy: -1.08976e+02 (-1.09120e+02), Variance: 1.10090e+00 (2.21148e+01), Accept ratio: 0.46856, 
INFO:root:Epoch  1997, Energy: -1.09014e+02 (-1.09028e+02), Variance: 9.57090e-01 (1.47106e+00), Accept ratio: 0.46943, 
INFO:root:Epoch  1998, Energy: -1.08961e+02 (-1.08958e+02), Variance: 9.12664e-01 (1.11705e+00), Accept ratio: 0.46747, 
INFO:root:Epoch  1999, Energy: -1.08998e+02 (-1.08976e+02), Variance: 9.33612e-01 (1.88203e+00), Accept ratio: 0.46943, 
INFO:root:Epoch  2000, Energy: -1.08954e+02 (-1.08946e+02), Variance: 1.00447e+00 (1.66270e+00), Accept ratio: 0.47001, , best weights saved
INFO:root:Epoch  2001, Energy: -1.08958e+02 (-1.08953e+02), Variance: 1.00278e+00 (1.41575e+00), Accept ratio: 0.47234, 
INFO:root:Epoch  2002, Energy: -1.08987e+02 (-1.08980e+02), Variance: 8.96964e-01 (1.34500e+00), Accept ratio: 0.46835, 
INFO:root:Epoch  2003, Energy: -1.09005e+02 (-1.09055e+02), Variance: 9.53608e-01 (3.46641e+00), Accept ratio: 0.47289, 
INFO:root:Epoch  2004, Energy: -1.08960e+02 (-1.08964e+02), Variance: 9.65996e-01 (1.05971e+00), Accept ratio: 0.47081, 
INFO:root:Epoch  2005, Energy: -1.08944e+02 (-1.08931e+02), Variance: 9.39766e-01 (1.40402e+00), Accept ratio: 0.47338, 
INFO:root:Epoch  2006, Energy: -1.08960e+02 (-1.08966e+02), Variance: 9.38286e-01 (1.15975e+00), Accept ratio: 0.46551, 
INFO:root:Epoch  2007, Energy: -1.08991e+02 (-1.08978e+02), Variance: 9.55938e-01 (1.29670e+00), Accept ratio: 0.46762, 
INFO:root:Epoch  2008, Energy: -1.08990e+02 (-1.08990e+02), Variance: 1.01497e+00 (1.30969e+00), Accept ratio: 0.47251, 
INFO:root:Epoch  2009, Energy: -1.09012e+02 (-1.09000e+02), Variance: 8.33979e-01 (1.06291e+00), Accept ratio: 0.47161, 
INFO:root:Epoch  2010, Energy: -1.08966e+02 (-1.08952e+02), Variance: 9.35277e-01 (1.49346e+00), Accept ratio: 0.46463, 
INFO:root:Epoch  2011, Energy: -1.09016e+02 (-1.09028e+02), Variance: 8.84193e-01 (1.02698e+00), Accept ratio: 0.47242, 
INFO:root:Epoch  2012, Energy: -1.08954e+02 (-1.08956e+02), Variance: 9.58299e-01 (1.21913e+00), Accept ratio: 0.46990, 
INFO:root:Epoch  2013, Energy: -1.08960e+02 (-1.08940e+02), Variance: 9.41370e-01 (1.29237e+00), Accept ratio: 0.47208, 
INFO:root:Epoch  2014, Energy: -1.08982e+02 (-1.08993e+02), Variance: 9.54808e-01 (2.10563e+00), Accept ratio: 0.47107, 
INFO:root:Epoch  2015, Energy: -1.08964e+02 (-1.08964e+02), Variance: 9.86645e-01 (1.48966e+00), Accept ratio: 0.46832, 
INFO:root:Epoch  2016, Energy: -1.08964e+02 (-1.08959e+02), Variance: 8.43183e-01 (1.10233e+00), Accept ratio: 0.47411, 
INFO:root:Epoch  2017, Energy: -1.08977e+02 (-1.09006e+02), Variance: 8.96513e-01 (2.12578e+00), Accept ratio: 0.47260, 
INFO:root:Epoch  2018, Energy: -1.09012e+02 (-1.09018e+02), Variance: 9.98772e-01 (1.33072e+00), Accept ratio: 0.46878, 
INFO:root:Epoch  2019, Energy: -1.09021e+02 (-1.09020e+02), Variance: 9.57389e-01 (1.08433e+00), Accept ratio: 0.46973, 
INFO:root:Epoch  2020, Energy: -1.09034e+02 (-1.09054e+02), Variance: 1.12000e+00 (1.72426e+00), Accept ratio: 0.46986, 
INFO:root:Epoch  2021, Energy: -1.09080e+02 (-1.09083e+02), Variance: 9.23206e-01 (1.07285e+00), Accept ratio: 0.46659, 
INFO:root:Epoch  2022, Energy: -1.09009e+02 (-1.09003e+02), Variance: 9.35344e-01 (1.15710e+00), Accept ratio: 0.47190, 
INFO:root:Epoch  2023, Energy: -1.08959e+02 (-1.08969e+02), Variance: 9.79547e-01 (1.52205e+00), Accept ratio: 0.47481, 
INFO:root:Epoch  2024, Energy: -1.08921e+02 (-1.08919e+02), Variance: 1.08474e+00 (1.27306e+00), Accept ratio: 0.46690, 
INFO:root:Epoch  2025, Energy: -1.08980e+02 (-1.08971e+02), Variance: 8.74220e-01 (1.27768e+00), Accept ratio: 0.45667, 
INFO:root:Epoch  2026, Energy: -1.08906e+02 (-1.08870e+02), Variance: 9.26342e-01 (2.29439e+00), Accept ratio: 0.46643, 
INFO:root:Epoch  2027, Energy: -1.08981e+02 (-1.08972e+02), Variance: 9.13548e-01 (1.15912e+00), Accept ratio: 0.47444, 
INFO:root:Epoch  2028, Energy: -1.08994e+02 (-1.08996e+02), Variance: 9.83419e-01 (1.32858e+00), Accept ratio: 0.47383, 
INFO:root:Epoch  2029, Energy: -1.08941e+02 (-1.08953e+02), Variance: 1.02961e+00 (3.07228e+00), Accept ratio: 0.47231, 
INFO:root:Epoch  2030, Energy: -1.08982e+02 (-1.08984e+02), Variance: 9.17016e-01 (1.20159e+00), Accept ratio: 0.47038, 
INFO:root:Epoch  2031, Energy: -1.09010e+02 (-1.09046e+02), Variance: 1.07532e+00 (2.66891e+00), Accept ratio: 0.46824, 
INFO:root:Epoch  2032, Energy: -1.09013e+02 (-1.09037e+02), Variance: 1.02062e+00 (1.42997e+00), Accept ratio: 0.46796, 
INFO:root:Epoch  2033, Energy: -1.08952e+02 (-1.08952e+02), Variance: 8.70845e-01 (1.07255e+00), Accept ratio: 0.46692, 
INFO:root:Epoch  2034, Energy: -1.08964e+02 (-1.08961e+02), Variance: 9.02279e-01 (9.84296e-01), Accept ratio: 0.46928, 
INFO:root:Epoch  2035, Energy: -1.09001e+02 (-1.08998e+02), Variance: 8.93020e-01 (1.08215e+00), Accept ratio: 0.47208, 
INFO:root:Epoch  2036, Energy: -1.09012e+02 (-1.09023e+02), Variance: 9.34319e-01 (1.31914e+00), Accept ratio: 0.47074, 
INFO:root:Epoch  2037, Energy: -1.08982e+02 (-1.09000e+02), Variance: 9.61393e-01 (1.34499e+00), Accept ratio: 0.46986, 
INFO:root:Epoch  2038, Energy: -1.08985e+02 (-1.09001e+02), Variance: 9.23410e-01 (1.23427e+00), Accept ratio: 0.46409, 
INFO:root:Epoch  2039, Energy: -1.08967e+02 (-1.08989e+02), Variance: 9.36547e-01 (1.90745e+00), Accept ratio: 0.46666, 
INFO:root:Epoch  2040, Energy: -1.08985e+02 (-1.08976e+02), Variance: 8.37500e-01 (1.18298e+00), Accept ratio: 0.47751, 
INFO:root:Epoch  2041, Energy: -1.08980e+02 (-1.08983e+02), Variance: 9.26445e-01 (1.38665e+00), Accept ratio: 0.46946, 
INFO:root:Epoch  2042, Energy: -1.08967e+02 (-1.08965e+02), Variance: 9.00948e-01 (1.24030e+00), Accept ratio: 0.47545, 
INFO:root:Epoch  2043, Energy: -1.08934e+02 (-1.08927e+02), Variance: 9.96430e-01 (1.08096e+00), Accept ratio: 0.46946, 
INFO:root:Epoch  2044, Energy: -1.08960e+02 (-1.08955e+02), Variance: 9.34300e-01 (1.28990e+00), Accept ratio: 0.46666, 
INFO:root:Epoch  2045, Energy: -1.08968e+02 (-1.08980e+02), Variance: 8.84407e-01 (1.21001e+00), Accept ratio: 0.46824, 
INFO:root:Epoch  2046, Energy: -1.08931e+02 (-1.08922e+02), Variance: 8.99433e-01 (1.15700e+00), Accept ratio: 0.47622, 
INFO:root:Epoch  2047, Energy: -1.08975e+02 (-1.08966e+02), Variance: 9.47287e-01 (1.43745e+00), Accept ratio: 0.46777, 
INFO:root:Epoch  2048, Energy: -1.08968e+02 (-1.08983e+02), Variance: 9.12358e-01 (1.26613e+00), Accept ratio: 0.46733, 
INFO:root:Epoch  2049, Energy: -1.08965e+02 (-1.08933e+02), Variance: 9.14666e-01 (2.72978e+00), Accept ratio: 0.47274, 
INFO:root:Epoch  2050, Energy: -1.08940e+02 (-1.08937e+02), Variance: 8.61779e-01 (1.16899e+00), Accept ratio: 0.47014, 
INFO:root:Epoch  2051, Energy: -1.08938e+02 (-1.08968e+02), Variance: 8.67061e-01 (1.54329e+00), Accept ratio: 0.46833, 
INFO:root:Epoch  2052, Energy: -1.08924e+02 (-1.08922e+02), Variance: 8.85672e-01 (1.05764e+00), Accept ratio: 0.46699, 
INFO:root:Epoch  2053, Energy: -1.08980e+02 (-1.08977e+02), Variance: 1.00237e+00 (1.36457e+00), Accept ratio: 0.46379, 
INFO:root:Epoch  2054, Energy: -1.09010e+02 (-1.08984e+02), Variance: 9.36601e-01 (1.69526e+00), Accept ratio: 0.46537, 
INFO:root:Epoch  2055, Energy: -1.08991e+02 (-1.08942e+02), Variance: 1.01084e+00 (3.57181e+00), Accept ratio: 0.47339, 
INFO:root:Epoch  2056, Energy: -1.08963e+02 (-1.09002e+02), Variance: 9.18452e-01 (3.46562e+00), Accept ratio: 0.46804, 
INFO:root:Epoch  2057, Energy: -1.08950e+02 (-1.08906e+02), Variance: 9.85996e-01 (2.09420e+00), Accept ratio: 0.46596, 
INFO:root:Epoch  2058, Energy: -1.08973e+02 (-1.08943e+02), Variance: 8.95391e-01 (1.85441e+00), Accept ratio: 0.46844, 
INFO:root:Epoch  2059, Energy: -1.08984e+02 (-1.08960e+02), Variance: 9.20565e-01 (1.18792e+00), Accept ratio: 0.46023, 
INFO:root:Epoch  2060, Energy: -1.09005e+02 (-1.08990e+02), Variance: 8.62738e-01 (1.91056e+00), Accept ratio: 0.47179, 
INFO:root:Epoch  2061, Energy: -1.08986e+02 (-1.09021e+02), Variance: 9.48837e-01 (2.58660e+00), Accept ratio: 0.47017, 
INFO:root:Epoch  2062, Energy: -1.08992e+02 (-1.09009e+02), Variance: 9.36698e-01 (2.07112e+00), Accept ratio: 0.46421, 
INFO:root:Epoch  2063, Energy: -1.08987e+02 (-1.08993e+02), Variance: 7.65054e-01 (1.01307e+00), Accept ratio: 0.46734, 
INFO:root:Epoch  2064, Energy: -1.09016e+02 (-1.09010e+02), Variance: 1.03413e+00 (1.24265e+00), Accept ratio: 0.46689, 
INFO:root:Epoch  2065, Energy: -1.08995e+02 (-1.09005e+02), Variance: 9.42704e-01 (1.15885e+00), Accept ratio: 0.47057, 
INFO:root:Epoch  2066, Energy: -1.08981e+02 (-1.08982e+02), Variance: 9.33722e-01 (1.11838e+00), Accept ratio: 0.46643, 
INFO:root:Epoch  2067, Energy: -1.08972e+02 (-1.08975e+02), Variance: 8.42463e-01 (9.40946e-01), Accept ratio: 0.46751, 
INFO:root:Epoch  2068, Energy: -1.09027e+02 (-1.09021e+02), Variance: 8.83184e-01 (1.10943e+00), Accept ratio: 0.47016, 
INFO:root:Epoch  2069, Energy: -1.08997e+02 (-1.08993e+02), Variance: 9.20281e-01 (1.14763e+00), Accept ratio: 0.47110, 
INFO:root:Epoch  2070, Energy: -1.09007e+02 (-1.09018e+02), Variance: 8.68621e-01 (1.59115e+00), Accept ratio: 0.46816, 
INFO:root:Epoch  2071, Energy: -1.08956e+02 (-1.08972e+02), Variance: 8.82696e-01 (1.38506e+00), Accept ratio: 0.47186, 
INFO:root:Epoch  2072, Energy: -1.09011e+02 (-1.09020e+02), Variance: 1.00971e+00 (1.18062e+00), Accept ratio: 0.47665, 
INFO:root:Epoch  2073, Energy: -1.08955e+02 (-1.08929e+02), Variance: 8.92995e-01 (1.34143e+00), Accept ratio: 0.46790, 
INFO:root:Epoch  2074, Energy: -1.08998e+02 (-1.09006e+02), Variance: 9.72820e-01 (1.24615e+00), Accept ratio: 0.46896, 
INFO:root:Epoch  2075, Energy: -1.08918e+02 (-1.08906e+02), Variance: 8.65311e-01 (1.00026e+00), Accept ratio: 0.47501, 
INFO:root:Epoch  2076, Energy: -1.08921e+02 (-1.08930e+02), Variance: 9.84071e-01 (2.04341e+00), Accept ratio: 0.47610, 
INFO:root:Epoch  2077, Energy: -1.09014e+02 (-1.09008e+02), Variance: 9.25604e-01 (1.23413e+00), Accept ratio: 0.47492, 
INFO:root:Epoch  2078, Energy: -1.08966e+02 (-1.08963e+02), Variance: 9.24793e-01 (1.20620e+00), Accept ratio: 0.46875, 
INFO:root:Epoch  2079, Energy: -1.09005e+02 (-1.08987e+02), Variance: 9.33755e-01 (1.39023e+00), Accept ratio: 0.46682, 
INFO:root:Epoch  2080, Energy: -1.08908e+02 (-1.08917e+02), Variance: 9.76057e-01 (1.25187e+00), Accept ratio: 0.46831, 
INFO:root:Epoch  2081, Energy: -1.08998e+02 (-1.09006e+02), Variance: 8.11028e-01 (1.16450e+00), Accept ratio: 0.47041, 
INFO:root:Epoch  2082, Energy: -1.08952e+02 (-1.08953e+02), Variance: 9.13408e-01 (1.07070e+00), Accept ratio: 0.47072, 
INFO:root:Epoch  2083, Energy: -1.08991e+02 (-1.08996e+02), Variance: 9.28730e-01 (1.01995e+00), Accept ratio: 0.47280, 
INFO:root:Epoch  2084, Energy: -1.09012e+02 (-1.09014e+02), Variance: 9.36829e-01 (1.12641e+00), Accept ratio: 0.47474, 
INFO:root:Epoch  2085, Energy: -1.09015e+02 (-1.09022e+02), Variance: 8.57705e-01 (1.24292e+00), Accept ratio: 0.46987, 
INFO:root:Epoch  2086, Energy: -1.09010e+02 (-1.09008e+02), Variance: 8.64882e-01 (9.10445e-01), Accept ratio: 0.46830, 
INFO:root:Epoch  2087, Energy: -1.08993e+02 (-1.08987e+02), Variance: 8.61904e-01 (9.72543e-01), Accept ratio: 0.47032, 
INFO:root:Epoch  2088, Energy: -1.08987e+02 (-1.08986e+02), Variance: 8.93247e-01 (1.03587e+00), Accept ratio: 0.46906, 
INFO:root:Epoch  2089, Energy: -1.08970e+02 (-1.08982e+02), Variance: 9.11893e-01 (1.15301e+00), Accept ratio: 0.46958, 
INFO:root:Epoch  2090, Energy: -1.08943e+02 (-1.08907e+02), Variance: 8.39651e-01 (1.55237e+00), Accept ratio: 0.46795, 
INFO:root:Epoch  2091, Energy: -1.08964e+02 (-1.08958e+02), Variance: 9.18478e-01 (1.25935e+00), Accept ratio: 0.46852, 
INFO:root:Epoch  2092, Energy: -1.08942e+02 (-1.08935e+02), Variance: 8.73490e-01 (9.80320e-01), Accept ratio: 0.47835, 
INFO:root:Epoch  2093, Energy: -1.08931e+02 (-1.08907e+02), Variance: 8.46998e-01 (1.34446e+00), Accept ratio: 0.47284, 
INFO:root:Epoch  2094, Energy: -1.08987e+02 (-1.08952e+02), Variance: 9.14647e-01 (3.42734e+00), Accept ratio: 0.46882, 
INFO:root:Epoch  2095, Energy: -1.08931e+02 (-1.08874e+02), Variance: 8.69315e-01 (3.69573e+00), Accept ratio: 0.47327, 
INFO:root:Epoch  2096, Energy: -1.09014e+02 (-1.09007e+02), Variance: 9.36239e-01 (1.09518e+00), Accept ratio: 0.47760, 
INFO:root:Epoch  2097, Energy: -1.09000e+02 (-1.09025e+02), Variance: 8.47818e-01 (1.24888e+00), Accept ratio: 0.46195, 
INFO:root:Epoch  2098, Energy: -1.08998e+02 (-1.09006e+02), Variance: 9.63672e-01 (1.18842e+00), Accept ratio: 0.46945, 
INFO:root:Epoch  2099, Energy: -1.09003e+02 (-1.08990e+02), Variance: 8.65012e-01 (1.12168e+00), Accept ratio: 0.47439, 
INFO:root:Epoch  2100, Energy: -1.09020e+02 (-1.09030e+02), Variance: 9.38158e-01 (1.54331e+00), Accept ratio: 0.47245, , best weights saved
INFO:root:Epoch  2101, Energy: -1.09017e+02 (-1.09016e+02), Variance: 8.39787e-01 (9.22449e-01), Accept ratio: 0.46824, 
INFO:root:Epoch  2102, Energy: -1.08993e+02 (-1.09017e+02), Variance: 8.64720e-01 (1.46948e+00), Accept ratio: 0.46823, 
INFO:root:Epoch  2103, Energy: -1.08970e+02 (-1.08959e+02), Variance: 8.36119e-01 (9.75932e-01), Accept ratio: 0.46578, 
INFO:root:Epoch  2104, Energy: -1.08977e+02 (-1.08965e+02), Variance: 7.87123e-01 (9.46250e-01), Accept ratio: 0.46869, 
INFO:root:Epoch  2105, Energy: -1.08988e+02 (-1.08974e+02), Variance: 8.42484e-01 (1.27157e+00), Accept ratio: 0.46996, 
INFO:root:Epoch  2106, Energy: -1.09002e+02 (-1.09000e+02), Variance: 8.73834e-01 (1.04080e+00), Accept ratio: 0.47190, 
INFO:root:Epoch  2107, Energy: -1.09002e+02 (-1.08994e+02), Variance: 1.03826e+00 (1.55898e+00), Accept ratio: 0.46625, 
INFO:root:Epoch  2108, Energy: -1.09035e+02 (-1.09062e+02), Variance: 8.14855e-01 (1.22078e+00), Accept ratio: 0.46221, 
INFO:root:Epoch  2109, Energy: -1.08997e+02 (-1.08983e+02), Variance: 7.12121e-01 (1.16925e+00), Accept ratio: 0.46712, 
INFO:root:Epoch  2110, Energy: -1.08986e+02 (-1.08983e+02), Variance: 7.47653e-01 (9.96467e-01), Accept ratio: 0.46552, 
INFO:root:Epoch  2111, Energy: -1.08980e+02 (-1.08971e+02), Variance: 9.04394e-01 (1.33778e+00), Accept ratio: 0.47230, 
INFO:root:Epoch  2112, Energy: -1.08984e+02 (-1.08977e+02), Variance: 9.17336e-01 (9.93527e-01), Accept ratio: 0.46738, 
INFO:root:Epoch  2113, Energy: -1.08933e+02 (-1.08932e+02), Variance: 8.00382e-01 (9.05353e-01), Accept ratio: 0.46790, 
INFO:root:Epoch  2114, Energy: -1.08969e+02 (-1.08968e+02), Variance: 8.63477e-01 (1.06417e+00), Accept ratio: 0.47324, 
INFO:root:Epoch  2115, Energy: -1.08987e+02 (-1.08988e+02), Variance: 8.58409e-01 (1.05362e+00), Accept ratio: 0.46974, 
INFO:root:Epoch  2116, Energy: -1.09000e+02 (-1.08989e+02), Variance: 8.75906e-01 (1.51551e+00), Accept ratio: 0.46555, 
INFO:root:Epoch  2117, Energy: -1.08980e+02 (-1.08972e+02), Variance: 7.94529e-01 (9.42425e-01), Accept ratio: 0.47063, 
INFO:root:Epoch  2118, Energy: -1.08994e+02 (-1.09011e+02), Variance: 8.44263e-01 (1.28820e+00), Accept ratio: 0.46314, 
INFO:root:Epoch  2119, Energy: -1.09006e+02 (-1.08984e+02), Variance: 8.53191e-01 (1.23329e+00), Accept ratio: 0.47545, 
INFO:root:Epoch  2120, Energy: -1.09026e+02 (-1.09025e+02), Variance: 8.66857e-01 (1.06570e+00), Accept ratio: 0.47270, 
INFO:root:Epoch  2121, Energy: -1.09034e+02 (-1.09031e+02), Variance: 8.11346e-01 (9.49438e-01), Accept ratio: 0.46612, 
INFO:root:Epoch  2122, Energy: -1.09019e+02 (-1.09033e+02), Variance: 8.48464e-01 (1.04866e+00), Accept ratio: 0.47304, 
INFO:root:Epoch  2123, Energy: -1.09014e+02 (-1.09034e+02), Variance: 8.31661e-01 (1.13366e+00), Accept ratio: 0.47401, 
INFO:root:Epoch  2124, Energy: -1.09006e+02 (-1.09009e+02), Variance: 8.96459e-01 (1.28599e+00), Accept ratio: 0.47006, 
INFO:root:Epoch  2125, Energy: -1.09000e+02 (-1.08998e+02), Variance: 7.41739e-01 (8.19307e-01), Accept ratio: 0.46362, 
INFO:root:Epoch  2126, Energy: -1.08976e+02 (-1.08974e+02), Variance: 8.82540e-01 (1.30327e+00), Accept ratio: 0.46574, 
INFO:root:Epoch  2127, Energy: -1.08998e+02 (-1.08994e+02), Variance: 8.94595e-01 (1.04309e+00), Accept ratio: 0.46822, 
INFO:root:Epoch  2128, Energy: -1.09010e+02 (-1.08996e+02), Variance: 9.50821e-01 (1.52703e+00), Accept ratio: 0.46876, 
INFO:root:Epoch  2129, Energy: -1.08999e+02 (-1.08997e+02), Variance: 8.82086e-01 (1.13832e+00), Accept ratio: 0.46895, 
INFO:root:Epoch  2130, Energy: -1.08976e+02 (-1.09000e+02), Variance: 9.17096e-01 (1.40873e+00), Accept ratio: 0.47490, 
INFO:root:Epoch  2131, Energy: -1.08945e+02 (-1.08945e+02), Variance: 8.56571e-01 (1.36925e+00), Accept ratio: 0.46234, 
INFO:root:Epoch  2132, Energy: -1.08946e+02 (-1.08946e+02), Variance: 8.11348e-01 (9.58169e-01), Accept ratio: 0.47274, 
INFO:root:Epoch  2133, Energy: -1.09025e+02 (-1.09067e+02), Variance: 9.13670e-01 (2.00460e+00), Accept ratio: 0.46821, 
INFO:root:Epoch  2134, Energy: -1.08971e+02 (-1.08984e+02), Variance: 8.48388e-01 (1.21304e+00), Accept ratio: 0.46959, 
INFO:root:Epoch  2135, Energy: -1.08958e+02 (-1.08927e+02), Variance: 8.56012e-01 (1.44046e+00), Accept ratio: 0.47002, 
INFO:root:Epoch  2136, Energy: -1.08997e+02 (-1.09003e+02), Variance: 9.05053e-01 (1.22490e+00), Accept ratio: 0.47084, 
INFO:root:Epoch  2137, Energy: -1.08965e+02 (-1.08972e+02), Variance: 8.69504e-01 (1.07532e+00), Accept ratio: 0.46646, 
INFO:root:Epoch  2138, Energy: -1.09031e+02 (-1.09018e+02), Variance: 8.87390e-01 (1.51234e+00), Accept ratio: 0.46771, 
INFO:root:Epoch  2139, Energy: -1.08990e+02 (-1.08994e+02), Variance: 9.81919e-01 (1.40945e+00), Accept ratio: 0.46807, 
INFO:root:Epoch  2140, Energy: -1.09020e+02 (-1.09031e+02), Variance: 8.66432e-01 (1.06705e+00), Accept ratio: 0.46726, 
INFO:root:Epoch  2141, Energy: -1.08949e+02 (-1.08941e+02), Variance: 8.29547e-01 (1.00848e+00), Accept ratio: 0.47650, 
INFO:root:Epoch  2142, Energy: -1.08971e+02 (-1.08966e+02), Variance: 9.00544e-01 (1.11188e+00), Accept ratio: 0.46538, 
INFO:root:Epoch  2143, Energy: -1.08954e+02 (-1.08957e+02), Variance: 8.51640e-01 (1.04625e+00), Accept ratio: 0.46607, 
INFO:root:Epoch  2144, Energy: -1.08944e+02 (-1.08954e+02), Variance: 8.69136e-01 (1.09673e+00), Accept ratio: 0.47145, 
INFO:root:Epoch  2145, Energy: -1.08945e+02 (-1.08973e+02), Variance: 8.63987e-01 (1.67694e+00), Accept ratio: 0.47496, 
INFO:root:Epoch  2146, Energy: -1.08986e+02 (-1.08996e+02), Variance: 8.43287e-01 (1.15989e+00), Accept ratio: 0.47152, 
INFO:root:Epoch  2147, Energy: -1.08920e+02 (-1.08906e+02), Variance: 9.33605e-01 (1.20783e+00), Accept ratio: 0.47274, 
INFO:root:Epoch  2148, Energy: -1.08962e+02 (-1.08956e+02), Variance: 7.78905e-01 (8.55894e-01), Accept ratio: 0.46956, 
INFO:root:Epoch  2149, Energy: -1.09028e+02 (-1.09031e+02), Variance: 8.86307e-01 (1.09245e+00), Accept ratio: 0.47200, 
INFO:root:Epoch  2150, Energy: -1.08997e+02 (-1.08978e+02), Variance: 1.04538e+00 (3.15320e+00), Accept ratio: 0.46615, 
INFO:root:Epoch  2151, Energy: -1.08970e+02 (-1.08969e+02), Variance: 9.18558e-01 (1.04908e+00), Accept ratio: 0.47219, 
INFO:root:Epoch  2152, Energy: -1.09013e+02 (-1.09030e+02), Variance: 9.16323e-01 (1.46272e+00), Accept ratio: 0.47201, 
INFO:root:Epoch  2153, Energy: -1.08989e+02 (-1.09010e+02), Variance: 7.83829e-01 (1.61320e+00), Accept ratio: 0.47335, 
INFO:root:Epoch  2154, Energy: -1.09011e+02 (-1.09011e+02), Variance: 8.67202e-01 (9.98737e-01), Accept ratio: 0.47341, 
INFO:root:Epoch  2155, Energy: -1.08979e+02 (-1.08979e+02), Variance: 8.81404e-01 (9.50071e-01), Accept ratio: 0.47344, 
INFO:root:Epoch  2156, Energy: -1.08970e+02 (-1.08963e+02), Variance: 8.59600e-01 (1.80052e+00), Accept ratio: 0.47322, 
INFO:root:Epoch  2157, Energy: -1.09006e+02 (-1.09030e+02), Variance: 9.43287e-01 (1.56285e+00), Accept ratio: 0.47364, 
INFO:root:Epoch  2158, Energy: -1.08942e+02 (-1.08917e+02), Variance: 8.34299e-01 (1.15456e+00), Accept ratio: 0.47083, 
INFO:root:Epoch  2159, Energy: -1.08984e+02 (-1.08988e+02), Variance: 7.80301e-01 (8.71922e-01), Accept ratio: 0.47260, 
INFO:root:Epoch  2160, Energy: -1.08953e+02 (-1.08947e+02), Variance: 7.47903e-01 (1.05188e+00), Accept ratio: 0.47889, 
INFO:root:Epoch  2161, Energy: -1.08971e+02 (-1.08941e+02), Variance: 8.36984e-01 (2.27888e+00), Accept ratio: 0.47322, 
INFO:root:Epoch  2162, Energy: -1.08967e+02 (-1.08991e+02), Variance: 9.55182e-01 (2.21762e+00), Accept ratio: 0.47206, 
INFO:root:Epoch  2163, Energy: -1.09004e+02 (-1.08997e+02), Variance: 8.49741e-01 (1.82654e+00), Accept ratio: 0.47180, 
INFO:root:Epoch  2164, Energy: -1.08976e+02 (-1.08981e+02), Variance: 1.03991e+00 (2.77815e+00), Accept ratio: 0.47048, 
INFO:root:Epoch  2165, Energy: -1.08975e+02 (-1.08984e+02), Variance: 9.30482e-01 (1.41373e+00), Accept ratio: 0.47070, 
INFO:root:Epoch  2166, Energy: -1.08975e+02 (-1.08980e+02), Variance: 8.84555e-01 (1.21797e+00), Accept ratio: 0.46677, 
INFO:root:Epoch  2167, Energy: -1.08991e+02 (-1.08988e+02), Variance: 8.44715e-01 (1.06939e+00), Accept ratio: 0.46584, 
INFO:root:Epoch  2168, Energy: -1.09013e+02 (-1.09042e+02), Variance: 8.65262e-01 (1.52966e+00), Accept ratio: 0.47011, 
INFO:root:Epoch  2169, Energy: -1.08955e+02 (-1.08979e+02), Variance: 8.91108e-01 (2.82351e+00), Accept ratio: 0.46917, 
INFO:root:Epoch  2170, Energy: -1.08998e+02 (-1.08989e+02), Variance: 8.36771e-01 (1.14854e+00), Accept ratio: 0.46571, 
INFO:root:Epoch  2171, Energy: -1.09021e+02 (-1.09020e+02), Variance: 9.60478e-01 (1.04340e+00), Accept ratio: 0.46731, 
INFO:root:Epoch  2172, Energy: -1.08999e+02 (-1.08994e+02), Variance: 9.52330e-01 (1.30524e+00), Accept ratio: 0.47056, 
INFO:root:Epoch  2173, Energy: -1.08994e+02 (-1.09028e+02), Variance: 9.34397e-01 (1.70468e+00), Accept ratio: 0.46617, 
INFO:root:Epoch  2174, Energy: -1.08994e+02 (-1.08993e+02), Variance: 8.71727e-01 (1.05766e+00), Accept ratio: 0.47889, 
INFO:root:Epoch  2175, Energy: -1.09020e+02 (-1.09030e+02), Variance: 8.57669e-01 (1.00557e+00), Accept ratio: 0.46640, 
INFO:root:Epoch  2176, Energy: -1.09003e+02 (-1.08986e+02), Variance: 8.71752e-01 (1.38473e+00), Accept ratio: 0.47346, 
INFO:root:Epoch  2177, Energy: -1.09030e+02 (-1.09062e+02), Variance: 8.91550e-01 (1.92340e+00), Accept ratio: 0.46350, 
INFO:root:Epoch  2178, Energy: -1.09050e+02 (-1.09010e+02), Variance: 8.57125e-01 (2.90306e+00), Accept ratio: 0.46815, 
INFO:root:Epoch  2179, Energy: -1.09062e+02 (-1.09065e+02), Variance: 7.59007e-01 (8.49134e-01), Accept ratio: 0.47288, 
INFO:root:Epoch  2180, Energy: -1.09016e+02 (-1.09035e+02), Variance: 9.35554e-01 (1.48007e+00), Accept ratio: 0.46536, 
INFO:root:Epoch  2181, Energy: -1.09005e+02 (-1.09006e+02), Variance: 7.65406e-01 (1.28885e+00), Accept ratio: 0.46656, 
INFO:root:Epoch  2182, Energy: -1.08983e+02 (-1.08970e+02), Variance: 9.64749e-01 (1.72869e+00), Accept ratio: 0.46957, 
INFO:root:Epoch  2183, Energy: -1.08969e+02 (-1.08955e+02), Variance: 8.81093e-01 (1.14500e+00), Accept ratio: 0.46682, 
INFO:root:Epoch  2184, Energy: -1.08970e+02 (-1.08973e+02), Variance: 8.99613e-01 (1.39126e+00), Accept ratio: 0.46778, 
INFO:root:Epoch  2185, Energy: -1.09021e+02 (-1.09053e+02), Variance: 9.73222e-01 (1.57199e+00), Accept ratio: 0.46110, 
INFO:root:Epoch  2186, Energy: -1.08921e+02 (-1.08890e+02), Variance: 8.22981e-01 (2.17404e+00), Accept ratio: 0.46676, 
INFO:root:Epoch  2187, Energy: -1.08990e+02 (-1.08998e+02), Variance: 7.56595e-01 (8.32734e-01), Accept ratio: 0.47210, 
INFO:root:Epoch  2188, Energy: -1.08966e+02 (-1.08914e+02), Variance: 9.93334e-01 (2.93574e+00), Accept ratio: 0.46649, 
INFO:root:Epoch  2189, Energy: -1.08980e+02 (-1.08958e+02), Variance: 8.10015e-01 (1.77398e+00), Accept ratio: 0.46395, 
INFO:root:Epoch  2190, Energy: -1.09019e+02 (-1.09014e+02), Variance: 8.29352e-01 (1.06867e+00), Accept ratio: 0.47105, 
INFO:root:Epoch  2191, Energy: -1.08976e+02 (-1.08979e+02), Variance: 8.27900e-01 (9.28553e-01), Accept ratio: 0.46714, 
INFO:root:Epoch  2192, Energy: -1.08997e+02 (-1.08975e+02), Variance: 1.01457e+00 (1.40884e+00), Accept ratio: 0.46287, 
INFO:root:Epoch  2193, Energy: -1.08996e+02 (-1.09009e+02), Variance: 9.18773e-01 (1.78711e+00), Accept ratio: 0.46837, 
INFO:root:Epoch  2194, Energy: -1.08983e+02 (-1.09002e+02), Variance: 8.21067e-01 (1.16005e+00), Accept ratio: 0.46217, 
INFO:root:Epoch  2195, Energy: -1.09044e+02 (-1.09045e+02), Variance: 8.74034e-01 (1.23220e+00), Accept ratio: 0.47326, 
INFO:root:Epoch  2196, Energy: -1.09048e+02 (-1.09065e+02), Variance: 7.89074e-01 (9.87190e-01), Accept ratio: 0.46863, 
INFO:root:Epoch  2197, Energy: -1.09013e+02 (-1.08949e+02), Variance: 8.95172e-01 (5.41662e+00), Accept ratio: 0.47033, 
INFO:root:Epoch  2198, Energy: -1.08999e+02 (-1.08988e+02), Variance: 8.64151e-01 (1.50400e+00), Accept ratio: 0.46556, 
INFO:root:Epoch  2199, Energy: -1.09037e+02 (-1.09076e+02), Variance: 9.31082e-01 (2.25828e+00), Accept ratio: 0.46298, 
INFO:root:Epoch  2200, Energy: -1.09050e+02 (-1.09064e+02), Variance: 8.81108e-01 (1.14016e+00), Accept ratio: 0.46734, , best weights saved
INFO:root:Epoch  2201, Energy: -1.08965e+02 (-1.08964e+02), Variance: 8.16899e-01 (9.88485e-01), Accept ratio: 0.46947, 
INFO:root:Epoch  2202, Energy: -1.09017e+02 (-1.09034e+02), Variance: 9.17654e-01 (1.44565e+00), Accept ratio: 0.46768, 
INFO:root:Epoch  2203, Energy: -1.08974e+02 (-1.08959e+02), Variance: 9.95034e-01 (1.22434e+00), Accept ratio: 0.46504, 
INFO:root:Epoch  2204, Energy: -1.09017e+02 (-1.09005e+02), Variance: 9.16668e-01 (1.27388e+00), Accept ratio: 0.46672, 
INFO:root:Epoch  2205, Energy: -1.08989e+02 (-1.09005e+02), Variance: 9.24101e-01 (3.49948e+00), Accept ratio: 0.46862, 
INFO:root:Epoch  2206, Energy: -1.09016e+02 (-1.09072e+02), Variance: 9.86497e-01 (2.88323e+00), Accept ratio: 0.46239, 
INFO:root:Epoch  2207, Energy: -1.09021e+02 (-1.09050e+02), Variance: 8.31330e-01 (1.28788e+00), Accept ratio: 0.47363, 
INFO:root:Epoch  2208, Energy: -1.09044e+02 (-1.09060e+02), Variance: 8.98082e-01 (1.12328e+00), Accept ratio: 0.47003, 
INFO:root:Epoch  2209, Energy: -1.09013e+02 (-1.09008e+02), Variance: 9.75800e-01 (1.67178e+00), Accept ratio: 0.47447, 
INFO:root:Epoch  2210, Energy: -1.08989e+02 (-1.08980e+02), Variance: 9.19417e-01 (1.43774e+00), Accept ratio: 0.47294, 
INFO:root:Epoch  2211, Energy: -1.08976e+02 (-1.08985e+02), Variance: 8.37905e-01 (1.22971e+00), Accept ratio: 0.47334, 
INFO:root:Epoch  2212, Energy: -1.09038e+02 (-1.09033e+02), Variance: 8.56166e-01 (1.05541e+00), Accept ratio: 0.47075, 
INFO:root:Epoch  2213, Energy: -1.08992e+02 (-1.09012e+02), Variance: 8.52839e-01 (5.64662e+00), Accept ratio: 0.46933, 
INFO:root:Epoch  2214, Energy: -1.09007e+02 (-1.09036e+02), Variance: 9.06155e-01 (1.40025e+00), Accept ratio: 0.46920, 
INFO:root:Epoch  2215, Energy: -1.08989e+02 (-1.08994e+02), Variance: 8.29758e-01 (1.04037e+00), Accept ratio: 0.46559, 
INFO:root:Epoch  2216, Energy: -1.08967e+02 (-1.08958e+02), Variance: 8.17833e-01 (1.13610e+00), Accept ratio: 0.46882, 
INFO:root:Epoch  2217, Energy: -1.08968e+02 (-1.08950e+02), Variance: 8.53365e-01 (1.21508e+00), Accept ratio: 0.46597, 
INFO:root:Epoch  2218, Energy: -1.08991e+02 (-1.08992e+02), Variance: 7.39473e-01 (8.89464e-01), Accept ratio: 0.47587, 
INFO:root:Epoch  2219, Energy: -1.09032e+02 (-1.09046e+02), Variance: 9.36935e-01 (1.19209e+00), Accept ratio: 0.47826, 
INFO:root:Epoch  2220, Energy: -1.09002e+02 (-1.09019e+02), Variance: 9.81512e-01 (1.52284e+00), Accept ratio: 0.46334, 
INFO:root:Epoch  2221, Energy: -1.09005e+02 (-1.09075e+02), Variance: 9.62193e-01 (7.61219e+00), Accept ratio: 0.47313, 
INFO:root:Epoch  2222, Energy: -1.08988e+02 (-1.08994e+02), Variance: 9.09403e-01 (1.62785e+00), Accept ratio: 0.46163, 
INFO:root:Epoch  2223, Energy: -1.09049e+02 (-1.09049e+02), Variance: 9.04080e-01 (1.04768e+00), Accept ratio: 0.47233, 
INFO:root:Epoch  2224, Energy: -1.08991e+02 (-1.08983e+02), Variance: 8.67455e-01 (1.77272e+00), Accept ratio: 0.47360, 
INFO:root:Epoch  2225, Energy: -1.09014e+02 (-1.09000e+02), Variance: 8.13968e-01 (1.09498e+00), Accept ratio: 0.47206, 
INFO:root:Epoch  2226, Energy: -1.09018e+02 (-1.09149e+02), Variance: 8.22770e-01 (1.06155e+01), Accept ratio: 0.47457, 
INFO:root:Epoch  2227, Energy: -1.09016e+02 (-1.09022e+02), Variance: 9.01609e-01 (1.12373e+00), Accept ratio: 0.46941, 
INFO:root:Epoch  2228, Energy: -1.09026e+02 (-1.08980e+02), Variance: 9.42862e-01 (1.93341e+00), Accept ratio: 0.47141, 
INFO:root:Epoch  2229, Energy: -1.09042e+02 (-1.09053e+02), Variance: 7.94978e-01 (1.08462e+00), Accept ratio: 0.46738, 
INFO:root:Epoch  2230, Energy: -1.09035e+02 (-1.09039e+02), Variance: 9.18493e-01 (1.29569e+00), Accept ratio: 0.46880, 
INFO:root:Epoch  2231, Energy: -1.09017e+02 (-1.09013e+02), Variance: 8.57930e-01 (1.38252e+00), Accept ratio: 0.46911, 
INFO:root:Epoch  2232, Energy: -1.08970e+02 (-1.08961e+02), Variance: 9.21552e-01 (1.17570e+00), Accept ratio: 0.46442, 
INFO:root:Epoch  2233, Energy: -1.09003e+02 (-1.08997e+02), Variance: 9.16076e-01 (1.02778e+00), Accept ratio: 0.47229, 
INFO:root:Epoch  2234, Energy: -1.08979e+02 (-1.08975e+02), Variance: 8.84974e-01 (1.31270e+00), Accept ratio: 0.46647, 
INFO:root:Epoch  2235, Energy: -1.09026e+02 (-1.09021e+02), Variance: 8.44832e-01 (1.10719e+00), Accept ratio: 0.47204, 
INFO:root:Epoch  2236, Energy: -1.09034e+02 (-1.09021e+02), Variance: 8.74525e-01 (1.15170e+00), Accept ratio: 0.47626, 
INFO:root:Epoch  2237, Energy: -1.09021e+02 (-1.09006e+02), Variance: 8.30812e-01 (9.97974e-01), Accept ratio: 0.47568, 
INFO:root:Epoch  2238, Energy: -1.09033e+02 (-1.09034e+02), Variance: 8.57018e-01 (1.09399e+00), Accept ratio: 0.46737, 
INFO:root:Epoch  2239, Energy: -1.09046e+02 (-1.09048e+02), Variance: 8.95589e-01 (1.07952e+00), Accept ratio: 0.46824, 
INFO:root:Epoch  2240, Energy: -1.09030e+02 (-1.09030e+02), Variance: 7.74448e-01 (8.23303e-01), Accept ratio: 0.47524, 
INFO:root:Epoch  2241, Energy: -1.08985e+02 (-1.08976e+02), Variance: 7.92519e-01 (9.73206e-01), Accept ratio: 0.46928, 
INFO:root:Epoch  2242, Energy: -1.08991e+02 (-1.08981e+02), Variance: 8.47709e-01 (1.11786e+00), Accept ratio: 0.47241, 
INFO:root:Epoch  2243, Energy: -1.09035e+02 (-1.09040e+02), Variance: 8.06457e-01 (8.73659e-01), Accept ratio: 0.47308, 
INFO:root:Epoch  2244, Energy: -1.09017e+02 (-1.09025e+02), Variance: 8.60013e-01 (1.30898e+00), Accept ratio: 0.46540, 
INFO:root:Epoch  2245, Energy: -1.09026e+02 (-1.09025e+02), Variance: 8.45318e-01 (1.15907e+00), Accept ratio: 0.47337, 
INFO:root:Epoch  2246, Energy: -1.09048e+02 (-1.09062e+02), Variance: 8.30370e-01 (1.39910e+00), Accept ratio: 0.46621, 
INFO:root:Epoch  2247, Energy: -1.09017e+02 (-1.09019e+02), Variance: 8.36452e-01 (1.50389e+00), Accept ratio: 0.47418, 
INFO:root:Epoch  2248, Energy: -1.09020e+02 (-1.09067e+02), Variance: 9.44617e-01 (2.68040e+00), Accept ratio: 0.47331, 
INFO:root:Epoch  2249, Energy: -1.09039e+02 (-1.09064e+02), Variance: 8.68157e-01 (1.67761e+00), Accept ratio: 0.46701, 
INFO:root:Epoch  2250, Energy: -1.08984e+02 (-1.08984e+02), Variance: 7.70410e-01 (8.93274e-01), Accept ratio: 0.46674, 
INFO:root:Epoch  2251, Energy: -1.09017e+02 (-1.09028e+02), Variance: 7.94965e-01 (1.15052e+00), Accept ratio: 0.46599, 
INFO:root:Epoch  2252, Energy: -1.08990e+02 (-1.08982e+02), Variance: 8.01640e-01 (1.83434e+00), Accept ratio: 0.47153, 
INFO:root:Epoch  2253, Energy: -1.08997e+02 (-1.08990e+02), Variance: 7.97870e-01 (9.91171e-01), Accept ratio: 0.47381, 
INFO:root:Epoch  2254, Energy: -1.09015e+02 (-1.09013e+02), Variance: 7.45181e-01 (8.37877e-01), Accept ratio: 0.47558, 
INFO:root:Epoch  2255, Energy: -1.09036e+02 (-1.09037e+02), Variance: 7.96182e-01 (1.12071e+00), Accept ratio: 0.47355, 
INFO:root:Epoch  2256, Energy: -1.09035e+02 (-1.09025e+02), Variance: 7.73977e-01 (1.05333e+00), Accept ratio: 0.46988, 
INFO:root:Epoch  2257, Energy: -1.09030e+02 (-1.09010e+02), Variance: 7.19388e-01 (1.43923e+00), Accept ratio: 0.47914, 
INFO:root:Epoch  2258, Energy: -1.09022e+02 (-1.09024e+02), Variance: 7.47460e-01 (8.16306e-01), Accept ratio: 0.47108, 
INFO:root:Epoch  2259, Energy: -1.08998e+02 (-1.08983e+02), Variance: 7.37842e-01 (1.30704e+00), Accept ratio: 0.46674, 
INFO:root:Epoch  2260, Energy: -1.09010e+02 (-1.09009e+02), Variance: 8.04983e-01 (1.03051e+00), Accept ratio: 0.47119, 
INFO:root:Epoch  2261, Energy: -1.09006e+02 (-1.09004e+02), Variance: 8.49980e-01 (1.23921e+00), Accept ratio: 0.46441, 
INFO:root:Epoch  2262, Energy: -1.09052e+02 (-1.09059e+02), Variance: 7.49453e-01 (9.13286e-01), Accept ratio: 0.46306, 
INFO:root:Epoch  2263, Energy: -1.09004e+02 (-1.09019e+02), Variance: 8.56356e-01 (1.50744e+00), Accept ratio: 0.47181, 
INFO:root:Epoch  2264, Energy: -1.09011e+02 (-1.09032e+02), Variance: 1.01988e+00 (1.72947e+00), Accept ratio: 0.46846, 
INFO:root:Epoch  2265, Energy: -1.09009e+02 (-1.08989e+02), Variance: 8.86777e-01 (2.06119e+00), Accept ratio: 0.47614, 
INFO:root:Epoch  2266, Energy: -1.09044e+02 (-1.09047e+02), Variance: 7.87308e-01 (1.02694e+00), Accept ratio: 0.47314, 
INFO:root:Epoch  2267, Energy: -1.09034e+02 (-1.09030e+02), Variance: 7.85346e-01 (8.71283e-01), Accept ratio: 0.47530, 
INFO:root:Epoch  2268, Energy: -1.09018e+02 (-1.09018e+02), Variance: 8.40961e-01 (1.30985e+00), Accept ratio: 0.47234, 
INFO:root:Epoch  2269, Energy: -1.09012e+02 (-1.08991e+02), Variance: 7.75542e-01 (1.29327e+00), Accept ratio: 0.46124, 
INFO:root:Epoch  2270, Energy: -1.08975e+02 (-1.08995e+02), Variance: 8.46549e-01 (1.58816e+00), Accept ratio: 0.48178, 
INFO:root:Epoch  2271, Energy: -1.08940e+02 (-1.08919e+02), Variance: 9.14642e-01 (1.33724e+00), Accept ratio: 0.46517, 
INFO:root:Epoch  2272, Energy: -1.08980e+02 (-1.08991e+02), Variance: 9.86175e-01 (1.57428e+00), Accept ratio: 0.47440, 
INFO:root:Epoch  2273, Energy: -1.09016e+02 (-1.08977e+02), Variance: 8.18258e-01 (3.22316e+00), Accept ratio: 0.47062, 
INFO:root:Epoch  2274, Energy: -1.08988e+02 (-1.08984e+02), Variance: 8.52231e-01 (1.13449e+00), Accept ratio: 0.47406, 
INFO:root:Epoch  2275, Energy: -1.08992e+02 (-1.08986e+02), Variance: 8.12159e-01 (8.81028e-01), Accept ratio: 0.46647, 
INFO:root:Epoch  2276, Energy: -1.09046e+02 (-1.09060e+02), Variance: 8.38987e-01 (2.83575e+00), Accept ratio: 0.47244, 
INFO:root:Epoch  2277, Energy: -1.09019e+02 (-1.09028e+02), Variance: 8.77377e-01 (3.93377e+00), Accept ratio: 0.47238, 
INFO:root:Epoch  2278, Energy: -1.09004e+02 (-1.09004e+02), Variance: 8.13547e-01 (8.81832e-01), Accept ratio: 0.47042, 
INFO:root:Epoch  2279, Energy: -1.08995e+02 (-1.08991e+02), Variance: 8.72557e-01 (9.37919e-01), Accept ratio: 0.47057, 
INFO:root:Epoch  2280, Energy: -1.09012e+02 (-1.09035e+02), Variance: 9.45754e-01 (2.45123e+00), Accept ratio: 0.46952, 
INFO:root:Epoch  2281, Energy: -1.09036e+02 (-1.09030e+02), Variance: 7.68950e-01 (8.56112e-01), Accept ratio: 0.47204, 
INFO:root:Epoch  2282, Energy: -1.09001e+02 (-1.08992e+02), Variance: 8.48069e-01 (9.72296e-01), Accept ratio: 0.46348, 
INFO:root:Epoch  2283, Energy: -1.08963e+02 (-1.08965e+02), Variance: 8.77733e-01 (1.23750e+00), Accept ratio: 0.47281, 
INFO:root:Epoch  2284, Energy: -1.08994e+02 (-1.08964e+02), Variance: 9.10587e-01 (1.90679e+00), Accept ratio: 0.47606, 
INFO:root:Epoch  2285, Energy: -1.09020e+02 (-1.09016e+02), Variance: 8.43440e-01 (1.49103e+00), Accept ratio: 0.46420, 
INFO:root:Epoch  2286, Energy: -1.08990e+02 (-1.08984e+02), Variance: 8.11440e-01 (1.17748e+00), Accept ratio: 0.46636, 
INFO:root:Epoch  2287, Energy: -1.08993e+02 (-1.08971e+02), Variance: 8.48806e-01 (2.37583e+00), Accept ratio: 0.47662, 
INFO:root:Epoch  2288, Energy: -1.08941e+02 (-1.08949e+02), Variance: 7.49721e-01 (1.14506e+00), Accept ratio: 0.46710, 
INFO:root:Epoch  2289, Energy: -1.09005e+02 (-1.08996e+02), Variance: 8.23841e-01 (1.39469e+00), Accept ratio: 0.47155, 
INFO:root:Epoch  2290, Energy: -1.09012e+02 (-1.08998e+02), Variance: 7.89468e-01 (1.25056e+00), Accept ratio: 0.46555, 
INFO:root:Epoch  2291, Energy: -1.09013e+02 (-1.09014e+02), Variance: 7.34236e-01 (1.09771e+00), Accept ratio: 0.46863, 
INFO:root:Epoch  2292, Energy: -1.08955e+02 (-1.08958e+02), Variance: 8.06881e-01 (9.36484e-01), Accept ratio: 0.47599, 
INFO:root:Epoch  2293, Energy: -1.08983e+02 (-1.08995e+02), Variance: 8.04930e-01 (1.19067e+00), Accept ratio: 0.47031, 
INFO:root:Epoch  2294, Energy: -1.09008e+02 (-1.09005e+02), Variance: 8.42676e-01 (1.00527e+00), Accept ratio: 0.47147, 
INFO:root:Epoch  2295, Energy: -1.09065e+02 (-1.09055e+02), Variance: 7.88794e-01 (1.03812e+00), Accept ratio: 0.46769, 
INFO:root:Epoch  2296, Energy: -1.09096e+02 (-1.09122e+02), Variance: 8.19937e-01 (1.31199e+00), Accept ratio: 0.46796, 
INFO:root:Epoch  2297, Energy: -1.09016e+02 (-1.09010e+02), Variance: 7.81441e-01 (9.59263e-01), Accept ratio: 0.47773, 
INFO:root:Epoch  2298, Energy: -1.08988e+02 (-1.08996e+02), Variance: 7.90112e-01 (9.56024e-01), Accept ratio: 0.46680, 
INFO:root:Epoch  2299, Energy: -1.08961e+02 (-1.08944e+02), Variance: 9.66174e-01 (1.31317e+00), Accept ratio: 0.47020, 
INFO:root:Epoch  2300, Energy: -1.08998e+02 (-1.08997e+02), Variance: 8.11664e-01 (9.41606e-01), Accept ratio: 0.46444, , best weights saved
INFO:root:Epoch  2301, Energy: -1.08975e+02 (-1.08957e+02), Variance: 8.43490e-01 (1.19071e+00), Accept ratio: 0.47385, 
INFO:root:Epoch  2302, Energy: -1.09005e+02 (-1.08995e+02), Variance: 9.05906e-01 (1.15602e+00), Accept ratio: 0.47687, 
INFO:root:Epoch  2303, Energy: -1.09029e+02 (-1.09029e+02), Variance: 8.29771e-01 (9.29890e-01), Accept ratio: 0.47423, 
INFO:root:Epoch  2304, Energy: -1.09027e+02 (-1.09041e+02), Variance: 8.71767e-01 (1.17819e+00), Accept ratio: 0.46352, 
INFO:root:Epoch  2305, Energy: -1.08972e+02 (-1.08975e+02), Variance: 8.55490e-01 (9.69411e-01), Accept ratio: 0.47306, 
INFO:root:Epoch  2306, Energy: -1.08991e+02 (-1.08992e+02), Variance: 7.98191e-01 (9.06258e-01), Accept ratio: 0.46815, 
INFO:root:Epoch  2307, Energy: -1.08976e+02 (-1.08975e+02), Variance: 8.56013e-01 (1.04171e+00), Accept ratio: 0.47236, 
INFO:root:Epoch  2308, Energy: -1.08997e+02 (-1.08998e+02), Variance: 7.99681e-01 (9.34130e-01), Accept ratio: 0.47163, 
INFO:root:Epoch  2309, Energy: -1.09012e+02 (-1.09033e+02), Variance: 7.31303e-01 (1.18693e+00), Accept ratio: 0.46434, 
INFO:root:Epoch  2310, Energy: -1.09005e+02 (-1.09013e+02), Variance: 7.13818e-01 (1.30155e+00), Accept ratio: 0.46483, 
INFO:root:Epoch  2311, Energy: -1.08998e+02 (-1.08982e+02), Variance: 7.73576e-01 (1.25948e+00), Accept ratio: 0.47213, 
INFO:root:Epoch  2312, Energy: -1.08973e+02 (-1.08964e+02), Variance: 7.71395e-01 (9.40816e-01), Accept ratio: 0.47301, 
INFO:root:Epoch  2313, Energy: -1.09033e+02 (-1.09015e+02), Variance: 8.05565e-01 (1.27886e+00), Accept ratio: 0.46870, 
INFO:root:Epoch  2314, Energy: -1.09010e+02 (-1.09011e+02), Variance: 8.04653e-01 (9.88361e-01), Accept ratio: 0.47244, 
INFO:root:Epoch  2315, Energy: -1.08961e+02 (-1.08941e+02), Variance: 8.38315e-01 (1.33919e+00), Accept ratio: 0.46989, 
INFO:root:Epoch  2316, Energy: -1.09010e+02 (-1.08971e+02), Variance: 9.25711e-01 (2.17273e+00), Accept ratio: 0.46747, 
INFO:root:Epoch  2317, Energy: -1.08981e+02 (-1.08976e+02), Variance: 8.99948e-01 (9.85745e-01), Accept ratio: 0.46682, 
INFO:root:Epoch  2318, Energy: -1.08981e+02 (-1.08996e+02), Variance: 8.77615e-01 (1.33059e+00), Accept ratio: 0.47061, 
INFO:root:Epoch  2319, Energy: -1.08983e+02 (-1.08971e+02), Variance: 8.73158e-01 (1.42635e+00), Accept ratio: 0.47496, 
INFO:root:Epoch  2320, Energy: -1.08992e+02 (-1.08999e+02), Variance: 6.82074e-01 (1.10681e+00), Accept ratio: 0.47360, 
INFO:root:Epoch  2321, Energy: -1.08984e+02 (-1.08970e+02), Variance: 7.02038e-01 (1.03737e+00), Accept ratio: 0.46619, 
INFO:root:Epoch  2322, Energy: -1.08985e+02 (-1.08981e+02), Variance: 7.65153e-01 (1.01990e+00), Accept ratio: 0.47172, 
INFO:root:Epoch  2323, Energy: -1.09017e+02 (-1.08943e+02), Variance: 8.33992e-01 (7.12195e+00), Accept ratio: 0.47225, 
INFO:root:Epoch  2324, Energy: -1.09014e+02 (-1.09015e+02), Variance: 7.33800e-01 (1.03784e+00), Accept ratio: 0.47359, 
INFO:root:Epoch  2325, Energy: -1.08956e+02 (-1.08953e+02), Variance: 7.32746e-01 (8.97722e-01), Accept ratio: 0.47321, 
INFO:root:Epoch  2326, Energy: -1.08966e+02 (-1.08959e+02), Variance: 7.97284e-01 (1.22966e+00), Accept ratio: 0.46952, 
INFO:root:Epoch  2327, Energy: -1.09016e+02 (-1.09072e+02), Variance: 8.22978e-01 (3.40264e+00), Accept ratio: 0.47241, 
INFO:root:Epoch  2328, Energy: -1.08989e+02 (-1.08994e+02), Variance: 7.34772e-01 (8.37401e-01), Accept ratio: 0.46636, 
INFO:root:Epoch  2329, Energy: -1.09011e+02 (-1.09020e+02), Variance: 7.74495e-01 (1.38597e+00), Accept ratio: 0.47158, 
INFO:root:Epoch  2330, Energy: -1.08992e+02 (-1.08979e+02), Variance: 7.38316e-01 (9.16392e-01), Accept ratio: 0.47006, 
INFO:root:Epoch  2331, Energy: -1.09044e+02 (-1.09070e+02), Variance: 8.04499e-01 (1.76639e+00), Accept ratio: 0.47963, 
INFO:root:Epoch  2332, Energy: -1.09051e+02 (-1.09051e+02), Variance: 8.40446e-01 (9.44996e-01), Accept ratio: 0.46942, 
INFO:root:Epoch  2333, Energy: -1.09036e+02 (-1.09043e+02), Variance: 9.60804e-01 (1.06043e+00), Accept ratio: 0.47092, 
INFO:root:Epoch  2334, Energy: -1.09035e+02 (-1.09057e+02), Variance: 7.47614e-01 (1.44076e+00), Accept ratio: 0.47385, 
INFO:root:Epoch  2335, Energy: -1.09019e+02 (-1.09010e+02), Variance: 8.08623e-01 (1.19767e+00), Accept ratio: 0.46635, 
INFO:root:Epoch  2336, Energy: -1.09009e+02 (-1.09012e+02), Variance: 8.29995e-01 (1.41850e+00), Accept ratio: 0.46649, 
INFO:root:Epoch  2337, Energy: -1.09068e+02 (-1.09081e+02), Variance: 8.24225e-01 (1.06824e+00), Accept ratio: 0.47011, 
INFO:root:Epoch  2338, Energy: -1.09032e+02 (-1.09027e+02), Variance: 8.95180e-01 (1.09458e+00), Accept ratio: 0.46541, 
INFO:root:Epoch  2339, Energy: -1.09025e+02 (-1.09022e+02), Variance: 8.38321e-01 (1.00183e+00), Accept ratio: 0.46194, 
INFO:root:Epoch  2340, Energy: -1.09048e+02 (-1.09087e+02), Variance: 8.19385e-01 (1.73110e+00), Accept ratio: 0.46393, 
INFO:root:Epoch  2341, Energy: -1.09071e+02 (-1.09056e+02), Variance: 9.05315e-01 (1.58892e+00), Accept ratio: 0.47166, 
INFO:root:Epoch  2342, Energy: -1.09059e+02 (-1.09047e+02), Variance: 8.36428e-01 (1.69878e+00), Accept ratio: 0.47583, 
INFO:root:Epoch  2343, Energy: -1.09031e+02 (-1.09033e+02), Variance: 8.44509e-01 (9.81570e-01), Accept ratio: 0.47156, 
INFO:root:Epoch  2344, Energy: -1.09029e+02 (-1.09033e+02), Variance: 8.23485e-01 (1.03869e+00), Accept ratio: 0.47323, 
INFO:root:Epoch  2345, Energy: -1.09022e+02 (-1.09014e+02), Variance: 7.95041e-01 (1.03973e+00), Accept ratio: 0.46862, 
INFO:root:Epoch  2346, Energy: -1.09023e+02 (-1.09025e+02), Variance: 8.32178e-01 (1.05183e+00), Accept ratio: 0.47041, 
INFO:root:Epoch  2347, Energy: -1.08995e+02 (-1.08989e+02), Variance: 8.95904e-01 (1.03837e+00), Accept ratio: 0.46960, 
INFO:root:Epoch  2348, Energy: -1.08971e+02 (-1.08968e+02), Variance: 9.27521e-01 (1.74428e+00), Accept ratio: 0.46437, 
INFO:root:Epoch  2349, Energy: -1.08997e+02 (-1.08991e+02), Variance: 8.20738e-01 (1.37003e+00), Accept ratio: 0.46825, 
INFO:root:Epoch  2350, Energy: -1.08985e+02 (-1.08983e+02), Variance: 8.77598e-01 (1.11503e+00), Accept ratio: 0.47768, 
INFO:root:Epoch  2351, Energy: -1.09018e+02 (-1.09014e+02), Variance: 8.32102e-01 (1.06983e+00), Accept ratio: 0.47566, 
INFO:root:Epoch  2352, Energy: -1.08969e+02 (-1.08951e+02), Variance: 7.97457e-01 (1.02069e+00), Accept ratio: 0.46843, 
INFO:root:Epoch  2353, Energy: -1.09017e+02 (-1.09021e+02), Variance: 7.95006e-01 (1.07802e+00), Accept ratio: 0.47509, 
INFO:root:Epoch  2354, Energy: -1.08974e+02 (-1.08954e+02), Variance: 7.93957e-01 (1.09895e+00), Accept ratio: 0.47240, 
INFO:root:Epoch  2355, Energy: -1.09043e+02 (-1.09071e+02), Variance: 8.75881e-01 (2.19170e+00), Accept ratio: 0.47214, 
INFO:root:Epoch  2356, Energy: -1.08934e+02 (-1.08899e+02), Variance: 9.57705e-01 (2.05887e+00), Accept ratio: 0.46807, 
INFO:root:Epoch  2357, Energy: -1.09006e+02 (-1.09010e+02), Variance: 9.57985e-01 (1.67649e+00), Accept ratio: 0.47313, 
INFO:root:Epoch  2358, Energy: -1.09026e+02 (-1.09045e+02), Variance: 8.29874e-01 (1.44123e+00), Accept ratio: 0.46912, 
INFO:root:Epoch  2359, Energy: -1.09065e+02 (-1.09079e+02), Variance: 7.94863e-01 (1.17849e+00), Accept ratio: 0.46884, 
INFO:root:Epoch  2360, Energy: -1.09007e+02 (-1.08954e+02), Variance: 9.38352e-01 (2.47025e+00), Accept ratio: 0.47169, 
INFO:root:Epoch  2361, Energy: -1.09038e+02 (-1.09050e+02), Variance: 7.51536e-01 (9.35799e-01), Accept ratio: 0.47561, 
INFO:root:Epoch  2362, Energy: -1.09067e+02 (-1.09072e+02), Variance: 8.59555e-01 (1.00707e+00), Accept ratio: 0.47208, 
INFO:root:Epoch  2363, Energy: -1.09009e+02 (-1.09012e+02), Variance: 6.83019e-01 (8.44295e-01), Accept ratio: 0.46746, 
INFO:root:Epoch  2364, Energy: -1.09011e+02 (-1.08992e+02), Variance: 7.73671e-01 (1.05384e+00), Accept ratio: 0.46979, 
INFO:root:Epoch  2365, Energy: -1.09059e+02 (-1.09073e+02), Variance: 8.71645e-01 (1.21571e+00), Accept ratio: 0.47549, 
INFO:root:Epoch  2366, Energy: -1.09013e+02 (-1.09006e+02), Variance: 7.18904e-01 (8.54536e-01), Accept ratio: 0.47900, 
INFO:root:Epoch  2367, Energy: -1.09008e+02 (-1.09005e+02), Variance: 7.63103e-01 (8.41154e-01), Accept ratio: 0.47364, 
INFO:root:Epoch  2368, Energy: -1.09038e+02 (-1.09043e+02), Variance: 8.43774e-01 (1.40938e+00), Accept ratio: 0.47168, 
INFO:root:Epoch  2369, Energy: -1.09041e+02 (-1.09047e+02), Variance: 8.19107e-01 (1.09263e+00), Accept ratio: 0.46517, 
INFO:root:Epoch  2370, Energy: -1.09038e+02 (-1.09008e+02), Variance: 8.81258e-01 (1.57345e+00), Accept ratio: 0.47739, 
INFO:root:Epoch  2371, Energy: -1.09060e+02 (-1.09075e+02), Variance: 9.57084e-01 (1.14002e+00), Accept ratio: 0.47281, 
INFO:root:Epoch  2372, Energy: -1.08969e+02 (-1.08978e+02), Variance: 7.99904e-01 (1.07382e+00), Accept ratio: 0.46464, 
INFO:root:Epoch  2373, Energy: -1.09009e+02 (-1.09009e+02), Variance: 8.93905e-01 (1.03826e+00), Accept ratio: 0.47129, 
INFO:root:Epoch  2374, Energy: -1.09026e+02 (-1.09032e+02), Variance: 8.65810e-01 (1.02829e+00), Accept ratio: 0.47440, 
INFO:root:Epoch  2375, Energy: -1.09047e+02 (-1.09053e+02), Variance: 8.58626e-01 (9.65519e-01), Accept ratio: 0.47106, 
INFO:root:Epoch  2376, Energy: -1.09044e+02 (-1.09041e+02), Variance: 7.46258e-01 (9.31178e-01), Accept ratio: 0.47047, 
INFO:root:Epoch  2377, Energy: -1.09050e+02 (-1.09042e+02), Variance: 7.70696e-01 (1.33270e+00), Accept ratio: 0.46732, 
INFO:root:Epoch  2378, Energy: -1.09045e+02 (-1.09062e+02), Variance: 8.65290e-01 (1.20597e+00), Accept ratio: 0.46787, 
INFO:root:Epoch  2379, Energy: -1.09050e+02 (-1.09046e+02), Variance: 9.41054e-01 (2.42316e+00), Accept ratio: 0.46520, 
INFO:root:Epoch  2380, Energy: -1.09085e+02 (-1.09125e+02), Variance: 9.77876e-01 (2.13377e+00), Accept ratio: 0.47443, 
INFO:root:Epoch  2381, Energy: -1.09024e+02 (-1.08994e+02), Variance: 8.12931e-01 (2.64771e+00), Accept ratio: 0.47128, 
INFO:root:Epoch  2382, Energy: -1.09057e+02 (-1.09038e+02), Variance: 9.12246e-01 (1.32200e+00), Accept ratio: 0.46689, 
INFO:root:Epoch  2383, Energy: -1.09088e+02 (-1.09096e+02), Variance: 8.38088e-01 (9.09518e-01), Accept ratio: 0.46300, 
INFO:root:Epoch  2384, Energy: -1.08993e+02 (-1.08974e+02), Variance: 7.82680e-01 (1.19534e+00), Accept ratio: 0.46842, 
INFO:root:Epoch  2385, Energy: -1.09023e+02 (-1.09026e+02), Variance: 8.35484e-01 (1.00239e+00), Accept ratio: 0.46750, 
INFO:root:Epoch  2386, Energy: -1.09057e+02 (-1.09059e+02), Variance: 9.53939e-01 (1.40116e+00), Accept ratio: 0.46625, 
INFO:root:Epoch  2387, Energy: -1.09035e+02 (-1.09033e+02), Variance: 8.01371e-01 (8.66303e-01), Accept ratio: 0.46304, 
INFO:root:Epoch  2388, Energy: -1.08995e+02 (-1.08998e+02), Variance: 8.65400e-01 (1.00687e+00), Accept ratio: 0.46391, 
INFO:root:Epoch  2389, Energy: -1.09031e+02 (-1.09031e+02), Variance: 6.89822e-01 (7.63137e-01), Accept ratio: 0.47442, 
INFO:root:Epoch  2390, Energy: -1.09042e+02 (-1.09045e+02), Variance: 7.88253e-01 (8.36629e-01), Accept ratio: 0.47619, 
INFO:root:Epoch  2391, Energy: -1.09023e+02 (-1.09012e+02), Variance: 8.63100e-01 (1.14095e+00), Accept ratio: 0.46791, 
INFO:root:Epoch  2392, Energy: -1.09024e+02 (-1.09029e+02), Variance: 7.11405e-01 (7.65948e-01), Accept ratio: 0.46835, 
INFO:root:Epoch  2393, Energy: -1.09086e+02 (-1.09083e+02), Variance: 7.90197e-01 (1.04312e+00), Accept ratio: 0.46467, 
INFO:root:Epoch  2394, Energy: -1.09066e+02 (-1.09065e+02), Variance: 7.72450e-01 (8.76104e-01), Accept ratio: 0.47158, 
INFO:root:Epoch  2395, Energy: -1.09025e+02 (-1.09023e+02), Variance: 7.88164e-01 (9.13475e-01), Accept ratio: 0.46880, 
INFO:root:Epoch  2396, Energy: -1.08976e+02 (-1.08968e+02), Variance: 8.15522e-01 (9.49263e-01), Accept ratio: 0.47118, 
INFO:root:Epoch  2397, Energy: -1.08991e+02 (-1.08979e+02), Variance: 8.15390e-01 (1.05073e+00), Accept ratio: 0.46633, 
INFO:root:Epoch  2398, Energy: -1.09008e+02 (-1.08995e+02), Variance: 8.31629e-01 (1.13707e+00), Accept ratio: 0.47071, 
INFO:root:Epoch  2399, Energy: -1.09043e+02 (-1.09028e+02), Variance: 8.13667e-01 (3.63914e+00), Accept ratio: 0.46548, 
INFO:root:Epoch  2400, Energy: -1.09058e+02 (-1.09079e+02), Variance: 8.59582e-01 (1.59418e+00), Accept ratio: 0.46979, , best weights saved
INFO:root:Epoch  2401, Energy: -1.09011e+02 (-1.09029e+02), Variance: 7.39933e-01 (1.09539e+00), Accept ratio: 0.47364, 
INFO:root:Epoch  2402, Energy: -1.09002e+02 (-1.09008e+02), Variance: 7.82801e-01 (1.22570e+00), Accept ratio: 0.46894, 
INFO:root:Epoch  2403, Energy: -1.08989e+02 (-1.08981e+02), Variance: 8.59859e-01 (1.14702e+00), Accept ratio: 0.46673, 
INFO:root:Epoch  2404, Energy: -1.09037e+02 (-1.09046e+02), Variance: 8.48258e-01 (1.05992e+00), Accept ratio: 0.46257, 
INFO:root:Epoch  2405, Energy: -1.09035e+02 (-1.09028e+02), Variance: 7.53610e-01 (9.15030e-01), Accept ratio: 0.46780, 
INFO:root:Epoch  2406, Energy: -1.09038e+02 (-1.09005e+02), Variance: 9.53161e-01 (2.31081e+00), Accept ratio: 0.46968, 
INFO:root:Epoch  2407, Energy: -1.08998e+02 (-1.09006e+02), Variance: 8.48771e-01 (2.62895e+00), Accept ratio: 0.46649, 
INFO:root:Epoch  2408, Energy: -1.08981e+02 (-1.08988e+02), Variance: 9.33022e-01 (1.12454e+00), Accept ratio: 0.46601, 
INFO:root:Epoch  2409, Energy: -1.08990e+02 (-1.08992e+02), Variance: 8.27643e-01 (1.38791e+00), Accept ratio: 0.46290, 
INFO:root:Epoch  2410, Energy: -1.09012e+02 (-1.09009e+02), Variance: 8.41218e-01 (1.04711e+00), Accept ratio: 0.46897, 
INFO:root:Epoch  2411, Energy: -1.09014e+02 (-1.09025e+02), Variance: 6.97061e-01 (8.30888e-01), Accept ratio: 0.47097, 
INFO:root:Epoch  2412, Energy: -1.08989e+02 (-1.08979e+02), Variance: 7.17228e-01 (8.43106e-01), Accept ratio: 0.46754, 
INFO:root:Epoch  2413, Energy: -1.09015e+02 (-1.09012e+02), Variance: 8.09782e-01 (9.78059e-01), Accept ratio: 0.47135, 
INFO:root:Epoch  2414, Energy: -1.09052e+02 (-1.09055e+02), Variance: 8.00158e-01 (8.82986e-01), Accept ratio: 0.46907, 
INFO:root:Epoch  2415, Energy: -1.08997e+02 (-1.08984e+02), Variance: 7.79387e-01 (1.00496e+00), Accept ratio: 0.46304, 
INFO:root:Epoch  2416, Energy: -1.09042e+02 (-1.09053e+02), Variance: 7.57952e-01 (8.83393e-01), Accept ratio: 0.46925, 
INFO:root:Epoch  2417, Energy: -1.09035e+02 (-1.09034e+02), Variance: 8.23856e-01 (1.17652e+00), Accept ratio: 0.46399, 
INFO:root:Epoch  2418, Energy: -1.09014e+02 (-1.09033e+02), Variance: 9.42459e-01 (1.24581e+00), Accept ratio: 0.46416, 
INFO:root:Epoch  2419, Energy: -1.09076e+02 (-1.09090e+02), Variance: 8.72231e-01 (1.44772e+00), Accept ratio: 0.47054, 
INFO:root:Epoch  2420, Energy: -1.09025e+02 (-1.09027e+02), Variance: 8.85524e-01 (1.40352e+00), Accept ratio: 0.47046, 
INFO:root:Epoch  2421, Energy: -1.08993e+02 (-1.08985e+02), Variance: 8.09383e-01 (1.15685e+00), Accept ratio: 0.46718, 
INFO:root:Epoch  2422, Energy: -1.08997e+02 (-1.09002e+02), Variance: 7.82532e-01 (1.02140e+00), Accept ratio: 0.47615, 
INFO:root:Epoch  2423, Energy: -1.08955e+02 (-1.08965e+02), Variance: 7.70960e-01 (9.63448e-01), Accept ratio: 0.46292, 
INFO:root:Epoch  2424, Energy: -1.09022e+02 (-1.09038e+02), Variance: 8.03945e-01 (1.64305e+00), Accept ratio: 0.47658, 
INFO:root:Epoch  2425, Energy: -1.09032e+02 (-1.09059e+02), Variance: 8.26208e-01 (1.36899e+00), Accept ratio: 0.47193, 
INFO:root:Epoch  2426, Energy: -1.09034e+02 (-1.09035e+02), Variance: 7.61097e-01 (8.16319e-01), Accept ratio: 0.47360, 
INFO:root:Epoch  2427, Energy: -1.09055e+02 (-1.09060e+02), Variance: 7.44434e-01 (8.70739e-01), Accept ratio: 0.46552, 
INFO:root:Epoch  2428, Energy: -1.09046e+02 (-1.09049e+02), Variance: 9.22665e-01 (1.30616e+00), Accept ratio: 0.46765, 
INFO:root:Epoch  2429, Energy: -1.09026e+02 (-1.09026e+02), Variance: 8.47137e-01 (1.06261e+00), Accept ratio: 0.46567, 
INFO:root:Epoch  2430, Energy: -1.09037e+02 (-1.09023e+02), Variance: 8.94697e-01 (1.60970e+00), Accept ratio: 0.46467, 
INFO:root:Epoch  2431, Energy: -1.09023e+02 (-1.09009e+02), Variance: 8.79260e-01 (1.09302e+00), Accept ratio: 0.47523, 
INFO:root:Epoch  2432, Energy: -1.09045e+02 (-1.09053e+02), Variance: 8.97859e-01 (1.08675e+00), Accept ratio: 0.46705, 
INFO:root:Epoch  2433, Energy: -1.09005e+02 (-1.08987e+02), Variance: 9.11144e-01 (2.75404e+00), Accept ratio: 0.47448, 
INFO:root:Epoch  2434, Energy: -1.09018e+02 (-1.09041e+02), Variance: 8.47607e-01 (1.42280e+00), Accept ratio: 0.47170, 
INFO:root:Epoch  2435, Energy: -1.08982e+02 (-1.08964e+02), Variance: 8.65870e-01 (1.12281e+00), Accept ratio: 0.46576, 
INFO:root:Epoch  2436, Energy: -1.09056e+02 (-1.09054e+02), Variance: 7.79846e-01 (1.01933e+00), Accept ratio: 0.47180, 
INFO:root:Epoch  2437, Energy: -1.09047e+02 (-1.09042e+02), Variance: 8.38309e-01 (9.11465e-01), Accept ratio: 0.46706, 
INFO:root:Epoch  2438, Energy: -1.09073e+02 (-1.09067e+02), Variance: 8.85729e-01 (1.35454e+00), Accept ratio: 0.46705, 
INFO:root:Epoch  2439, Energy: -1.09023e+02 (-1.09036e+02), Variance: 8.13338e-01 (1.05823e+00), Accept ratio: 0.47011, 
INFO:root:Epoch  2440, Energy: -1.09019e+02 (-1.09011e+02), Variance: 8.20412e-01 (9.68134e-01), Accept ratio: 0.47147, 
INFO:root:Epoch  2441, Energy: -1.08989e+02 (-1.08981e+02), Variance: 8.14778e-01 (1.08342e+00), Accept ratio: 0.47380, 
INFO:root:Epoch  2442, Energy: -1.09017e+02 (-1.09004e+02), Variance: 9.29627e-01 (1.24810e+00), Accept ratio: 0.46328, 
INFO:root:Epoch  2443, Energy: -1.08989e+02 (-1.08953e+02), Variance: 8.88084e-01 (1.65484e+00), Accept ratio: 0.46714, 
INFO:root:Epoch  2444, Energy: -1.09013e+02 (-1.09000e+02), Variance: 8.35592e-01 (1.01939e+00), Accept ratio: 0.46487, 
INFO:root:Epoch  2445, Energy: -1.08983e+02 (-1.08987e+02), Variance: 7.99815e-01 (9.35819e-01), Accept ratio: 0.47619, 
INFO:root:Epoch  2446, Energy: -1.09036e+02 (-1.09038e+02), Variance: 8.66782e-01 (1.30409e+00), Accept ratio: 0.47097, 
INFO:root:Epoch  2447, Energy: -1.09079e+02 (-1.09070e+02), Variance: 8.67686e-01 (1.60899e+00), Accept ratio: 0.47329, 
INFO:root:Epoch  2448, Energy: -1.09001e+02 (-1.09015e+02), Variance: 8.72332e-01 (1.33955e+00), Accept ratio: 0.47548, 
INFO:root:Epoch  2449, Energy: -1.09001e+02 (-1.08988e+02), Variance: 8.53297e-01 (1.00116e+00), Accept ratio: 0.47293, 
INFO:root:Epoch  2450, Energy: -1.09037e+02 (-1.09065e+02), Variance: 8.56978e-01 (1.72308e+00), Accept ratio: 0.46782, 
INFO:root:Epoch  2451, Energy: -1.09054e+02 (-1.09038e+02), Variance: 8.39161e-01 (1.48567e+00), Accept ratio: 0.46933, 
INFO:root:Epoch  2452, Energy: -1.09001e+02 (-1.08984e+02), Variance: 7.56504e-01 (1.23649e+00), Accept ratio: 0.46241, 
INFO:root:Epoch  2453, Energy: -1.09009e+02 (-1.08928e+02), Variance: 9.11434e-01 (1.10145e+01), Accept ratio: 0.46867, 
INFO:root:Epoch  2454, Energy: -1.09012e+02 (-1.09034e+02), Variance: 8.30782e-01 (1.61331e+00), Accept ratio: 0.46290, 
INFO:root:Epoch  2455, Energy: -1.09035e+02 (-1.09031e+02), Variance: 7.01122e-01 (8.36538e-01), Accept ratio: 0.46207, 
INFO:root:Epoch  2456, Energy: -1.09041e+02 (-1.09013e+02), Variance: 7.78469e-01 (2.17193e+00), Accept ratio: 0.46408, 
INFO:root:Epoch  2457, Energy: -1.09036e+02 (-1.09006e+02), Variance: 7.71935e-01 (2.01937e+00), Accept ratio: 0.46392, 
INFO:root:Epoch  2458, Energy: -1.08991e+02 (-1.08988e+02), Variance: 7.56223e-01 (8.79198e-01), Accept ratio: 0.46486, 
INFO:root:Epoch  2459, Energy: -1.09015e+02 (-1.09010e+02), Variance: 7.52459e-01 (9.22211e-01), Accept ratio: 0.46463, 
INFO:root:Epoch  2460, Energy: -1.09013e+02 (-1.09021e+02), Variance: 7.81169e-01 (1.02789e+00), Accept ratio: 0.47365, 
INFO:root:Epoch  2461, Energy: -1.09050e+02 (-1.09065e+02), Variance: 8.99874e-01 (1.11117e+00), Accept ratio: 0.47454, 
INFO:root:Epoch  2462, Energy: -1.09065e+02 (-1.09064e+02), Variance: 8.53337e-01 (1.17804e+00), Accept ratio: 0.46666, 
INFO:root:Epoch  2463, Energy: -1.09016e+02 (-1.09009e+02), Variance: 8.23258e-01 (1.19523e+00), Accept ratio: 0.46519, 
INFO:root:Epoch  2464, Energy: -1.09047e+02 (-1.09039e+02), Variance: 9.10769e-01 (1.16127e+00), Accept ratio: 0.47551, 
INFO:root:Epoch  2465, Energy: -1.09022e+02 (-1.09032e+02), Variance: 8.28596e-01 (9.47385e-01), Accept ratio: 0.47494, 
INFO:root:Epoch  2466, Energy: -1.08986e+02 (-1.09004e+02), Variance: 8.44342e-01 (1.21371e+00), Accept ratio: 0.47450, 
INFO:root:Epoch  2467, Energy: -1.09048e+02 (-1.09039e+02), Variance: 7.77319e-01 (9.71553e-01), Accept ratio: 0.47229, 
INFO:root:Epoch  2468, Energy: -1.09019e+02 (-1.09006e+02), Variance: 8.41562e-01 (1.08754e+00), Accept ratio: 0.46499, 
INFO:root:Epoch  2469, Energy: -1.09006e+02 (-1.09011e+02), Variance: 9.25538e-01 (1.25581e+00), Accept ratio: 0.46663, 
INFO:root:Epoch  2470, Energy: -1.08979e+02 (-1.08972e+02), Variance: 8.73986e-01 (1.04083e+00), Accept ratio: 0.46467, 
INFO:root:Epoch  2471, Energy: -1.09031e+02 (-1.09025e+02), Variance: 7.23659e-01 (8.04720e-01), Accept ratio: 0.46323, 
INFO:root:Epoch  2472, Energy: -1.09061e+02 (-1.09067e+02), Variance: 8.64086e-01 (1.16046e+00), Accept ratio: 0.46918, 
INFO:root:Epoch  2473, Energy: -1.09065e+02 (-1.09074e+02), Variance: 8.80558e-01 (1.22492e+00), Accept ratio: 0.46984, 
INFO:root:Epoch  2474, Energy: -1.09054e+02 (-1.09058e+02), Variance: 7.95417e-01 (1.33136e+00), Accept ratio: 0.46841, 
INFO:root:Epoch  2475, Energy: -1.09038e+02 (-1.09034e+02), Variance: 7.67550e-01 (8.55263e-01), Accept ratio: 0.47150, 
INFO:root:Epoch  2476, Energy: -1.09006e+02 (-1.08979e+02), Variance: 7.91957e-01 (1.18660e+00), Accept ratio: 0.46798, 
INFO:root:Epoch  2477, Energy: -1.09018e+02 (-1.09006e+02), Variance: 8.16251e-01 (1.00981e+00), Accept ratio: 0.47105, 
INFO:root:Epoch  2478, Energy: -1.08965e+02 (-1.08963e+02), Variance: 7.24496e-01 (8.35094e-01), Accept ratio: 0.47525, 
INFO:root:Epoch  2479, Energy: -1.09039e+02 (-1.09049e+02), Variance: 7.59830e-01 (9.70894e-01), Accept ratio: 0.47703, 
INFO:root:Epoch  2480, Energy: -1.09044e+02 (-1.09015e+02), Variance: 8.42716e-01 (1.29782e+00), Accept ratio: 0.47132, 
INFO:root:Epoch  2481, Energy: -1.09028e+02 (-1.09022e+02), Variance: 8.79076e-01 (1.16621e+00), Accept ratio: 0.47350, 
INFO:root:Epoch  2482, Energy: -1.09042e+02 (-1.09054e+02), Variance: 8.40756e-01 (1.14422e+00), Accept ratio: 0.47133, 
INFO:root:Epoch  2483, Energy: -1.08991e+02 (-1.08966e+02), Variance: 8.33665e-01 (1.10478e+00), Accept ratio: 0.46518, 
INFO:root:Epoch  2484, Energy: -1.08906e+02 (-1.08892e+02), Variance: 9.24740e-01 (1.41998e+00), Accept ratio: 0.46856, 
INFO:root:Epoch  2485, Energy: -1.08970e+02 (-1.08955e+02), Variance: 8.45213e-01 (1.05452e+00), Accept ratio: 0.46574, 
INFO:root:Epoch  2486, Energy: -1.08976e+02 (-1.08955e+02), Variance: 8.59031e-01 (1.72678e+00), Accept ratio: 0.46820, 
INFO:root:Epoch  2487, Energy: -1.09011e+02 (-1.08996e+02), Variance: 8.62360e-01 (1.18453e+00), Accept ratio: 0.47143, 
INFO:root:Epoch  2488, Energy: -1.09026e+02 (-1.09028e+02), Variance: 8.86473e-01 (1.09693e+00), Accept ratio: 0.46317, 
INFO:root:Epoch  2489, Energy: -1.09021e+02 (-1.09044e+02), Variance: 9.06388e-01 (1.28770e+00), Accept ratio: 0.46266, 
INFO:root:Epoch  2490, Energy: -1.09048e+02 (-1.09039e+02), Variance: 7.84528e-01 (9.21326e-01), Accept ratio: 0.47275, 
INFO:root:Epoch  2491, Energy: -1.09027e+02 (-1.09028e+02), Variance: 8.57203e-01 (1.13001e+00), Accept ratio: 0.46721, 
INFO:root:Epoch  2492, Energy: -1.09043e+02 (-1.09048e+02), Variance: 7.80876e-01 (1.47872e+00), Accept ratio: 0.46463, 
INFO:root:Epoch  2493, Energy: -1.09011e+02 (-1.09014e+02), Variance: 7.57319e-01 (8.15375e-01), Accept ratio: 0.46977, 
INFO:root:Epoch  2494, Energy: -1.08960e+02 (-1.08938e+02), Variance: 8.33224e-01 (1.18897e+00), Accept ratio: 0.47085, 
INFO:root:Epoch  2495, Energy: -1.08955e+02 (-1.08942e+02), Variance: 8.75451e-01 (1.44461e+00), Accept ratio: 0.47320, 
INFO:root:Epoch  2496, Energy: -1.09001e+02 (-1.09004e+02), Variance: 8.04022e-01 (9.74218e-01), Accept ratio: 0.47025, 
INFO:root:Epoch  2497, Energy: -1.09013e+02 (-1.09023e+02), Variance: 8.15587e-01 (1.06895e+00), Accept ratio: 0.46663, 
INFO:root:Epoch  2498, Energy: -1.08996e+02 (-1.08993e+02), Variance: 8.06399e-01 (1.51799e+00), Accept ratio: 0.47564, 
INFO:root:Epoch  2499, Energy: -1.09004e+02 (-1.08996e+02), Variance: 8.14266e-01 (8.95537e-01), Accept ratio: 0.47380, 
INFO:root:Epoch  2500, Energy: -1.09016e+02 (-1.09016e+02), Variance: 8.38116e-01 (8.75719e-01), Accept ratio: 0.46894, , best weights saved
INFO:root:Epoch  2501, Energy: -1.09055e+02 (-1.09050e+02), Variance: 7.81245e-01 (9.43437e-01), Accept ratio: 0.47221, 
INFO:root:Epoch  2502, Energy: -1.09088e+02 (-1.09085e+02), Variance: 7.90907e-01 (9.34141e-01), Accept ratio: 0.46527, 
INFO:root:Epoch  2503, Energy: -1.09034e+02 (-1.09028e+02), Variance: 7.88671e-01 (8.89181e-01), Accept ratio: 0.46495, 
INFO:root:Epoch  2504, Energy: -1.09040e+02 (-1.09043e+02), Variance: 7.77263e-01 (1.04832e+00), Accept ratio: 0.47286, 
INFO:root:Epoch  2505, Energy: -1.08995e+02 (-1.09007e+02), Variance: 8.56769e-01 (1.19557e+00), Accept ratio: 0.47347, 
INFO:root:Epoch  2506, Energy: -1.09020e+02 (-1.09009e+02), Variance: 8.74995e-01 (1.17423e+00), Accept ratio: 0.47380, 
INFO:root:Epoch  2507, Energy: -1.09017e+02 (-1.09030e+02), Variance: 8.79675e-01 (2.00996e+00), Accept ratio: 0.46972, 
INFO:root:Epoch  2508, Energy: -1.08982e+02 (-1.08971e+02), Variance: 8.86655e-01 (1.12631e+00), Accept ratio: 0.47549, 
INFO:root:Epoch  2509, Energy: -1.09010e+02 (-1.08986e+02), Variance: 7.35604e-01 (1.85142e+00), Accept ratio: 0.47294, 
INFO:root:Epoch  2510, Energy: -1.09006e+02 (-1.09005e+02), Variance: 7.73945e-01 (1.26505e+00), Accept ratio: 0.46915, 
INFO:root:Epoch  2511, Energy: -1.08991e+02 (-1.08972e+02), Variance: 7.97558e-01 (1.84253e+00), Accept ratio: 0.48307, 
INFO:root:Epoch  2512, Energy: -1.09006e+02 (-1.08990e+02), Variance: 8.00851e-01 (1.08001e+00), Accept ratio: 0.46708, 
INFO:root:Epoch  2513, Energy: -1.08997e+02 (-1.08974e+02), Variance: 8.83351e-01 (1.49593e+00), Accept ratio: 0.47819, 
INFO:root:Epoch  2514, Energy: -1.09024e+02 (-1.09006e+02), Variance: 8.77709e-01 (1.11165e+00), Accept ratio: 0.47196, 
INFO:root:Epoch  2515, Energy: -1.09010e+02 (-1.09024e+02), Variance: 9.34622e-01 (2.52460e+00), Accept ratio: 0.46805, 
INFO:root:Epoch  2516, Energy: -1.09085e+02 (-1.09089e+02), Variance: 9.48780e-01 (1.27752e+00), Accept ratio: 0.46784, 
INFO:root:Epoch  2517, Energy: -1.09012e+02 (-1.09020e+02), Variance: 8.98232e-01 (1.14421e+00), Accept ratio: 0.46981, 
INFO:root:Epoch  2518, Energy: -1.09030e+02 (-1.09087e+02), Variance: 8.94909e-01 (4.82067e+00), Accept ratio: 0.46690, 
INFO:root:Epoch  2519, Energy: -1.09073e+02 (-1.09079e+02), Variance: 8.13006e-01 (1.00337e+00), Accept ratio: 0.47128, 
INFO:root:Epoch  2520, Energy: -1.09045e+02 (-1.09043e+02), Variance: 9.00202e-01 (2.71737e+00), Accept ratio: 0.47185, 
INFO:root:Epoch  2521, Energy: -1.09056e+02 (-1.09060e+02), Variance: 7.60539e-01 (1.31175e+00), Accept ratio: 0.46699, 
INFO:root:Epoch  2522, Energy: -1.09027e+02 (-1.09021e+02), Variance: 6.81091e-01 (7.91194e-01), Accept ratio: 0.47422, 
INFO:root:Epoch  2523, Energy: -1.09052e+02 (-1.09046e+02), Variance: 8.77920e-01 (1.08464e+00), Accept ratio: 0.47396, 
INFO:root:Epoch  2524, Energy: -1.09010e+02 (-1.08993e+02), Variance: 8.01108e-01 (1.00692e+00), Accept ratio: 0.47302, 
INFO:root:Epoch  2525, Energy: -1.09008e+02 (-1.09003e+02), Variance: 7.31879e-01 (8.82059e-01), Accept ratio: 0.46959, 
INFO:root:Epoch  2526, Energy: -1.09011e+02 (-1.09005e+02), Variance: 9.28374e-01 (1.29402e+00), Accept ratio: 0.46822, 
INFO:root:Epoch  2527, Energy: -1.09033e+02 (-1.09037e+02), Variance: 8.50141e-01 (1.16116e+00), Accept ratio: 0.47384, 
INFO:root:Epoch  2528, Energy: -1.08976e+02 (-1.08980e+02), Variance: 8.72823e-01 (1.13352e+00), Accept ratio: 0.46666, 
INFO:root:Epoch  2529, Energy: -1.09002e+02 (-1.08996e+02), Variance: 8.71496e-01 (9.42949e-01), Accept ratio: 0.48019, 
INFO:root:Epoch  2530, Energy: -1.08988e+02 (-1.08924e+02), Variance: 9.32979e-01 (5.47290e+00), Accept ratio: 0.46734, 
INFO:root:Epoch  2531, Energy: -1.09067e+02 (-1.09097e+02), Variance: 1.02337e+00 (2.10764e+00), Accept ratio: 0.46398, 
INFO:root:Epoch  2532, Energy: -1.09028e+02 (-1.08998e+02), Variance: 9.37791e-01 (1.91988e+00), Accept ratio: 0.46409, 
INFO:root:Epoch  2533, Energy: -1.08989e+02 (-1.08961e+02), Variance: 8.25024e-01 (1.22978e+00), Accept ratio: 0.47644, 
INFO:root:Epoch  2534, Energy: -1.08960e+02 (-1.08951e+02), Variance: 8.70225e-01 (1.34977e+00), Accept ratio: 0.46554, 
INFO:root:Epoch  2535, Energy: -1.08986e+02 (-1.08986e+02), Variance: 8.60793e-01 (1.63987e+00), Accept ratio: 0.46564, 
INFO:root:Epoch  2536, Energy: -1.09011e+02 (-1.09012e+02), Variance: 7.89091e-01 (1.01502e+00), Accept ratio: 0.47324, 
INFO:root:Epoch  2537, Energy: -1.08985e+02 (-1.08948e+02), Variance: 8.19090e-01 (1.37185e+00), Accept ratio: 0.47048, 
INFO:root:Epoch  2538, Energy: -1.08990e+02 (-1.08998e+02), Variance: 8.11502e-01 (1.10373e+00), Accept ratio: 0.46544, 
INFO:root:Epoch  2539, Energy: -1.09003e+02 (-1.09023e+02), Variance: 9.69695e-01 (1.34942e+00), Accept ratio: 0.47377, 
INFO:root:Epoch  2540, Energy: -1.09012e+02 (-1.09011e+02), Variance: 9.16330e-01 (1.09873e+00), Accept ratio: 0.46316, 
INFO:root:Epoch  2541, Energy: -1.08981e+02 (-1.09004e+02), Variance: 8.77559e-01 (2.40893e+00), Accept ratio: 0.47013, 
INFO:root:Epoch  2542, Energy: -1.08917e+02 (-1.08907e+02), Variance: 9.10014e-01 (1.24209e+00), Accept ratio: 0.46331, 
INFO:root:Epoch  2543, Energy: -1.09006e+02 (-1.09003e+02), Variance: 7.92028e-01 (1.04473e+00), Accept ratio: 0.47100, 
INFO:root:Epoch  2544, Energy: -1.09000e+02 (-1.09034e+02), Variance: 9.85084e-01 (1.87930e+00), Accept ratio: 0.46050, 
INFO:root:Epoch  2545, Energy: -1.09023e+02 (-1.09016e+02), Variance: 8.14941e-01 (9.40279e-01), Accept ratio: 0.46757, 
INFO:root:Epoch  2546, Energy: -1.09051e+02 (-1.09009e+02), Variance: 8.27082e-01 (1.70580e+00), Accept ratio: 0.46701, 
INFO:root:Epoch  2547, Energy: -1.09043e+02 (-1.09052e+02), Variance: 8.15351e-01 (1.16372e+00), Accept ratio: 0.46544, 
INFO:root:Epoch  2548, Energy: -1.09081e+02 (-1.09087e+02), Variance: 8.89561e-01 (1.01715e+00), Accept ratio: 0.46892, 
INFO:root:Epoch  2549, Energy: -1.09035e+02 (-1.09041e+02), Variance: 8.83586e-01 (2.77222e+00), Accept ratio: 0.46473, 
INFO:root:Epoch  2550, Energy: -1.09071e+02 (-1.09097e+02), Variance: 8.16280e-01 (2.97372e+00), Accept ratio: 0.46924, 
INFO:root:Epoch  2551, Energy: -1.09014e+02 (-1.09053e+02), Variance: 8.32199e-01 (2.47064e+00), Accept ratio: 0.46539, 
INFO:root:Epoch  2552, Energy: -1.09038e+02 (-1.09001e+02), Variance: 7.74654e-01 (5.28194e+00), Accept ratio: 0.46510, 
INFO:root:Epoch  2553, Energy: -1.08992e+02 (-1.08998e+02), Variance: 8.83816e-01 (1.41013e+00), Accept ratio: 0.47496, 
INFO:root:Epoch  2554, Energy: -1.09043e+02 (-1.09061e+02), Variance: 8.02547e-01 (1.38273e+00), Accept ratio: 0.46714, 
INFO:root:Epoch  2555, Energy: -1.09046e+02 (-1.09043e+02), Variance: 8.35064e-01 (1.02067e+00), Accept ratio: 0.46544, 
INFO:root:Epoch  2556, Energy: -1.09041e+02 (-1.09036e+02), Variance: 8.38840e-01 (1.11769e+00), Accept ratio: 0.46845, 
INFO:root:Epoch  2557, Energy: -1.09034e+02 (-1.09045e+02), Variance: 8.23485e-01 (1.14676e+00), Accept ratio: 0.47027, 
INFO:root:Epoch  2558, Energy: -1.09041e+02 (-1.09050e+02), Variance: 9.40875e-01 (1.75106e+00), Accept ratio: 0.47182, 
INFO:root:Epoch  2559, Energy: -1.09018e+02 (-1.09019e+02), Variance: 8.86990e-01 (1.03465e+00), Accept ratio: 0.47168, 
INFO:root:Epoch  2560, Energy: -1.09028e+02 (-1.09031e+02), Variance: 8.07957e-01 (9.71564e-01), Accept ratio: 0.46866, 
INFO:root:Epoch  2561, Energy: -1.09067e+02 (-1.09064e+02), Variance: 8.41117e-01 (1.00373e+00), Accept ratio: 0.46807, 
INFO:root:Epoch  2562, Energy: -1.09087e+02 (-1.09093e+02), Variance: 7.77691e-01 (9.07076e-01), Accept ratio: 0.46278, 
INFO:root:Epoch  2563, Energy: -1.09083e+02 (-1.09086e+02), Variance: 8.92755e-01 (1.20979e+00), Accept ratio: 0.46824, 
INFO:root:Epoch  2564, Energy: -1.09045e+02 (-1.09044e+02), Variance: 8.54947e-01 (1.06700e+00), Accept ratio: 0.46022, 
INFO:root:Epoch  2565, Energy: -1.08976e+02 (-1.08931e+02), Variance: 8.65854e-01 (1.95177e+00), Accept ratio: 0.46293, 
INFO:root:Epoch  2566, Energy: -1.09012e+02 (-1.09029e+02), Variance: 7.85711e-01 (1.58631e+00), Accept ratio: 0.47379, 
INFO:root:Epoch  2567, Energy: -1.09034e+02 (-1.09048e+02), Variance: 7.20219e-01 (1.07575e+00), Accept ratio: 0.47327, 
INFO:root:Epoch  2568, Energy: -1.09018e+02 (-1.08999e+02), Variance: 8.06733e-01 (1.26133e+00), Accept ratio: 0.46721, 
INFO:root:Epoch  2569, Energy: -1.08986e+02 (-1.08993e+02), Variance: 7.95201e-01 (1.02066e+00), Accept ratio: 0.46993, 
INFO:root:Epoch  2570, Energy: -1.09065e+02 (-1.09067e+02), Variance: 6.48738e-01 (7.73486e-01), Accept ratio: 0.46851, 
INFO:root:Epoch  2571, Energy: -1.09016e+02 (-1.09006e+02), Variance: 8.41232e-01 (1.12294e+00), Accept ratio: 0.46831, 
INFO:root:Epoch  2572, Energy: -1.09036e+02 (-1.09023e+02), Variance: 8.47588e-01 (1.07862e+00), Accept ratio: 0.46591, 
INFO:root:Epoch  2573, Energy: -1.08995e+02 (-1.08991e+02), Variance: 8.64984e-01 (1.16161e+00), Accept ratio: 0.47137, 
INFO:root:Epoch  2574, Energy: -1.09033e+02 (-1.09027e+02), Variance: 7.91463e-01 (9.00650e-01), Accept ratio: 0.47208, 
INFO:root:Epoch  2575, Energy: -1.08986e+02 (-1.08972e+02), Variance: 8.07237e-01 (1.02528e+00), Accept ratio: 0.47549, 
INFO:root:Epoch  2576, Energy: -1.09058e+02 (-1.09117e+02), Variance: 7.16320e-01 (2.72285e+00), Accept ratio: 0.46995, 
INFO:root:Epoch  2577, Energy: -1.09035e+02 (-1.09057e+02), Variance: 8.27728e-01 (1.47564e+00), Accept ratio: 0.47144, 
INFO:root:Epoch  2578, Energy: -1.09014e+02 (-1.09014e+02), Variance: 9.32062e-01 (1.20293e+00), Accept ratio: 0.47041, 
INFO:root:Epoch  2579, Energy: -1.09042e+02 (-1.09040e+02), Variance: 8.97888e-01 (1.14019e+00), Accept ratio: 0.47267, 
INFO:root:Epoch  2580, Energy: -1.09027e+02 (-1.09022e+02), Variance: 8.98352e-01 (1.08539e+00), Accept ratio: 0.47140, 
INFO:root:Epoch  2581, Energy: -1.09030e+02 (-1.09033e+02), Variance: 7.49323e-01 (8.47138e-01), Accept ratio: 0.47066, 
INFO:root:Epoch  2582, Energy: -1.09031e+02 (-1.09036e+02), Variance: 7.27326e-01 (9.20510e-01), Accept ratio: 0.46679, 
INFO:root:Epoch  2583, Energy: -1.08976e+02 (-1.08995e+02), Variance: 7.34206e-01 (1.13462e+00), Accept ratio: 0.46816, 
INFO:root:Epoch  2584, Energy: -1.08941e+02 (-1.08977e+02), Variance: 8.67143e-01 (2.71666e+00), Accept ratio: 0.47805, 
INFO:root:Epoch  2585, Energy: -1.09026e+02 (-1.09023e+02), Variance: 8.42754e-01 (9.65366e-01), Accept ratio: 0.46760, 
INFO:root:Epoch  2586, Energy: -1.08989e+02 (-1.08994e+02), Variance: 8.23055e-01 (9.54488e-01), Accept ratio: 0.46562, 
INFO:root:Epoch  2587, Energy: -1.08987e+02 (-1.08968e+02), Variance: 8.18916e-01 (1.18650e+00), Accept ratio: 0.46777, 
INFO:root:Epoch  2588, Energy: -1.08997e+02 (-1.08991e+02), Variance: 7.59840e-01 (8.58114e-01), Accept ratio: 0.47716, 
INFO:root:Epoch  2589, Energy: -1.09029e+02 (-1.09008e+02), Variance: 9.79292e-01 (1.43918e+00), Accept ratio: 0.47423, 
INFO:root:Epoch  2590, Energy: -1.08993e+02 (-1.08967e+02), Variance: 8.86844e-01 (2.32701e+00), Accept ratio: 0.46695, 
INFO:root:Epoch  2591, Energy: -1.08971e+02 (-1.08949e+02), Variance: 9.00005e-01 (1.44462e+00), Accept ratio: 0.46994, 
INFO:root:Epoch  2592, Energy: -1.09066e+02 (-1.09065e+02), Variance: 7.89520e-01 (9.23613e-01), Accept ratio: 0.47068, 
INFO:root:Epoch  2593, Energy: -1.09030e+02 (-1.09026e+02), Variance: 8.23542e-01 (1.48986e+00), Accept ratio: 0.46623, 
INFO:root:Epoch  2594, Energy: -1.09025e+02 (-1.08949e+02), Variance: 8.30365e-01 (4.89257e+00), Accept ratio: 0.47242, 
INFO:root:Epoch  2595, Energy: -1.09032e+02 (-1.09051e+02), Variance: 9.25015e-01 (1.76995e+00), Accept ratio: 0.46723, 
INFO:root:Epoch  2596, Energy: -1.09040e+02 (-1.09044e+02), Variance: 7.80178e-01 (9.04523e-01), Accept ratio: 0.47220, 
INFO:root:Epoch  2597, Energy: -1.09016e+02 (-1.08999e+02), Variance: 7.43365e-01 (1.07531e+00), Accept ratio: 0.46784, 
INFO:root:Epoch  2598, Energy: -1.08979e+02 (-1.09000e+02), Variance: 7.41879e-01 (1.12942e+00), Accept ratio: 0.46973, 
INFO:root:Epoch  2599, Energy: -1.09007e+02 (-1.08994e+02), Variance: 9.15804e-01 (2.31893e+00), Accept ratio: 0.46541, 
INFO:root:Epoch  2600, Energy: -1.09022e+02 (-1.09022e+02), Variance: 7.94631e-01 (1.03380e+00), Accept ratio: 0.47047, , best weights saved
INFO:root:Epoch  2601, Energy: -1.09019e+02 (-1.09017e+02), Variance: 8.10409e-01 (1.64119e+00), Accept ratio: 0.47253, 
INFO:root:Epoch  2602, Energy: -1.09035e+02 (-1.09043e+02), Variance: 8.03966e-01 (9.64441e-01), Accept ratio: 0.47235, 
INFO:root:Epoch  2603, Energy: -1.09024e+02 (-1.09021e+02), Variance: 6.77635e-01 (9.86645e-01), Accept ratio: 0.46816, 
INFO:root:Epoch  2604, Energy: -1.09014e+02 (-1.09013e+02), Variance: 7.17046e-01 (1.02925e+00), Accept ratio: 0.46876, 
INFO:root:Epoch  2605, Energy: -1.09025e+02 (-1.09003e+02), Variance: 8.07819e-01 (1.11325e+00), Accept ratio: 0.47601, 
INFO:root:Epoch  2606, Energy: -1.09016e+02 (-1.09018e+02), Variance: 7.63813e-01 (8.72370e-01), Accept ratio: 0.46522, 
INFO:root:Epoch  2607, Energy: -1.09042e+02 (-1.09100e+02), Variance: 8.56074e-01 (2.02714e+00), Accept ratio: 0.46650, 
INFO:root:Epoch  2608, Energy: -1.09023e+02 (-1.09043e+02), Variance: 7.29067e-01 (1.08004e+00), Accept ratio: 0.46675, 
INFO:root:Epoch  2609, Energy: -1.08995e+02 (-1.08992e+02), Variance: 7.63363e-01 (1.07077e+00), Accept ratio: 0.46566, 
INFO:root:Epoch  2610, Energy: -1.09022e+02 (-1.09036e+02), Variance: 9.06667e-01 (1.26612e+00), Accept ratio: 0.46953, 
INFO:root:Epoch  2611, Energy: -1.09038e+02 (-1.09056e+02), Variance: 8.67162e-01 (1.45151e+00), Accept ratio: 0.47603, 
INFO:root:Epoch  2612, Energy: -1.09016e+02 (-1.08985e+02), Variance: 8.05577e-01 (2.18440e+00), Accept ratio: 0.46392, 
INFO:root:Epoch  2613, Energy: -1.08992e+02 (-1.08972e+02), Variance: 9.34933e-01 (1.61257e+00), Accept ratio: 0.46556, 
INFO:root:Epoch  2614, Energy: -1.09037e+02 (-1.09038e+02), Variance: 7.67862e-01 (1.14822e+00), Accept ratio: 0.47405, 
INFO:root:Epoch  2615, Energy: -1.09062e+02 (-1.09044e+02), Variance: 8.50993e-01 (2.46787e+00), Accept ratio: 0.47870, 
INFO:root:Epoch  2616, Energy: -1.09053e+02 (-1.09024e+02), Variance: 8.84513e-01 (1.41139e+00), Accept ratio: 0.47239, 
INFO:root:Epoch  2617, Energy: -1.09045e+02 (-1.09070e+02), Variance: 7.92470e-01 (1.28625e+00), Accept ratio: 0.47147, 
INFO:root:Epoch  2618, Energy: -1.09041e+02 (-1.09028e+02), Variance: 8.30129e-01 (1.16473e+00), Accept ratio: 0.46832, 
INFO:root:Epoch  2619, Energy: -1.09011e+02 (-1.09021e+02), Variance: 8.54431e-01 (1.33287e+00), Accept ratio: 0.47006, 
INFO:root:Epoch  2620, Energy: -1.09047e+02 (-1.09044e+02), Variance: 7.76463e-01 (8.86402e-01), Accept ratio: 0.46989, 
INFO:root:Epoch  2621, Energy: -1.09041e+02 (-1.09042e+02), Variance: 8.68268e-01 (1.60766e+00), Accept ratio: 0.47007, 
INFO:root:Epoch  2622, Energy: -1.09014e+02 (-1.09022e+02), Variance: 7.63800e-01 (8.82896e-01), Accept ratio: 0.46910, 
INFO:root:Epoch  2623, Energy: -1.09030e+02 (-1.09042e+02), Variance: 9.17032e-01 (1.35560e+00), Accept ratio: 0.47077, 
INFO:root:Epoch  2624, Energy: -1.08995e+02 (-1.08987e+02), Variance: 8.22614e-01 (1.03363e+00), Accept ratio: 0.46914, 
INFO:root:Epoch  2625, Energy: -1.09020e+02 (-1.08997e+02), Variance: 9.46274e-01 (2.66780e+00), Accept ratio: 0.46964, 
INFO:root:Epoch  2626, Energy: -1.09029e+02 (-1.09021e+02), Variance: 8.30574e-01 (1.04198e+00), Accept ratio: 0.46848, 
INFO:root:Epoch  2627, Energy: -1.09055e+02 (-1.09066e+02), Variance: 8.70426e-01 (1.15669e+00), Accept ratio: 0.47432, 
INFO:root:Epoch  2628, Energy: -1.09055e+02 (-1.09024e+02), Variance: 8.28962e-01 (1.88398e+00), Accept ratio: 0.46823, 
INFO:root:Epoch  2629, Energy: -1.09045e+02 (-1.09065e+02), Variance: 7.06685e-01 (1.30092e+00), Accept ratio: 0.47361, 
INFO:root:Epoch  2630, Energy: -1.09068e+02 (-1.09077e+02), Variance: 8.96267e-01 (1.40720e+00), Accept ratio: 0.46330, 
INFO:root:Epoch  2631, Energy: -1.09010e+02 (-1.09012e+02), Variance: 7.98847e-01 (9.74725e-01), Accept ratio: 0.47242, 
INFO:root:Epoch  2632, Energy: -1.09025e+02 (-1.09021e+02), Variance: 7.02181e-01 (8.45621e-01), Accept ratio: 0.47372, 
INFO:root:Epoch  2633, Energy: -1.09076e+02 (-1.09077e+02), Variance: 7.10726e-01 (8.26292e-01), Accept ratio: 0.47292, 
INFO:root:Epoch  2634, Energy: -1.09054e+02 (-1.09054e+02), Variance: 7.55828e-01 (9.97661e-01), Accept ratio: 0.47694, 
INFO:root:Epoch  2635, Energy: -1.09021e+02 (-1.08998e+02), Variance: 7.73113e-01 (1.28045e+00), Accept ratio: 0.46710, 
INFO:root:Epoch  2636, Energy: -1.09057e+02 (-1.09056e+02), Variance: 7.57027e-01 (8.86776e-01), Accept ratio: 0.47253, 
INFO:root:Epoch  2637, Energy: -1.09033e+02 (-1.09051e+02), Variance: 8.18073e-01 (1.11625e+00), Accept ratio: 0.47522, 
INFO:root:Epoch  2638, Energy: -1.09043e+02 (-1.09061e+02), Variance: 7.19526e-01 (1.10603e+00), Accept ratio: 0.46581, 
INFO:root:Epoch  2639, Energy: -1.09038e+02 (-1.09017e+02), Variance: 7.81142e-01 (1.46895e+00), Accept ratio: 0.46682, 
INFO:root:Epoch  2640, Energy: -1.09034e+02 (-1.09032e+02), Variance: 7.22269e-01 (9.50940e-01), Accept ratio: 0.47636, 
INFO:root:Epoch  2641, Energy: -1.09022e+02 (-1.09023e+02), Variance: 7.65568e-01 (9.85013e-01), Accept ratio: 0.46833, 
INFO:root:Epoch  2642, Energy: -1.09041e+02 (-1.09046e+02), Variance: 7.14588e-01 (8.70206e-01), Accept ratio: 0.47288, 
INFO:root:Epoch  2643, Energy: -1.09035e+02 (-1.09034e+02), Variance: 7.10244e-01 (7.95275e-01), Accept ratio: 0.46343, 
INFO:root:Epoch  2644, Energy: -1.09053e+02 (-1.09062e+02), Variance: 7.69614e-01 (9.17123e-01), Accept ratio: 0.46260, 
INFO:root:Epoch  2645, Energy: -1.09019e+02 (-1.09004e+02), Variance: 8.19142e-01 (1.16938e+00), Accept ratio: 0.47424, 
INFO:root:Epoch  2646, Energy: -1.09018e+02 (-1.09022e+02), Variance: 8.17489e-01 (1.28944e+00), Accept ratio: 0.46515, 
INFO:root:Epoch  2647, Energy: -1.09056e+02 (-1.09067e+02), Variance: 7.80518e-01 (8.95306e-01), Accept ratio: 0.47648, 
INFO:root:Epoch  2648, Energy: -1.09010e+02 (-1.08998e+02), Variance: 8.34446e-01 (1.12449e+00), Accept ratio: 0.47864, 
INFO:root:Epoch  2649, Energy: -1.08998e+02 (-1.08998e+02), Variance: 7.81267e-01 (8.29788e-01), Accept ratio: 0.46573, 
INFO:root:Epoch  2650, Energy: -1.08943e+02 (-1.08915e+02), Variance: 7.95022e-01 (1.54248e+00), Accept ratio: 0.47666, 
INFO:root:Epoch  2651, Energy: -1.09012e+02 (-1.08974e+02), Variance: 7.83979e-01 (1.93019e+00), Accept ratio: 0.46772, 
INFO:root:Epoch  2652, Energy: -1.08992e+02 (-1.08963e+02), Variance: 9.30386e-01 (1.92200e+00), Accept ratio: 0.47154, 
INFO:root:Epoch  2653, Energy: -1.09002e+02 (-1.08961e+02), Variance: 7.82688e-01 (2.48482e+00), Accept ratio: 0.46785, 
INFO:root:Epoch  2654, Energy: -1.09047e+02 (-1.09038e+02), Variance: 8.83980e-01 (1.34833e+00), Accept ratio: 0.47401, 
INFO:root:Epoch  2655, Energy: -1.08983e+02 (-1.08971e+02), Variance: 8.93752e-01 (9.97399e-01), Accept ratio: 0.46835, 
INFO:root:Epoch  2656, Energy: -1.08993e+02 (-1.08999e+02), Variance: 7.04968e-01 (8.10159e-01), Accept ratio: 0.47254, 
INFO:root:Epoch  2657, Energy: -1.09023e+02 (-1.09021e+02), Variance: 6.88148e-01 (7.57161e-01), Accept ratio: 0.47545, 
INFO:root:Epoch  2658, Energy: -1.09005e+02 (-1.08996e+02), Variance: 7.49617e-01 (9.95737e-01), Accept ratio: 0.47230, 
INFO:root:Epoch  2659, Energy: -1.09036e+02 (-1.09031e+02), Variance: 8.40755e-01 (1.05769e+00), Accept ratio: 0.47154, 
INFO:root:Epoch  2660, Energy: -1.09032e+02 (-1.09031e+02), Variance: 9.34329e-01 (1.36526e+00), Accept ratio: 0.46623, 
INFO:root:Epoch  2661, Energy: -1.09056e+02 (-1.09056e+02), Variance: 8.56194e-01 (9.22233e-01), Accept ratio: 0.47534, 
INFO:root:Epoch  2662, Energy: -1.09032e+02 (-1.09041e+02), Variance: 7.87714e-01 (9.51121e-01), Accept ratio: 0.46880, 
INFO:root:Epoch  2663, Energy: -1.09004e+02 (-1.09007e+02), Variance: 9.04207e-01 (1.43036e+00), Accept ratio: 0.47264, 
INFO:root:Epoch  2664, Energy: -1.08988e+02 (-1.08978e+02), Variance: 8.53183e-01 (1.42298e+00), Accept ratio: 0.46759, 
INFO:root:Epoch  2665, Energy: -1.08949e+02 (-1.08935e+02), Variance: 8.42484e-01 (9.87210e-01), Accept ratio: 0.47319, 
INFO:root:Epoch  2666, Energy: -1.08989e+02 (-1.08959e+02), Variance: 8.69808e-01 (1.37072e+00), Accept ratio: 0.47044, 
INFO:root:Epoch  2667, Energy: -1.08986e+02 (-1.08994e+02), Variance: 8.58211e-01 (1.11953e+00), Accept ratio: 0.46736, 
INFO:root:Epoch  2668, Energy: -1.08989e+02 (-1.08981e+02), Variance: 8.49028e-01 (1.26143e+00), Accept ratio: 0.47444, 
INFO:root:Epoch  2669, Energy: -1.08975e+02 (-1.08964e+02), Variance: 9.04870e-01 (1.33269e+00), Accept ratio: 0.46726, 
INFO:root:Epoch  2670, Energy: -1.09019e+02 (-1.09086e+02), Variance: 8.79049e-01 (8.12533e+00), Accept ratio: 0.47096, 
INFO:root:Epoch  2671, Energy: -1.09044e+02 (-1.09005e+02), Variance: 8.55514e-01 (1.79838e+00), Accept ratio: 0.45976, 
INFO:root:Epoch  2672, Energy: -1.09055e+02 (-1.09059e+02), Variance: 7.19149e-01 (7.77529e-01), Accept ratio: 0.47112, 
INFO:root:Epoch  2673, Energy: -1.09008e+02 (-1.08997e+02), Variance: 8.15276e-01 (1.22714e+00), Accept ratio: 0.46725, 
INFO:root:Epoch  2674, Energy: -1.08981e+02 (-1.08979e+02), Variance: 7.71365e-01 (1.07021e+00), Accept ratio: 0.46319, 
INFO:root:Epoch  2675, Energy: -1.08992e+02 (-1.08998e+02), Variance: 7.62920e-01 (1.00777e+00), Accept ratio: 0.46935, 
INFO:root:Epoch  2676, Energy: -1.09024e+02 (-1.09030e+02), Variance: 8.96224e-01 (1.19174e+00), Accept ratio: 0.46179, 
INFO:root:Epoch  2677, Energy: -1.09033e+02 (-1.09032e+02), Variance: 8.29378e-01 (1.22000e+00), Accept ratio: 0.45792, 
INFO:root:Epoch  2678, Energy: -1.08997e+02 (-1.08989e+02), Variance: 7.45630e-01 (9.91021e-01), Accept ratio: 0.46871, 
INFO:root:Epoch  2679, Energy: -1.09039e+02 (-1.09062e+02), Variance: 7.65085e-01 (1.26181e+00), Accept ratio: 0.46831, 
INFO:root:Epoch  2680, Energy: -1.09003e+02 (-1.08999e+02), Variance: 7.79391e-01 (1.02641e+00), Accept ratio: 0.46926, 
INFO:root:Epoch  2681, Energy: -1.09032e+02 (-1.09041e+02), Variance: 7.18204e-01 (8.46660e-01), Accept ratio: 0.46658, 
INFO:root:Epoch  2682, Energy: -1.09020e+02 (-1.09007e+02), Variance: 7.55366e-01 (9.23709e-01), Accept ratio: 0.47128, 
INFO:root:Epoch  2683, Energy: -1.09009e+02 (-1.09017e+02), Variance: 8.00925e-01 (9.64131e-01), Accept ratio: 0.46529, 
INFO:root:Epoch  2684, Energy: -1.08984e+02 (-1.08976e+02), Variance: 8.76653e-01 (1.07245e+00), Accept ratio: 0.47203, 
INFO:root:Epoch  2685, Energy: -1.08989e+02 (-1.08980e+02), Variance: 8.90471e-01 (9.87666e-01), Accept ratio: 0.47406, 
INFO:root:Epoch  2686, Energy: -1.09007e+02 (-1.08995e+02), Variance: 8.56168e-01 (1.41341e+00), Accept ratio: 0.47388, 
INFO:root:Epoch  2687, Energy: -1.09005e+02 (-1.09000e+02), Variance: 7.80423e-01 (9.70180e-01), Accept ratio: 0.46488, 
INFO:root:Epoch  2688, Energy: -1.09017e+02 (-1.09002e+02), Variance: 7.99107e-01 (1.19335e+00), Accept ratio: 0.47080, 
INFO:root:Epoch  2689, Energy: -1.09000e+02 (-1.08991e+02), Variance: 9.13973e-01 (1.30683e+00), Accept ratio: 0.46956, 
INFO:root:Epoch  2690, Energy: -1.09011e+02 (-1.09020e+02), Variance: 7.38124e-01 (9.47324e-01), Accept ratio: 0.47291, 
INFO:root:Epoch  2691, Energy: -1.09001e+02 (-1.09001e+02), Variance: 7.93611e-01 (1.36718e+00), Accept ratio: 0.47216, 
INFO:root:Epoch  2692, Energy: -1.08991e+02 (-1.08980e+02), Variance: 6.65661e-01 (8.61211e-01), Accept ratio: 0.46844, 
INFO:root:Epoch  2693, Energy: -1.08970e+02 (-1.08968e+02), Variance: 7.28847e-01 (7.86879e-01), Accept ratio: 0.47668, 
INFO:root:Epoch  2694, Energy: -1.08960e+02 (-1.08961e+02), Variance: 8.62624e-01 (1.47479e+00), Accept ratio: 0.46954, 
INFO:root:Epoch  2695, Energy: -1.09011e+02 (-1.09002e+02), Variance: 8.19266e-01 (1.19252e+00), Accept ratio: 0.47068, 
INFO:root:Epoch  2696, Energy: -1.09052e+02 (-1.09050e+02), Variance: 8.54453e-01 (1.01646e+00), Accept ratio: 0.47363, 
INFO:root:Epoch  2697, Energy: -1.09062e+02 (-1.09076e+02), Variance: 7.37621e-01 (1.08461e+00), Accept ratio: 0.46648, 
INFO:root:Epoch  2698, Energy: -1.09034e+02 (-1.09016e+02), Variance: 8.05498e-01 (1.48966e+00), Accept ratio: 0.47320, 
INFO:root:Epoch  2699, Energy: -1.09040e+02 (-1.09037e+02), Variance: 7.66081e-01 (9.22556e-01), Accept ratio: 0.47330, 
INFO:root:Epoch  2700, Energy: -1.09069e+02 (-1.09070e+02), Variance: 7.38544e-01 (8.45197e-01), Accept ratio: 0.47177, 
INFO:root:Epoch  2701, Energy: -1.09012e+02 (-1.08984e+02), Variance: 7.25675e-01 (1.22495e+00), Accept ratio: 0.47296, 
INFO:root:Epoch  2702, Energy: -1.08969e+02 (-1.08975e+02), Variance: 8.14417e-01 (1.00568e+00), Accept ratio: 0.47571, 
INFO:root:Epoch  2703, Energy: -1.08984e+02 (-1.08963e+02), Variance: 8.59380e-01 (1.25998e+00), Accept ratio: 0.47193, 
INFO:root:Epoch  2704, Energy: -1.08979e+02 (-1.08983e+02), Variance: 8.16356e-01 (1.17300e+00), Accept ratio: 0.46698, 
INFO:root:Epoch  2705, Energy: -1.09039e+02 (-1.09038e+02), Variance: 7.83842e-01 (1.33510e+00), Accept ratio: 0.47182, 
INFO:root:Epoch  2706, Energy: -1.09017e+02 (-1.09031e+02), Variance: 9.10968e-01 (1.12224e+00), Accept ratio: 0.46815, 
INFO:root:Epoch  2707, Energy: -1.08989e+02 (-1.08997e+02), Variance: 7.25070e-01 (9.36934e-01), Accept ratio: 0.46686, 
INFO:root:Epoch  2708, Energy: -1.09039e+02 (-1.09026e+02), Variance: 7.50282e-01 (1.01366e+00), Accept ratio: 0.46665, 
INFO:root:Epoch  2709, Energy: -1.09013e+02 (-1.09001e+02), Variance: 7.61361e-01 (9.87716e-01), Accept ratio: 0.47325, 
INFO:root:Epoch  2710, Energy: -1.09027e+02 (-1.09001e+02), Variance: 7.69706e-01 (1.96140e+00), Accept ratio: 0.47054, 
INFO:root:Epoch  2711, Energy: -1.09012e+02 (-1.09010e+02), Variance: 7.53065e-01 (9.11666e-01), Accept ratio: 0.47474, 
INFO:root:Epoch  2712, Energy: -1.09008e+02 (-1.09019e+02), Variance: 7.76056e-01 (1.02675e+00), Accept ratio: 0.46420, 
INFO:root:Epoch  2713, Energy: -1.09026e+02 (-1.09127e+02), Variance: 9.23770e-01 (9.89119e+00), Accept ratio: 0.46660, 
INFO:root:Epoch  2714, Energy: -1.08975e+02 (-1.08946e+02), Variance: 9.14183e-01 (2.48172e+00), Accept ratio: 0.46335, 
INFO:root:Epoch  2715, Energy: -1.08979e+02 (-1.08955e+02), Variance: 7.81124e-01 (1.51243e+00), Accept ratio: 0.46243, 
INFO:root:Epoch  2716, Energy: -1.08987e+02 (-1.08988e+02), Variance: 9.33367e-01 (1.42888e+00), Accept ratio: 0.46590, 
INFO:root:Epoch  2717, Energy: -1.08946e+02 (-1.08925e+02), Variance: 7.66164e-01 (1.08942e+00), Accept ratio: 0.46755, 
INFO:root:Epoch  2718, Energy: -1.09016e+02 (-1.09021e+02), Variance: 7.53365e-01 (8.43818e-01), Accept ratio: 0.47181, 
INFO:root:Epoch  2719, Energy: -1.09018e+02 (-1.09040e+02), Variance: 8.26159e-01 (1.21440e+00), Accept ratio: 0.46620, 
INFO:root:Epoch  2720, Energy: -1.09024e+02 (-1.09025e+02), Variance: 7.51749e-01 (8.45032e-01), Accept ratio: 0.47671, 
INFO:root:Epoch  2721, Energy: -1.09028e+02 (-1.09013e+02), Variance: 6.61734e-01 (8.50441e-01), Accept ratio: 0.47129, 
INFO:root:Epoch  2722, Energy: -1.09036e+02 (-1.09060e+02), Variance: 8.06945e-01 (1.54699e+00), Accept ratio: 0.47124, 
INFO:root:Epoch  2723, Energy: -1.09081e+02 (-1.09072e+02), Variance: 6.49843e-01 (8.18642e-01), Accept ratio: 0.46792, 
INFO:root:Epoch  2724, Energy: -1.09051e+02 (-1.09072e+02), Variance: 7.27212e-01 (1.14534e+00), Accept ratio: 0.46786, 
INFO:root:Epoch  2725, Energy: -1.08992e+02 (-1.09016e+02), Variance: 7.20321e-01 (1.10566e+00), Accept ratio: 0.46782, 
INFO:root:Epoch  2726, Energy: -1.09028e+02 (-1.09043e+02), Variance: 7.08514e-01 (1.55146e+00), Accept ratio: 0.47168, 
INFO:root:Epoch  2727, Energy: -1.09024e+02 (-1.09020e+02), Variance: 7.70713e-01 (1.79640e+00), Accept ratio: 0.46805, 
INFO:root:Epoch  2728, Energy: -1.09076e+02 (-1.09082e+02), Variance: 7.56349e-01 (1.24239e+00), Accept ratio: 0.47175, 
INFO:root:Epoch  2729, Energy: -1.09051e+02 (-1.09061e+02), Variance: 7.10848e-01 (9.54773e-01), Accept ratio: 0.46503, 
INFO:root:Epoch  2730, Energy: -1.09066e+02 (-1.09066e+02), Variance: 6.67096e-01 (7.17502e-01), Accept ratio: 0.47527, 
INFO:root:Epoch  2731, Energy: -1.09015e+02 (-1.09015e+02), Variance: 7.81064e-01 (9.32647e-01), Accept ratio: 0.46963, 
INFO:root:Epoch  2732, Energy: -1.09005e+02 (-1.09027e+02), Variance: 7.78120e-01 (1.11983e+00), Accept ratio: 0.46824, 
INFO:root:Epoch  2733, Energy: -1.09065e+02 (-1.09060e+02), Variance: 8.58114e-01 (1.06947e+00), Accept ratio: 0.47427, 
INFO:root:Epoch  2734, Energy: -1.09045e+02 (-1.09023e+02), Variance: 8.04863e-01 (1.68361e+00), Accept ratio: 0.46762, 
INFO:root:Epoch  2735, Energy: -1.08992e+02 (-1.08991e+02), Variance: 7.87979e-01 (1.21395e+00), Accept ratio: 0.46892, 
INFO:root:Epoch  2736, Energy: -1.08979e+02 (-1.08974e+02), Variance: 7.32782e-01 (8.47609e-01), Accept ratio: 0.47696, 
INFO:root:Epoch  2737, Energy: -1.09000e+02 (-1.08997e+02), Variance: 7.81224e-01 (8.52548e-01), Accept ratio: 0.47541, 
INFO:root:Epoch  2738, Energy: -1.09038e+02 (-1.09041e+02), Variance: 7.08718e-01 (8.11379e-01), Accept ratio: 0.47390, 
INFO:root:Epoch  2739, Energy: -1.09030e+02 (-1.09029e+02), Variance: 7.19380e-01 (9.66823e-01), Accept ratio: 0.46843, 
INFO:root:Epoch  2740, Energy: -1.09036e+02 (-1.09039e+02), Variance: 8.59111e-01 (1.08794e+00), Accept ratio: 0.47578, 
INFO:root:Epoch  2741, Energy: -1.09034e+02 (-1.09042e+02), Variance: 8.73331e-01 (1.27179e+00), Accept ratio: 0.47390, 
INFO:root:Epoch  2742, Energy: -1.09020e+02 (-1.09005e+02), Variance: 8.02347e-01 (1.37628e+00), Accept ratio: 0.46758, 
INFO:root:Epoch  2743, Energy: -1.09054e+02 (-1.09058e+02), Variance: 6.95399e-01 (7.45575e-01), Accept ratio: 0.46591, 
INFO:root:Epoch  2744, Energy: -1.09027e+02 (-1.09026e+02), Variance: 7.90103e-01 (1.00257e+00), Accept ratio: 0.46584, 
INFO:root:Epoch  2745, Energy: -1.09005e+02 (-1.09005e+02), Variance: 8.95110e-01 (1.09217e+00), Accept ratio: 0.46275, 
INFO:root:Epoch  2746, Energy: -1.09003e+02 (-1.08691e+02), Variance: 1.15489e+00 (1.08798e+02), Accept ratio: 0.46809, 
INFO:root:Epoch  2747, Energy: -1.09037e+02 (-1.09033e+02), Variance: 8.09330e-01 (9.78717e-01), Accept ratio: 0.47406, 
INFO:root:Epoch  2748, Energy: -1.09064e+02 (-1.09072e+02), Variance: 9.01975e-01 (1.06054e+00), Accept ratio: 0.46945, 
INFO:root:Epoch  2749, Energy: -1.08992e+02 (-1.09010e+02), Variance: 7.57136e-01 (1.19391e+00), Accept ratio: 0.46300, 
INFO:root:Epoch  2750, Energy: -1.09033e+02 (-1.09021e+02), Variance: 7.52983e-01 (9.90133e-01), Accept ratio: 0.46997, 
INFO:root:Epoch  2751, Energy: -1.09022e+02 (-1.09025e+02), Variance: 8.61804e-01 (2.85002e+00), Accept ratio: 0.46774, 
INFO:root:Epoch  2752, Energy: -1.09045e+02 (-1.09022e+02), Variance: 9.58653e-01 (2.40153e+00), Accept ratio: 0.47095, 
INFO:root:Epoch  2753, Energy: -1.09015e+02 (-1.09049e+02), Variance: 7.70624e-01 (1.62590e+00), Accept ratio: 0.46907, 
INFO:root:Epoch  2754, Energy: -1.08993e+02 (-1.08997e+02), Variance: 7.09457e-01 (1.41102e+00), Accept ratio: 0.47244, 
INFO:root:Epoch  2755, Energy: -1.09028e+02 (-1.09031e+02), Variance: 8.46143e-01 (1.16882e+00), Accept ratio: 0.46611, 
INFO:root:Epoch  2756, Energy: -1.09038e+02 (-1.09015e+02), Variance: 8.82234e-01 (1.91895e+00), Accept ratio: 0.46818, 
INFO:root:Epoch  2757, Energy: -1.09016e+02 (-1.09011e+02), Variance: 8.16370e-01 (1.11494e+00), Accept ratio: 0.48226, 
INFO:root:Epoch  2758, Energy: -1.09038e+02 (-1.09058e+02), Variance: 8.09498e-01 (1.19275e+00), Accept ratio: 0.47399, 
INFO:root:Epoch  2759, Energy: -1.09004e+02 (-1.09004e+02), Variance: 8.86045e-01 (1.07572e+00), Accept ratio: 0.47083, 
INFO:root:Epoch  2760, Energy: -1.09078e+02 (-1.09066e+02), Variance: 9.62637e-01 (1.52909e+00), Accept ratio: 0.46899, 
INFO:root:Epoch  2761, Energy: -1.09073e+02 (-1.09090e+02), Variance: 9.33234e-01 (2.63608e+00), Accept ratio: 0.47190, 
INFO:root:Epoch  2762, Energy: -1.09079e+02 (-1.09072e+02), Variance: 8.95912e-01 (1.68207e+00), Accept ratio: 0.46860, 
INFO:root:Epoch  2763, Energy: -1.09023e+02 (-1.09024e+02), Variance: 7.58034e-01 (9.29015e-01), Accept ratio: 0.46341, 
INFO:root:Epoch  2764, Energy: -1.09043e+02 (-1.09027e+02), Variance: 6.77198e-01 (1.06532e+00), Accept ratio: 0.47202, 
INFO:root:Epoch  2765, Energy: -1.09092e+02 (-1.09119e+02), Variance: 8.06769e-01 (1.27384e+00), Accept ratio: 0.47009, 
INFO:root:Epoch  2766, Energy: -1.09088e+02 (-1.09071e+02), Variance: 8.37698e-01 (2.08135e+00), Accept ratio: 0.47280, 
INFO:root:Epoch  2767, Energy: -1.09052e+02 (-1.09030e+02), Variance: 8.95627e-01 (1.35318e+00), Accept ratio: 0.47078, 
INFO:root:Epoch  2768, Energy: -1.09044e+02 (-1.09032e+02), Variance: 8.11152e-01 (1.59841e+00), Accept ratio: 0.47088, 
INFO:root:Epoch  2769, Energy: -1.09066e+02 (-1.09088e+02), Variance: 7.94891e-01 (1.13305e+00), Accept ratio: 0.46665, 
INFO:root:Epoch  2770, Energy: -1.09045e+02 (-1.09041e+02), Variance: 7.92392e-01 (1.30565e+00), Accept ratio: 0.46509, 
INFO:root:Epoch  2771, Energy: -1.08995e+02 (-1.08996e+02), Variance: 8.07167e-01 (9.55893e-01), Accept ratio: 0.46258, 
INFO:root:Epoch  2772, Energy: -1.09029e+02 (-1.09025e+02), Variance: 7.78470e-01 (9.80467e-01), Accept ratio: 0.47369, 
INFO:root:Epoch  2773, Energy: -1.08990e+02 (-1.08989e+02), Variance: 8.18319e-01 (1.06142e+00), Accept ratio: 0.47086, 
INFO:root:Epoch  2774, Energy: -1.09035e+02 (-1.09013e+02), Variance: 7.61037e-01 (1.07435e+00), Accept ratio: 0.46878, 
INFO:root:Epoch  2775, Energy: -1.09039e+02 (-1.09014e+02), Variance: 7.32376e-01 (1.18651e+00), Accept ratio: 0.47312, 
INFO:root:Epoch  2776, Energy: -1.09052e+02 (-1.09058e+02), Variance: 7.30759e-01 (9.08138e-01), Accept ratio: 0.46949, 
INFO:root:Epoch  2777, Energy: -1.09047e+02 (-1.09053e+02), Variance: 7.56046e-01 (1.07449e+00), Accept ratio: 0.47820, 
INFO:root:Epoch  2778, Energy: -1.09063e+02 (-1.09045e+02), Variance: 8.46076e-01 (1.78811e+00), Accept ratio: 0.46885, 
INFO:root:Epoch  2779, Energy: -1.08991e+02 (-1.08974e+02), Variance: 8.78065e-01 (1.50489e+00), Accept ratio: 0.46434, 
INFO:root:Epoch  2780, Energy: -1.09008e+02 (-1.08987e+02), Variance: 8.43527e-01 (1.40836e+00), Accept ratio: 0.47044, 
INFO:root:Epoch  2781, Energy: -1.09016e+02 (-1.09003e+02), Variance: 7.59564e-01 (9.01051e-01), Accept ratio: 0.46818, 
INFO:root:Epoch  2782, Energy: -1.08976e+02 (-1.08973e+02), Variance: 7.97145e-01 (1.15262e+00), Accept ratio: 0.46690, 
INFO:root:Epoch  2783, Energy: -1.09011e+02 (-1.09010e+02), Variance: 8.44442e-01 (1.19486e+00), Accept ratio: 0.46751, 
INFO:root:Epoch  2784, Energy: -1.09012e+02 (-1.09001e+02), Variance: 7.84875e-01 (1.26675e+00), Accept ratio: 0.46842, 
INFO:root:Epoch  2785, Energy: -1.09027e+02 (-1.09039e+02), Variance: 7.13232e-01 (9.00272e-01), Accept ratio: 0.47131, 
INFO:root:Epoch  2786, Energy: -1.08991e+02 (-1.08995e+02), Variance: 7.44116e-01 (9.08243e-01), Accept ratio: 0.47141, 
INFO:root:Epoch  2787, Energy: -1.09024e+02 (-1.09030e+02), Variance: 7.98655e-01 (1.22761e+00), Accept ratio: 0.47616, 
INFO:root:Epoch  2788, Energy: -1.09034e+02 (-1.09014e+02), Variance: 8.94190e-01 (1.30225e+00), Accept ratio: 0.46660, 
INFO:root:Epoch  2789, Energy: -1.09023e+02 (-1.09012e+02), Variance: 8.18921e-01 (1.02477e+00), Accept ratio: 0.46808, 
INFO:root:Epoch  2790, Energy: -1.09020e+02 (-1.09035e+02), Variance: 7.25556e-01 (1.10316e+00), Accept ratio: 0.47420, 
INFO:root:Epoch  2791, Energy: -1.09039e+02 (-1.09052e+02), Variance: 7.46906e-01 (9.41301e-01), Accept ratio: 0.46902, 
INFO:root:Epoch  2792, Energy: -1.09041e+02 (-1.09044e+02), Variance: 7.68880e-01 (8.51924e-01), Accept ratio: 0.46703, 
INFO:root:Epoch  2793, Energy: -1.09023e+02 (-1.09022e+02), Variance: 7.70558e-01 (8.70226e-01), Accept ratio: 0.46986, 
INFO:root:Epoch  2794, Energy: -1.09040e+02 (-1.09023e+02), Variance: 8.87767e-01 (1.81273e+00), Accept ratio: 0.46569, 
INFO:root:Epoch  2795, Energy: -1.09057e+02 (-1.09075e+02), Variance: 8.89813e-01 (1.31285e+00), Accept ratio: 0.46755, 
INFO:root:Epoch  2796, Energy: -1.09004e+02 (-1.08988e+02), Variance: 8.17534e-01 (1.00069e+00), Accept ratio: 0.47434, 
INFO:root:Epoch  2797, Energy: -1.09076e+02 (-1.09105e+02), Variance: 6.89038e-01 (1.59164e+00), Accept ratio: 0.46794, 
INFO:root:Epoch  2798, Energy: -1.09094e+02 (-1.09091e+02), Variance: 7.44222e-01 (1.04500e+00), Accept ratio: 0.47025, 
INFO:root:Epoch  2799, Energy: -1.09051e+02 (-1.09032e+02), Variance: 7.34296e-01 (1.04278e+00), Accept ratio: 0.46898, 
INFO:root:Epoch  2800, Energy: -1.09101e+02 (-1.09144e+02), Variance: 9.15060e-01 (2.47924e+00), Accept ratio: 0.46979, , best weights saved
INFO:root:Epoch  2801, Energy: -1.09088e+02 (-1.09069e+02), Variance: 9.54147e-01 (1.67507e+01), Accept ratio: 0.47007, 
INFO:root:Epoch  2802, Energy: -1.09025e+02 (-1.09008e+02), Variance: 8.94747e-01 (1.15455e+00), Accept ratio: 0.47975, 
INFO:root:Epoch  2803, Energy: -1.09037e+02 (-1.09026e+02), Variance: 8.56694e-01 (1.16968e+00), Accept ratio: 0.46733, 
INFO:root:Epoch  2804, Energy: -1.09008e+02 (-1.09004e+02), Variance: 7.86294e-01 (1.27449e+00), Accept ratio: 0.47065, 
INFO:root:Epoch  2805, Energy: -1.09020e+02 (-1.09018e+02), Variance: 7.66946e-01 (8.25729e-01), Accept ratio: 0.47280, 
INFO:root:Epoch  2806, Energy: -1.09027e+02 (-1.09035e+02), Variance: 8.79703e-01 (1.06866e+00), Accept ratio: 0.46770, 
INFO:root:Epoch  2807, Energy: -1.09019e+02 (-1.09029e+02), Variance: 7.09068e-01 (8.26561e-01), Accept ratio: 0.47274, 
INFO:root:Epoch  2808, Energy: -1.09039e+02 (-1.09052e+02), Variance: 7.76602e-01 (1.01219e+00), Accept ratio: 0.46920, 
INFO:root:Epoch  2809, Energy: -1.09033e+02 (-1.09032e+02), Variance: 7.36516e-01 (9.08729e-01), Accept ratio: 0.46843, 
INFO:root:Epoch  2810, Energy: -1.09048e+02 (-1.09031e+02), Variance: 7.83184e-01 (1.60183e+00), Accept ratio: 0.46478, 
INFO:root:Epoch  2811, Energy: -1.09080e+02 (-1.09110e+02), Variance: 7.45303e-01 (2.02913e+00), Accept ratio: 0.47423, 
INFO:root:Epoch  2812, Energy: -1.09019e+02 (-1.09017e+02), Variance: 7.90482e-01 (1.09002e+00), Accept ratio: 0.47412, 
INFO:root:Epoch  2813, Energy: -1.09024e+02 (-1.09018e+02), Variance: 7.27248e-01 (8.27765e-01), Accept ratio: 0.47272, 
INFO:root:Epoch  2814, Energy: -1.09032e+02 (-1.09029e+02), Variance: 7.32545e-01 (8.99647e-01), Accept ratio: 0.47652, 
INFO:root:Epoch  2815, Energy: -1.08991e+02 (-1.08982e+02), Variance: 8.12837e-01 (1.02624e+00), Accept ratio: 0.46703, 
INFO:root:Epoch  2816, Energy: -1.09008e+02 (-1.09026e+02), Variance: 8.88613e-01 (1.33345e+00), Accept ratio: 0.47492, 
INFO:root:Epoch  2817, Energy: -1.09009e+02 (-1.09009e+02), Variance: 7.67757e-01 (8.31463e-01), Accept ratio: 0.47172, 
INFO:root:Epoch  2818, Energy: -1.09048e+02 (-1.09033e+02), Variance: 7.56145e-01 (1.16763e+00), Accept ratio: 0.46997, 
INFO:root:Epoch  2819, Energy: -1.09011e+02 (-1.09026e+02), Variance: 7.87189e-01 (1.18116e+00), Accept ratio: 0.46314, 
INFO:root:Epoch  2820, Energy: -1.09002e+02 (-1.08988e+02), Variance: 7.59393e-01 (1.12804e+00), Accept ratio: 0.47243, 
INFO:root:Epoch  2821, Energy: -1.09049e+02 (-1.09041e+02), Variance: 7.92610e-01 (9.85561e-01), Accept ratio: 0.46244, 
INFO:root:Epoch  2822, Energy: -1.09009e+02 (-1.09029e+02), Variance: 7.93113e-01 (1.86435e+00), Accept ratio: 0.47537, 
INFO:root:Epoch  2823, Energy: -1.08987e+02 (-1.08990e+02), Variance: 8.05639e-01 (1.18311e+00), Accept ratio: 0.47421, 
INFO:root:Epoch  2824, Energy: -1.09050e+02 (-1.09046e+02), Variance: 8.42419e-01 (1.14267e+00), Accept ratio: 0.46473, 
INFO:root:Epoch  2825, Energy: -1.09054e+02 (-1.09046e+02), Variance: 7.71761e-01 (9.28872e-01), Accept ratio: 0.46964, 
INFO:root:Epoch  2826, Energy: -1.09003e+02 (-1.09005e+02), Variance: 6.87497e-01 (8.14941e-01), Accept ratio: 0.46965, 
INFO:root:Epoch  2827, Energy: -1.09002e+02 (-1.09012e+02), Variance: 8.05616e-01 (1.05172e+00), Accept ratio: 0.47101, 
INFO:root:Epoch  2828, Energy: -1.09016e+02 (-1.09008e+02), Variance: 8.34498e-01 (1.32545e+00), Accept ratio: 0.47491, 
INFO:root:Epoch  2829, Energy: -1.09003e+02 (-1.08989e+02), Variance: 7.87970e-01 (1.27328e+00), Accept ratio: 0.46677, 
INFO:root:Epoch  2830, Energy: -1.08993e+02 (-1.08984e+02), Variance: 7.23271e-01 (9.62705e-01), Accept ratio: 0.46234, 
INFO:root:Epoch  2831, Energy: -1.09012e+02 (-1.09001e+02), Variance: 8.53028e-01 (1.02904e+00), Accept ratio: 0.47323, 
INFO:root:Epoch  2832, Energy: -1.09063e+02 (-1.09050e+02), Variance: 8.01411e-01 (1.06196e+00), Accept ratio: 0.46901, 
INFO:root:Epoch  2833, Energy: -1.09057e+02 (-1.09031e+02), Variance: 8.63357e-01 (1.58168e+00), Accept ratio: 0.46969, 
INFO:root:Epoch  2834, Energy: -1.09050e+02 (-1.09052e+02), Variance: 7.25469e-01 (7.90445e-01), Accept ratio: 0.47179, 
INFO:root:Epoch  2835, Energy: -1.09049e+02 (-1.09014e+02), Variance: 8.19612e-01 (3.44174e+00), Accept ratio: 0.47450, 
INFO:root:Epoch  2836, Energy: -1.09068e+02 (-1.09054e+02), Variance: 8.08020e-01 (1.14714e+00), Accept ratio: 0.46436, 
INFO:root:Epoch  2837, Energy: -1.08984e+02 (-1.08971e+02), Variance: 7.75531e-01 (1.05506e+00), Accept ratio: 0.47139, 
INFO:root:Epoch  2838, Energy: -1.09014e+02 (-1.09007e+02), Variance: 6.77068e-01 (8.25513e-01), Accept ratio: 0.47550, 
INFO:root:Epoch  2839, Energy: -1.08955e+02 (-1.08943e+02), Variance: 7.42355e-01 (8.48865e-01), Accept ratio: 0.46808, 
INFO:root:Epoch  2840, Energy: -1.09024e+02 (-1.09026e+02), Variance: 7.61550e-01 (9.25298e-01), Accept ratio: 0.47168, 
INFO:root:Epoch  2841, Energy: -1.09012e+02 (-1.09006e+02), Variance: 8.99726e-01 (1.18068e+00), Accept ratio: 0.47094, 
INFO:root:Epoch  2842, Energy: -1.09030e+02 (-1.09030e+02), Variance: 8.46671e-01 (1.14092e+00), Accept ratio: 0.47088, 
INFO:root:Epoch  2843, Energy: -1.09046e+02 (-1.09039e+02), Variance: 8.56805e-01 (1.19073e+00), Accept ratio: 0.47173, 
INFO:root:Epoch  2844, Energy: -1.09002e+02 (-1.09006e+02), Variance: 8.41985e-01 (1.31991e+00), Accept ratio: 0.47796, 
INFO:root:Epoch  2845, Energy: -1.09004e+02 (-1.09000e+02), Variance: 7.68965e-01 (8.19301e-01), Accept ratio: 0.47546, 
INFO:root:Epoch  2846, Energy: -1.09027e+02 (-1.09019e+02), Variance: 8.17019e-01 (1.12764e+00), Accept ratio: 0.47399, 
INFO:root:Epoch  2847, Energy: -1.09049e+02 (-1.09049e+02), Variance: 7.50987e-01 (8.91766e-01), Accept ratio: 0.47011, 
INFO:root:Epoch  2848, Energy: -1.09035e+02 (-1.09008e+02), Variance: 8.91719e-01 (2.04610e+00), Accept ratio: 0.47194, 
INFO:root:Epoch  2849, Energy: -1.09074e+02 (-1.09082e+02), Variance: 8.09493e-01 (1.25633e+00), Accept ratio: 0.47568, 
INFO:root:Epoch  2850, Energy: -1.09042e+02 (-1.09034e+02), Variance: 8.34579e-01 (9.62386e-01), Accept ratio: 0.47849, 
INFO:root:Epoch  2851, Energy: -1.09056e+02 (-1.09023e+02), Variance: 7.95884e-01 (1.54336e+00), Accept ratio: 0.47075, 
INFO:root:Epoch  2852, Energy: -1.08991e+02 (-1.08999e+02), Variance: 7.54819e-01 (8.97955e-01), Accept ratio: 0.47676, 
INFO:root:Epoch  2853, Energy: -1.08963e+02 (-1.08861e+02), Variance: 8.11973e-01 (8.32911e+00), Accept ratio: 0.47591, 
INFO:root:Epoch  2854, Energy: -1.09015e+02 (-1.09021e+02), Variance: 7.59196e-01 (9.12513e-01), Accept ratio: 0.46494, 
INFO:root:Epoch  2855, Energy: -1.09032e+02 (-1.09056e+02), Variance: 7.83976e-01 (1.62871e+00), Accept ratio: 0.47466, 
INFO:root:Epoch  2856, Energy: -1.09009e+02 (-1.09022e+02), Variance: 9.00491e-01 (1.38488e+00), Accept ratio: 0.47698, 
INFO:root:Epoch  2857, Energy: -1.09034e+02 (-1.09045e+02), Variance: 7.75870e-01 (1.05960e+00), Accept ratio: 0.47836, 
INFO:root:Epoch  2858, Energy: -1.09060e+02 (-1.09065e+02), Variance: 7.70272e-01 (1.08243e+00), Accept ratio: 0.47005, 
INFO:root:Epoch  2859, Energy: -1.09024e+02 (-1.09027e+02), Variance: 7.18060e-01 (8.22119e-01), Accept ratio: 0.47632, 
INFO:root:Epoch  2860, Energy: -1.09034e+02 (-1.09030e+02), Variance: 7.28378e-01 (8.07844e-01), Accept ratio: 0.46834, 
INFO:root:Epoch  2861, Energy: -1.09042e+02 (-1.09040e+02), Variance: 7.62054e-01 (9.99304e-01), Accept ratio: 0.47027, 
INFO:root:Epoch  2862, Energy: -1.09078e+02 (-1.09081e+02), Variance: 7.96422e-01 (8.97342e-01), Accept ratio: 0.47036, 
INFO:root:Epoch  2863, Energy: -1.09068e+02 (-1.09052e+02), Variance: 8.54414e-01 (1.17633e+00), Accept ratio: 0.46937, 
INFO:root:Epoch  2864, Energy: -1.09039e+02 (-1.09035e+02), Variance: 6.76481e-01 (7.42227e-01), Accept ratio: 0.47070, 
INFO:root:Epoch  2865, Energy: -1.09056e+02 (-1.09045e+02), Variance: 7.40490e-01 (9.80864e-01), Accept ratio: 0.46406, 
INFO:root:Epoch  2866, Energy: -1.09027e+02 (-1.09018e+02), Variance: 7.39178e-01 (9.32209e-01), Accept ratio: 0.47891, 
INFO:root:Epoch  2867, Energy: -1.09020e+02 (-1.09015e+02), Variance: 7.40680e-01 (8.30768e-01), Accept ratio: 0.46522, 
INFO:root:Epoch  2868, Energy: -1.09028e+02 (-1.09023e+02), Variance: 7.52566e-01 (9.39543e-01), Accept ratio: 0.47210, 
INFO:root:Epoch  2869, Energy: -1.09047e+02 (-1.09036e+02), Variance: 7.83449e-01 (9.69180e-01), Accept ratio: 0.47116, 
INFO:root:Epoch  2870, Energy: -1.09047e+02 (-1.09060e+02), Variance: 8.77486e-01 (1.85196e+00), Accept ratio: 0.47608, 
INFO:root:Epoch  2871, Energy: -1.09051e+02 (-1.09046e+02), Variance: 7.02000e-01 (8.01111e-01), Accept ratio: 0.46900, 
INFO:root:Epoch  2872, Energy: -1.09035e+02 (-1.09041e+02), Variance: 7.69739e-01 (8.91774e-01), Accept ratio: 0.45941, 
INFO:root:Epoch  2873, Energy: -1.09024e+02 (-1.09035e+02), Variance: 8.38241e-01 (1.35502e+00), Accept ratio: 0.47215, 
INFO:root:Epoch  2874, Energy: -1.09047e+02 (-1.09020e+02), Variance: 8.23853e-01 (1.58703e+00), Accept ratio: 0.47075, 
INFO:root:Epoch  2875, Energy: -1.09022e+02 (-1.08988e+02), Variance: 8.81616e-01 (1.81071e+00), Accept ratio: 0.46977, 
INFO:root:Epoch  2876, Energy: -1.09033e+02 (-1.09015e+02), Variance: 8.38161e-01 (2.08551e+00), Accept ratio: 0.46677, 
INFO:root:Epoch  2877, Energy: -1.09035e+02 (-1.09067e+02), Variance: 7.77057e-01 (1.48740e+00), Accept ratio: 0.46640, 
INFO:root:Epoch  2878, Energy: -1.09021e+02 (-1.09028e+02), Variance: 7.12417e-01 (8.89258e-01), Accept ratio: 0.47353, 
INFO:root:Epoch  2879, Energy: -1.09021e+02 (-1.09028e+02), Variance: 7.35340e-01 (1.54599e+00), Accept ratio: 0.46858, 
INFO:root:Epoch  2880, Energy: -1.09020e+02 (-1.09024e+02), Variance: 6.95559e-01 (1.08200e+00), Accept ratio: 0.47261, 
INFO:root:Epoch  2881, Energy: -1.09031e+02 (-1.09020e+02), Variance: 7.70779e-01 (1.13607e+00), Accept ratio: 0.46718, 
INFO:root:Epoch  2882, Energy: -1.09038e+02 (-1.09034e+02), Variance: 7.43429e-01 (8.54481e-01), Accept ratio: 0.47401, 
INFO:root:Epoch  2883, Energy: -1.09049e+02 (-1.09053e+02), Variance: 7.45931e-01 (9.70158e-01), Accept ratio: 0.47091, 
INFO:root:Epoch  2884, Energy: -1.09058e+02 (-1.09083e+02), Variance: 8.45283e-01 (1.20573e+00), Accept ratio: 0.46833, 
INFO:root:Epoch  2885, Energy: -1.09028e+02 (-1.09023e+02), Variance: 7.43101e-01 (9.03250e-01), Accept ratio: 0.47159, 
INFO:root:Epoch  2886, Energy: -1.09034e+02 (-1.09059e+02), Variance: 8.62320e-01 (1.64436e+00), Accept ratio: 0.47084, 
INFO:root:Epoch  2887, Energy: -1.09058e+02 (-1.09053e+02), Variance: 8.52866e-01 (2.52366e+00), Accept ratio: 0.47362, 
INFO:root:Epoch  2888, Energy: -1.09075e+02 (-1.09085e+02), Variance: 7.98070e-01 (1.05490e+00), Accept ratio: 0.47269, 
INFO:root:Epoch  2889, Energy: -1.09024e+02 (-1.09029e+02), Variance: 7.98948e-01 (1.45007e+00), Accept ratio: 0.46992, 
INFO:root:Epoch  2890, Energy: -1.09046e+02 (-1.09052e+02), Variance: 7.45691e-01 (9.52963e-01), Accept ratio: 0.47264, 
INFO:root:Epoch  2891, Energy: -1.09063e+02 (-1.09071e+02), Variance: 7.13672e-01 (1.01378e+00), Accept ratio: 0.47076, 
INFO:root:Epoch  2892, Energy: -1.09092e+02 (-1.09094e+02), Variance: 7.72729e-01 (9.87307e-01), Accept ratio: 0.46925, 
INFO:root:Epoch  2893, Energy: -1.09096e+02 (-1.09107e+02), Variance: 7.71505e-01 (9.86801e-01), Accept ratio: 0.46477, 
INFO:root:Epoch  2894, Energy: -1.08988e+02 (-1.08951e+02), Variance: 9.01368e-01 (1.93572e+00), Accept ratio: 0.46373, 
INFO:root:Epoch  2895, Energy: -1.09019e+02 (-1.09009e+02), Variance: 7.63908e-01 (1.01093e+00), Accept ratio: 0.46631, 
INFO:root:Epoch  2896, Energy: -1.09060e+02 (-1.09036e+02), Variance: 7.36189e-01 (1.18505e+00), Accept ratio: 0.46648, 
INFO:root:Epoch  2897, Energy: -1.09040e+02 (-1.09030e+02), Variance: 7.87367e-01 (8.87545e-01), Accept ratio: 0.47451, 
INFO:root:Epoch  2898, Energy: -1.09092e+02 (-1.09097e+02), Variance: 8.10010e-01 (9.33564e-01), Accept ratio: 0.47263, 
INFO:root:Epoch  2899, Energy: -1.09068e+02 (-1.09066e+02), Variance: 7.48244e-01 (8.88486e-01), Accept ratio: 0.47219, 
INFO:root:Epoch  2900, Energy: -1.09001e+02 (-1.08886e+02), Variance: 7.27553e-01 (1.25654e+01), Accept ratio: 0.46843, , best weights saved
INFO:root:Epoch  2901, Energy: -1.09058e+02 (-1.09063e+02), Variance: 8.02560e-01 (9.73564e-01), Accept ratio: 0.47023, 
INFO:root:Epoch  2902, Energy: -1.09032e+02 (-1.09024e+02), Variance: 7.43353e-01 (1.10396e+00), Accept ratio: 0.46970, 
INFO:root:Epoch  2903, Energy: -1.09018e+02 (-1.09018e+02), Variance: 8.12071e-01 (1.30095e+00), Accept ratio: 0.47484, 
INFO:root:Epoch  2904, Energy: -1.09032e+02 (-1.09042e+02), Variance: 7.96872e-01 (9.62722e-01), Accept ratio: 0.46594, 
INFO:root:Epoch  2905, Energy: -1.09047e+02 (-1.09115e+02), Variance: 7.70209e-01 (4.87394e+00), Accept ratio: 0.47259, 
INFO:root:Epoch  2906, Energy: -1.09016e+02 (-1.09011e+02), Variance: 7.15924e-01 (8.33777e-01), Accept ratio: 0.47540, 
INFO:root:Epoch  2907, Energy: -1.08990e+02 (-1.08998e+02), Variance: 7.16462e-01 (8.99946e-01), Accept ratio: 0.46631, 
INFO:root:Epoch  2908, Energy: -1.09017e+02 (-1.09012e+02), Variance: 7.49909e-01 (8.71029e-01), Accept ratio: 0.46662, 
INFO:root:Epoch  2909, Energy: -1.08999e+02 (-1.08987e+02), Variance: 7.31757e-01 (1.05110e+00), Accept ratio: 0.47452, 
INFO:root:Epoch  2910, Energy: -1.09073e+02 (-1.09085e+02), Variance: 8.22183e-01 (1.50929e+00), Accept ratio: 0.46876, 
INFO:root:Epoch  2911, Energy: -1.09069e+02 (-1.09064e+02), Variance: 7.85496e-01 (9.30902e-01), Accept ratio: 0.46815, 
INFO:root:Epoch  2912, Energy: -1.09047e+02 (-1.09046e+02), Variance: 6.90539e-01 (8.38051e-01), Accept ratio: 0.46992, 
INFO:root:Epoch  2913, Energy: -1.09039e+02 (-1.09000e+02), Variance: 6.81722e-01 (1.45677e+00), Accept ratio: 0.47538, 
INFO:root:Epoch  2914, Energy: -1.09039e+02 (-1.09036e+02), Variance: 7.08934e-01 (8.95298e-01), Accept ratio: 0.46329, 
INFO:root:Epoch  2915, Energy: -1.09002e+02 (-1.08995e+02), Variance: 6.59488e-01 (8.17484e-01), Accept ratio: 0.47848, 
INFO:root:Epoch  2916, Energy: -1.09072e+02 (-1.09031e+02), Variance: 7.18640e-01 (2.55270e+00), Accept ratio: 0.47346, 
INFO:root:Epoch  2917, Energy: -1.09038e+02 (-1.09017e+02), Variance: 8.32520e-01 (1.51661e+00), Accept ratio: 0.47267, 
INFO:root:Epoch  2918, Energy: -1.09048e+02 (-1.09032e+02), Variance: 8.19007e-01 (1.77938e+00), Accept ratio: 0.46997, 
INFO:root:Epoch  2919, Energy: -1.09051e+02 (-1.09046e+02), Variance: 7.67223e-01 (9.28384e-01), Accept ratio: 0.47215, 
INFO:root:Epoch  2920, Energy: -1.09080e+02 (-1.09085e+02), Variance: 7.40082e-01 (9.93046e-01), Accept ratio: 0.47701, 
INFO:root:Epoch  2921, Energy: -1.09076e+02 (-1.09087e+02), Variance: 8.35374e-01 (1.13353e+00), Accept ratio: 0.46981, 
INFO:root:Epoch  2922, Energy: -1.09032e+02 (-1.09031e+02), Variance: 8.10376e-01 (9.82328e-01), Accept ratio: 0.47424, 
INFO:root:Epoch  2923, Energy: -1.09027e+02 (-1.09021e+02), Variance: 7.47122e-01 (1.24050e+00), Accept ratio: 0.46863, 
INFO:root:Epoch  2924, Energy: -1.09053e+02 (-1.09042e+02), Variance: 8.52246e-01 (1.43766e+00), Accept ratio: 0.46824, 
INFO:root:Epoch  2925, Energy: -1.09065e+02 (-1.09068e+02), Variance: 7.51795e-01 (1.29049e+00), Accept ratio: 0.47291, 
INFO:root:Epoch  2926, Energy: -1.09032e+02 (-1.09028e+02), Variance: 7.28365e-01 (8.65853e-01), Accept ratio: 0.46526, 
INFO:root:Epoch  2927, Energy: -1.09030e+02 (-1.09044e+02), Variance: 7.27049e-01 (1.55666e+00), Accept ratio: 0.46433, 
INFO:root:Epoch  2928, Energy: -1.09069e+02 (-1.09065e+02), Variance: 7.69340e-01 (9.82907e-01), Accept ratio: 0.46182, 
INFO:root:Epoch  2929, Energy: -1.09054e+02 (-1.09069e+02), Variance: 7.71520e-01 (1.21458e+00), Accept ratio: 0.47493, 
INFO:root:Epoch  2930, Energy: -1.09071e+02 (-1.09101e+02), Variance: 7.61057e-01 (1.85226e+00), Accept ratio: 0.47266, 
INFO:root:Epoch  2931, Energy: -1.09025e+02 (-1.09015e+02), Variance: 7.45105e-01 (9.83772e-01), Accept ratio: 0.46812, 
INFO:root:Epoch  2932, Energy: -1.09048e+02 (-1.09031e+02), Variance: 7.51488e-01 (1.05048e+00), Accept ratio: 0.46906, 
INFO:root:Epoch  2933, Energy: -1.09060e+02 (-1.09057e+02), Variance: 8.09722e-01 (1.13254e+00), Accept ratio: 0.47496, 
INFO:root:Epoch  2934, Energy: -1.09051e+02 (-1.09052e+02), Variance: 7.10441e-01 (9.90170e-01), Accept ratio: 0.46583, 
INFO:root:Epoch  2935, Energy: -1.09038e+02 (-1.09024e+02), Variance: 7.68033e-01 (1.05969e+00), Accept ratio: 0.46537, 
INFO:root:Epoch  2936, Energy: -1.09016e+02 (-1.09013e+02), Variance: 7.69401e-01 (1.08819e+00), Accept ratio: 0.47036, 
INFO:root:Epoch  2937, Energy: -1.09092e+02 (-1.09081e+02), Variance: 8.40114e-01 (1.51418e+00), Accept ratio: 0.47013, 
INFO:root:Epoch  2938, Energy: -1.09065e+02 (-1.09040e+02), Variance: 8.10874e-01 (1.65960e+00), Accept ratio: 0.47593, 
INFO:root:Epoch  2939, Energy: -1.09093e+02 (-1.09080e+02), Variance: 8.04515e-01 (1.10750e+00), Accept ratio: 0.46447, 
INFO:root:Epoch  2940, Energy: -1.09071e+02 (-1.09073e+02), Variance: 8.91646e-01 (9.85964e-01), Accept ratio: 0.47071, 
INFO:root:Epoch  2941, Energy: -1.09024e+02 (-1.09027e+02), Variance: 7.66713e-01 (1.66757e+00), Accept ratio: 0.46560, 
INFO:root:Epoch  2942, Energy: -1.09061e+02 (-1.09060e+02), Variance: 7.53571e-01 (9.00985e-01), Accept ratio: 0.46980, 
INFO:root:Epoch  2943, Energy: -1.09056e+02 (-1.09062e+02), Variance: 7.74505e-01 (1.01281e+00), Accept ratio: 0.46817, 
INFO:root:Epoch  2944, Energy: -1.09050e+02 (-1.09079e+02), Variance: 9.08699e-01 (1.76155e+00), Accept ratio: 0.46814, 
INFO:root:Epoch  2945, Energy: -1.09028e+02 (-1.09032e+02), Variance: 7.63561e-01 (8.24415e-01), Accept ratio: 0.46430, 
INFO:root:Epoch  2946, Energy: -1.09109e+02 (-1.09116e+02), Variance: 7.67638e-01 (1.06085e+00), Accept ratio: 0.47481, 
INFO:root:Epoch  2947, Energy: -1.09083e+02 (-1.09084e+02), Variance: 8.81237e-01 (1.18192e+00), Accept ratio: 0.46757, 
INFO:root:Epoch  2948, Energy: -1.09042e+02 (-1.09043e+02), Variance: 8.35763e-01 (1.15703e+00), Accept ratio: 0.47392, 
INFO:root:Epoch  2949, Energy: -1.09033e+02 (-1.09052e+02), Variance: 8.18516e-01 (1.66324e+00), Accept ratio: 0.46989, 
INFO:root:Epoch  2950, Energy: -1.09039e+02 (-1.09036e+02), Variance: 7.48410e-01 (1.22166e+00), Accept ratio: 0.47728, 
INFO:root:Epoch  2951, Energy: -1.09009e+02 (-1.09010e+02), Variance: 7.35976e-01 (8.48591e-01), Accept ratio: 0.47092, 
INFO:root:Epoch  2952, Energy: -1.09025e+02 (-1.09051e+02), Variance: 7.83325e-01 (2.03488e+00), Accept ratio: 0.46642, 
INFO:root:Epoch  2953, Energy: -1.09071e+02 (-1.09104e+02), Variance: 9.18786e-01 (2.30665e+00), Accept ratio: 0.47087, 
INFO:root:Epoch  2954, Energy: -1.09030e+02 (-1.09034e+02), Variance: 7.51808e-01 (1.11643e+00), Accept ratio: 0.47072, 
INFO:root:Epoch  2955, Energy: -1.09035e+02 (-1.08917e+02), Variance: 1.06189e+00 (1.49910e+01), Accept ratio: 0.46608, 
INFO:root:Epoch  2956, Energy: -1.09063e+02 (-1.09057e+02), Variance: 8.39634e-01 (1.00565e+00), Accept ratio: 0.46092, 
INFO:root:Epoch  2957, Energy: -1.09027e+02 (-1.09025e+02), Variance: 8.17613e-01 (9.78894e-01), Accept ratio: 0.46396, 
INFO:root:Epoch  2958, Energy: -1.09062e+02 (-1.09073e+02), Variance: 8.50499e-01 (1.04689e+00), Accept ratio: 0.47058, 
INFO:root:Epoch  2959, Energy: -1.09028e+02 (-1.09027e+02), Variance: 7.48173e-01 (8.43676e-01), Accept ratio: 0.47351, 
INFO:root:Epoch  2960, Energy: -1.09021e+02 (-1.09012e+02), Variance: 7.47591e-01 (9.51022e-01), Accept ratio: 0.46851, 
INFO:root:Epoch  2961, Energy: -1.09018e+02 (-1.09023e+02), Variance: 6.87545e-01 (7.60464e-01), Accept ratio: 0.46756, 
INFO:root:Epoch  2962, Energy: -1.09000e+02 (-1.08987e+02), Variance: 7.35319e-01 (9.29646e-01), Accept ratio: 0.47467, 
INFO:root:Epoch  2963, Energy: -1.09016e+02 (-1.09016e+02), Variance: 7.63417e-01 (8.19845e-01), Accept ratio: 0.46919, 
INFO:root:Epoch  2964, Energy: -1.09020e+02 (-1.09009e+02), Variance: 8.25503e-01 (1.27072e+00), Accept ratio: 0.47352, 
INFO:root:Epoch  2965, Energy: -1.08973e+02 (-1.08977e+02), Variance: 8.36895e-01 (1.12976e+00), Accept ratio: 0.47411, 
INFO:root:Epoch  2966, Energy: -1.09000e+02 (-1.08988e+02), Variance: 7.57430e-01 (1.00049e+00), Accept ratio: 0.47289, 
INFO:root:Epoch  2967, Energy: -1.09011e+02 (-1.08986e+02), Variance: 9.15509e-01 (1.54833e+00), Accept ratio: 0.47080, 
INFO:root:Epoch  2968, Energy: -1.09014e+02 (-1.09017e+02), Variance: 8.58199e-01 (9.99756e-01), Accept ratio: 0.46545, 
INFO:root:Epoch  2969, Energy: -1.09038e+02 (-1.09046e+02), Variance: 7.67518e-01 (9.22752e-01), Accept ratio: 0.47110, 
INFO:root:Epoch  2970, Energy: -1.09012e+02 (-1.09022e+02), Variance: 7.79002e-01 (9.16063e-01), Accept ratio: 0.46858, 
INFO:root:Epoch  2971, Energy: -1.09021e+02 (-1.09014e+02), Variance: 6.72258e-01 (8.43087e-01), Accept ratio: 0.46811, 
INFO:root:Epoch  2972, Energy: -1.09016e+02 (-1.09029e+02), Variance: 7.87617e-01 (1.24684e+00), Accept ratio: 0.46672, 
INFO:root:Epoch  2973, Energy: -1.08996e+02 (-1.08992e+02), Variance: 7.34890e-01 (1.01336e+00), Accept ratio: 0.46763, 
INFO:root:Epoch  2974, Energy: -1.09039e+02 (-1.09056e+02), Variance: 8.60059e-01 (1.33486e+00), Accept ratio: 0.47081, 
INFO:root:Epoch  2975, Energy: -1.08984e+02 (-1.08978e+02), Variance: 8.26836e-01 (9.54869e-01), Accept ratio: 0.46250, 
INFO:root:Epoch  2976, Energy: -1.09079e+02 (-1.09090e+02), Variance: 7.33720e-01 (8.66645e-01), Accept ratio: 0.46776, 
INFO:root:Epoch  2977, Energy: -1.09021e+02 (-1.08976e+02), Variance: 8.66865e-01 (2.73703e+00), Accept ratio: 0.46669, 
INFO:root:Epoch  2978, Energy: -1.09026e+02 (-1.09045e+02), Variance: 7.98441e-01 (2.91182e+00), Accept ratio: 0.46676, 
INFO:root:Epoch  2979, Energy: -1.09037e+02 (-1.09043e+02), Variance: 7.59103e-01 (9.79418e-01), Accept ratio: 0.46841, 
INFO:root:Epoch  2980, Energy: -1.09076e+02 (-1.09089e+02), Variance: 7.06889e-01 (8.83144e-01), Accept ratio: 0.46761, 
INFO:root:Epoch  2981, Energy: -1.09026e+02 (-1.09013e+02), Variance: 7.31207e-01 (9.27587e-01), Accept ratio: 0.46875, 
INFO:root:Epoch  2982, Energy: -1.09054e+02 (-1.09024e+02), Variance: 8.11517e-01 (2.09631e+00), Accept ratio: 0.46786, 
INFO:root:Epoch  2983, Energy: -1.09088e+02 (-1.09075e+02), Variance: 7.67277e-01 (1.27488e+00), Accept ratio: 0.46863, 
INFO:root:Epoch  2984, Energy: -1.09051e+02 (-1.09045e+02), Variance: 7.37917e-01 (9.09119e-01), Accept ratio: 0.47243, 
INFO:root:Epoch  2985, Energy: -1.09083e+02 (-1.09090e+02), Variance: 8.54704e-01 (1.19759e+00), Accept ratio: 0.46971, 
INFO:root:Epoch  2986, Energy: -1.09042e+02 (-1.09042e+02), Variance: 6.83679e-01 (7.67564e-01), Accept ratio: 0.47103, 
INFO:root:Epoch  2987, Energy: -1.09028e+02 (-1.09033e+02), Variance: 8.11534e-01 (1.52290e+00), Accept ratio: 0.47311, 
INFO:root:Epoch  2988, Energy: -1.09036e+02 (-1.09069e+02), Variance: 7.11843e-01 (1.48422e+00), Accept ratio: 0.46755, 
INFO:root:Epoch  2989, Energy: -1.09042e+02 (-1.09032e+02), Variance: 8.18674e-01 (1.51165e+00), Accept ratio: 0.47177, 
INFO:root:Epoch  2990, Energy: -1.09060e+02 (-1.09064e+02), Variance: 8.38084e-01 (1.13634e+00), Accept ratio: 0.47082, 
INFO:root:Epoch  2991, Energy: -1.09048e+02 (-1.09038e+02), Variance: 7.47312e-01 (1.08593e+00), Accept ratio: 0.46920, 
INFO:root:Epoch  2992, Energy: -1.09073e+02 (-1.09051e+02), Variance: 8.11693e-01 (1.99402e+00), Accept ratio: 0.47586, 
INFO:root:Epoch  2993, Energy: -1.09024e+02 (-1.09022e+02), Variance: 8.46457e-01 (9.99021e-01), Accept ratio: 0.48102, 
INFO:root:Epoch  2994, Energy: -1.09057e+02 (-1.09060e+02), Variance: 8.23593e-01 (1.18240e+00), Accept ratio: 0.47559, 
INFO:root:Epoch  2995, Energy: -1.09039e+02 (-1.09024e+02), Variance: 7.85897e-01 (1.08782e+00), Accept ratio: 0.47031, 
INFO:root:Epoch  2996, Energy: -1.08983e+02 (-1.08919e+02), Variance: 7.55553e-01 (4.73473e+00), Accept ratio: 0.46903, 
INFO:root:Epoch  2997, Energy: -1.09003e+02 (-1.08988e+02), Variance: 9.18291e-01 (1.22289e+00), Accept ratio: 0.46299, 
INFO:root:Epoch  2998, Energy: -1.08988e+02 (-1.08977e+02), Variance: 7.87597e-01 (9.78643e-01), Accept ratio: 0.46053, 
INFO:root:Epoch  2999, Energy: -1.08993e+02 (-1.08990e+02), Variance: 7.27390e-01 (9.95835e-01), Accept ratio: 0.47489, 
INFO:root:Epoch  3000, Energy: -1.09061e+02 (-1.09040e+02), Variance: 8.53159e-01 (1.62797e+00), Accept ratio: 0.46424, , best weights saved
INFO:root:Epoch  3001, Energy: -1.09033e+02 (-1.09010e+02), Variance: 7.23447e-01 (1.06719e+00), Accept ratio: 0.46436, 
INFO:root:Epoch  3002, Energy: -1.08995e+02 (-1.08998e+02), Variance: 7.57329e-01 (8.18046e-01), Accept ratio: 0.46758, 
INFO:root:Epoch  3003, Energy: -1.09031e+02 (-1.09044e+02), Variance: 8.60389e-01 (1.14088e+00), Accept ratio: 0.46810, 
INFO:root:Epoch  3004, Energy: -1.09038e+02 (-1.09032e+02), Variance: 7.88574e-01 (9.11864e-01), Accept ratio: 0.46954, 
INFO:root:Epoch  3005, Energy: -1.09015e+02 (-1.09039e+02), Variance: 9.37958e-01 (1.35364e+00), Accept ratio: 0.47478, 
INFO:root:Epoch  3006, Energy: -1.09044e+02 (-1.09053e+02), Variance: 7.35379e-01 (8.65204e-01), Accept ratio: 0.46932, 
INFO:root:Epoch  3007, Energy: -1.09039e+02 (-1.09043e+02), Variance: 7.99876e-01 (1.15724e+00), Accept ratio: 0.47294, 
INFO:root:Epoch  3008, Energy: -1.09048e+02 (-1.09058e+02), Variance: 8.31670e-01 (1.20028e+00), Accept ratio: 0.46992, 
INFO:root:Epoch  3009, Energy: -1.09006e+02 (-1.09004e+02), Variance: 7.94122e-01 (1.12873e+00), Accept ratio: 0.47446, 
INFO:root:Epoch  3010, Energy: -1.09039e+02 (-1.09037e+02), Variance: 7.86250e-01 (1.08472e+00), Accept ratio: 0.46859, 
INFO:root:Epoch  3011, Energy: -1.09032e+02 (-1.09030e+02), Variance: 6.57082e-01 (8.13372e-01), Accept ratio: 0.47512, 
INFO:root:Epoch  3012, Energy: -1.08996e+02 (-1.08977e+02), Variance: 7.82835e-01 (1.10062e+00), Accept ratio: 0.46122, 
INFO:root:Epoch  3013, Energy: -1.09025e+02 (-1.09014e+02), Variance: 6.97887e-01 (1.00501e+00), Accept ratio: 0.46865, 
INFO:root:Epoch  3014, Energy: -1.09083e+02 (-1.09076e+02), Variance: 7.68903e-01 (1.10238e+00), Accept ratio: 0.46576, 
INFO:root:Epoch  3015, Energy: -1.09069e+02 (-1.09047e+02), Variance: 7.33911e-01 (1.08830e+00), Accept ratio: 0.46977, 
INFO:root:Epoch  3016, Energy: -1.09057e+02 (-1.09059e+02), Variance: 7.31338e-01 (9.21093e-01), Accept ratio: 0.47759, 
INFO:root:Epoch  3017, Energy: -1.09038e+02 (-1.09029e+02), Variance: 7.54750e-01 (9.70464e-01), Accept ratio: 0.47336, 
INFO:root:Epoch  3018, Energy: -1.09025e+02 (-1.09018e+02), Variance: 7.57662e-01 (1.03203e+00), Accept ratio: 0.47025, 
INFO:root:Epoch  3019, Energy: -1.09080e+02 (-1.09076e+02), Variance: 7.46757e-01 (8.66433e-01), Accept ratio: 0.47069, 
INFO:root:Epoch  3020, Energy: -1.09058e+02 (-1.09060e+02), Variance: 8.39386e-01 (9.76497e-01), Accept ratio: 0.47300, 
INFO:root:Epoch  3021, Energy: -1.09051e+02 (-1.09044e+02), Variance: 7.79267e-01 (9.55932e-01), Accept ratio: 0.47191, 
INFO:root:Epoch  3022, Energy: -1.08988e+02 (-1.08980e+02), Variance: 7.32978e-01 (9.80990e-01), Accept ratio: 0.47207, 
INFO:root:Epoch  3023, Energy: -1.09032e+02 (-1.09017e+02), Variance: 7.32582e-01 (1.55165e+00), Accept ratio: 0.47496, 
INFO:root:Epoch  3024, Energy: -1.09065e+02 (-1.09030e+02), Variance: 7.46611e-01 (2.03035e+00), Accept ratio: 0.47002, 
INFO:root:Epoch  3025, Energy: -1.09025e+02 (-1.09022e+02), Variance: 7.75049e-01 (9.60498e-01), Accept ratio: 0.47269, 
INFO:root:Epoch  3026, Energy: -1.09078e+02 (-1.09067e+02), Variance: 8.77820e-01 (1.75305e+00), Accept ratio: 0.46787, 
INFO:root:Epoch  3027, Energy: -1.09032e+02 (-1.09032e+02), Variance: 8.93070e-01 (1.17557e+00), Accept ratio: 0.46799, 
INFO:root:Epoch  3028, Energy: -1.09077e+02 (-1.09061e+02), Variance: 8.95684e-01 (1.36213e+00), Accept ratio: 0.47188, 
INFO:root:Epoch  3029, Energy: -1.09050e+02 (-1.09065e+02), Variance: 8.51440e-01 (1.18532e+00), Accept ratio: 0.46816, 
INFO:root:Epoch  3030, Energy: -1.08995e+02 (-1.08975e+02), Variance: 8.85992e-01 (1.57645e+00), Accept ratio: 0.47110, 
INFO:root:Epoch  3031, Energy: -1.09002e+02 (-1.08993e+02), Variance: 9.02810e-01 (1.25413e+00), Accept ratio: 0.46924, 
INFO:root:Epoch  3032, Energy: -1.09071e+02 (-1.09093e+02), Variance: 8.54663e-01 (1.30942e+00), Accept ratio: 0.47098, 
INFO:root:Epoch  3033, Energy: -1.09012e+02 (-1.08991e+02), Variance: 9.88562e-01 (1.47816e+00), Accept ratio: 0.46459, 
INFO:root:Epoch  3034, Energy: -1.09031e+02 (-1.09025e+02), Variance: 9.02702e-01 (9.74621e-01), Accept ratio: 0.47543, 
INFO:root:Epoch  3035, Energy: -1.09018e+02 (-1.09018e+02), Variance: 7.26924e-01 (7.73365e-01), Accept ratio: 0.47254, 
INFO:root:Epoch  3036, Energy: -1.09032e+02 (-1.09020e+02), Variance: 8.66557e-01 (1.37058e+00), Accept ratio: 0.47159, 
INFO:root:Epoch  3037, Energy: -1.09012e+02 (-1.09030e+02), Variance: 7.33218e-01 (1.42331e+00), Accept ratio: 0.47151, 
INFO:root:Epoch  3038, Energy: -1.09026e+02 (-1.09038e+02), Variance: 7.73616e-01 (1.28841e+00), Accept ratio: 0.46882, 
INFO:root:Epoch  3039, Energy: -1.09074e+02 (-1.09082e+02), Variance: 7.37660e-01 (8.40264e-01), Accept ratio: 0.46306, 
INFO:root:Epoch  3040, Energy: -1.08998e+02 (-1.08978e+02), Variance: 8.33407e-01 (1.40989e+00), Accept ratio: 0.47572, 
INFO:root:Epoch  3041, Energy: -1.09090e+02 (-1.09087e+02), Variance: 8.22770e-01 (1.18357e+00), Accept ratio: 0.47326, 
INFO:root:Epoch  3042, Energy: -1.09055e+02 (-1.09072e+02), Variance: 7.59054e-01 (1.19974e+00), Accept ratio: 0.47096, 
INFO:root:Epoch  3043, Energy: -1.09032e+02 (-1.09050e+02), Variance: 7.94408e-01 (1.03158e+00), Accept ratio: 0.46831, 
INFO:root:Epoch  3044, Energy: -1.09017e+02 (-1.09019e+02), Variance: 8.00696e-01 (9.01055e-01), Accept ratio: 0.47638, 
INFO:root:Epoch  3045, Energy: -1.09010e+02 (-1.09018e+02), Variance: 7.86896e-01 (9.86555e-01), Accept ratio: 0.47883, 
INFO:root:Epoch  3046, Energy: -1.09056e+02 (-1.09087e+02), Variance: 7.68364e-01 (1.49168e+00), Accept ratio: 0.47028, 
INFO:root:Epoch  3047, Energy: -1.09058e+02 (-1.09049e+02), Variance: 7.57689e-01 (1.05380e+00), Accept ratio: 0.46865, 
INFO:root:Epoch  3048, Energy: -1.09028e+02 (-1.09017e+02), Variance: 7.41455e-01 (1.15496e+00), Accept ratio: 0.47136, 
INFO:root:Epoch  3049, Energy: -1.09070e+02 (-1.09075e+02), Variance: 8.26585e-01 (9.97893e-01), Accept ratio: 0.47100, 
INFO:root:Epoch  3050, Energy: -1.09080e+02 (-1.09090e+02), Variance: 7.67699e-01 (8.65067e-01), Accept ratio: 0.46871, 
INFO:root:Epoch  3051, Energy: -1.09057e+02 (-1.09054e+02), Variance: 7.94689e-01 (8.99343e-01), Accept ratio: 0.47288, 
INFO:root:Epoch  3052, Energy: -1.09056e+02 (-1.09051e+02), Variance: 8.13590e-01 (1.24768e+00), Accept ratio: 0.47199, 
INFO:root:Epoch  3053, Energy: -1.09001e+02 (-1.08992e+02), Variance: 7.94574e-01 (9.40069e-01), Accept ratio: 0.47617, 
INFO:root:Epoch  3054, Energy: -1.09030e+02 (-1.09012e+02), Variance: 7.71190e-01 (1.02907e+00), Accept ratio: 0.47114, 
INFO:root:Epoch  3055, Energy: -1.09066e+02 (-1.09076e+02), Variance: 8.41512e-01 (1.29411e+00), Accept ratio: 0.46830, 
INFO:root:Epoch  3056, Energy: -1.09053e+02 (-1.09088e+02), Variance: 8.40397e-01 (2.37306e+00), Accept ratio: 0.46900, 
INFO:root:Epoch  3057, Energy: -1.09024e+02 (-1.09022e+02), Variance: 7.57026e-01 (8.64551e-01), Accept ratio: 0.47500, 
INFO:root:Epoch  3058, Energy: -1.09055e+02 (-1.09048e+02), Variance: 7.35654e-01 (8.84440e-01), Accept ratio: 0.47255, 
INFO:root:Epoch  3059, Energy: -1.08998e+02 (-1.08970e+02), Variance: 8.73913e-01 (1.51413e+00), Accept ratio: 0.46770, 
INFO:root:Epoch  3060, Energy: -1.09014e+02 (-1.08935e+02), Variance: 7.76420e-01 (7.33511e+00), Accept ratio: 0.46720, 
INFO:root:Epoch  3061, Energy: -1.09054e+02 (-1.09038e+02), Variance: 8.08279e-01 (1.10868e+00), Accept ratio: 0.47029, 
INFO:root:Epoch  3062, Energy: -1.09116e+02 (-1.09150e+02), Variance: 7.73214e-01 (2.67964e+00), Accept ratio: 0.47014, 
INFO:root:Epoch  3063, Energy: -1.09042e+02 (-1.09040e+02), Variance: 7.14020e-01 (8.46406e-01), Accept ratio: 0.47173, 
INFO:root:Epoch  3064, Energy: -1.08985e+02 (-1.08978e+02), Variance: 7.98883e-01 (1.00542e+00), Accept ratio: 0.46519, 
INFO:root:Epoch  3065, Energy: -1.09019e+02 (-1.09016e+02), Variance: 9.22570e-01 (1.16409e+00), Accept ratio: 0.46832, 
INFO:root:Epoch  3066, Energy: -1.09004e+02 (-1.08980e+02), Variance: 8.80523e-01 (1.58795e+00), Accept ratio: 0.46961, 
INFO:root:Epoch  3067, Energy: -1.09006e+02 (-1.09022e+02), Variance: 8.72848e-01 (1.50973e+00), Accept ratio: 0.47310, 
INFO:root:Epoch  3068, Energy: -1.09009e+02 (-1.09021e+02), Variance: 9.09773e-01 (1.73262e+00), Accept ratio: 0.47170, 
INFO:root:Epoch  3069, Energy: -1.09035e+02 (-1.09023e+02), Variance: 8.14089e-01 (1.38635e+00), Accept ratio: 0.47592, 
INFO:root:Epoch  3070, Energy: -1.09048e+02 (-1.09037e+02), Variance: 8.05037e-01 (1.02244e+00), Accept ratio: 0.46995, 
INFO:root:Epoch  3071, Energy: -1.09030e+02 (-1.09026e+02), Variance: 7.26426e-01 (1.28132e+00), Accept ratio: 0.47036, 
INFO:root:Epoch  3072, Energy: -1.08991e+02 (-1.08983e+02), Variance: 7.63990e-01 (1.20458e+00), Accept ratio: 0.47178, 
INFO:root:Epoch  3073, Energy: -1.09028e+02 (-1.09030e+02), Variance: 8.48212e-01 (9.55361e-01), Accept ratio: 0.46643, 
INFO:root:Epoch  3074, Energy: -1.09032e+02 (-1.09018e+02), Variance: 7.29112e-01 (1.05304e+00), Accept ratio: 0.46503, 
INFO:root:Epoch  3075, Energy: -1.08981e+02 (-1.08980e+02), Variance: 7.78647e-01 (8.79184e-01), Accept ratio: 0.46834, 
INFO:root:Epoch  3076, Energy: -1.09065e+02 (-1.09082e+02), Variance: 7.49370e-01 (1.15793e+00), Accept ratio: 0.46689, 
INFO:root:Epoch  3077, Energy: -1.09021e+02 (-1.09094e+02), Variance: 7.98908e-01 (7.82068e+00), Accept ratio: 0.46909, 
INFO:root:Epoch  3078, Energy: -1.08976e+02 (-1.08970e+02), Variance: 7.20238e-01 (8.65641e-01), Accept ratio: 0.46785, 
INFO:root:Epoch  3079, Energy: -1.08995e+02 (-1.08983e+02), Variance: 8.00689e-01 (1.03640e+00), Accept ratio: 0.46786, 
INFO:root:Epoch  3080, Energy: -1.09030e+02 (-1.08978e+02), Variance: 8.32331e-01 (2.35327e+00), Accept ratio: 0.46965, 
INFO:root:Epoch  3081, Energy: -1.09028e+02 (-1.09025e+02), Variance: 9.77609e-01 (1.24453e+00), Accept ratio: 0.47440, 
INFO:root:Epoch  3082, Energy: -1.09068e+02 (-1.09056e+02), Variance: 8.00287e-01 (1.08710e+00), Accept ratio: 0.47181, 
INFO:root:Epoch  3083, Energy: -1.09040e+02 (-1.09040e+02), Variance: 7.48335e-01 (1.09083e+00), Accept ratio: 0.46846, 
INFO:root:Epoch  3084, Energy: -1.08992e+02 (-1.08983e+02), Variance: 7.84044e-01 (1.13919e+00), Accept ratio: 0.46184, 
INFO:root:Epoch  3085, Energy: -1.09072e+02 (-1.09077e+02), Variance: 7.84409e-01 (1.03911e+00), Accept ratio: 0.46853, 
INFO:root:Epoch  3086, Energy: -1.09033e+02 (-1.09025e+02), Variance: 8.42282e-01 (1.00948e+00), Accept ratio: 0.46861, 
INFO:root:Epoch  3087, Energy: -1.09062e+02 (-1.09073e+02), Variance: 7.11101e-01 (1.80460e+00), Accept ratio: 0.47886, 
INFO:root:Epoch  3088, Energy: -1.09044e+02 (-1.09013e+02), Variance: 7.76286e-01 (1.48958e+00), Accept ratio: 0.47170, 
INFO:root:Epoch  3089, Energy: -1.09004e+02 (-1.08976e+02), Variance: 7.82814e-01 (1.48221e+00), Accept ratio: 0.46911, 
INFO:root:Epoch  3090, Energy: -1.09048e+02 (-1.09050e+02), Variance: 7.92637e-01 (1.00005e+00), Accept ratio: 0.46995, 
INFO:root:Epoch  3091, Energy: -1.09066e+02 (-1.09060e+02), Variance: 9.56386e-01 (1.46906e+00), Accept ratio: 0.47232, 
INFO:root:Epoch  3092, Energy: -1.09027e+02 (-1.09043e+02), Variance: 7.91548e-01 (1.13159e+00), Accept ratio: 0.47675, 
INFO:root:Epoch  3093, Energy: -1.09004e+02 (-1.08994e+02), Variance: 7.94507e-01 (1.05249e+00), Accept ratio: 0.46889, 
INFO:root:Epoch  3094, Energy: -1.08992e+02 (-1.08994e+02), Variance: 7.38936e-01 (1.09580e+00), Accept ratio: 0.47408, 
INFO:root:Epoch  3095, Energy: -1.09018e+02 (-1.09012e+02), Variance: 7.41411e-01 (8.97694e-01), Accept ratio: 0.47030, 
INFO:root:Epoch  3096, Energy: -1.09033e+02 (-1.09030e+02), Variance: 8.36874e-01 (9.67997e-01), Accept ratio: 0.47001, 
INFO:root:Epoch  3097, Energy: -1.09046e+02 (-1.09065e+02), Variance: 8.44095e-01 (1.51734e+00), Accept ratio: 0.46810, 
INFO:root:Epoch  3098, Energy: -1.09058e+02 (-1.09066e+02), Variance: 8.02566e-01 (8.78017e-01), Accept ratio: 0.47330, 
INFO:root:Epoch  3099, Energy: -1.09032e+02 (-1.09019e+02), Variance: 8.42098e-01 (1.09464e+00), Accept ratio: 0.46397, 
INFO:root:Epoch  3100, Energy: -1.09092e+02 (-1.09099e+02), Variance: 8.38473e-01 (1.12516e+00), Accept ratio: 0.47339, , best weights saved
INFO:root:Epoch  3101, Energy: -1.09072e+02 (-1.09067e+02), Variance: 7.98873e-01 (9.82487e-01), Accept ratio: 0.47383, 
INFO:root:Epoch  3102, Energy: -1.09064e+02 (-1.09077e+02), Variance: 7.76888e-01 (1.49176e+00), Accept ratio: 0.46180, 
INFO:root:Epoch  3103, Energy: -1.09101e+02 (-1.09093e+02), Variance: 7.69533e-01 (1.01584e+00), Accept ratio: 0.47143, 
INFO:root:Epoch  3104, Energy: -1.09097e+02 (-1.09107e+02), Variance: 7.79616e-01 (9.78290e-01), Accept ratio: 0.47032, 
INFO:root:Epoch  3105, Energy: -1.09058e+02 (-1.09036e+02), Variance: 9.11812e-01 (1.33930e+00), Accept ratio: 0.46695, 
INFO:root:Epoch  3106, Energy: -1.09082e+02 (-1.09071e+02), Variance: 8.32827e-01 (1.12361e+00), Accept ratio: 0.46853, 
INFO:root:Epoch  3107, Energy: -1.09035e+02 (-1.09017e+02), Variance: 8.06461e-01 (1.11916e+00), Accept ratio: 0.47017, 
INFO:root:Epoch  3108, Energy: -1.09019e+02 (-1.09018e+02), Variance: 8.20389e-01 (9.58270e-01), Accept ratio: 0.46795, 
INFO:root:Epoch  3109, Energy: -1.09075e+02 (-1.09085e+02), Variance: 6.92953e-01 (8.16960e-01), Accept ratio: 0.46614, 
INFO:root:Epoch  3110, Energy: -1.09047e+02 (-1.09049e+02), Variance: 7.34048e-01 (7.65594e-01), Accept ratio: 0.46825, 
INFO:root:Epoch  3111, Energy: -1.09060e+02 (-1.09040e+02), Variance: 6.91534e-01 (1.15066e+00), Accept ratio: 0.46749, 
INFO:root:Epoch  3112, Energy: -1.09061e+02 (-1.09057e+02), Variance: 8.13847e-01 (9.25728e-01), Accept ratio: 0.46821, 
INFO:root:Epoch  3113, Energy: -1.09088e+02 (-1.09074e+02), Variance: 7.28334e-01 (1.17518e+00), Accept ratio: 0.46949, 
INFO:root:Epoch  3114, Energy: -1.09082e+02 (-1.09061e+02), Variance: 7.88499e-01 (1.24363e+00), Accept ratio: 0.46867, 
INFO:root:Epoch  3115, Energy: -1.09063e+02 (-1.09045e+02), Variance: 7.11979e-01 (9.89661e-01), Accept ratio: 0.46462, 
INFO:root:Epoch  3116, Energy: -1.09084e+02 (-1.09087e+02), Variance: 7.87062e-01 (1.18342e+00), Accept ratio: 0.46976, 
INFO:root:Epoch  3117, Energy: -1.09030e+02 (-1.08983e+02), Variance: 8.46485e-01 (5.35734e+00), Accept ratio: 0.47030, 
INFO:root:Epoch  3118, Energy: -1.09050e+02 (-1.09033e+02), Variance: 1.01331e+00 (1.39059e+00), Accept ratio: 0.46720, 
INFO:root:Epoch  3119, Energy: -1.09035e+02 (-1.09020e+02), Variance: 8.76882e-01 (1.21766e+00), Accept ratio: 0.46872, 
INFO:root:Epoch  3120, Energy: -1.09012e+02 (-1.08990e+02), Variance: 8.39852e-01 (1.30600e+00), Accept ratio: 0.47572, 
INFO:root:Epoch  3121, Energy: -1.09049e+02 (-1.09036e+02), Variance: 8.01930e-01 (1.08023e+00), Accept ratio: 0.47285, 
INFO:root:Epoch  3122, Energy: -1.09045e+02 (-1.09044e+02), Variance: 9.14259e-01 (1.23674e+00), Accept ratio: 0.46343, 
INFO:root:Epoch  3123, Energy: -1.09044e+02 (-1.09048e+02), Variance: 7.64072e-01 (9.49621e-01), Accept ratio: 0.46896, 
INFO:root:Epoch  3124, Energy: -1.09060e+02 (-1.09037e+02), Variance: 7.60714e-01 (1.70255e+00), Accept ratio: 0.47573, 
INFO:root:Epoch  3125, Energy: -1.09045e+02 (-1.09026e+02), Variance: 7.73811e-01 (1.51245e+00), Accept ratio: 0.47595, 
INFO:root:Epoch  3126, Energy: -1.09049e+02 (-1.09051e+02), Variance: 7.56820e-01 (9.52428e-01), Accept ratio: 0.47106, 
INFO:root:Epoch  3127, Energy: -1.09042e+02 (-1.09015e+02), Variance: 8.31061e-01 (3.28284e+00), Accept ratio: 0.47567, 
INFO:root:Epoch  3128, Energy: -1.09000e+02 (-1.08975e+02), Variance: 7.90180e-01 (1.17689e+00), Accept ratio: 0.46682, 
INFO:root:Epoch  3129, Energy: -1.09018e+02 (-1.09015e+02), Variance: 6.50786e-01 (7.91509e-01), Accept ratio: 0.46958, 
INFO:root:Epoch  3130, Energy: -1.09040e+02 (-1.09026e+02), Variance: 6.93515e-01 (9.60197e-01), Accept ratio: 0.47572, 
INFO:root:Epoch  3131, Energy: -1.09045e+02 (-1.09018e+02), Variance: 7.15810e-01 (1.21624e+00), Accept ratio: 0.47489, 
INFO:root:Epoch  3132, Energy: -1.09042e+02 (-1.09039e+02), Variance: 8.00244e-01 (8.43002e-01), Accept ratio: 0.47636, 
INFO:root:Epoch  3133, Energy: -1.09022e+02 (-1.09023e+02), Variance: 7.18767e-01 (7.82948e-01), Accept ratio: 0.46573, 
INFO:root:Epoch  3134, Energy: -1.09066e+02 (-1.09081e+02), Variance: 8.57217e-01 (1.22131e+00), Accept ratio: 0.47042, 
INFO:root:Epoch  3135, Energy: -1.09038e+02 (-1.09019e+02), Variance: 8.14656e-01 (1.19592e+00), Accept ratio: 0.46712, 
INFO:root:Epoch  3136, Energy: -1.09029e+02 (-1.09021e+02), Variance: 8.72099e-01 (1.21287e+00), Accept ratio: 0.46486, 
INFO:root:Epoch  3137, Energy: -1.09041e+02 (-1.09040e+02), Variance: 8.03809e-01 (1.38890e+00), Accept ratio: 0.46562, 
INFO:root:Epoch  3138, Energy: -1.09037e+02 (-1.09009e+02), Variance: 7.17333e-01 (1.27285e+00), Accept ratio: 0.46140, 
INFO:root:Epoch  3139, Energy: -1.09092e+02 (-1.09109e+02), Variance: 7.20020e-01 (8.77591e-01), Accept ratio: 0.46437, 
INFO:root:Epoch  3140, Energy: -1.09059e+02 (-1.09083e+02), Variance: 7.19842e-01 (1.46016e+00), Accept ratio: 0.47016, 
INFO:root:Epoch  3141, Energy: -1.09030e+02 (-1.09037e+02), Variance: 7.28571e-01 (8.48015e-01), Accept ratio: 0.46849, 
INFO:root:Epoch  3142, Energy: -1.09060e+02 (-1.09055e+02), Variance: 7.34635e-01 (8.36572e-01), Accept ratio: 0.46469, 
INFO:root:Epoch  3143, Energy: -1.09070e+02 (-1.09068e+02), Variance: 8.50954e-01 (1.13951e+00), Accept ratio: 0.46722, 
INFO:root:Epoch  3144, Energy: -1.09040e+02 (-1.09050e+02), Variance: 8.41988e-01 (1.14308e+00), Accept ratio: 0.46519, 
INFO:root:Epoch  3145, Energy: -1.09013e+02 (-1.09001e+02), Variance: 7.33173e-01 (9.10779e-01), Accept ratio: 0.46695, 
INFO:root:Epoch  3146, Energy: -1.09052e+02 (-1.09060e+02), Variance: 7.50490e-01 (1.09897e+00), Accept ratio: 0.46892, 
INFO:root:Epoch  3147, Energy: -1.09019e+02 (-1.08992e+02), Variance: 8.27137e-01 (1.20341e+00), Accept ratio: 0.46667, 
INFO:root:Epoch  3148, Energy: -1.09051e+02 (-1.09048e+02), Variance: 7.13608e-01 (8.58688e-01), Accept ratio: 0.46676, 
INFO:root:Epoch  3149, Energy: -1.09056e+02 (-1.09061e+02), Variance: 7.51913e-01 (9.74151e-01), Accept ratio: 0.46370, 
INFO:root:Epoch  3150, Energy: -1.09054e+02 (-1.09078e+02), Variance: 7.28377e-01 (1.51747e+00), Accept ratio: 0.47127, 
INFO:root:Epoch  3151, Energy: -1.09049e+02 (-1.09052e+02), Variance: 7.29916e-01 (9.42261e-01), Accept ratio: 0.46522, 
INFO:root:Epoch  3152, Energy: -1.09033e+02 (-1.09035e+02), Variance: 7.44564e-01 (9.49999e-01), Accept ratio: 0.47035, 
INFO:root:Epoch  3153, Energy: -1.09033e+02 (-1.09041e+02), Variance: 7.50959e-01 (1.84003e+00), Accept ratio: 0.47443, 
INFO:root:Epoch  3154, Energy: -1.09058e+02 (-1.09051e+02), Variance: 6.55723e-01 (7.39964e-01), Accept ratio: 0.46845, 
INFO:root:Epoch  3155, Energy: -1.09039e+02 (-1.09008e+02), Variance: 7.59658e-01 (2.06923e+00), Accept ratio: 0.46296, 
INFO:root:Epoch  3156, Energy: -1.09074e+02 (-1.09070e+02), Variance: 7.80725e-01 (8.98776e-01), Accept ratio: 0.46698, 
INFO:root:Epoch  3157, Energy: -1.09082e+02 (-1.08920e+02), Variance: 8.10550e-01 (3.08970e+01), Accept ratio: 0.46565, 
INFO:root:Epoch  3158, Energy: -1.09043e+02 (-1.09045e+02), Variance: 6.86953e-01 (7.62794e-01), Accept ratio: 0.46806, 
INFO:root:Epoch  3159, Energy: -1.09013e+02 (-1.09035e+02), Variance: 6.97581e-01 (1.63350e+00), Accept ratio: 0.47439, 
INFO:root:Epoch  3160, Energy: -1.09042e+02 (-1.09051e+02), Variance: 7.92428e-01 (1.14279e+00), Accept ratio: 0.47022, 
INFO:root:Epoch  3161, Energy: -1.09061e+02 (-1.09070e+02), Variance: 7.57275e-01 (9.11241e-01), Accept ratio: 0.46944, 
INFO:root:Epoch  3162, Energy: -1.09029e+02 (-1.09045e+02), Variance: 8.16703e-01 (1.26660e+00), Accept ratio: 0.46749, 
INFO:root:Epoch  3163, Energy: -1.09054e+02 (-1.09058e+02), Variance: 6.87458e-01 (7.52595e-01), Accept ratio: 0.46906, 
INFO:root:Epoch  3164, Energy: -1.09006e+02 (-1.09015e+02), Variance: 7.88492e-01 (1.46072e+00), Accept ratio: 0.46710, 
INFO:root:Epoch  3165, Energy: -1.09052e+02 (-1.09065e+02), Variance: 7.20914e-01 (9.21122e-01), Accept ratio: 0.47015, 
INFO:root:Epoch  3166, Energy: -1.08989e+02 (-1.08977e+02), Variance: 8.49677e-01 (1.84649e+00), Accept ratio: 0.46977, 
INFO:root:Epoch  3167, Energy: -1.09014e+02 (-1.09014e+02), Variance: 7.59545e-01 (9.08137e-01), Accept ratio: 0.47195, 
INFO:root:Epoch  3168, Energy: -1.09031e+02 (-1.09038e+02), Variance: 7.50533e-01 (8.51844e-01), Accept ratio: 0.47134, 
INFO:root:Epoch  3169, Energy: -1.09079e+02 (-1.09090e+02), Variance: 8.23138e-01 (1.03909e+00), Accept ratio: 0.47777, 
INFO:root:Epoch  3170, Energy: -1.09085e+02 (-1.09075e+02), Variance: 8.33668e-01 (1.16546e+00), Accept ratio: 0.46855, 
INFO:root:Epoch  3171, Energy: -1.09074e+02 (-1.09081e+02), Variance: 8.40496e-01 (1.09984e+00), Accept ratio: 0.46627, 
INFO:root:Epoch  3172, Energy: -1.09085e+02 (-1.09098e+02), Variance: 8.09539e-01 (1.07516e+00), Accept ratio: 0.47491, 
INFO:root:Epoch  3173, Energy: -1.09113e+02 (-1.09121e+02), Variance: 7.76102e-01 (1.08689e+00), Accept ratio: 0.47018, 
INFO:root:Epoch  3174, Energy: -1.09059e+02 (-1.09073e+02), Variance: 7.35529e-01 (9.61005e-01), Accept ratio: 0.47133, 
INFO:root:Epoch  3175, Energy: -1.09096e+02 (-1.09082e+02), Variance: 7.78119e-01 (1.57201e+00), Accept ratio: 0.47000, 
INFO:root:Epoch  3176, Energy: -1.09074e+02 (-1.09058e+02), Variance: 7.74516e-01 (9.75442e-01), Accept ratio: 0.47178, 
INFO:root:Epoch  3177, Energy: -1.09048e+02 (-1.09040e+02), Variance: 7.79897e-01 (9.45318e-01), Accept ratio: 0.47365, 
INFO:root:Epoch  3178, Energy: -1.09056e+02 (-1.09052e+02), Variance: 7.71460e-01 (9.29780e-01), Accept ratio: 0.46508, 
INFO:root:Epoch  3179, Energy: -1.09075e+02 (-1.09069e+02), Variance: 8.57242e-01 (1.44409e+00), Accept ratio: 0.47323, 
INFO:root:Epoch  3180, Energy: -1.09123e+02 (-1.09128e+02), Variance: 7.15608e-01 (7.89758e-01), Accept ratio: 0.47184, 
INFO:root:Epoch  3181, Energy: -1.09046e+02 (-1.09028e+02), Variance: 7.69401e-01 (9.75317e-01), Accept ratio: 0.46678, 
INFO:root:Epoch  3182, Energy: -1.09010e+02 (-1.09011e+02), Variance: 7.99098e-01 (8.98708e-01), Accept ratio: 0.46418, 
INFO:root:Epoch  3183, Energy: -1.09013e+02 (-1.09009e+02), Variance: 8.14756e-01 (1.11114e+00), Accept ratio: 0.47149, 
INFO:root:Epoch  3184, Energy: -1.09049e+02 (-1.09046e+02), Variance: 7.07281e-01 (7.87869e-01), Accept ratio: 0.46902, 
INFO:root:Epoch  3185, Energy: -1.09034e+02 (-1.09034e+02), Variance: 8.77854e-01 (1.25488e+00), Accept ratio: 0.46397, 
INFO:root:Epoch  3186, Energy: -1.09023e+02 (-1.09029e+02), Variance: 7.94582e-01 (9.35251e-01), Accept ratio: 0.47015, 
INFO:root:Epoch  3187, Energy: -1.08982e+02 (-1.08974e+02), Variance: 7.82526e-01 (1.14802e+00), Accept ratio: 0.47055, 
INFO:root:Epoch  3188, Energy: -1.09049e+02 (-1.09052e+02), Variance: 7.34641e-01 (9.75665e-01), Accept ratio: 0.47910, 
INFO:root:Epoch  3189, Energy: -1.09052e+02 (-1.09072e+02), Variance: 8.50764e-01 (1.15668e+00), Accept ratio: 0.46287, 
INFO:root:Epoch  3190, Energy: -1.09029e+02 (-1.09034e+02), Variance: 7.17272e-01 (9.81055e-01), Accept ratio: 0.47208, 
INFO:root:Epoch  3191, Energy: -1.09075e+02 (-1.09072e+02), Variance: 7.91031e-01 (9.83755e-01), Accept ratio: 0.46505, 
INFO:root:Epoch  3192, Energy: -1.09052e+02 (-1.09064e+02), Variance: 7.61740e-01 (9.36744e-01), Accept ratio: 0.47003, 
INFO:root:Epoch  3193, Energy: -1.09037e+02 (-1.09027e+02), Variance: 7.63586e-01 (1.38154e+00), Accept ratio: 0.46916, 
INFO:root:Epoch  3194, Energy: -1.09017e+02 (-1.09008e+02), Variance: 7.56895e-01 (9.40606e-01), Accept ratio: 0.47890, 
INFO:root:Epoch  3195, Energy: -1.09066e+02 (-1.09062e+02), Variance: 7.13018e-01 (7.72536e-01), Accept ratio: 0.46300, 
INFO:root:Epoch  3196, Energy: -1.09018e+02 (-1.09002e+02), Variance: 7.95330e-01 (1.01676e+00), Accept ratio: 0.47722, 
INFO:root:Epoch  3197, Energy: -1.09075e+02 (-1.09022e+02), Variance: 8.73041e-01 (3.62421e+00), Accept ratio: 0.46911, 
INFO:root:Epoch  3198, Energy: -1.09057e+02 (-1.09083e+02), Variance: 8.95882e-01 (1.71718e+00), Accept ratio: 0.46921, 
INFO:root:Epoch  3199, Energy: -1.09107e+02 (-1.09110e+02), Variance: 8.20349e-01 (1.66528e+00), Accept ratio: 0.46269, 
INFO:root:Epoch  3200, Energy: -1.09097e+02 (-1.09112e+02), Variance: 8.86749e-01 (1.22485e+00), Accept ratio: 0.47380, , best weights saved
INFO:root:Epoch  3201, Energy: -1.09074e+02 (-1.09084e+02), Variance: 8.33349e-01 (1.12222e+00), Accept ratio: 0.46781, 
INFO:root:Epoch  3202, Energy: -1.09041e+02 (-1.09030e+02), Variance: 7.47814e-01 (1.05968e+00), Accept ratio: 0.47095, 
INFO:root:Epoch  3203, Energy: -1.09078e+02 (-1.09091e+02), Variance: 7.35283e-01 (9.82198e-01), Accept ratio: 0.46564, 
INFO:root:Epoch  3204, Energy: -1.09038e+02 (-1.09040e+02), Variance: 6.95127e-01 (8.05470e-01), Accept ratio: 0.46911, 
INFO:root:Epoch  3205, Energy: -1.09047e+02 (-1.09073e+02), Variance: 7.68923e-01 (1.54888e+00), Accept ratio: 0.47236, 
INFO:root:Epoch  3206, Energy: -1.09026e+02 (-1.09028e+02), Variance: 7.27412e-01 (7.79738e-01), Accept ratio: 0.47191, 
INFO:root:Epoch  3207, Energy: -1.09020e+02 (-1.09024e+02), Variance: 7.82669e-01 (9.97211e-01), Accept ratio: 0.47045, 
INFO:root:Epoch  3208, Energy: -1.09029e+02 (-1.09023e+02), Variance: 7.86609e-01 (9.79419e-01), Accept ratio: 0.46577, 
INFO:root:Epoch  3209, Energy: -1.08978e+02 (-1.08992e+02), Variance: 7.76348e-01 (1.69355e+00), Accept ratio: 0.46758, 
INFO:root:Epoch  3210, Energy: -1.09005e+02 (-1.08984e+02), Variance: 7.54931e-01 (1.11805e+00), Accept ratio: 0.47515, 
INFO:root:Epoch  3211, Energy: -1.09027e+02 (-1.09035e+02), Variance: 7.32503e-01 (1.01932e+00), Accept ratio: 0.46523, 
INFO:root:Epoch  3212, Energy: -1.09022e+02 (-1.09001e+02), Variance: 8.36663e-01 (1.34728e+00), Accept ratio: 0.46397, 
INFO:root:Epoch  3213, Energy: -1.09044e+02 (-1.08984e+02), Variance: 8.01296e-01 (3.78026e+00), Accept ratio: 0.47401, 
INFO:root:Epoch  3214, Energy: -1.09039e+02 (-1.09082e+02), Variance: 7.28123e-01 (2.12058e+00), Accept ratio: 0.46859, 
INFO:root:Epoch  3215, Energy: -1.09049e+02 (-1.09049e+02), Variance: 7.68039e-01 (9.04117e-01), Accept ratio: 0.46305, 
INFO:root:Epoch  3216, Energy: -1.09057e+02 (-1.09057e+02), Variance: 7.42627e-01 (8.51933e-01), Accept ratio: 0.46402, 
INFO:root:Epoch  3217, Energy: -1.09044e+02 (-1.09045e+02), Variance: 7.25306e-01 (8.68853e-01), Accept ratio: 0.47354, 
INFO:root:Epoch  3218, Energy: -1.09023e+02 (-1.09018e+02), Variance: 7.61252e-01 (8.11305e-01), Accept ratio: 0.46969, 
INFO:root:Epoch  3219, Energy: -1.09012e+02 (-1.09000e+02), Variance: 7.46829e-01 (1.60796e+00), Accept ratio: 0.47039, 
INFO:root:Epoch  3220, Energy: -1.09044e+02 (-1.09053e+02), Variance: 8.26174e-01 (1.07708e+00), Accept ratio: 0.46864, 
INFO:root:Epoch  3221, Energy: -1.09062e+02 (-1.09058e+02), Variance: 8.37616e-01 (1.04474e+00), Accept ratio: 0.47115, 
INFO:root:Epoch  3222, Energy: -1.09095e+02 (-1.09110e+02), Variance: 7.55502e-01 (9.87612e-01), Accept ratio: 0.47473, 
INFO:root:Epoch  3223, Energy: -1.09053e+02 (-1.09055e+02), Variance: 8.37758e-01 (1.07929e+00), Accept ratio: 0.47548, 
INFO:root:Epoch  3224, Energy: -1.09072e+02 (-1.09119e+02), Variance: 9.61031e-01 (2.73083e+00), Accept ratio: 0.46942, 
INFO:root:Epoch  3225, Energy: -1.09056e+02 (-1.09055e+02), Variance: 7.96277e-01 (9.87875e-01), Accept ratio: 0.47199, 
INFO:root:Epoch  3226, Energy: -1.09034e+02 (-1.09010e+02), Variance: 8.71926e-01 (1.31175e+00), Accept ratio: 0.46799, 
INFO:root:Epoch  3227, Energy: -1.09035e+02 (-1.09036e+02), Variance: 8.39493e-01 (1.05639e+00), Accept ratio: 0.47161, 
INFO:root:Epoch  3228, Energy: -1.09073e+02 (-1.09075e+02), Variance: 8.59065e-01 (1.03543e+00), Accept ratio: 0.47051, 
INFO:root:Epoch  3229, Energy: -1.09072e+02 (-1.09070e+02), Variance: 8.08064e-01 (8.55083e-01), Accept ratio: 0.46572, 
INFO:root:Epoch  3230, Energy: -1.09048e+02 (-1.09030e+02), Variance: 8.17659e-01 (2.33835e+00), Accept ratio: 0.46508, 
INFO:root:Epoch  3231, Energy: -1.09043e+02 (-1.09048e+02), Variance: 8.79599e-01 (1.08321e+00), Accept ratio: 0.46954, 
INFO:root:Epoch  3232, Energy: -1.09016e+02 (-1.09010e+02), Variance: 8.28526e-01 (1.07802e+00), Accept ratio: 0.46687, 
INFO:root:Epoch  3233, Energy: -1.08989e+02 (-1.08976e+02), Variance: 7.84726e-01 (1.08285e+00), Accept ratio: 0.47319, 
INFO:root:Epoch  3234, Energy: -1.09035e+02 (-1.09053e+02), Variance: 8.44633e-01 (1.25554e+00), Accept ratio: 0.46264, 
INFO:root:Epoch  3235, Energy: -1.09060e+02 (-1.09074e+02), Variance: 8.77230e-01 (1.21309e+00), Accept ratio: 0.47345, 
INFO:root:Epoch  3236, Energy: -1.09022e+02 (-1.09029e+02), Variance: 7.49906e-01 (9.16588e-01), Accept ratio: 0.47118, 
INFO:root:Epoch  3237, Energy: -1.09072e+02 (-1.09099e+02), Variance: 7.40589e-01 (1.67857e+00), Accept ratio: 0.46849, 
INFO:root:Epoch  3238, Energy: -1.09072e+02 (-1.09086e+02), Variance: 8.18440e-01 (1.06667e+00), Accept ratio: 0.47598, 
INFO:root:Epoch  3239, Energy: -1.09080e+02 (-1.09060e+02), Variance: 7.45110e-01 (2.20492e+00), Accept ratio: 0.46565, 
INFO:root:Epoch  3240, Energy: -1.09045e+02 (-1.09026e+02), Variance: 7.85600e-01 (1.38712e+00), Accept ratio: 0.46753, 
INFO:root:Epoch  3241, Energy: -1.09045e+02 (-1.09038e+02), Variance: 8.26769e-01 (9.32249e-01), Accept ratio: 0.46526, 
INFO:root:Epoch  3242, Energy: -1.09017e+02 (-1.09009e+02), Variance: 8.63748e-01 (1.06542e+00), Accept ratio: 0.47032, 
INFO:root:Epoch  3243, Energy: -1.09001e+02 (-1.09002e+02), Variance: 7.90578e-01 (1.15185e+00), Accept ratio: 0.46901, 
INFO:root:Epoch  3244, Energy: -1.09029e+02 (-1.09029e+02), Variance: 8.33608e-01 (9.98357e-01), Accept ratio: 0.47203, 
INFO:root:Epoch  3245, Energy: -1.09027e+02 (-1.08985e+02), Variance: 8.58070e-01 (1.85997e+00), Accept ratio: 0.46629, 
INFO:root:Epoch  3246, Energy: -1.09057e+02 (-1.09051e+02), Variance: 8.08578e-01 (1.02162e+00), Accept ratio: 0.47688, 
INFO:root:Epoch  3247, Energy: -1.08983e+02 (-1.08976e+02), Variance: 8.34911e-01 (1.01573e+00), Accept ratio: 0.46857, 
INFO:root:Epoch  3248, Energy: -1.09028e+02 (-1.09023e+02), Variance: 8.90841e-01 (1.37063e+00), Accept ratio: 0.47787, 
INFO:root:Epoch  3249, Energy: -1.09062e+02 (-1.09070e+02), Variance: 7.16291e-01 (8.10007e-01), Accept ratio: 0.47196, 
INFO:root:Epoch  3250, Energy: -1.09034e+02 (-1.09034e+02), Variance: 8.32731e-01 (1.00108e+00), Accept ratio: 0.47334, 
INFO:root:Epoch  3251, Energy: -1.09061e+02 (-1.09049e+02), Variance: 8.32686e-01 (1.04210e+00), Accept ratio: 0.46919, 
INFO:root:Epoch  3252, Energy: -1.09043e+02 (-1.09022e+02), Variance: 8.99102e-01 (1.39401e+00), Accept ratio: 0.47172, 
INFO:root:Epoch  3253, Energy: -1.09068e+02 (-1.09064e+02), Variance: 7.10671e-01 (7.78244e-01), Accept ratio: 0.46591, 
INFO:root:Epoch  3254, Energy: -1.09066e+02 (-1.09071e+02), Variance: 8.59991e-01 (1.00592e+00), Accept ratio: 0.47184, 
INFO:root:Epoch  3255, Energy: -1.09072e+02 (-1.09080e+02), Variance: 8.09642e-01 (1.13188e+00), Accept ratio: 0.47250, 
INFO:root:Epoch  3256, Energy: -1.09049e+02 (-1.09047e+02), Variance: 7.89997e-01 (1.25864e+00), Accept ratio: 0.47532, 
INFO:root:Epoch  3257, Energy: -1.09040e+02 (-1.09039e+02), Variance: 7.72298e-01 (1.01368e+00), Accept ratio: 0.46650, 
INFO:root:Epoch  3258, Energy: -1.09038e+02 (-1.09082e+02), Variance: 7.93172e-01 (4.33141e+00), Accept ratio: 0.47230, 
INFO:root:Epoch  3259, Energy: -1.09068e+02 (-1.09063e+02), Variance: 7.41789e-01 (8.03477e-01), Accept ratio: 0.46577, 
INFO:root:Epoch  3260, Energy: -1.09023e+02 (-1.09027e+02), Variance: 8.30012e-01 (1.54706e+00), Accept ratio: 0.47216, 
INFO:root:Epoch  3261, Energy: -1.09006e+02 (-1.09038e+02), Variance: 9.31034e-01 (2.35947e+00), Accept ratio: 0.46997, 
INFO:root:Epoch  3262, Energy: -1.09045e+02 (-1.09051e+02), Variance: 8.58202e-01 (1.81942e+00), Accept ratio: 0.46949, 
INFO:root:Epoch  3263, Energy: -1.09011e+02 (-1.08992e+02), Variance: 9.18605e-01 (1.32219e+00), Accept ratio: 0.47156, 
INFO:root:Epoch  3264, Energy: -1.09045e+02 (-1.09041e+02), Variance: 8.10178e-01 (1.13913e+00), Accept ratio: 0.46527, 
INFO:root:Epoch  3265, Energy: -1.09067e+02 (-1.09066e+02), Variance: 8.11410e-01 (9.93203e-01), Accept ratio: 0.47104, 
INFO:root:Epoch  3266, Energy: -1.09021e+02 (-1.09010e+02), Variance: 8.14951e-01 (1.12508e+00), Accept ratio: 0.47265, 
INFO:root:Epoch  3267, Energy: -1.09036e+02 (-1.09035e+02), Variance: 8.19531e-01 (9.61880e-01), Accept ratio: 0.47319, 
INFO:root:Epoch  3268, Energy: -1.09064e+02 (-1.09071e+02), Variance: 8.86798e-01 (1.12168e+00), Accept ratio: 0.46693, 
INFO:root:Epoch  3269, Energy: -1.09068e+02 (-1.09053e+02), Variance: 8.45724e-01 (1.15832e+00), Accept ratio: 0.47479, 
INFO:root:Epoch  3270, Energy: -1.09032e+02 (-1.09031e+02), Variance: 7.83644e-01 (9.21461e-01), Accept ratio: 0.46521, 
INFO:root:Epoch  3271, Energy: -1.08994e+02 (-1.08999e+02), Variance: 8.16528e-01 (9.62173e-01), Accept ratio: 0.46879, 
INFO:root:Epoch  3272, Energy: -1.09026e+02 (-1.09004e+02), Variance: 8.23615e-01 (1.13321e+00), Accept ratio: 0.46863, 
INFO:root:Epoch  3273, Energy: -1.09054e+02 (-1.09060e+02), Variance: 8.07867e-01 (1.15088e+00), Accept ratio: 0.46801, 
INFO:root:Epoch  3274, Energy: -1.09005e+02 (-1.08885e+02), Variance: 1.01200e+00 (8.30707e+00), Accept ratio: 0.46535, 
INFO:root:Epoch  3275, Energy: -1.09042e+02 (-1.09050e+02), Variance: 7.67220e-01 (1.07573e+00), Accept ratio: 0.46693, 
INFO:root:Epoch  3276, Energy: -1.09069e+02 (-1.09068e+02), Variance: 7.86075e-01 (1.09544e+00), Accept ratio: 0.47370, 
INFO:root:Epoch  3277, Energy: -1.09092e+02 (-1.09064e+02), Variance: 8.68103e-01 (1.51297e+00), Accept ratio: 0.46711, 
INFO:root:Epoch  3278, Energy: -1.09050e+02 (-1.09043e+02), Variance: 8.97654e-01 (1.06650e+00), Accept ratio: 0.47048, 
INFO:root:Epoch  3279, Energy: -1.09038e+02 (-1.09035e+02), Variance: 8.31356e-01 (9.22998e-01), Accept ratio: 0.47190, 
INFO:root:Epoch  3280, Energy: -1.09050e+02 (-1.09032e+02), Variance: 7.67876e-01 (1.23104e+00), Accept ratio: 0.46950, 
INFO:root:Epoch  3281, Energy: -1.09033e+02 (-1.09038e+02), Variance: 8.03087e-01 (1.21645e+00), Accept ratio: 0.46846, 
INFO:root:Epoch  3282, Energy: -1.08995e+02 (-1.08983e+02), Variance: 8.27051e-01 (1.41302e+00), Accept ratio: 0.46861, 
INFO:root:Epoch  3283, Energy: -1.08980e+02 (-1.08972e+02), Variance: 8.81323e-01 (1.19150e+00), Accept ratio: 0.46946, 
INFO:root:Epoch  3284, Energy: -1.08995e+02 (-1.08987e+02), Variance: 7.21676e-01 (7.87970e-01), Accept ratio: 0.46985, 
INFO:root:Epoch  3285, Energy: -1.09024e+02 (-1.09047e+02), Variance: 8.33789e-01 (1.59758e+00), Accept ratio: 0.46399, 
INFO:root:Epoch  3286, Energy: -1.09047e+02 (-1.09070e+02), Variance: 7.31452e-01 (1.19483e+00), Accept ratio: 0.46737, 
INFO:root:Epoch  3287, Energy: -1.09067e+02 (-1.09077e+02), Variance: 9.27168e-01 (1.69010e+00), Accept ratio: 0.46220, 
INFO:root:Epoch  3288, Energy: -1.09051e+02 (-1.09059e+02), Variance: 7.72717e-01 (9.91309e-01), Accept ratio: 0.47164, 
INFO:root:Epoch  3289, Energy: -1.09046e+02 (-1.09082e+02), Variance: 8.12139e-01 (2.84755e+00), Accept ratio: 0.46870, 
INFO:root:Epoch  3290, Energy: -1.09091e+02 (-1.09097e+02), Variance: 7.70195e-01 (2.54804e+00), Accept ratio: 0.46213, 
INFO:root:Epoch  3291, Energy: -1.09060e+02 (-1.09062e+02), Variance: 8.20977e-01 (8.98850e-01), Accept ratio: 0.46726, 
INFO:root:Epoch  3292, Energy: -1.09084e+02 (-1.09076e+02), Variance: 8.32352e-01 (9.89336e-01), Accept ratio: 0.46895, 
INFO:root:Epoch  3293, Energy: -1.09017e+02 (-1.09012e+02), Variance: 8.02635e-01 (1.04093e+00), Accept ratio: 0.46828, 
INFO:root:Epoch  3294, Energy: -1.09090e+02 (-1.09121e+02), Variance: 7.77483e-01 (2.04226e+00), Accept ratio: 0.46482, 
INFO:root:Epoch  3295, Energy: -1.09037e+02 (-1.08946e+02), Variance: 8.20304e-01 (9.78041e+00), Accept ratio: 0.46538, 
INFO:root:Epoch  3296, Energy: -1.09036e+02 (-1.09039e+02), Variance: 8.27993e-01 (1.89634e+00), Accept ratio: 0.46646, 
INFO:root:Epoch  3297, Energy: -1.09026e+02 (-1.09017e+02), Variance: 8.23775e-01 (1.37296e+00), Accept ratio: 0.46978, 
INFO:root:Epoch  3298, Energy: -1.09010e+02 (-1.09030e+02), Variance: 9.88015e-01 (1.39544e+00), Accept ratio: 0.47455, 
INFO:root:Epoch  3299, Energy: -1.09024e+02 (-1.09016e+02), Variance: 8.65116e-01 (1.18158e+00), Accept ratio: 0.47034, 
INFO:root:Epoch  3300, Energy: -1.09078e+02 (-1.09081e+02), Variance: 7.72828e-01 (8.50988e-01), Accept ratio: 0.47071, , best weights saved
INFO:root:Epoch  3301, Energy: -1.09091e+02 (-1.09087e+02), Variance: 8.43096e-01 (9.69108e-01), Accept ratio: 0.46162, 
INFO:root:Epoch  3302, Energy: -1.09077e+02 (-1.09158e+02), Variance: 9.67750e-01 (7.86711e+00), Accept ratio: 0.46493, 
INFO:root:Epoch  3303, Energy: -1.08980e+02 (-1.08971e+02), Variance: 9.07497e-01 (1.25068e+00), Accept ratio: 0.46514, 
INFO:root:Epoch  3304, Energy: -1.08991e+02 (-1.08985e+02), Variance: 9.84105e-01 (1.44370e+00), Accept ratio: 0.46341, 
INFO:root:Epoch  3305, Energy: -1.08987e+02 (-1.08980e+02), Variance: 8.90300e-01 (1.06301e+00), Accept ratio: 0.46252, 
INFO:root:Epoch  3306, Energy: -1.08991e+02 (-1.08966e+02), Variance: 7.79235e-01 (1.16836e+00), Accept ratio: 0.46479, 
INFO:root:Epoch  3307, Energy: -1.09041e+02 (-1.09031e+02), Variance: 8.99201e-01 (1.61390e+00), Accept ratio: 0.46710, 
INFO:root:Epoch  3308, Energy: -1.09091e+02 (-1.09088e+02), Variance: 7.83971e-01 (8.55768e-01), Accept ratio: 0.47023, 
INFO:root:Epoch  3309, Energy: -1.09055e+02 (-1.09054e+02), Variance: 8.07790e-01 (1.04538e+00), Accept ratio: 0.47525, 
INFO:root:Epoch  3310, Energy: -1.09033e+02 (-1.09034e+02), Variance: 8.44829e-01 (1.06136e+00), Accept ratio: 0.47365, 
INFO:root:Epoch  3311, Energy: -1.09029e+02 (-1.09024e+02), Variance: 8.32852e-01 (9.25838e-01), Accept ratio: 0.46801, 
INFO:root:Epoch  3312, Energy: -1.09053e+02 (-1.09036e+02), Variance: 9.13678e-01 (1.14888e+00), Accept ratio: 0.46580, 
INFO:root:Epoch  3313, Energy: -1.09048e+02 (-1.09008e+02), Variance: 8.46860e-01 (1.77036e+00), Accept ratio: 0.47231, 
INFO:root:Epoch  3314, Energy: -1.09075e+02 (-1.09080e+02), Variance: 8.48330e-01 (1.04969e+00), Accept ratio: 0.46755, 
INFO:root:Epoch  3315, Energy: -1.09104e+02 (-1.09102e+02), Variance: 9.16907e-01 (1.21319e+00), Accept ratio: 0.46299, 
INFO:root:Epoch  3316, Energy: -1.09053e+02 (-1.09047e+02), Variance: 7.85151e-01 (1.10523e+00), Accept ratio: 0.46588, 
INFO:root:Epoch  3317, Energy: -1.09027e+02 (-1.09034e+02), Variance: 8.05408e-01 (1.14329e+00), Accept ratio: 0.46723, 
INFO:root:Epoch  3318, Energy: -1.08987e+02 (-1.08950e+02), Variance: 8.76038e-01 (1.76058e+00), Accept ratio: 0.47000, 
INFO:root:Epoch  3319, Energy: -1.08999e+02 (-1.09001e+02), Variance: 8.34521e-01 (2.02323e+00), Accept ratio: 0.47313, 
INFO:root:Epoch  3320, Energy: -1.09008e+02 (-1.08987e+02), Variance: 8.08250e-01 (1.58279e+00), Accept ratio: 0.47180, 
INFO:root:Epoch  3321, Energy: -1.09022e+02 (-1.09006e+02), Variance: 9.31249e-01 (1.12484e+00), Accept ratio: 0.47075, 
INFO:root:Epoch  3322, Energy: -1.09071e+02 (-1.09076e+02), Variance: 6.91957e-01 (7.78449e-01), Accept ratio: 0.46413, 
INFO:root:Epoch  3323, Energy: -1.09080e+02 (-1.09083e+02), Variance: 8.27506e-01 (1.29999e+00), Accept ratio: 0.46446, 
INFO:root:Epoch  3324, Energy: -1.09010e+02 (-1.09015e+02), Variance: 7.44050e-01 (1.18842e+00), Accept ratio: 0.47085, 
INFO:root:Epoch  3325, Energy: -1.09010e+02 (-1.09036e+02), Variance: 7.94959e-01 (1.38326e+00), Accept ratio: 0.46328, 
INFO:root:Epoch  3326, Energy: -1.09061e+02 (-1.09085e+02), Variance: 8.03420e-01 (1.55141e+00), Accept ratio: 0.47202, 
INFO:root:Epoch  3327, Energy: -1.09096e+02 (-1.09107e+02), Variance: 8.16929e-01 (1.12885e+00), Accept ratio: 0.47114, 
INFO:root:Epoch  3328, Energy: -1.09016e+02 (-1.09003e+02), Variance: 7.95997e-01 (1.02328e+00), Accept ratio: 0.47449, 
INFO:root:Epoch  3329, Energy: -1.09055e+02 (-1.09084e+02), Variance: 8.45473e-01 (1.47775e+00), Accept ratio: 0.47089, 
INFO:root:Epoch  3330, Energy: -1.09005e+02 (-1.08981e+02), Variance: 8.51125e-01 (1.67572e+00), Accept ratio: 0.46762, 
INFO:root:Epoch  3331, Energy: -1.09072e+02 (-1.09107e+02), Variance: 7.91676e-01 (2.19173e+00), Accept ratio: 0.46431, 
INFO:root:Epoch  3332, Energy: -1.09008e+02 (-1.09014e+02), Variance: 7.58993e-01 (1.01019e+00), Accept ratio: 0.46790, 
INFO:root:Epoch  3333, Energy: -1.09039e+02 (-1.08974e+02), Variance: 8.31305e-01 (5.31215e+00), Accept ratio: 0.46410, 
INFO:root:Epoch  3334, Energy: -1.09034e+02 (-1.09013e+02), Variance: 8.92971e-01 (1.26689e+00), Accept ratio: 0.46708, 
INFO:root:Epoch  3335, Energy: -1.09009e+02 (-1.09000e+02), Variance: 8.62159e-01 (1.20232e+00), Accept ratio: 0.46690, 
INFO:root:Epoch  3336, Energy: -1.09041e+02 (-1.09029e+02), Variance: 8.06613e-01 (1.14709e+00), Accept ratio: 0.46665, 
INFO:root:Epoch  3337, Energy: -1.09016e+02 (-1.09004e+02), Variance: 7.65411e-01 (9.68726e-01), Accept ratio: 0.47217, 
INFO:root:Epoch  3338, Energy: -1.09033e+02 (-1.09030e+02), Variance: 7.64711e-01 (9.00421e-01), Accept ratio: 0.46980, 
INFO:root:Epoch  3339, Energy: -1.09065e+02 (-1.09061e+02), Variance: 8.49159e-01 (9.17071e-01), Accept ratio: 0.47400, 
INFO:root:Epoch  3340, Energy: -1.09062e+02 (-1.09050e+02), Variance: 8.58011e-01 (1.04232e+00), Accept ratio: 0.47043, 
INFO:root:Epoch  3341, Energy: -1.09049e+02 (-1.09058e+02), Variance: 8.90653e-01 (1.12566e+00), Accept ratio: 0.47116, 
INFO:root:Epoch  3342, Energy: -1.09085e+02 (-1.09116e+02), Variance: 8.91723e-01 (1.44250e+00), Accept ratio: 0.47179, 
INFO:root:Epoch  3343, Energy: -1.09044e+02 (-1.09047e+02), Variance: 7.70372e-01 (9.04034e-01), Accept ratio: 0.46994, 
INFO:root:Epoch  3344, Energy: -1.09061e+02 (-1.09058e+02), Variance: 7.76614e-01 (1.07747e+00), Accept ratio: 0.46725, 
INFO:root:Epoch  3345, Energy: -1.09056e+02 (-1.09059e+02), Variance: 8.83593e-01 (1.49007e+00), Accept ratio: 0.46557, 
INFO:root:Epoch  3346, Energy: -1.09015e+02 (-1.09009e+02), Variance: 7.83854e-01 (8.91995e-01), Accept ratio: 0.46706, 
INFO:root:Epoch  3347, Energy: -1.09012e+02 (-1.09021e+02), Variance: 8.33156e-01 (1.34916e+00), Accept ratio: 0.47372, 
INFO:root:Epoch  3348, Energy: -1.09037e+02 (-1.09032e+02), Variance: 7.95215e-01 (8.99722e-01), Accept ratio: 0.46962, 
INFO:root:Epoch  3349, Energy: -1.09066e+02 (-1.09076e+02), Variance: 7.77946e-01 (2.01991e+00), Accept ratio: 0.47783, 
INFO:root:Epoch  3350, Energy: -1.09011e+02 (-1.09007e+02), Variance: 7.73400e-01 (1.09156e+00), Accept ratio: 0.47475, 
INFO:root:Epoch  3351, Energy: -1.09021e+02 (-1.08998e+02), Variance: 7.82509e-01 (1.99075e+00), Accept ratio: 0.47201, 
INFO:root:Epoch  3352, Energy: -1.08942e+02 (-1.08930e+02), Variance: 7.80119e-01 (9.88426e-01), Accept ratio: 0.47466, 
INFO:root:Epoch  3353, Energy: -1.09058e+02 (-1.09040e+02), Variance: 8.31087e-01 (1.43898e+00), Accept ratio: 0.47790, 
INFO:root:Epoch  3354, Energy: -1.09061e+02 (-1.09056e+02), Variance: 8.26364e-01 (1.00442e+00), Accept ratio: 0.47365, 
INFO:root:Epoch  3355, Energy: -1.09060e+02 (-1.09024e+02), Variance: 8.16589e-01 (1.55125e+00), Accept ratio: 0.47295, 
INFO:root:Epoch  3356, Energy: -1.09065e+02 (-1.09058e+02), Variance: 8.50348e-01 (1.29490e+00), Accept ratio: 0.46292, 
INFO:root:Epoch  3357, Energy: -1.09066e+02 (-1.09087e+02), Variance: 8.17670e-01 (1.13911e+00), Accept ratio: 0.47600, 
INFO:root:Epoch  3358, Energy: -1.09027e+02 (-1.09025e+02), Variance: 8.42026e-01 (9.18760e-01), Accept ratio: 0.46458, 
INFO:root:Epoch  3359, Energy: -1.09022e+02 (-1.09017e+02), Variance: 6.90425e-01 (8.35990e-01), Accept ratio: 0.46890, 
INFO:root:Epoch  3360, Energy: -1.09043e+02 (-1.09048e+02), Variance: 8.20699e-01 (1.23912e+00), Accept ratio: 0.46704, 
INFO:root:Epoch  3361, Energy: -1.09048e+02 (-1.09067e+02), Variance: 7.44808e-01 (1.02001e+00), Accept ratio: 0.46789, 
INFO:root:Epoch  3362, Energy: -1.09022e+02 (-1.09014e+02), Variance: 8.48796e-01 (1.01364e+00), Accept ratio: 0.47067, 
INFO:root:Epoch  3363, Energy: -1.09040e+02 (-1.09046e+02), Variance: 8.99147e-01 (1.03844e+00), Accept ratio: 0.46865, 
INFO:root:Epoch  3364, Energy: -1.08989e+02 (-1.08976e+02), Variance: 8.45711e-01 (1.10844e+00), Accept ratio: 0.46757, 
INFO:root:Epoch  3365, Energy: -1.09086e+02 (-1.09080e+02), Variance: 7.89308e-01 (1.09070e+00), Accept ratio: 0.46953, 
INFO:root:Epoch  3366, Energy: -1.09066e+02 (-1.09051e+02), Variance: 9.02150e-01 (1.17711e+00), Accept ratio: 0.46754, 
INFO:root:Epoch  3367, Energy: -1.09072e+02 (-1.09080e+02), Variance: 8.08467e-01 (9.53493e-01), Accept ratio: 0.47360, 
INFO:root:Epoch  3368, Energy: -1.09029e+02 (-1.09036e+02), Variance: 9.38840e-01 (1.20901e+00), Accept ratio: 0.47282, 
INFO:root:Epoch  3369, Energy: -1.09034e+02 (-1.09042e+02), Variance: 7.23567e-01 (8.87470e-01), Accept ratio: 0.46970, 
INFO:root:Epoch  3370, Energy: -1.08984e+02 (-1.08956e+02), Variance: 8.04810e-01 (1.61247e+00), Accept ratio: 0.47292, 
INFO:root:Epoch  3371, Energy: -1.09004e+02 (-1.08999e+02), Variance: 7.90141e-01 (9.48352e-01), Accept ratio: 0.46474, 
INFO:root:Epoch  3372, Energy: -1.09086e+02 (-1.09092e+02), Variance: 9.09411e-01 (1.26925e+00), Accept ratio: 0.46435, 
INFO:root:Epoch  3373, Energy: -1.09046e+02 (-1.09054e+02), Variance: 9.01031e-01 (1.31951e+00), Accept ratio: 0.47241, 
INFO:root:Epoch  3374, Energy: -1.09064e+02 (-1.09054e+02), Variance: 8.58217e-01 (1.54887e+00), Accept ratio: 0.47057, 
INFO:root:Epoch  3375, Energy: -1.09043e+02 (-1.09011e+02), Variance: 8.53057e-01 (1.70557e+00), Accept ratio: 0.47146, 
INFO:root:Epoch  3376, Energy: -1.09060e+02 (-1.09067e+02), Variance: 8.81435e-01 (1.08069e+00), Accept ratio: 0.46927, 
INFO:root:Epoch  3377, Energy: -1.08999e+02 (-1.09008e+02), Variance: 8.80935e-01 (1.08509e+00), Accept ratio: 0.47952, 
INFO:root:Epoch  3378, Energy: -1.09022e+02 (-1.09027e+02), Variance: 7.98716e-01 (1.07027e+00), Accept ratio: 0.47303, 
INFO:root:Epoch  3379, Energy: -1.09050e+02 (-1.09058e+02), Variance: 8.12550e-01 (9.65444e-01), Accept ratio: 0.47362, 
INFO:root:Epoch  3380, Energy: -1.09026e+02 (-1.09029e+02), Variance: 8.59545e-01 (1.16042e+00), Accept ratio: 0.46844, 
INFO:root:Epoch  3381, Energy: -1.09004e+02 (-1.08971e+02), Variance: 8.54523e-01 (1.61585e+00), Accept ratio: 0.46849, 
INFO:root:Epoch  3382, Energy: -1.09024e+02 (-1.09019e+02), Variance: 8.68089e-01 (9.59429e-01), Accept ratio: 0.47319, 
INFO:root:Epoch  3383, Energy: -1.09035e+02 (-1.09022e+02), Variance: 9.63322e-01 (1.46528e+00), Accept ratio: 0.47178, 
INFO:root:Epoch  3384, Energy: -1.09043e+02 (-1.09028e+02), Variance: 8.55288e-01 (1.57597e+00), Accept ratio: 0.46635, 
INFO:root:Epoch  3385, Energy: -1.09023e+02 (-1.09006e+02), Variance: 8.16210e-01 (1.30776e+00), Accept ratio: 0.47342, 
INFO:root:Epoch  3386, Energy: -1.08988e+02 (-1.08990e+02), Variance: 7.85200e-01 (1.20267e+00), Accept ratio: 0.47245, 
INFO:root:Epoch  3387, Energy: -1.09001e+02 (-1.08969e+02), Variance: 7.85329e-01 (1.76059e+00), Accept ratio: 0.46569, 
INFO:root:Epoch  3388, Energy: -1.09041e+02 (-1.09032e+02), Variance: 7.36803e-01 (1.04305e+00), Accept ratio: 0.46494, 
INFO:root:Epoch  3389, Energy: -1.09007e+02 (-1.09002e+02), Variance: 7.66292e-01 (9.81514e-01), Accept ratio: 0.47364, 
INFO:root:Epoch  3390, Energy: -1.08998e+02 (-1.09011e+02), Variance: 8.62870e-01 (1.69994e+00), Accept ratio: 0.46600, 
INFO:root:Epoch  3391, Energy: -1.09042e+02 (-1.09025e+02), Variance: 7.84828e-01 (1.22887e+00), Accept ratio: 0.47314, 
INFO:root:Epoch  3392, Energy: -1.09026e+02 (-1.09049e+02), Variance: 7.71412e-01 (1.65521e+00), Accept ratio: 0.47711, 
INFO:root:Epoch  3393, Energy: -1.09045e+02 (-1.09035e+02), Variance: 8.55224e-01 (1.54591e+00), Accept ratio: 0.47004, 
INFO:root:Epoch  3394, Energy: -1.09012e+02 (-1.09022e+02), Variance: 7.97453e-01 (9.99579e-01), Accept ratio: 0.47131, 
INFO:root:Epoch  3395, Energy: -1.09025e+02 (-1.09043e+02), Variance: 7.70928e-01 (1.27550e+00), Accept ratio: 0.46961, 
INFO:root:Epoch  3396, Energy: -1.09030e+02 (-1.09034e+02), Variance: 7.75957e-01 (1.47322e+00), Accept ratio: 0.47517, 
INFO:root:Epoch  3397, Energy: -1.09047e+02 (-1.09047e+02), Variance: 7.78440e-01 (9.13794e-01), Accept ratio: 0.46978, 
INFO:root:Epoch  3398, Energy: -1.09013e+02 (-1.09025e+02), Variance: 8.63991e-01 (1.22112e+00), Accept ratio: 0.46660, 
INFO:root:Epoch  3399, Energy: -1.09033e+02 (-1.09019e+02), Variance: 8.42833e-01 (1.08826e+00), Accept ratio: 0.47348, 
INFO:root:Epoch  3400, Energy: -1.09014e+02 (-1.09009e+02), Variance: 7.57260e-01 (1.16575e+00), Accept ratio: 0.47766, 
INFO:root:Epoch  3401, Energy: -1.09018e+02 (-1.09018e+02), Variance: 7.16444e-01 (9.10245e-01), Accept ratio: 0.46879, 
INFO:root:Epoch  3402, Energy: -1.09061e+02 (-1.09058e+02), Variance: 8.63807e-01 (1.13027e+00), Accept ratio: 0.47431, 
INFO:root:Epoch  3403, Energy: -1.09072e+02 (-1.09040e+02), Variance: 8.32889e-01 (2.36479e+00), Accept ratio: 0.46623, 
INFO:root:Epoch  3404, Energy: -1.09048e+02 (-1.09040e+02), Variance: 8.15157e-01 (1.09309e+00), Accept ratio: 0.47397, 
INFO:root:Epoch  3405, Energy: -1.09037e+02 (-1.09030e+02), Variance: 7.33490e-01 (8.16761e-01), Accept ratio: 0.47180, 
INFO:root:Epoch  3406, Energy: -1.09022e+02 (-1.09020e+02), Variance: 8.33979e-01 (1.05490e+00), Accept ratio: 0.47307, 
INFO:root:Epoch  3407, Energy: -1.09046e+02 (-1.09075e+02), Variance: 1.04452e+00 (2.18252e+00), Accept ratio: 0.47349, 
INFO:root:Epoch  3408, Energy: -1.09073e+02 (-1.09072e+02), Variance: 8.69772e-01 (1.10622e+00), Accept ratio: 0.46265, 
INFO:root:Epoch  3409, Energy: -1.09113e+02 (-1.09123e+02), Variance: 9.23875e-01 (1.50635e+00), Accept ratio: 0.46874, 
INFO:root:Epoch  3410, Energy: -1.09060e+02 (-1.09075e+02), Variance: 8.27648e-01 (1.35626e+00), Accept ratio: 0.46717, 
INFO:root:Epoch  3411, Energy: -1.09085e+02 (-1.09090e+02), Variance: 9.66529e-01 (1.20440e+00), Accept ratio: 0.47029, 
INFO:root:Epoch  3412, Energy: -1.09051e+02 (-1.09032e+02), Variance: 9.15770e-01 (1.41000e+00), Accept ratio: 0.46887, 
INFO:root:Epoch  3413, Energy: -1.09089e+02 (-1.09102e+02), Variance: 8.50318e-01 (1.05478e+00), Accept ratio: 0.47361, 
INFO:root:Epoch  3414, Energy: -1.09082e+02 (-1.09080e+02), Variance: 8.41032e-01 (9.70491e-01), Accept ratio: 0.46880, 
INFO:root:Epoch  3415, Energy: -1.09102e+02 (-1.09075e+02), Variance: 1.02935e+00 (2.16679e+00), Accept ratio: 0.46493, 
INFO:root:Epoch  3416, Energy: -1.09085e+02 (-1.09079e+02), Variance: 9.02563e-01 (1.39582e+00), Accept ratio: 0.47290, 
INFO:root:Epoch  3417, Energy: -1.09100e+02 (-1.09118e+02), Variance: 9.38609e-01 (1.77690e+00), Accept ratio: 0.47150, 
INFO:root:Epoch  3418, Energy: -1.09053e+02 (-1.09075e+02), Variance: 8.50658e-01 (2.04353e+00), Accept ratio: 0.46629, 
INFO:root:Epoch  3419, Energy: -1.09109e+02 (-1.09117e+02), Variance: 7.69404e-01 (1.30525e+00), Accept ratio: 0.47460, 
INFO:root:Epoch  3420, Energy: -1.09077e+02 (-1.09084e+02), Variance: 7.72929e-01 (9.47759e-01), Accept ratio: 0.47288, 
INFO:root:Epoch  3421, Energy: -1.09109e+02 (-1.09106e+02), Variance: 7.52834e-01 (1.00975e+00), Accept ratio: 0.46847, 
INFO:root:Epoch  3422, Energy: -1.09051e+02 (-1.09073e+02), Variance: 7.92814e-01 (1.25655e+00), Accept ratio: 0.46862, 
INFO:root:Epoch  3423, Energy: -1.09082e+02 (-1.09007e+02), Variance: 8.30826e-01 (7.28283e+00), Accept ratio: 0.46436, 
INFO:root:Epoch  3424, Energy: -1.09070e+02 (-1.09037e+02), Variance: 8.29527e-01 (2.06036e+00), Accept ratio: 0.47023, 
INFO:root:Epoch  3425, Energy: -1.09055e+02 (-1.09019e+02), Variance: 8.89213e-01 (1.81186e+00), Accept ratio: 0.46990, 
INFO:root:Epoch  3426, Energy: -1.09046e+02 (-1.09045e+02), Variance: 8.04868e-01 (1.16563e+00), Accept ratio: 0.46186, 
INFO:root:Epoch  3427, Energy: -1.09063e+02 (-1.09067e+02), Variance: 8.14011e-01 (9.28494e-01), Accept ratio: 0.47210, 
INFO:root:Epoch  3428, Energy: -1.09093e+02 (-1.09097e+02), Variance: 7.26565e-01 (8.42957e-01), Accept ratio: 0.46818, 
INFO:root:Epoch  3429, Energy: -1.09077e+02 (-1.09106e+02), Variance: 8.83757e-01 (1.82207e+00), Accept ratio: 0.47585, 
INFO:root:Epoch  3430, Energy: -1.09038e+02 (-1.09044e+02), Variance: 8.73145e-01 (1.40580e+00), Accept ratio: 0.47069, 
INFO:root:Epoch  3431, Energy: -1.09074e+02 (-1.09067e+02), Variance: 8.32190e-01 (1.00557e+00), Accept ratio: 0.47012, 
INFO:root:Epoch  3432, Energy: -1.09087e+02 (-1.09090e+02), Variance: 8.23935e-01 (9.59165e-01), Accept ratio: 0.47127, 
INFO:root:Epoch  3433, Energy: -1.09011e+02 (-1.08992e+02), Variance: 7.94533e-01 (2.01639e+00), Accept ratio: 0.47220, 
INFO:root:Epoch  3434, Energy: -1.09070e+02 (-1.09085e+02), Variance: 7.69662e-01 (1.02417e+00), Accept ratio: 0.46635, 
INFO:root:Epoch  3435, Energy: -1.09105e+02 (-1.09103e+02), Variance: 7.97021e-01 (8.91676e-01), Accept ratio: 0.46374, 
INFO:root:Epoch  3436, Energy: -1.09077e+02 (-1.09033e+02), Variance: 8.53032e-01 (1.75872e+00), Accept ratio: 0.46787, 
INFO:root:Epoch  3437, Energy: -1.09073e+02 (-1.09086e+02), Variance: 8.53770e-01 (1.20974e+00), Accept ratio: 0.46955, 
INFO:root:Epoch  3438, Energy: -1.09090e+02 (-1.09085e+02), Variance: 8.39305e-01 (1.03947e+00), Accept ratio: 0.46940, 
INFO:root:Epoch  3439, Energy: -1.09084e+02 (-1.09076e+02), Variance: 7.89614e-01 (1.11027e+00), Accept ratio: 0.47311, 
INFO:root:Epoch  3440, Energy: -1.09043e+02 (-1.09026e+02), Variance: 7.40818e-01 (1.02566e+00), Accept ratio: 0.46691, 
INFO:root:Epoch  3441, Energy: -1.09101e+02 (-1.09107e+02), Variance: 7.90162e-01 (9.02390e-01), Accept ratio: 0.47185, 
INFO:root:Epoch  3442, Energy: -1.09107e+02 (-1.09112e+02), Variance: 7.17824e-01 (7.58662e-01), Accept ratio: 0.47003, 
INFO:root:Epoch  3443, Energy: -1.09080e+02 (-1.09060e+02), Variance: 7.76610e-01 (1.12571e+00), Accept ratio: 0.47016, 
INFO:root:Epoch  3444, Energy: -1.09053e+02 (-1.09034e+02), Variance: 8.26959e-01 (1.47993e+00), Accept ratio: 0.46996, 
INFO:root:Epoch  3445, Energy: -1.09037e+02 (-1.09037e+02), Variance: 8.42922e-01 (9.69954e-01), Accept ratio: 0.46565, 
INFO:root:Epoch  3446, Energy: -1.09068e+02 (-1.09056e+02), Variance: 7.90000e-01 (1.20841e+00), Accept ratio: 0.47346, 
INFO:root:Epoch  3447, Energy: -1.09026e+02 (-1.09019e+02), Variance: 7.85343e-01 (9.02459e-01), Accept ratio: 0.47014, 
INFO:root:Epoch  3448, Energy: -1.09056e+02 (-1.09046e+02), Variance: 6.43582e-01 (8.36800e-01), Accept ratio: 0.47449, 
INFO:root:Epoch  3449, Energy: -1.09036e+02 (-1.09033e+02), Variance: 7.09708e-01 (9.06131e-01), Accept ratio: 0.46637, 
INFO:root:Epoch  3450, Energy: -1.09034e+02 (-1.09014e+02), Variance: 7.24582e-01 (1.07925e+00), Accept ratio: 0.47382, 
INFO:root:Epoch  3451, Energy: -1.09007e+02 (-1.08993e+02), Variance: 6.88709e-01 (1.09547e+00), Accept ratio: 0.46985, 
INFO:root:Epoch  3452, Energy: -1.09019e+02 (-1.09045e+02), Variance: 7.78879e-01 (1.56450e+00), Accept ratio: 0.46674, 
INFO:root:Epoch  3453, Energy: -1.09027e+02 (-1.09021e+02), Variance: 8.53325e-01 (1.01698e+00), Accept ratio: 0.46882, 
INFO:root:Epoch  3454, Energy: -1.09059e+02 (-1.09028e+02), Variance: 8.20907e-01 (1.87789e+00), Accept ratio: 0.46973, 
INFO:root:Epoch  3455, Energy: -1.09003e+02 (-1.08970e+02), Variance: 8.29114e-01 (1.85170e+00), Accept ratio: 0.46775, 
INFO:root:Epoch  3456, Energy: -1.09021e+02 (-1.09033e+02), Variance: 8.31106e-01 (1.24821e+00), Accept ratio: 0.47024, 
INFO:root:Epoch  3457, Energy: -1.09087e+02 (-1.09078e+02), Variance: 8.80289e-01 (1.03968e+00), Accept ratio: 0.47008, 
INFO:root:Epoch  3458, Energy: -1.09045e+02 (-1.09046e+02), Variance: 8.56116e-01 (9.72211e-01), Accept ratio: 0.47224, 
INFO:root:Epoch  3459, Energy: -1.09033e+02 (-1.09022e+02), Variance: 9.25553e-01 (1.19248e+00), Accept ratio: 0.46771, 
INFO:root:Epoch  3460, Energy: -1.09078e+02 (-1.09076e+02), Variance: 7.89829e-01 (8.83447e-01), Accept ratio: 0.47158, 
INFO:root:Epoch  3461, Energy: -1.09081e+02 (-1.09076e+02), Variance: 8.53208e-01 (1.06334e+00), Accept ratio: 0.46584, 
INFO:root:Epoch  3462, Energy: -1.09098e+02 (-1.09104e+02), Variance: 7.74587e-01 (1.00841e+00), Accept ratio: 0.47103, 
INFO:root:Epoch  3463, Energy: -1.09063e+02 (-1.09069e+02), Variance: 9.03144e-01 (1.16401e+00), Accept ratio: 0.47107, 
INFO:root:Epoch  3464, Energy: -1.09025e+02 (-1.08985e+02), Variance: 8.51598e-01 (1.83083e+00), Accept ratio: 0.46759, 
INFO:root:Epoch  3465, Energy: -1.09030e+02 (-1.09046e+02), Variance: 9.25996e-01 (2.00982e+00), Accept ratio: 0.47357, 
INFO:root:Epoch  3466, Energy: -1.09023e+02 (-1.09006e+02), Variance: 7.92500e-01 (1.39267e+00), Accept ratio: 0.47242, 
INFO:root:Epoch  3467, Energy: -1.09042e+02 (-1.09036e+02), Variance: 7.85841e-01 (9.03277e-01), Accept ratio: 0.47762, 
INFO:root:Epoch  3468, Energy: -1.09060e+02 (-1.09056e+02), Variance: 7.58584e-01 (8.29911e-01), Accept ratio: 0.46945, 
INFO:root:Epoch  3469, Energy: -1.09064e+02 (-1.09081e+02), Variance: 8.98603e-01 (1.25455e+00), Accept ratio: 0.46920, 
INFO:root:Epoch  3470, Energy: -1.09094e+02 (-1.09103e+02), Variance: 7.92515e-01 (1.20537e+00), Accept ratio: 0.46631, 
INFO:root:Epoch  3471, Energy: -1.09072e+02 (-1.09077e+02), Variance: 8.09805e-01 (9.52104e-01), Accept ratio: 0.47092, 
INFO:root:Epoch  3472, Energy: -1.09070e+02 (-1.09078e+02), Variance: 7.81583e-01 (9.82519e-01), Accept ratio: 0.47117, 
INFO:root:Epoch  3473, Energy: -1.09011e+02 (-1.08992e+02), Variance: 8.71467e-01 (1.27800e+00), Accept ratio: 0.47742, 
INFO:root:Epoch  3474, Energy: -1.09003e+02 (-1.09001e+02), Variance: 8.14339e-01 (9.41152e-01), Accept ratio: 0.46852, 
INFO:root:Epoch  3475, Energy: -1.09056e+02 (-1.09058e+02), Variance: 6.98870e-01 (7.45207e-01), Accept ratio: 0.46614, 
INFO:root:Epoch  3476, Energy: -1.09096e+02 (-1.09101e+02), Variance: 8.75758e-01 (1.09632e+00), Accept ratio: 0.47279, 
INFO:root:Epoch  3477, Energy: -1.09022e+02 (-1.09024e+02), Variance: 8.84963e-01 (1.31603e+00), Accept ratio: 0.46401, 
INFO:root:Epoch  3478, Energy: -1.09024e+02 (-1.09009e+02), Variance: 8.69988e-01 (1.30554e+00), Accept ratio: 0.47311, 
INFO:root:Epoch  3479, Energy: -1.08998e+02 (-1.08983e+02), Variance: 8.86097e-01 (1.08295e+00), Accept ratio: 0.47068, 
INFO:root:Epoch  3480, Energy: -1.09035e+02 (-1.09043e+02), Variance: 8.90552e-01 (1.09634e+00), Accept ratio: 0.47313, 
INFO:root:Epoch  3481, Energy: -1.08981e+02 (-1.08976e+02), Variance: 8.70220e-01 (1.27794e+00), Accept ratio: 0.46854, 
INFO:root:Epoch  3482, Energy: -1.09026e+02 (-1.08965e+02), Variance: 7.70505e-01 (4.68118e+00), Accept ratio: 0.46674, 
INFO:root:Epoch  3483, Energy: -1.08975e+02 (-1.08975e+02), Variance: 8.04693e-01 (9.04933e-01), Accept ratio: 0.47442, 
INFO:root:Epoch  3484, Energy: -1.09041e+02 (-1.09101e+02), Variance: 8.64572e-01 (3.86203e+00), Accept ratio: 0.47389, 
INFO:root:Epoch  3485, Energy: -1.09054e+02 (-1.09052e+02), Variance: 8.27439e-01 (1.55595e+00), Accept ratio: 0.47439, 
INFO:root:Epoch  3486, Energy: -1.09025e+02 (-1.09033e+02), Variance: 9.43231e-01 (1.30243e+00), Accept ratio: 0.46636, 
INFO:root:Epoch  3487, Energy: -1.09071e+02 (-1.09077e+02), Variance: 7.49047e-01 (8.74219e-01), Accept ratio: 0.47234, 
INFO:root:Epoch  3488, Energy: -1.09047e+02 (-1.09037e+02), Variance: 8.06418e-01 (1.10000e+00), Accept ratio: 0.47146, 
INFO:root:Epoch  3489, Energy: -1.09025e+02 (-1.09031e+02), Variance: 8.21522e-01 (1.07489e+00), Accept ratio: 0.47033, 
INFO:root:Epoch  3490, Energy: -1.09067e+02 (-1.09080e+02), Variance: 9.07768e-01 (1.13250e+00), Accept ratio: 0.46716, 
INFO:root:Epoch  3491, Energy: -1.09052e+02 (-1.09057e+02), Variance: 8.33223e-01 (9.71835e-01), Accept ratio: 0.46970, 
INFO:root:Epoch  3492, Energy: -1.08986e+02 (-1.08976e+02), Variance: 8.03275e-01 (1.04516e+00), Accept ratio: 0.47098, 
INFO:root:Epoch  3493, Energy: -1.09022e+02 (-1.09019e+02), Variance: 8.68294e-01 (1.49696e+00), Accept ratio: 0.47163, 
INFO:root:Epoch  3494, Energy: -1.09033e+02 (-1.09025e+02), Variance: 8.20976e-01 (1.15258e+00), Accept ratio: 0.46515, 
INFO:root:Epoch  3495, Energy: -1.08998e+02 (-1.09009e+02), Variance: 7.82264e-01 (9.25283e-01), Accept ratio: 0.46719, 
INFO:root:Epoch  3496, Energy: -1.09040e+02 (-1.09052e+02), Variance: 8.73192e-01 (1.11517e+00), Accept ratio: 0.46295, 
INFO:root:Epoch  3497, Energy: -1.09051e+02 (-1.09036e+02), Variance: 8.69824e-01 (1.36478e+00), Accept ratio: 0.46136, 
INFO:root:Epoch  3498, Energy: -1.09026e+02 (-1.09016e+02), Variance: 9.27463e-01 (1.30326e+00), Accept ratio: 0.46939, 
INFO:root:Epoch  3499, Energy: -1.09022e+02 (-1.09020e+02), Variance: 8.81313e-01 (9.39869e-01), Accept ratio: 0.46970, 
INFO:root:Epoch  3500, Energy: -1.09049e+02 (-1.09038e+02), Variance: 9.01755e-01 (1.36806e+00), Accept ratio: 0.46952, 
INFO:root:Epoch  3501, Energy: -1.09064e+02 (-1.09084e+02), Variance: 8.44102e-01 (1.62861e+00), Accept ratio: 0.46981, 
INFO:root:Epoch  3502, Energy: -1.09066e+02 (-1.09072e+02), Variance: 9.24925e-01 (1.07786e+00), Accept ratio: 0.48020, 
INFO:root:Epoch  3503, Energy: -1.09012e+02 (-1.08996e+02), Variance: 8.96607e-01 (1.66842e+00), Accept ratio: 0.46346, 
INFO:root:Epoch  3504, Energy: -1.09011e+02 (-1.09016e+02), Variance: 8.52473e-01 (1.63745e+00), Accept ratio: 0.47533, 
INFO:root:Epoch  3505, Energy: -1.09073e+02 (-1.09073e+02), Variance: 8.04793e-01 (8.67374e-01), Accept ratio: 0.46405, 
INFO:root:Epoch  3506, Energy: -1.09062e+02 (-1.09069e+02), Variance: 7.67253e-01 (9.18829e-01), Accept ratio: 0.46447, 
INFO:root:Epoch  3507, Energy: -1.09071e+02 (-1.09049e+02), Variance: 8.18621e-01 (1.19701e+00), Accept ratio: 0.47073, 
INFO:root:Epoch  3508, Energy: -1.09053e+02 (-1.09057e+02), Variance: 8.49558e-01 (1.23684e+00), Accept ratio: 0.46495, 
INFO:root:Epoch  3509, Energy: -1.09037e+02 (-1.09032e+02), Variance: 8.17490e-01 (9.27471e-01), Accept ratio: 0.46588, 
INFO:root:Epoch  3510, Energy: -1.09036e+02 (-1.09028e+02), Variance: 8.10937e-01 (9.03174e-01), Accept ratio: 0.47004, 
INFO:root:Epoch  3511, Energy: -1.09019e+02 (-1.09007e+02), Variance: 8.70701e-01 (1.10693e+00), Accept ratio: 0.46314, 
INFO:root:Epoch  3512, Energy: -1.09059e+02 (-1.09049e+02), Variance: 9.30169e-01 (1.26789e+00), Accept ratio: 0.46847, 
INFO:root:Epoch  3513, Energy: -1.09023e+02 (-1.09027e+02), Variance: 8.22430e-01 (1.24750e+00), Accept ratio: 0.47428, 
INFO:root:Epoch  3514, Energy: -1.09055e+02 (-1.09056e+02), Variance: 8.59499e-01 (9.56368e-01), Accept ratio: 0.47290, 
INFO:root:Epoch  3515, Energy: -1.09051e+02 (-1.09044e+02), Variance: 8.07152e-01 (8.79906e-01), Accept ratio: 0.47027, 
INFO:root:Epoch  3516, Energy: -1.09038e+02 (-1.09040e+02), Variance: 7.82023e-01 (8.98880e-01), Accept ratio: 0.46964, 
INFO:root:Epoch  3517, Energy: -1.09024e+02 (-1.09009e+02), Variance: 8.92007e-01 (1.28003e+00), Accept ratio: 0.47932, 
INFO:root:Epoch  3518, Energy: -1.09072e+02 (-1.09060e+02), Variance: 1.00461e+00 (1.33073e+00), Accept ratio: 0.47030, 
INFO:root:Epoch  3519, Energy: -1.09032e+02 (-1.09045e+02), Variance: 1.05056e+00 (1.50111e+00), Accept ratio: 0.46966, 
INFO:root:Epoch  3520, Energy: -1.09047e+02 (-1.09055e+02), Variance: 8.98642e-01 (1.20782e+00), Accept ratio: 0.46703, 
INFO:root:Epoch  3521, Energy: -1.08992e+02 (-1.09003e+02), Variance: 8.55209e-01 (1.12031e+00), Accept ratio: 0.46906, 
INFO:root:Epoch  3522, Energy: -1.09008e+02 (-1.09015e+02), Variance: 7.95572e-01 (9.88244e-01), Accept ratio: 0.46957, 
INFO:root:Epoch  3523, Energy: -1.09032e+02 (-1.09041e+02), Variance: 8.74331e-01 (1.38053e+00), Accept ratio: 0.46948, 
INFO:root:Epoch  3524, Energy: -1.09032e+02 (-1.09037e+02), Variance: 8.64051e-01 (1.01307e+00), Accept ratio: 0.47055, 
INFO:root:Epoch  3525, Energy: -1.09035e+02 (-1.09039e+02), Variance: 8.58498e-01 (9.66833e-01), Accept ratio: 0.47031, 
INFO:root:Epoch  3526, Energy: -1.09014e+02 (-1.08997e+02), Variance: 8.43509e-01 (1.31579e+00), Accept ratio: 0.47452, 
INFO:root:Epoch  3527, Energy: -1.09067e+02 (-1.09076e+02), Variance: 1.06507e+00 (1.31995e+00), Accept ratio: 0.47292, 
INFO:root:Epoch  3528, Energy: -1.09085e+02 (-1.09078e+02), Variance: 9.10102e-01 (1.11435e+00), Accept ratio: 0.47036, 
INFO:root:Epoch  3529, Energy: -1.09063e+02 (-1.09046e+02), Variance: 9.16062e-01 (1.52169e+00), Accept ratio: 0.47277, 
INFO:root:Epoch  3530, Energy: -1.09082e+02 (-1.09092e+02), Variance: 8.90332e-01 (1.10414e+00), Accept ratio: 0.46267, 
INFO:root:Epoch  3531, Energy: -1.09010e+02 (-1.09005e+02), Variance: 8.98327e-01 (1.25428e+00), Accept ratio: 0.47024, 
INFO:root:Epoch  3532, Energy: -1.08990e+02 (-1.08989e+02), Variance: 8.05961e-01 (8.40563e-01), Accept ratio: 0.46542, 
INFO:root:Epoch  3533, Energy: -1.09103e+02 (-1.09109e+02), Variance: 8.73408e-01 (1.44903e+00), Accept ratio: 0.47599, 
INFO:root:Epoch  3534, Energy: -1.09065e+02 (-1.09074e+02), Variance: 9.58354e-01 (1.22428e+00), Accept ratio: 0.46337, 
INFO:root:Epoch  3535, Energy: -1.09013e+02 (-1.09002e+02), Variance: 9.62208e-01 (1.24332e+00), Accept ratio: 0.47477, 
INFO:root:Epoch  3536, Energy: -1.09029e+02 (-1.09010e+02), Variance: 1.00212e+00 (1.34104e+00), Accept ratio: 0.46907, 
INFO:root:Epoch  3537, Energy: -1.09011e+02 (-1.09012e+02), Variance: 1.15766e+00 (1.42008e+00), Accept ratio: 0.46971, 
INFO:root:Epoch  3538, Energy: -1.09006e+02 (-1.09005e+02), Variance: 9.19584e-01 (1.29714e+00), Accept ratio: 0.46813, 
INFO:root:Epoch  3539, Energy: -1.09061e+02 (-1.09051e+02), Variance: 8.65013e-01 (1.13595e+00), Accept ratio: 0.46552, 
INFO:root:Epoch  3540, Energy: -1.09026e+02 (-1.09010e+02), Variance: 8.40342e-01 (1.09673e+00), Accept ratio: 0.45995, 
INFO:root:Epoch  3541, Energy: -1.09014e+02 (-1.08991e+02), Variance: 9.07998e-01 (1.60199e+00), Accept ratio: 0.47231, 
INFO:root:Epoch  3542, Energy: -1.09083e+02 (-1.09089e+02), Variance: 9.37458e-01 (1.12399e+00), Accept ratio: 0.47308, 
INFO:root:Epoch  3543, Energy: -1.09055e+02 (-1.09038e+02), Variance: 9.49019e-01 (1.24942e+00), Accept ratio: 0.47426, 
INFO:root:Epoch  3544, Energy: -1.09068e+02 (-1.09064e+02), Variance: 8.87576e-01 (1.04906e+00), Accept ratio: 0.47502, 
INFO:root:Epoch  3545, Energy: -1.09059e+02 (-1.09064e+02), Variance: 9.29470e-01 (1.07400e+00), Accept ratio: 0.46294, 
INFO:root:Epoch  3546, Energy: -1.09069e+02 (-1.09079e+02), Variance: 9.24967e-01 (1.10787e+00), Accept ratio: 0.46666, 
INFO:root:Epoch  3547, Energy: -1.09039e+02 (-1.09036e+02), Variance: 8.83280e-01 (9.88406e-01), Accept ratio: 0.47233, 
INFO:root:Epoch  3548, Energy: -1.09028e+02 (-1.09023e+02), Variance: 9.53467e-01 (1.35384e+00), Accept ratio: 0.46530, 
INFO:root:Epoch  3549, Energy: -1.09031e+02 (-1.09009e+02), Variance: 9.52645e-01 (1.33804e+00), Accept ratio: 0.46882, 
INFO:root:Epoch  3550, Energy: -1.09059e+02 (-1.09058e+02), Variance: 8.72565e-01 (1.06954e+00), Accept ratio: 0.47398, 
INFO:root:Epoch  3551, Energy: -1.09043e+02 (-1.09048e+02), Variance: 8.98274e-01 (1.48555e+00), Accept ratio: 0.47379, 
INFO:root:Epoch  3552, Energy: -1.09027e+02 (-1.09035e+02), Variance: 8.36597e-01 (1.36088e+00), Accept ratio: 0.47041, 
INFO:root:Epoch  3553, Energy: -1.09004e+02 (-1.08993e+02), Variance: 7.40918e-01 (9.00148e-01), Accept ratio: 0.46606, 
INFO:root:Epoch  3554, Energy: -1.09015e+02 (-1.09019e+02), Variance: 8.18218e-01 (9.78160e-01), Accept ratio: 0.46371, 
INFO:root:Epoch  3555, Energy: -1.09091e+02 (-1.09127e+02), Variance: 8.82355e-01 (1.81610e+00), Accept ratio: 0.47412, 
INFO:root:Epoch  3556, Energy: -1.09061e+02 (-1.09058e+02), Variance: 8.83262e-01 (1.00671e+00), Accept ratio: 0.46670, 
INFO:root:Epoch  3557, Energy: -1.09053e+02 (-1.09069e+02), Variance: 9.49513e-01 (1.27100e+00), Accept ratio: 0.47027, 
INFO:root:Epoch  3558, Energy: -1.09023e+02 (-1.09017e+02), Variance: 7.98083e-01 (1.51946e+00), Accept ratio: 0.46850, 
INFO:root:Epoch  3559, Energy: -1.09049e+02 (-1.09047e+02), Variance: 8.81160e-01 (9.62959e-01), Accept ratio: 0.46858, 
INFO:root:Epoch  3560, Energy: -1.09018e+02 (-1.09022e+02), Variance: 7.96742e-01 (1.15746e+00), Accept ratio: 0.47926, 
INFO:root:Epoch  3561, Energy: -1.09022e+02 (-1.09012e+02), Variance: 9.26978e-01 (1.21568e+00), Accept ratio: 0.46512, 
INFO:root:Epoch  3562, Energy: -1.09076e+02 (-1.09069e+02), Variance: 8.98613e-01 (1.44357e+00), Accept ratio: 0.46575, 
INFO:root:Epoch  3563, Energy: -1.09050e+02 (-1.09071e+02), Variance: 8.93243e-01 (1.58372e+00), Accept ratio: 0.47221, 
INFO:root:Epoch  3564, Energy: -1.09042e+02 (-1.09028e+02), Variance: 7.98140e-01 (1.02560e+00), Accept ratio: 0.46965, 
INFO:root:Epoch  3565, Energy: -1.09061e+02 (-1.09053e+02), Variance: 8.80352e-01 (9.97738e-01), Accept ratio: 0.47721, 
INFO:root:Epoch  3566, Energy: -1.09104e+02 (-1.09104e+02), Variance: 7.97525e-01 (8.76224e-01), Accept ratio: 0.47155, 
INFO:root:Epoch  3567, Energy: -1.09079e+02 (-1.09076e+02), Variance: 8.66150e-01 (1.43685e+00), Accept ratio: 0.47413, 
INFO:root:Epoch  3568, Energy: -1.09058e+02 (-1.09033e+02), Variance: 8.04728e-01 (1.64935e+00), Accept ratio: 0.46964, 
INFO:root:Epoch  3569, Energy: -1.09027e+02 (-1.09023e+02), Variance: 9.28879e-01 (1.31905e+00), Accept ratio: 0.47158, 
INFO:root:Epoch  3570, Energy: -1.09035e+02 (-1.09053e+02), Variance: 8.21612e-01 (1.32551e+00), Accept ratio: 0.47727, 
INFO:root:Epoch  3571, Energy: -1.09073e+02 (-1.09065e+02), Variance: 9.45259e-01 (1.27719e+00), Accept ratio: 0.46969, 
INFO:root:Epoch  3572, Energy: -1.09030e+02 (-1.09028e+02), Variance: 8.47638e-01 (9.40436e-01), Accept ratio: 0.46773, 
INFO:root:Epoch  3573, Energy: -1.09064e+02 (-1.09060e+02), Variance: 7.94520e-01 (9.14586e-01), Accept ratio: 0.46985, 
INFO:root:Epoch  3574, Energy: -1.09045e+02 (-1.09027e+02), Variance: 8.04807e-01 (1.16424e+00), Accept ratio: 0.47287, 
INFO:root:Epoch  3575, Energy: -1.09029e+02 (-1.09014e+02), Variance: 7.73170e-01 (1.85619e+00), Accept ratio: 0.47066, 
INFO:root:Epoch  3576, Energy: -1.09057e+02 (-1.09042e+02), Variance: 8.80853e-01 (1.63570e+00), Accept ratio: 0.47271, 
INFO:root:Epoch  3577, Energy: -1.09038e+02 (-1.09041e+02), Variance: 8.47646e-01 (2.50432e+00), Accept ratio: 0.47036, 
INFO:root:Epoch  3578, Energy: -1.09045e+02 (-1.09039e+02), Variance: 7.73267e-01 (9.37802e-01), Accept ratio: 0.47774, 
INFO:root:Epoch  3579, Energy: -1.09092e+02 (-1.09083e+02), Variance: 9.23982e-01 (1.17235e+00), Accept ratio: 0.46888, 
INFO:root:Epoch  3580, Energy: -1.09080e+02 (-1.09057e+02), Variance: 8.30109e-01 (1.45956e+00), Accept ratio: 0.46921, 
INFO:root:Epoch  3581, Energy: -1.09101e+02 (-1.09093e+02), Variance: 8.43270e-01 (9.99282e-01), Accept ratio: 0.47670, 
INFO:root:Epoch  3582, Energy: -1.09069e+02 (-1.09047e+02), Variance: 9.06911e-01 (1.41160e+00), Accept ratio: 0.46995, 
INFO:root:Epoch  3583, Energy: -1.09099e+02 (-1.09102e+02), Variance: 8.45626e-01 (9.47962e-01), Accept ratio: 0.45990, 
INFO:root:Epoch  3584, Energy: -1.09078e+02 (-1.09085e+02), Variance: 9.91924e-01 (1.32132e+00), Accept ratio: 0.47041, 
INFO:root:Epoch  3585, Energy: -1.09056e+02 (-1.09021e+02), Variance: 8.77101e-01 (1.71727e+00), Accept ratio: 0.47340, 
INFO:root:Epoch  3586, Energy: -1.09055e+02 (-1.09075e+02), Variance: 9.53209e-01 (2.08052e+00), Accept ratio: 0.47048, 
INFO:root:Epoch  3587, Energy: -1.09067e+02 (-1.09049e+02), Variance: 8.36024e-01 (1.39731e+00), Accept ratio: 0.47159, 
INFO:root:Epoch  3588, Energy: -1.09057e+02 (-1.09044e+02), Variance: 1.02917e+00 (2.40686e+00), Accept ratio: 0.46849, 
INFO:root:Epoch  3589, Energy: -1.09035e+02 (-1.09022e+02), Variance: 9.27965e-01 (1.14716e+00), Accept ratio: 0.46713, 
INFO:root:Epoch  3590, Energy: -1.08973e+02 (-1.08920e+02), Variance: 7.59697e-01 (2.27030e+00), Accept ratio: 0.47059, 
INFO:root:Epoch  3591, Energy: -1.09042e+02 (-1.09046e+02), Variance: 8.18945e-01 (1.11725e+00), Accept ratio: 0.46854, 
INFO:root:Epoch  3592, Energy: -1.09059e+02 (-1.09073e+02), Variance: 7.93323e-01 (9.66199e-01), Accept ratio: 0.46515, 
INFO:root:Epoch  3593, Energy: -1.09027e+02 (-1.09019e+02), Variance: 7.88936e-01 (9.04125e-01), Accept ratio: 0.46730, 
INFO:root:Epoch  3594, Energy: -1.09111e+02 (-1.09117e+02), Variance: 8.12857e-01 (9.36620e-01), Accept ratio: 0.47045, 
INFO:root:Epoch  3595, Energy: -1.09032e+02 (-1.09009e+02), Variance: 8.15713e-01 (1.22847e+00), Accept ratio: 0.47685, 
INFO:root:Epoch  3596, Energy: -1.09053e+02 (-1.09049e+02), Variance: 7.32560e-01 (7.88156e-01), Accept ratio: 0.46647, 
INFO:root:Epoch  3597, Energy: -1.09043e+02 (-1.09017e+02), Variance: 8.31697e-01 (1.31938e+00), Accept ratio: 0.47107, 
INFO:root:Epoch  3598, Energy: -1.09048e+02 (-1.09024e+02), Variance: 8.27767e-01 (1.45376e+00), Accept ratio: 0.46315, 
INFO:root:Epoch  3599, Energy: -1.09058e+02 (-1.09056e+02), Variance: 9.48157e-01 (1.11528e+00), Accept ratio: 0.46949, 
INFO:root:Epoch  3600, Energy: -1.09073e+02 (-1.09071e+02), Variance: 8.26626e-01 (1.11460e+00), Accept ratio: 0.47273, , best weights saved
INFO:root:Epoch  3601, Energy: -1.09082e+02 (-1.09087e+02), Variance: 8.01880e-01 (9.66234e-01), Accept ratio: 0.46493, 
INFO:root:Epoch  3602, Energy: -1.09062e+02 (-1.09049e+02), Variance: 8.97309e-01 (1.28069e+00), Accept ratio: 0.46900, 
INFO:root:Epoch  3603, Energy: -1.09063e+02 (-1.09055e+02), Variance: 7.75385e-01 (9.39781e-01), Accept ratio: 0.47036, 
INFO:root:Epoch  3604, Energy: -1.09054e+02 (-1.09054e+02), Variance: 8.46569e-01 (1.20397e+00), Accept ratio: 0.46892, 
INFO:root:Epoch  3605, Energy: -1.09069e+02 (-1.09064e+02), Variance: 9.28167e-01 (1.06910e+00), Accept ratio: 0.46594, 
INFO:root:Epoch  3606, Energy: -1.09022e+02 (-1.09004e+02), Variance: 8.54695e-01 (1.07419e+00), Accept ratio: 0.47034, 
INFO:root:Epoch  3607, Energy: -1.09127e+02 (-1.09135e+02), Variance: 1.08736e+00 (1.44880e+00), Accept ratio: 0.46831, 
INFO:root:Epoch  3608, Energy: -1.09102e+02 (-1.09106e+02), Variance: 8.61653e-01 (1.03864e+00), Accept ratio: 0.47183, 
INFO:root:Epoch  3609, Energy: -1.09079e+02 (-1.09094e+02), Variance: 1.12712e+00 (1.88229e+00), Accept ratio: 0.47312, 
INFO:root:Epoch  3610, Energy: -1.09075e+02 (-1.09079e+02), Variance: 9.71801e-01 (1.18542e+00), Accept ratio: 0.47049, 
INFO:root:Epoch  3611, Energy: -1.09103e+02 (-1.09093e+02), Variance: 8.91939e-01 (1.50957e+00), Accept ratio: 0.47240, 
INFO:root:Epoch  3612, Energy: -1.09098e+02 (-1.09121e+02), Variance: 9.12619e-01 (1.46419e+00), Accept ratio: 0.47339, 
INFO:root:Epoch  3613, Energy: -1.09116e+02 (-1.09125e+02), Variance: 9.11532e-01 (1.07768e+00), Accept ratio: 0.47214, 
INFO:root:Epoch  3614, Energy: -1.09095e+02 (-1.09105e+02), Variance: 8.95817e-01 (1.05640e+00), Accept ratio: 0.46898, 
INFO:root:Epoch  3615, Energy: -1.09083e+02 (-1.09103e+02), Variance: 9.24064e-01 (1.35119e+00), Accept ratio: 0.46371, 
INFO:root:Epoch  3616, Energy: -1.09046e+02 (-1.09018e+02), Variance: 9.24440e-01 (1.45316e+00), Accept ratio: 0.47423, 
INFO:root:Epoch  3617, Energy: -1.09012e+02 (-1.08995e+02), Variance: 9.27460e-01 (1.28467e+00), Accept ratio: 0.47075, 
INFO:root:Epoch  3618, Energy: -1.09040e+02 (-1.09034e+02), Variance: 9.89981e-01 (1.32195e+00), Accept ratio: 0.46729, 
INFO:root:Epoch  3619, Energy: -1.09086e+02 (-1.09069e+02), Variance: 8.94488e-01 (1.20337e+00), Accept ratio: 0.47535, 
INFO:root:Epoch  3620, Energy: -1.09082e+02 (-1.09075e+02), Variance: 8.36223e-01 (1.06243e+00), Accept ratio: 0.47524, 
INFO:root:Epoch  3621, Energy: -1.09100e+02 (-1.09113e+02), Variance: 8.85313e-01 (1.47442e+00), Accept ratio: 0.47756, 
INFO:root:Epoch  3622, Energy: -1.09101e+02 (-1.09123e+02), Variance: 9.03017e-01 (1.38374e+00), Accept ratio: 0.47048, 
INFO:root:Epoch  3623, Energy: -1.09119e+02 (-1.09135e+02), Variance: 9.70691e-01 (1.17492e+00), Accept ratio: 0.46552, 
INFO:root:Epoch  3624, Energy: -1.09107e+02 (-1.09109e+02), Variance: 1.05674e+00 (1.46990e+00), Accept ratio: 0.47467, 
INFO:root:Epoch  3625, Energy: -1.09100e+02 (-1.09102e+02), Variance: 7.82829e-01 (8.70700e-01), Accept ratio: 0.46666, 
INFO:root:Epoch  3626, Energy: -1.09116e+02 (-1.09120e+02), Variance: 1.00551e+00 (1.25356e+00), Accept ratio: 0.47182, 
INFO:root:Epoch  3627, Energy: -1.09105e+02 (-1.09124e+02), Variance: 9.99489e-01 (1.90902e+00), Accept ratio: 0.46740, 
INFO:root:Epoch  3628, Energy: -1.09071e+02 (-1.09073e+02), Variance: 9.81567e-01 (1.36012e+00), Accept ratio: 0.47114, 
INFO:root:Epoch  3629, Energy: -1.09050e+02 (-1.09065e+02), Variance: 9.70941e-01 (1.52814e+00), Accept ratio: 0.46760, 
INFO:root:Epoch  3630, Energy: -1.09039e+02 (-1.09034e+02), Variance: 1.00479e+00 (1.24909e+00), Accept ratio: 0.46758, 
INFO:root:Epoch  3631, Energy: -1.09019e+02 (-1.09021e+02), Variance: 9.07136e-01 (2.12127e+00), Accept ratio: 0.46036, 
INFO:root:Epoch  3632, Energy: -1.09060e+02 (-1.09059e+02), Variance: 8.50381e-01 (8.73037e-01), Accept ratio: 0.47423, 
INFO:root:Epoch  3633, Energy: -1.09003e+02 (-1.08958e+02), Variance: 8.96739e-01 (1.81831e+00), Accept ratio: 0.46866, 
INFO:root:Epoch  3634, Energy: -1.09030e+02 (-1.09033e+02), Variance: 8.54769e-01 (1.01904e+00), Accept ratio: 0.47389, 
INFO:root:Epoch  3635, Energy: -1.09053e+02 (-1.09053e+02), Variance: 8.00667e-01 (8.99068e-01), Accept ratio: 0.46715, 
INFO:root:Epoch  3636, Energy: -1.09070e+02 (-1.09075e+02), Variance: 7.76446e-01 (9.66373e-01), Accept ratio: 0.46969, 
INFO:root:Epoch  3637, Energy: -1.09096e+02 (-1.09091e+02), Variance: 8.70663e-01 (9.63022e-01), Accept ratio: 0.46484, 
INFO:root:Epoch  3638, Energy: -1.09083e+02 (-1.09099e+02), Variance: 7.92179e-01 (1.04564e+00), Accept ratio: 0.47324, 
INFO:root:Epoch  3639, Energy: -1.09026e+02 (-1.09019e+02), Variance: 9.28637e-01 (1.41075e+00), Accept ratio: 0.47115, 
INFO:root:Epoch  3640, Energy: -1.09024e+02 (-1.09011e+02), Variance: 8.69448e-01 (1.68655e+00), Accept ratio: 0.46690, 
INFO:root:Epoch  3641, Energy: -1.09048e+02 (-1.08962e+02), Variance: 8.60637e-01 (6.93807e+00), Accept ratio: 0.47219, 
INFO:root:Epoch  3642, Energy: -1.09075e+02 (-1.09071e+02), Variance: 9.33704e-01 (1.21550e+00), Accept ratio: 0.46247, 
INFO:root:Epoch  3643, Energy: -1.09072e+02 (-1.09095e+02), Variance: 8.58731e-01 (1.73401e+00), Accept ratio: 0.47161, 
INFO:root:Epoch  3644, Energy: -1.09123e+02 (-1.09144e+02), Variance: 8.84626e-01 (1.26664e+00), Accept ratio: 0.46717, 
INFO:root:Epoch  3645, Energy: -1.09031e+02 (-1.08971e+02), Variance: 8.77163e-01 (5.55911e+00), Accept ratio: 0.47486, 
INFO:root:Epoch  3646, Energy: -1.09063e+02 (-1.09022e+02), Variance: 7.96973e-01 (2.09334e+00), Accept ratio: 0.47278, 
INFO:root:Epoch  3647, Energy: -1.09063e+02 (-1.09052e+02), Variance: 9.08761e-01 (1.74752e+00), Accept ratio: 0.47685, 
INFO:root:Epoch  3648, Energy: -1.09087e+02 (-1.09146e+02), Variance: 9.49071e-01 (2.78518e+00), Accept ratio: 0.47375, 
INFO:root:Epoch  3649, Energy: -1.09033e+02 (-1.09054e+02), Variance: 9.82187e-01 (2.31719e+00), Accept ratio: 0.47200, 
INFO:root:Epoch  3650, Energy: -1.09026e+02 (-1.09013e+02), Variance: 8.48549e-01 (2.01615e+00), Accept ratio: 0.47048, 
INFO:root:Epoch  3651, Energy: -1.09055e+02 (-1.09077e+02), Variance: 9.29665e-01 (1.25311e+00), Accept ratio: 0.46338, 
INFO:root:Epoch  3652, Energy: -1.09019e+02 (-1.09014e+02), Variance: 9.06210e-01 (1.41120e+00), Accept ratio: 0.46639, 
INFO:root:Epoch  3653, Energy: -1.09001e+02 (-1.08984e+02), Variance: 8.54613e-01 (1.20212e+00), Accept ratio: 0.46878, 
INFO:root:Epoch  3654, Energy: -1.09025e+02 (-1.09023e+02), Variance: 8.88538e-01 (1.16692e+00), Accept ratio: 0.46883, 
INFO:root:Epoch  3655, Energy: -1.09042e+02 (-1.09052e+02), Variance: 8.51917e-01 (1.17628e+00), Accept ratio: 0.47278, 
INFO:root:Epoch  3656, Energy: -1.08996e+02 (-1.08982e+02), Variance: 9.62252e-01 (1.33635e+00), Accept ratio: 0.46920, 
INFO:root:Epoch  3657, Energy: -1.09030e+02 (-1.09021e+02), Variance: 9.26300e-01 (1.09903e+00), Accept ratio: 0.47539, 
INFO:root:Epoch  3658, Energy: -1.09044e+02 (-1.09044e+02), Variance: 9.58182e-01 (1.52749e+00), Accept ratio: 0.46234, 
INFO:root:Epoch  3659, Energy: -1.09053e+02 (-1.09062e+02), Variance: 1.00787e+00 (1.27896e+00), Accept ratio: 0.46891, 
INFO:root:Epoch  3660, Energy: -1.09028e+02 (-1.09029e+02), Variance: 9.10342e-01 (1.20518e+00), Accept ratio: 0.47102, 
INFO:root:Epoch  3661, Energy: -1.09061e+02 (-1.09054e+02), Variance: 8.85288e-01 (9.84800e-01), Accept ratio: 0.46037, 
INFO:root:Epoch  3662, Energy: -1.09056e+02 (-1.09049e+02), Variance: 9.69597e-01 (1.29325e+00), Accept ratio: 0.47078, 
INFO:root:Epoch  3663, Energy: -1.09082e+02 (-1.09063e+02), Variance: 9.00349e-01 (1.33575e+00), Accept ratio: 0.47122, 
INFO:root:Epoch  3664, Energy: -1.09104e+02 (-1.09105e+02), Variance: 9.55809e-01 (1.17088e+00), Accept ratio: 0.47279, 
INFO:root:Epoch  3665, Energy: -1.09097e+02 (-1.09096e+02), Variance: 8.08517e-01 (9.60164e-01), Accept ratio: 0.46879, 
INFO:root:Epoch  3666, Energy: -1.09053e+02 (-1.09048e+02), Variance: 9.39759e-01 (1.07958e+00), Accept ratio: 0.47353, 
INFO:root:Epoch  3667, Energy: -1.09039e+02 (-1.09027e+02), Variance: 8.71931e-01 (1.31072e+00), Accept ratio: 0.47495, 
INFO:root:Epoch  3668, Energy: -1.09070e+02 (-1.09066e+02), Variance: 8.11996e-01 (9.43502e-01), Accept ratio: 0.46803, 
INFO:root:Epoch  3669, Energy: -1.09059e+02 (-1.09070e+02), Variance: 8.15771e-01 (1.01976e+00), Accept ratio: 0.46627, 
INFO:root:Epoch  3670, Energy: -1.09069e+02 (-1.09056e+02), Variance: 8.21015e-01 (1.25291e+00), Accept ratio: 0.46811, 
INFO:root:Epoch  3671, Energy: -1.09115e+02 (-1.09121e+02), Variance: 8.23700e-01 (9.10792e-01), Accept ratio: 0.47264, 
INFO:root:Epoch  3672, Energy: -1.09020e+02 (-1.09015e+02), Variance: 7.82052e-01 (8.82508e-01), Accept ratio: 0.47399, 
INFO:root:Epoch  3673, Energy: -1.08994e+02 (-1.09007e+02), Variance: 8.71629e-01 (1.71499e+00), Accept ratio: 0.47226, 
INFO:root:Epoch  3674, Energy: -1.09009e+02 (-1.09003e+02), Variance: 8.86376e-01 (1.08005e+00), Accept ratio: 0.46942, 
INFO:root:Epoch  3675, Energy: -1.09035e+02 (-1.09032e+02), Variance: 7.73660e-01 (1.37169e+00), Accept ratio: 0.47522, 
INFO:root:Epoch  3676, Energy: -1.09069e+02 (-1.09073e+02), Variance: 8.08669e-01 (1.41633e+00), Accept ratio: 0.47325, 
INFO:root:Epoch  3677, Energy: -1.09090e+02 (-1.09083e+02), Variance: 8.80111e-01 (1.00946e+00), Accept ratio: 0.47825, 
INFO:root:Epoch  3678, Energy: -1.09116e+02 (-1.09131e+02), Variance: 9.20023e-01 (1.24242e+00), Accept ratio: 0.46914, 
INFO:root:Epoch  3679, Energy: -1.09083e+02 (-1.09072e+02), Variance: 9.16312e-01 (1.22247e+00), Accept ratio: 0.46791, 
INFO:root:Epoch  3680, Energy: -1.09079e+02 (-1.09053e+02), Variance: 7.93866e-01 (1.11575e+00), Accept ratio: 0.47205, 
INFO:root:Epoch  3681, Energy: -1.09076e+02 (-1.09074e+02), Variance: 7.96468e-01 (1.00320e+00), Accept ratio: 0.47522, 
INFO:root:Epoch  3682, Energy: -1.09119e+02 (-1.09083e+02), Variance: 8.97734e-01 (2.23890e+00), Accept ratio: 0.47252, 
INFO:root:Epoch  3683, Energy: -1.09050e+02 (-1.09034e+02), Variance: 8.69456e-01 (1.95240e+00), Accept ratio: 0.46541, 
INFO:root:Epoch  3684, Energy: -1.09045e+02 (-1.09033e+02), Variance: 1.04886e+00 (1.67036e+00), Accept ratio: 0.46310, 
INFO:root:Epoch  3685, Energy: -1.09071e+02 (-1.09065e+02), Variance: 9.07215e-01 (1.69322e+00), Accept ratio: 0.46894, 
INFO:root:Epoch  3686, Energy: -1.09007e+02 (-1.08974e+02), Variance: 9.11814e-01 (2.51246e+00), Accept ratio: 0.47324, 
INFO:root:Epoch  3687, Energy: -1.09058e+02 (-1.08995e+02), Variance: 7.85696e-01 (3.97632e+00), Accept ratio: 0.47405, 
INFO:root:Epoch  3688, Energy: -1.09047e+02 (-1.09023e+02), Variance: 9.92190e-01 (1.42930e+00), Accept ratio: 0.47364, 
INFO:root:Epoch  3689, Energy: -1.09050e+02 (-1.09047e+02), Variance: 7.49416e-01 (8.66775e-01), Accept ratio: 0.47104, 
INFO:root:Epoch  3690, Energy: -1.09054e+02 (-1.09065e+02), Variance: 8.61597e-01 (1.26818e+00), Accept ratio: 0.47963, 
INFO:root:Epoch  3691, Energy: -1.09086e+02 (-1.09073e+02), Variance: 8.24956e-01 (1.15181e+00), Accept ratio: 0.46809, 
INFO:root:Epoch  3692, Energy: -1.09057e+02 (-1.09081e+02), Variance: 1.03993e+00 (1.48741e+00), Accept ratio: 0.46152, 
INFO:root:Epoch  3693, Energy: -1.09023e+02 (-1.09047e+02), Variance: 9.48436e-01 (1.60506e+00), Accept ratio: 0.46710, 
INFO:root:Epoch  3694, Energy: -1.09037e+02 (-1.09034e+02), Variance: 8.65689e-01 (9.81788e-01), Accept ratio: 0.47177, 
INFO:root:Epoch  3695, Energy: -1.09049e+02 (-1.09042e+02), Variance: 8.89481e-01 (1.16775e+00), Accept ratio: 0.47072, 
INFO:root:Epoch  3696, Energy: -1.09058e+02 (-1.09079e+02), Variance: 1.00296e+00 (1.87688e+00), Accept ratio: 0.47291, 
INFO:root:Epoch  3697, Energy: -1.09026e+02 (-1.09012e+02), Variance: 8.39031e-01 (1.07267e+00), Accept ratio: 0.47251, 
INFO:root:Epoch  3698, Energy: -1.09062e+02 (-1.09051e+02), Variance: 8.32965e-01 (1.09985e+00), Accept ratio: 0.47385, 
INFO:root:Epoch  3699, Energy: -1.09025e+02 (-1.09022e+02), Variance: 9.14375e-01 (1.29833e+00), Accept ratio: 0.47133, 
INFO:root:Epoch  3700, Energy: -1.09031e+02 (-1.09012e+02), Variance: 9.59088e-01 (1.36288e+00), Accept ratio: 0.46863, , best weights saved
INFO:root:Epoch  3701, Energy: -1.09005e+02 (-1.08968e+02), Variance: 9.45825e-01 (2.55005e+00), Accept ratio: 0.46678, 
INFO:root:Epoch  3702, Energy: -1.09061e+02 (-1.09056e+02), Variance: 8.44348e-01 (9.19876e-01), Accept ratio: 0.46551, 
INFO:root:Epoch  3703, Energy: -1.09040e+02 (-1.09053e+02), Variance: 9.85523e-01 (1.22799e+00), Accept ratio: 0.47434, 
INFO:root:Epoch  3704, Energy: -1.09082e+02 (-1.09091e+02), Variance: 9.88143e-01 (2.49671e+00), Accept ratio: 0.47062, 
INFO:root:Epoch  3705, Energy: -1.09050e+02 (-1.09047e+02), Variance: 9.31704e-01 (1.09618e+00), Accept ratio: 0.47358, 
INFO:root:Epoch  3706, Energy: -1.09067e+02 (-1.09056e+02), Variance: 9.16217e-01 (1.26867e+00), Accept ratio: 0.46430, 
INFO:root:Epoch  3707, Energy: -1.09060e+02 (-1.09046e+02), Variance: 8.88959e-01 (1.40010e+00), Accept ratio: 0.46827, 
INFO:root:Epoch  3708, Energy: -1.09033e+02 (-1.09019e+02), Variance: 8.65670e-01 (1.11537e+00), Accept ratio: 0.46946, 
INFO:root:Epoch  3709, Energy: -1.09004e+02 (-1.09005e+02), Variance: 8.43702e-01 (9.75719e-01), Accept ratio: 0.47619, 
INFO:root:Epoch  3710, Energy: -1.09019e+02 (-1.09018e+02), Variance: 7.93959e-01 (1.05597e+00), Accept ratio: 0.47054, 
INFO:root:Epoch  3711, Energy: -1.09089e+02 (-1.09085e+02), Variance: 8.92398e-01 (1.05249e+00), Accept ratio: 0.47226, 
INFO:root:Epoch  3712, Energy: -1.09078e+02 (-1.09063e+02), Variance: 9.32655e-01 (1.32503e+00), Accept ratio: 0.47013, 
INFO:root:Epoch  3713, Energy: -1.09080e+02 (-1.09103e+02), Variance: 8.93231e-01 (1.82726e+00), Accept ratio: 0.46759, 
INFO:root:Epoch  3714, Energy: -1.09034e+02 (-1.09036e+02), Variance: 8.99063e-01 (1.40199e+00), Accept ratio: 0.46997, 
INFO:root:Epoch  3715, Energy: -1.09062e+02 (-1.09042e+02), Variance: 9.76509e-01 (1.48387e+00), Accept ratio: 0.46774, 
INFO:root:Epoch  3716, Energy: -1.09097e+02 (-1.09094e+02), Variance: 9.16946e-01 (1.03800e+00), Accept ratio: 0.46847, 
INFO:root:Epoch  3717, Energy: -1.08995e+02 (-1.08999e+02), Variance: 9.86916e-01 (1.27868e+00), Accept ratio: 0.47225, 
INFO:root:Epoch  3718, Energy: -1.08985e+02 (-1.08989e+02), Variance: 9.25478e-01 (1.24296e+00), Accept ratio: 0.46487, 
INFO:root:Epoch  3719, Energy: -1.09025e+02 (-1.09026e+02), Variance: 9.11579e-01 (1.04803e+00), Accept ratio: 0.47003, 
INFO:root:Epoch  3720, Energy: -1.09058e+02 (-1.09052e+02), Variance: 9.91336e-01 (1.67412e+00), Accept ratio: 0.47487, 
INFO:root:Epoch  3721, Energy: -1.09081e+02 (-1.09108e+02), Variance: 1.04767e+00 (1.97575e+00), Accept ratio: 0.46696, 
INFO:root:Epoch  3722, Energy: -1.09048e+02 (-1.09057e+02), Variance: 9.59022e-01 (1.49286e+00), Accept ratio: 0.46805, 
INFO:root:Epoch  3723, Energy: -1.09071e+02 (-1.09060e+02), Variance: 8.85040e-01 (1.15365e+00), Accept ratio: 0.47422, 
INFO:root:Epoch  3724, Energy: -1.09132e+02 (-1.09135e+02), Variance: 1.02888e+00 (1.27646e+00), Accept ratio: 0.47397, 
INFO:root:Epoch  3725, Energy: -1.09046e+02 (-1.09075e+02), Variance: 8.84528e-01 (2.12297e+00), Accept ratio: 0.46924, 
INFO:root:Epoch  3726, Energy: -1.09078e+02 (-1.09069e+02), Variance: 9.21297e-01 (2.37609e+00), Accept ratio: 0.46808, 
INFO:root:Epoch  3727, Energy: -1.09022e+02 (-1.09013e+02), Variance: 1.13787e+00 (1.42836e+00), Accept ratio: 0.47281, 
INFO:root:Epoch  3728, Energy: -1.09031e+02 (-1.09041e+02), Variance: 8.82736e-01 (1.49799e+00), Accept ratio: 0.46534, 
INFO:root:Epoch  3729, Energy: -1.08997e+02 (-1.08999e+02), Variance: 9.29073e-01 (1.27842e+00), Accept ratio: 0.47128, 
INFO:root:Epoch  3730, Energy: -1.09040e+02 (-1.09037e+02), Variance: 8.79492e-01 (1.06245e+00), Accept ratio: 0.47581, 
INFO:root:Epoch  3731, Energy: -1.09078e+02 (-1.09073e+02), Variance: 9.90885e-01 (1.29751e+00), Accept ratio: 0.47567, 
INFO:root:Epoch  3732, Energy: -1.09060e+02 (-1.09040e+02), Variance: 9.13125e-01 (1.15454e+00), Accept ratio: 0.47051, 
INFO:root:Epoch  3733, Energy: -1.09105e+02 (-1.09108e+02), Variance: 9.98607e-01 (1.06230e+00), Accept ratio: 0.46821, 
INFO:root:Epoch  3734, Energy: -1.09077e+02 (-1.09063e+02), Variance: 9.13137e-01 (1.09124e+00), Accept ratio: 0.46937, 
INFO:root:Epoch  3735, Energy: -1.09078e+02 (-1.09069e+02), Variance: 9.38828e-01 (1.14868e+00), Accept ratio: 0.47282, 
INFO:root:Epoch  3736, Energy: -1.09072e+02 (-1.09044e+02), Variance: 1.00075e+00 (1.68362e+00), Accept ratio: 0.46776, 
INFO:root:Epoch  3737, Energy: -1.09087e+02 (-1.09093e+02), Variance: 8.93198e-01 (1.42480e+00), Accept ratio: 0.46760, 
INFO:root:Epoch  3738, Energy: -1.09106e+02 (-1.09120e+02), Variance: 9.95655e-01 (1.66012e+00), Accept ratio: 0.47410, 
INFO:root:Epoch  3739, Energy: -1.09065e+02 (-1.09073e+02), Variance: 8.42826e-01 (1.10192e+00), Accept ratio: 0.47128, 
INFO:root:Epoch  3740, Energy: -1.09039e+02 (-1.09035e+02), Variance: 9.21897e-01 (1.62514e+00), Accept ratio: 0.47147, 
INFO:root:Epoch  3741, Energy: -1.09093e+02 (-1.09095e+02), Variance: 9.13665e-01 (1.40633e+00), Accept ratio: 0.46680, 
INFO:root:Epoch  3742, Energy: -1.09042e+02 (-1.09042e+02), Variance: 9.58647e-01 (1.17476e+00), Accept ratio: 0.47101, 
INFO:root:Epoch  3743, Energy: -1.09078e+02 (-1.09068e+02), Variance: 9.21292e-01 (1.18286e+00), Accept ratio: 0.47084, 
INFO:root:Epoch  3744, Energy: -1.08989e+02 (-1.08987e+02), Variance: 9.47826e-01 (1.05824e+00), Accept ratio: 0.46761, 
INFO:root:Epoch  3745, Energy: -1.09069e+02 (-1.09056e+02), Variance: 9.34266e-01 (1.29495e+00), Accept ratio: 0.47121, 
INFO:root:Epoch  3746, Energy: -1.09082e+02 (-1.09092e+02), Variance: 7.87741e-01 (1.69917e+00), Accept ratio: 0.47892, 
INFO:root:Epoch  3747, Energy: -1.09053e+02 (-1.09041e+02), Variance: 8.03054e-01 (1.08910e+00), Accept ratio: 0.47772, 
INFO:root:Epoch  3748, Energy: -1.09082e+02 (-1.09063e+02), Variance: 8.76297e-01 (1.47265e+00), Accept ratio: 0.47508, 
INFO:root:Epoch  3749, Energy: -1.09102e+02 (-1.09106e+02), Variance: 9.14496e-01 (1.02912e+00), Accept ratio: 0.46443, 
INFO:root:Epoch  3750, Energy: -1.09054e+02 (-1.09066e+02), Variance: 8.95676e-01 (1.15352e+00), Accept ratio: 0.46627, 
INFO:root:Epoch  3751, Energy: -1.09075e+02 (-1.09082e+02), Variance: 8.93824e-01 (1.07346e+00), Accept ratio: 0.47430, 
INFO:root:Epoch  3752, Energy: -1.09031e+02 (-1.09076e+02), Variance: 8.69907e-01 (4.22824e+00), Accept ratio: 0.46682, 
INFO:root:Epoch  3753, Energy: -1.09053e+02 (-1.09068e+02), Variance: 6.87532e-01 (1.15940e+00), Accept ratio: 0.47108, 
INFO:root:Epoch  3754, Energy: -1.09027e+02 (-1.09004e+02), Variance: 9.38011e-01 (1.62446e+00), Accept ratio: 0.46965, 
INFO:root:Epoch  3755, Energy: -1.09038e+02 (-1.09025e+02), Variance: 8.50115e-01 (1.12432e+00), Accept ratio: 0.46595, 
INFO:root:Epoch  3756, Energy: -1.09019e+02 (-1.08963e+02), Variance: 8.11589e-01 (3.22669e+00), Accept ratio: 0.46600, 
INFO:root:Epoch  3757, Energy: -1.09028e+02 (-1.09042e+02), Variance: 9.62564e-01 (1.68031e+00), Accept ratio: 0.46453, 
INFO:root:Epoch  3758, Energy: -1.09041e+02 (-1.09054e+02), Variance: 9.59422e-01 (1.52757e+00), Accept ratio: 0.46877, 
INFO:root:Epoch  3759, Energy: -1.09091e+02 (-1.09111e+02), Variance: 9.03651e-01 (2.37132e+00), Accept ratio: 0.47435, 
INFO:root:Epoch  3760, Energy: -1.09073e+02 (-1.09082e+02), Variance: 9.42639e-01 (1.13438e+00), Accept ratio: 0.47031, 
INFO:root:Epoch  3761, Energy: -1.09040e+02 (-1.09048e+02), Variance: 7.92031e-01 (1.21507e+00), Accept ratio: 0.46583, 
INFO:root:Epoch  3762, Energy: -1.09018e+02 (-1.09017e+02), Variance: 9.10183e-01 (1.04527e+00), Accept ratio: 0.46854, 
INFO:root:Epoch  3763, Energy: -1.09016e+02 (-1.08973e+02), Variance: 8.47535e-01 (1.73431e+00), Accept ratio: 0.46430, 
INFO:root:Epoch  3764, Energy: -1.08999e+02 (-1.08970e+02), Variance: 8.98338e-01 (1.84010e+00), Accept ratio: 0.47473, 
INFO:root:Epoch  3765, Energy: -1.09045e+02 (-1.09041e+02), Variance: 9.06384e-01 (1.19054e+00), Accept ratio: 0.46935, 
INFO:root:Epoch  3766, Energy: -1.09094e+02 (-1.09099e+02), Variance: 8.58383e-01 (9.52854e-01), Accept ratio: 0.46678, 
INFO:root:Epoch  3767, Energy: -1.09106e+02 (-1.09077e+02), Variance: 9.63941e-01 (3.54814e+00), Accept ratio: 0.47183, 
INFO:root:Epoch  3768, Energy: -1.09080e+02 (-1.09119e+02), Variance: 8.00475e-01 (1.66555e+00), Accept ratio: 0.47030, 
INFO:root:Epoch  3769, Energy: -1.09032e+02 (-1.09032e+02), Variance: 7.99892e-01 (1.26570e+00), Accept ratio: 0.46750, 
INFO:root:Epoch  3770, Energy: -1.09086e+02 (-1.09108e+02), Variance: 9.65986e-01 (1.93000e+00), Accept ratio: 0.46658, 
INFO:root:Epoch  3771, Energy: -1.09040e+02 (-1.09037e+02), Variance: 9.18083e-01 (1.30530e+00), Accept ratio: 0.47599, 
INFO:root:Epoch  3772, Energy: -1.09048e+02 (-1.09047e+02), Variance: 8.44942e-01 (1.22145e+00), Accept ratio: 0.46659, 
INFO:root:Epoch  3773, Energy: -1.09087e+02 (-1.09149e+02), Variance: 8.90895e-01 (4.33973e+00), Accept ratio: 0.46721, 
INFO:root:Epoch  3774, Energy: -1.09001e+02 (-1.09018e+02), Variance: 9.14683e-01 (1.26412e+00), Accept ratio: 0.47045, 
INFO:root:Epoch  3775, Energy: -1.09037e+02 (-1.09010e+02), Variance: 9.98219e-01 (1.62523e+00), Accept ratio: 0.47304, 
INFO:root:Epoch  3776, Energy: -1.09051e+02 (-1.09041e+02), Variance: 8.51432e-01 (9.84276e-01), Accept ratio: 0.47420, 
INFO:root:Epoch  3777, Energy: -1.09032e+02 (-1.09021e+02), Variance: 8.65637e-01 (1.24344e+00), Accept ratio: 0.47093, 
INFO:root:Epoch  3778, Energy: -1.09086e+02 (-1.09072e+02), Variance: 8.55562e-01 (1.30941e+00), Accept ratio: 0.46943, 
INFO:root:Epoch  3779, Energy: -1.09052e+02 (-1.09092e+02), Variance: 8.74515e-01 (1.85425e+00), Accept ratio: 0.47793, 
INFO:root:Epoch  3780, Energy: -1.09048e+02 (-1.08981e+02), Variance: 9.72454e-01 (5.33983e+00), Accept ratio: 0.47605, 
INFO:root:Epoch  3781, Energy: -1.09020e+02 (-1.08995e+02), Variance: 9.90967e-01 (1.86026e+00), Accept ratio: 0.47185, 
INFO:root:Epoch  3782, Energy: -1.09080e+02 (-1.09089e+02), Variance: 8.15744e-01 (9.23324e-01), Accept ratio: 0.47117, 
INFO:root:Epoch  3783, Energy: -1.09060e+02 (-1.09056e+02), Variance: 8.91504e-01 (1.04803e+00), Accept ratio: 0.47090, 
INFO:root:Epoch  3784, Energy: -1.09067e+02 (-1.09063e+02), Variance: 9.35225e-01 (1.15079e+00), Accept ratio: 0.47672, 
INFO:root:Epoch  3785, Energy: -1.09001e+02 (-1.08974e+02), Variance: 1.04987e+00 (1.78795e+00), Accept ratio: 0.46562, 
INFO:root:Epoch  3786, Energy: -1.09045e+02 (-1.09055e+02), Variance: 8.53433e-01 (1.15720e+00), Accept ratio: 0.47113, 
INFO:root:Epoch  3787, Energy: -1.09034e+02 (-1.09057e+02), Variance: 8.19560e-01 (1.15747e+00), Accept ratio: 0.48069, 
INFO:root:Epoch  3788, Energy: -1.09038e+02 (-1.09053e+02), Variance: 9.71702e-01 (1.39855e+00), Accept ratio: 0.47156, 
INFO:root:Epoch  3789, Energy: -1.09043e+02 (-1.09041e+02), Variance: 9.04180e-01 (1.39932e+00), Accept ratio: 0.47026, 
INFO:root:Epoch  3790, Energy: -1.09044e+02 (-1.09044e+02), Variance: 8.99017e-01 (1.01817e+00), Accept ratio: 0.47040, 
INFO:root:Epoch  3791, Energy: -1.09005e+02 (-1.08993e+02), Variance: 8.43685e-01 (1.28487e+00), Accept ratio: 0.47443, 
INFO:root:Epoch  3792, Energy: -1.09025e+02 (-1.09023e+02), Variance: 9.70213e-01 (1.20239e+00), Accept ratio: 0.46614, 
INFO:root:Epoch  3793, Energy: -1.09035e+02 (-1.09025e+02), Variance: 9.61884e-01 (1.35373e+00), Accept ratio: 0.46522, 
INFO:root:Epoch  3794, Energy: -1.09019e+02 (-1.08987e+02), Variance: 1.01666e+00 (3.46158e+00), Accept ratio: 0.46814, 
INFO:root:Epoch  3795, Energy: -1.09054e+02 (-1.09081e+02), Variance: 9.95260e-01 (1.43988e+00), Accept ratio: 0.46698, 
INFO:root:Epoch  3796, Energy: -1.09020e+02 (-1.09015e+02), Variance: 1.02604e+00 (1.10321e+00), Accept ratio: 0.45841, 
INFO:root:Epoch  3797, Energy: -1.09064e+02 (-1.09053e+02), Variance: 1.01582e+00 (1.30021e+00), Accept ratio: 0.47405, 
INFO:root:Epoch  3798, Energy: -1.09076e+02 (-1.09075e+02), Variance: 8.91636e-01 (1.18458e+00), Accept ratio: 0.46733, 
INFO:root:Epoch  3799, Energy: -1.09090e+02 (-1.09108e+02), Variance: 9.13330e-01 (1.19821e+00), Accept ratio: 0.46831, 
INFO:root:Epoch  3800, Energy: -1.09088e+02 (-1.09055e+02), Variance: 1.05384e+00 (2.16996e+00), Accept ratio: 0.47332, , best weights saved
INFO:root:Epoch  3801, Energy: -1.09030e+02 (-1.09041e+02), Variance: 1.07348e+00 (1.32337e+00), Accept ratio: 0.46329, 
INFO:root:Epoch  3802, Energy: -1.09035e+02 (-1.09025e+02), Variance: 1.06496e+00 (1.45054e+00), Accept ratio: 0.47328, 
INFO:root:Epoch  3803, Energy: -1.09060e+02 (-1.09025e+02), Variance: 1.05168e+00 (2.67318e+00), Accept ratio: 0.47345, 
INFO:root:Epoch  3804, Energy: -1.09063e+02 (-1.09061e+02), Variance: 8.08820e-01 (8.35733e-01), Accept ratio: 0.47123, 
INFO:root:Epoch  3805, Energy: -1.09040e+02 (-1.09031e+02), Variance: 1.00496e+00 (1.47951e+00), Accept ratio: 0.46854, 
INFO:root:Epoch  3806, Energy: -1.09031e+02 (-1.09053e+02), Variance: 1.12927e+00 (2.12263e+00), Accept ratio: 0.47419, 
INFO:root:Epoch  3807, Energy: -1.09017e+02 (-1.09008e+02), Variance: 8.77928e-01 (1.07105e+00), Accept ratio: 0.47001, 
INFO:root:Epoch  3808, Energy: -1.09016e+02 (-1.09002e+02), Variance: 8.88031e-01 (1.19392e+00), Accept ratio: 0.47484, 
INFO:root:Epoch  3809, Energy: -1.09033e+02 (-1.09034e+02), Variance: 9.50819e-01 (1.38407e+00), Accept ratio: 0.47281, 
INFO:root:Epoch  3810, Energy: -1.09043e+02 (-1.09022e+02), Variance: 8.81649e-01 (1.91503e+00), Accept ratio: 0.46500, 
INFO:root:Epoch  3811, Energy: -1.09061e+02 (-1.09066e+02), Variance: 8.47010e-01 (9.15425e-01), Accept ratio: 0.47511, 
INFO:root:Epoch  3812, Energy: -1.09050e+02 (-1.09072e+02), Variance: 9.60126e-01 (1.44335e+00), Accept ratio: 0.47164, 
INFO:root:Epoch  3813, Energy: -1.09016e+02 (-1.09017e+02), Variance: 1.00907e+00 (1.37140e+00), Accept ratio: 0.46413, 
INFO:root:Epoch  3814, Energy: -1.09036e+02 (-1.09049e+02), Variance: 9.87372e-01 (1.43012e+00), Accept ratio: 0.47037, 
INFO:root:Epoch  3815, Energy: -1.09083e+02 (-1.09071e+02), Variance: 9.35006e-01 (1.20372e+00), Accept ratio: 0.46857, 
INFO:root:Epoch  3816, Energy: -1.09082e+02 (-1.09092e+02), Variance: 9.40806e-01 (1.13485e+00), Accept ratio: 0.46403, 
INFO:root:Epoch  3817, Energy: -1.09068e+02 (-1.09064e+02), Variance: 9.33099e-01 (1.07042e+00), Accept ratio: 0.46512, 
INFO:root:Epoch  3818, Energy: -1.09020e+02 (-1.09023e+02), Variance: 8.93245e-01 (9.97478e-01), Accept ratio: 0.46938, 
INFO:root:Epoch  3819, Energy: -1.09008e+02 (-1.08995e+02), Variance: 9.29908e-01 (1.60235e+00), Accept ratio: 0.46590, 
INFO:root:Epoch  3820, Energy: -1.09035e+02 (-1.09027e+02), Variance: 9.12745e-01 (1.03249e+00), Accept ratio: 0.47266, 
INFO:root:Epoch  3821, Energy: -1.09051e+02 (-1.09022e+02), Variance: 9.24269e-01 (1.50677e+00), Accept ratio: 0.46180, 
INFO:root:Epoch  3822, Energy: -1.09054e+02 (-1.09060e+02), Variance: 9.14331e-01 (2.63645e+00), Accept ratio: 0.47014, 
INFO:root:Epoch  3823, Energy: -1.09023e+02 (-1.08989e+02), Variance: 9.21682e-01 (1.49592e+00), Accept ratio: 0.46182, 
INFO:root:Epoch  3824, Energy: -1.09034e+02 (-1.09038e+02), Variance: 1.12662e+00 (1.70220e+00), Accept ratio: 0.47029, 
INFO:root:Epoch  3825, Energy: -1.09067e+02 (-1.09067e+02), Variance: 1.07171e+00 (1.72598e+00), Accept ratio: 0.46923, 
INFO:root:Epoch  3826, Energy: -1.09074e+02 (-1.09071e+02), Variance: 9.63157e-01 (1.29094e+00), Accept ratio: 0.46896, 
INFO:root:Epoch  3827, Energy: -1.09065e+02 (-1.09057e+02), Variance: 1.09984e+00 (1.35146e+00), Accept ratio: 0.46325, 
INFO:root:Epoch  3828, Energy: -1.09025e+02 (-1.09019e+02), Variance: 1.01949e+00 (1.10083e+00), Accept ratio: 0.46683, 
INFO:root:Epoch  3829, Energy: -1.09032e+02 (-1.08997e+02), Variance: 1.02653e+00 (1.70346e+00), Accept ratio: 0.46582, 
INFO:root:Epoch  3830, Energy: -1.09050e+02 (-1.09031e+02), Variance: 8.98695e-01 (1.21041e+00), Accept ratio: 0.47474, 
INFO:root:Epoch  3831, Energy: -1.09067e+02 (-1.09055e+02), Variance: 9.30221e-01 (1.19469e+00), Accept ratio: 0.46935, 
INFO:root:Epoch  3832, Energy: -1.09038e+02 (-1.09014e+02), Variance: 8.50971e-01 (1.44242e+00), Accept ratio: 0.47021, 
INFO:root:Epoch  3833, Energy: -1.09069e+02 (-1.09084e+02), Variance: 9.83503e-01 (1.46842e+00), Accept ratio: 0.47090, 
INFO:root:Epoch  3834, Energy: -1.09060e+02 (-1.09047e+02), Variance: 1.02278e+00 (1.21728e+00), Accept ratio: 0.47334, 
INFO:root:Epoch  3835, Energy: -1.09107e+02 (-1.09109e+02), Variance: 8.05083e-01 (9.99254e-01), Accept ratio: 0.47506, 
INFO:root:Epoch  3836, Energy: -1.09060e+02 (-1.09060e+02), Variance: 9.63864e-01 (2.24805e+00), Accept ratio: 0.47520, 
INFO:root:Epoch  3837, Energy: -1.09106e+02 (-1.09093e+02), Variance: 8.83098e-01 (1.08072e+00), Accept ratio: 0.46871, 
INFO:root:Epoch  3838, Energy: -1.09039e+02 (-1.09021e+02), Variance: 9.78585e-01 (1.20071e+00), Accept ratio: 0.47635, 
INFO:root:Epoch  3839, Energy: -1.09084e+02 (-1.09077e+02), Variance: 1.01871e+00 (1.71345e+00), Accept ratio: 0.46502, 
INFO:root:Epoch  3840, Energy: -1.09086e+02 (-1.09069e+02), Variance: 1.12927e+00 (2.29177e+00), Accept ratio: 0.46760, 
INFO:root:Epoch  3841, Energy: -1.09096e+02 (-1.09096e+02), Variance: 9.34615e-01 (1.18888e+00), Accept ratio: 0.47364, 
INFO:root:Epoch  3842, Energy: -1.09042e+02 (-1.09057e+02), Variance: 9.01225e-01 (1.38720e+00), Accept ratio: 0.47043, 
INFO:root:Epoch  3843, Energy: -1.09083e+02 (-1.09061e+02), Variance: 9.89893e-01 (1.34275e+00), Accept ratio: 0.46644, 
INFO:root:Epoch  3844, Energy: -1.09076e+02 (-1.09084e+02), Variance: 8.86230e-01 (1.10779e+00), Accept ratio: 0.47501, 
INFO:root:Epoch  3845, Energy: -1.09063e+02 (-1.09016e+02), Variance: 1.01424e+00 (2.86866e+00), Accept ratio: 0.47043, 
INFO:root:Epoch  3846, Energy: -1.09082e+02 (-1.09090e+02), Variance: 1.06607e+00 (1.75564e+00), Accept ratio: 0.46941, 
INFO:root:Epoch  3847, Energy: -1.09103e+02 (-1.09121e+02), Variance: 9.96176e-01 (2.13745e+00), Accept ratio: 0.47431, 
INFO:root:Epoch  3848, Energy: -1.09014e+02 (-1.09019e+02), Variance: 1.07844e+00 (1.45487e+00), Accept ratio: 0.47060, 
INFO:root:Epoch  3849, Energy: -1.09058e+02 (-1.09059e+02), Variance: 1.03697e+00 (1.25149e+00), Accept ratio: 0.47189, 
INFO:root:Epoch  3850, Energy: -1.09020e+02 (-1.09011e+02), Variance: 1.00074e+00 (1.24588e+00), Accept ratio: 0.46554, 
INFO:root:Epoch  3851, Energy: -1.08995e+02 (-1.08986e+02), Variance: 8.19399e-01 (1.10306e+00), Accept ratio: 0.47586, 
INFO:root:Epoch  3852, Energy: -1.09025e+02 (-1.09017e+02), Variance: 8.40153e-01 (1.10921e+00), Accept ratio: 0.46434, 
INFO:root:Epoch  3853, Energy: -1.09073e+02 (-1.09077e+02), Variance: 9.84024e-01 (1.26340e+00), Accept ratio: 0.46909, 
INFO:root:Epoch  3854, Energy: -1.09024e+02 (-1.09033e+02), Variance: 1.01719e+00 (1.17850e+00), Accept ratio: 0.46598, 
INFO:root:Epoch  3855, Energy: -1.08989e+02 (-1.09027e+02), Variance: 1.03433e+00 (2.89427e+00), Accept ratio: 0.46894, 
INFO:root:Epoch  3856, Energy: -1.09004e+02 (-1.08992e+02), Variance: 1.16489e+00 (1.49710e+00), Accept ratio: 0.46564, 
INFO:root:Epoch  3857, Energy: -1.09041e+02 (-1.09009e+02), Variance: 9.98133e-01 (1.79642e+00), Accept ratio: 0.46756, 
INFO:root:Epoch  3858, Energy: -1.09028e+02 (-1.09022e+02), Variance: 8.97938e-01 (1.03222e+00), Accept ratio: 0.47235, 
INFO:root:Epoch  3859, Energy: -1.09018e+02 (-1.09018e+02), Variance: 1.03717e+00 (1.17135e+00), Accept ratio: 0.46274, 
INFO:root:Epoch  3860, Energy: -1.09050e+02 (-1.09097e+02), Variance: 9.58077e-01 (2.32623e+00), Accept ratio: 0.47192, 
INFO:root:Epoch  3861, Energy: -1.09098e+02 (-1.09115e+02), Variance: 1.06312e+00 (1.50369e+00), Accept ratio: 0.47043, 
INFO:root:Epoch  3862, Energy: -1.09082e+02 (-1.09087e+02), Variance: 1.00736e+00 (1.47164e+00), Accept ratio: 0.47452, 
INFO:root:Epoch  3863, Energy: -1.09060e+02 (-1.09077e+02), Variance: 9.51872e-01 (1.73061e+00), Accept ratio: 0.46648, 
INFO:root:Epoch  3864, Energy: -1.09029e+02 (-1.09028e+02), Variance: 9.40986e-01 (1.11816e+00), Accept ratio: 0.47424, 
INFO:root:Epoch  3865, Energy: -1.09026e+02 (-1.09024e+02), Variance: 1.08134e+00 (1.74476e+00), Accept ratio: 0.47004, 
INFO:root:Epoch  3866, Energy: -1.09036e+02 (-1.09031e+02), Variance: 8.94790e-01 (9.66176e-01), Accept ratio: 0.47624, 
INFO:root:Epoch  3867, Energy: -1.09038e+02 (-1.09020e+02), Variance: 9.96699e-01 (2.01575e+00), Accept ratio: 0.46436, 
INFO:root:Epoch  3868, Energy: -1.09072e+02 (-1.09068e+02), Variance: 1.05654e+00 (1.24573e+00), Accept ratio: 0.47282, 
INFO:root:Epoch  3869, Energy: -1.09049e+02 (-1.09051e+02), Variance: 9.82159e-01 (1.07025e+00), Accept ratio: 0.46517, 
INFO:root:Epoch  3870, Energy: -1.09011e+02 (-1.09023e+02), Variance: 1.00076e+00 (1.29523e+00), Accept ratio: 0.47240, 
INFO:root:Epoch  3871, Energy: -1.09022e+02 (-1.09004e+02), Variance: 9.52296e-01 (1.82278e+00), Accept ratio: 0.47358, 
INFO:root:Epoch  3872, Energy: -1.09024e+02 (-1.09004e+02), Variance: 9.34072e-01 (1.64490e+00), Accept ratio: 0.46771, 
INFO:root:Epoch  3873, Energy: -1.09074e+02 (-1.09073e+02), Variance: 1.17718e+00 (1.49846e+00), Accept ratio: 0.47997, 
INFO:root:Epoch  3874, Energy: -1.09065e+02 (-1.09060e+02), Variance: 9.44643e-01 (1.03930e+00), Accept ratio: 0.46835, 
INFO:root:Epoch  3875, Energy: -1.09086e+02 (-1.09073e+02), Variance: 9.43735e-01 (1.30838e+00), Accept ratio: 0.46987, 
INFO:root:Epoch  3876, Energy: -1.09028e+02 (-1.09025e+02), Variance: 1.14642e+00 (1.65578e+00), Accept ratio: 0.47216, 
INFO:root:Epoch  3877, Energy: -1.09035e+02 (-1.09010e+02), Variance: 1.09292e+00 (1.43317e+00), Accept ratio: 0.47460, 
INFO:root:Epoch  3878, Energy: -1.09010e+02 (-1.08982e+02), Variance: 1.18716e+00 (1.78273e+00), Accept ratio: 0.46134, 
INFO:root:Epoch  3879, Energy: -1.09038e+02 (-1.08997e+02), Variance: 1.15511e+00 (4.52287e+00), Accept ratio: 0.46957, 
INFO:root:Epoch  3880, Energy: -1.08987e+02 (-1.08971e+02), Variance: 1.09285e+00 (1.37685e+00), Accept ratio: 0.46892, 
INFO:root:Epoch  3881, Energy: -1.09078e+02 (-1.09016e+02), Variance: 1.04321e+00 (5.52991e+00), Accept ratio: 0.47758, 
INFO:root:Epoch  3882, Energy: -1.08968e+02 (-1.08938e+02), Variance: 9.75829e-01 (1.70275e+00), Accept ratio: 0.47111, 
INFO:root:Epoch  3883, Energy: -1.09023e+02 (-1.09027e+02), Variance: 1.08681e+00 (1.34058e+00), Accept ratio: 0.46521, 
INFO:root:Epoch  3884, Energy: -1.09021e+02 (-1.09014e+02), Variance: 8.94690e-01 (1.54910e+00), Accept ratio: 0.46455, 
INFO:root:Epoch  3885, Energy: -1.09058e+02 (-1.09046e+02), Variance: 1.08107e+00 (1.45163e+00), Accept ratio: 0.46554, 
INFO:root:Epoch  3886, Energy: -1.09047e+02 (-1.09015e+02), Variance: 1.20767e+00 (2.25695e+00), Accept ratio: 0.46674, 
INFO:root:Epoch  3887, Energy: -1.09083e+02 (-1.09069e+02), Variance: 1.04396e+00 (1.33586e+00), Accept ratio: 0.46758, 
INFO:root:Epoch  3888, Energy: -1.09048e+02 (-1.09041e+02), Variance: 1.01824e+00 (1.25317e+00), Accept ratio: 0.47607, 
INFO:root:Epoch  3889, Energy: -1.09125e+02 (-1.09122e+02), Variance: 9.33994e-01 (1.21923e+00), Accept ratio: 0.47570, 
INFO:root:Epoch  3890, Energy: -1.09141e+02 (-1.09153e+02), Variance: 9.33076e-01 (1.67859e+00), Accept ratio: 0.46860, 
INFO:root:Epoch  3891, Energy: -1.09119e+02 (-1.09113e+02), Variance: 9.36665e-01 (1.19717e+00), Accept ratio: 0.47359, 
INFO:root:Epoch  3892, Energy: -1.09055e+02 (-1.09023e+02), Variance: 1.03115e+00 (2.83196e+00), Accept ratio: 0.47748, 
INFO:root:Epoch  3893, Energy: -1.09084e+02 (-1.09119e+02), Variance: 1.00279e+00 (2.76004e+00), Accept ratio: 0.47367, 
INFO:root:Epoch  3894, Energy: -1.09060e+02 (-1.09078e+02), Variance: 9.14219e-01 (1.30068e+00), Accept ratio: 0.47234, 
INFO:root:Epoch  3895, Energy: -1.09069e+02 (-1.09033e+02), Variance: 1.04467e+00 (2.20429e+00), Accept ratio: 0.46714, 
INFO:root:Epoch  3896, Energy: -1.09089e+02 (-1.09103e+02), Variance: 9.57498e-01 (1.15992e+00), Accept ratio: 0.47523, 
INFO:root:Epoch  3897, Energy: -1.09085e+02 (-1.09080e+02), Variance: 9.19148e-01 (1.03371e+00), Accept ratio: 0.47165, 
INFO:root:Epoch  3898, Energy: -1.09038e+02 (-1.09034e+02), Variance: 9.70925e-01 (1.19970e+00), Accept ratio: 0.47380, 
INFO:root:Epoch  3899, Energy: -1.09020e+02 (-1.08966e+02), Variance: 1.04067e+00 (3.30846e+00), Accept ratio: 0.46758, 
INFO:root:Epoch  3900, Energy: -1.09078e+02 (-1.09091e+02), Variance: 1.08329e+00 (2.14121e+00), Accept ratio: 0.47321, 
INFO:root:Epoch  3901, Energy: -1.09049e+02 (-1.09052e+02), Variance: 9.37325e-01 (1.52898e+00), Accept ratio: 0.46865, 
INFO:root:Epoch  3902, Energy: -1.09052e+02 (-1.09064e+02), Variance: 1.08259e+00 (1.41286e+00), Accept ratio: 0.47083, 
INFO:root:Epoch  3903, Energy: -1.09072e+02 (-1.09067e+02), Variance: 9.39682e-01 (1.08502e+00), Accept ratio: 0.47609, 
INFO:root:Epoch  3904, Energy: -1.09079e+02 (-1.09080e+02), Variance: 9.34410e-01 (1.00731e+00), Accept ratio: 0.46560, 
INFO:root:Epoch  3905, Energy: -1.09011e+02 (-1.09011e+02), Variance: 9.64319e-01 (1.12516e+00), Accept ratio: 0.46704, 
INFO:root:Epoch  3906, Energy: -1.09026e+02 (-1.09052e+02), Variance: 9.94342e-01 (1.56982e+00), Accept ratio: 0.46428, 
INFO:root:Epoch  3907, Energy: -1.09100e+02 (-1.09139e+02), Variance: 1.01506e+00 (2.28962e+00), Accept ratio: 0.47049, 
INFO:root:Epoch  3908, Energy: -1.09125e+02 (-1.09126e+02), Variance: 9.09827e-01 (9.64489e-01), Accept ratio: 0.47284, 
INFO:root:Epoch  3909, Energy: -1.09065e+02 (-1.09073e+02), Variance: 9.53522e-01 (1.19199e+00), Accept ratio: 0.47407, 
INFO:root:Epoch  3910, Energy: -1.09024e+02 (-1.09054e+02), Variance: 1.08222e+00 (1.77612e+00), Accept ratio: 0.46839, 
INFO:root:Epoch  3911, Energy: -1.08990e+02 (-1.08993e+02), Variance: 1.04874e+00 (1.28143e+00), Accept ratio: 0.47034, 
INFO:root:Epoch  3912, Energy: -1.09008e+02 (-1.09022e+02), Variance: 1.01461e+00 (1.48043e+00), Accept ratio: 0.46888, 
INFO:root:Epoch  3913, Energy: -1.09042e+02 (-1.09037e+02), Variance: 8.90158e-01 (9.56313e-01), Accept ratio: 0.46992, 
INFO:root:Epoch  3914, Energy: -1.09029e+02 (-1.09026e+02), Variance: 9.24873e-01 (1.47915e+00), Accept ratio: 0.47293, 
INFO:root:Epoch  3915, Energy: -1.09071e+02 (-1.09078e+02), Variance: 9.92568e-01 (1.09841e+00), Accept ratio: 0.46926, 
INFO:root:Epoch  3916, Energy: -1.09088e+02 (-1.09078e+02), Variance: 1.08041e+00 (1.62008e+00), Accept ratio: 0.46779, 
INFO:root:Epoch  3917, Energy: -1.09055e+02 (-1.09040e+02), Variance: 1.12270e+00 (1.91200e+00), Accept ratio: 0.46693, 
INFO:root:Epoch  3918, Energy: -1.09019e+02 (-1.09043e+02), Variance: 1.14712e+00 (1.61682e+00), Accept ratio: 0.47064, 
INFO:root:Epoch  3919, Energy: -1.09049e+02 (-1.08998e+02), Variance: 1.03822e+00 (3.19874e+00), Accept ratio: 0.46905, 
INFO:root:Epoch  3920, Energy: -1.09112e+02 (-1.09141e+02), Variance: 1.11235e+00 (2.65981e+00), Accept ratio: 0.47071, 
INFO:root:Epoch  3921, Energy: -1.09045e+02 (-1.09052e+02), Variance: 1.18341e+00 (1.66185e+00), Accept ratio: 0.47142, 
INFO:root:Epoch  3922, Energy: -1.09019e+02 (-1.09007e+02), Variance: 9.49081e-01 (1.27368e+00), Accept ratio: 0.47137, 
INFO:root:Epoch  3923, Energy: -1.09023e+02 (-1.09023e+02), Variance: 1.01766e+00 (1.09755e+00), Accept ratio: 0.47385, 
INFO:root:Epoch  3924, Energy: -1.09001e+02 (-1.08990e+02), Variance: 1.06637e+00 (1.59180e+00), Accept ratio: 0.47471, 
INFO:root:Epoch  3925, Energy: -1.09047e+02 (-1.09113e+02), Variance: 1.06024e+00 (6.56114e+00), Accept ratio: 0.46771, 
INFO:root:Epoch  3926, Energy: -1.09004e+02 (-1.09012e+02), Variance: 1.00328e+00 (1.21458e+00), Accept ratio: 0.46986, 
INFO:root:Epoch  3927, Energy: -1.09043e+02 (-1.09064e+02), Variance: 9.46786e-01 (1.44376e+00), Accept ratio: 0.46547, 
INFO:root:Epoch  3928, Energy: -1.09026e+02 (-1.09020e+02), Variance: 9.24788e-01 (1.01627e+00), Accept ratio: 0.47506, 
INFO:root:Epoch  3929, Energy: -1.09048e+02 (-1.09042e+02), Variance: 1.09291e+00 (1.58669e+00), Accept ratio: 0.46145, 
INFO:root:Epoch  3930, Energy: -1.09042e+02 (-1.09023e+02), Variance: 1.12089e+00 (1.85007e+00), Accept ratio: 0.46428, 
INFO:root:Epoch  3931, Energy: -1.08997e+02 (-1.09009e+02), Variance: 1.26128e+00 (2.44860e+00), Accept ratio: 0.46524, 
INFO:root:Epoch  3932, Energy: -1.09066e+02 (-1.09058e+02), Variance: 1.05495e+00 (1.30373e+00), Accept ratio: 0.46951, 
INFO:root:Epoch  3933, Energy: -1.09073e+02 (-1.09065e+02), Variance: 1.01209e+00 (1.40269e+00), Accept ratio: 0.47050, 
INFO:root:Epoch  3934, Energy: -1.09092e+02 (-1.09111e+02), Variance: 1.05074e+00 (2.29830e+00), Accept ratio: 0.45809, 
INFO:root:Epoch  3935, Energy: -1.09048e+02 (-1.09065e+02), Variance: 9.53040e-01 (1.13701e+00), Accept ratio: 0.46987, 
INFO:root:Epoch  3936, Energy: -1.08988e+02 (-1.08972e+02), Variance: 9.56699e-01 (1.37324e+00), Accept ratio: 0.47293, 
INFO:root:Epoch  3937, Energy: -1.08981e+02 (-1.08861e+02), Variance: 1.02505e+00 (1.02284e+01), Accept ratio: 0.47244, 
INFO:root:Epoch  3938, Energy: -1.09012e+02 (-1.08999e+02), Variance: 9.81858e-01 (1.13555e+00), Accept ratio: 0.46963, 
INFO:root:Epoch  3939, Energy: -1.09026e+02 (-1.08953e+02), Variance: 1.03957e+00 (4.76574e+00), Accept ratio: 0.47558, 
INFO:root:Epoch  3940, Energy: -1.09011e+02 (-1.09028e+02), Variance: 9.69235e-01 (1.23636e+00), Accept ratio: 0.46935, 
INFO:root:Epoch  3941, Energy: -1.09042e+02 (-1.09049e+02), Variance: 1.01632e+00 (1.66692e+00), Accept ratio: 0.47427, 
INFO:root:Epoch  3942, Energy: -1.09025e+02 (-1.09038e+02), Variance: 9.28198e-01 (1.25786e+00), Accept ratio: 0.46674, 
INFO:root:Epoch  3943, Energy: -1.09053e+02 (-1.09074e+02), Variance: 1.12980e+00 (1.51011e+00), Accept ratio: 0.46699, 
INFO:root:Epoch  3944, Energy: -1.09074e+02 (-1.09070e+02), Variance: 9.20556e-01 (1.04837e+00), Accept ratio: 0.46476, 
INFO:root:Epoch  3945, Energy: -1.09020e+02 (-1.09022e+02), Variance: 9.58917e-01 (1.12945e+00), Accept ratio: 0.46408, 
INFO:root:Epoch  3946, Energy: -1.09064e+02 (-1.09006e+02), Variance: 1.11728e+00 (9.49358e+00), Accept ratio: 0.46840, 
INFO:root:Epoch  3947, Energy: -1.09059e+02 (-1.09067e+02), Variance: 9.65631e-01 (1.81733e+00), Accept ratio: 0.47036, 
INFO:root:Epoch  3948, Energy: -1.08993e+02 (-1.08996e+02), Variance: 1.04549e+00 (1.64913e+00), Accept ratio: 0.47386, 
INFO:root:Epoch  3949, Energy: -1.09032e+02 (-1.09022e+02), Variance: 1.04495e+00 (1.34617e+00), Accept ratio: 0.47439, 
INFO:root:Epoch  3950, Energy: -1.09024e+02 (-1.08973e+02), Variance: 1.11248e+00 (3.29883e+00), Accept ratio: 0.46684, 
INFO:root:Epoch  3951, Energy: -1.08987e+02 (-1.08957e+02), Variance: 9.95084e-01 (1.38960e+00), Accept ratio: 0.46464, 
INFO:root:Epoch  3952, Energy: -1.08993e+02 (-1.08993e+02), Variance: 1.11074e+00 (1.48636e+00), Accept ratio: 0.46704, 
INFO:root:Epoch  3953, Energy: -1.08990e+02 (-1.08979e+02), Variance: 9.76314e-01 (1.46300e+00), Accept ratio: 0.47737, 
INFO:root:Epoch  3954, Energy: -1.09026e+02 (-1.09013e+02), Variance: 1.21824e+00 (2.60611e+00), Accept ratio: 0.47913, 
INFO:root:Epoch  3955, Energy: -1.09006e+02 (-1.08997e+02), Variance: 9.24241e-01 (1.23947e+00), Accept ratio: 0.47249, 
INFO:root:Epoch  3956, Energy: -1.09068e+02 (-1.09076e+02), Variance: 1.07955e+00 (1.33641e+00), Accept ratio: 0.46992, 
INFO:root:Epoch  3957, Energy: -1.08996e+02 (-1.08978e+02), Variance: 9.15720e-01 (1.39497e+00), Accept ratio: 0.46909, 
INFO:root:Epoch  3958, Energy: -1.09026e+02 (-1.09007e+02), Variance: 9.78436e-01 (1.67406e+00), Accept ratio: 0.46850, 
INFO:root:Epoch  3959, Energy: -1.09022e+02 (-1.09019e+02), Variance: 1.12371e+00 (1.79640e+00), Accept ratio: 0.46885, 
INFO:root:Epoch  3960, Energy: -1.08998e+02 (-1.09004e+02), Variance: 9.68763e-01 (1.91987e+00), Accept ratio: 0.47354, 
INFO:root:Epoch  3961, Energy: -1.09015e+02 (-1.09015e+02), Variance: 9.08118e-01 (1.18225e+00), Accept ratio: 0.47485, 
INFO:root:Epoch  3962, Energy: -1.09020e+02 (-1.09020e+02), Variance: 1.09727e+00 (1.31161e+00), Accept ratio: 0.47399, 
INFO:root:Epoch  3963, Energy: -1.08990e+02 (-1.09003e+02), Variance: 1.16485e+00 (1.66600e+00), Accept ratio: 0.47279, 
INFO:root:Epoch  3964, Energy: -1.09065e+02 (-1.09075e+02), Variance: 9.77512e-01 (1.68585e+00), Accept ratio: 0.46767, 
INFO:root:Epoch  3965, Energy: -1.09043e+02 (-1.09030e+02), Variance: 1.09912e+00 (1.49943e+00), Accept ratio: 0.46816, 
INFO:root:Epoch  3966, Energy: -1.09028e+02 (-1.09054e+02), Variance: 1.03794e+00 (2.02699e+00), Accept ratio: 0.46748, 
INFO:root:Epoch  3967, Energy: -1.09065e+02 (-1.09055e+02), Variance: 9.70539e-01 (1.24689e+00), Accept ratio: 0.46319, 
INFO:root:Epoch  3968, Energy: -1.08972e+02 (-1.08974e+02), Variance: 1.11785e+00 (1.49373e+00), Accept ratio: 0.47337, 
INFO:root:Epoch  3969, Energy: -1.09037e+02 (-1.09018e+02), Variance: 1.03045e+00 (1.42978e+00), Accept ratio: 0.47455, 
INFO:root:Epoch  3970, Energy: -1.09029e+02 (-1.09031e+02), Variance: 9.96309e-01 (1.73621e+00), Accept ratio: 0.47315, 
INFO:root:Epoch  3971, Energy: -1.09018e+02 (-1.09021e+02), Variance: 9.11667e-01 (9.44330e-01), Accept ratio: 0.46541, 
INFO:root:Epoch  3972, Energy: -1.09033e+02 (-1.09033e+02), Variance: 1.01901e+00 (1.09544e+00), Accept ratio: 0.47169, 
INFO:root:Epoch  3973, Energy: -1.09048e+02 (-1.09047e+02), Variance: 1.09562e+00 (1.43805e+00), Accept ratio: 0.47550, 
INFO:root:Epoch  3974, Energy: -1.09005e+02 (-1.08959e+02), Variance: 1.05052e+00 (2.85369e+00), Accept ratio: 0.47426, 
INFO:root:Epoch  3975, Energy: -1.09052e+02 (-1.09051e+02), Variance: 1.03322e+00 (1.13247e+00), Accept ratio: 0.47299, 
INFO:root:Epoch  3976, Energy: -1.09053e+02 (-1.09085e+02), Variance: 1.16000e+00 (2.00783e+00), Accept ratio: 0.47078, 
INFO:root:Epoch  3977, Energy: -1.09053e+02 (-1.09057e+02), Variance: 1.04087e+00 (1.34227e+00), Accept ratio: 0.47142, 
INFO:root:Epoch  3978, Energy: -1.09055e+02 (-1.09077e+02), Variance: 1.03164e+00 (1.94953e+00), Accept ratio: 0.46318, 
INFO:root:Epoch  3979, Energy: -1.09020e+02 (-1.09021e+02), Variance: 9.29829e-01 (9.80765e-01), Accept ratio: 0.46843, 
INFO:root:Epoch  3980, Energy: -1.09077e+02 (-1.09099e+02), Variance: 1.00556e+00 (1.74760e+00), Accept ratio: 0.47382, 
INFO:root:Epoch  3981, Energy: -1.09030e+02 (-1.09017e+02), Variance: 1.03006e+00 (1.35619e+00), Accept ratio: 0.46697, 
INFO:root:Epoch  3982, Energy: -1.09050e+02 (-1.09044e+02), Variance: 1.12143e+00 (2.62472e+00), Accept ratio: 0.46616, 
INFO:root:Epoch  3983, Energy: -1.09042e+02 (-1.09046e+02), Variance: 9.64734e-01 (1.13646e+00), Accept ratio: 0.47235, 
INFO:root:Epoch  3984, Energy: -1.09018e+02 (-1.09030e+02), Variance: 1.02804e+00 (1.47718e+00), Accept ratio: 0.47446, 
INFO:root:Epoch  3985, Energy: -1.09011e+02 (-1.09030e+02), Variance: 1.06484e+00 (2.18595e+00), Accept ratio: 0.46460, 
INFO:root:Epoch  3986, Energy: -1.09027e+02 (-1.09023e+02), Variance: 1.02034e+00 (1.20431e+00), Accept ratio: 0.46615, 
INFO:root:Epoch  3987, Energy: -1.08990e+02 (-1.08985e+02), Variance: 9.11947e-01 (1.06676e+00), Accept ratio: 0.47018, 
INFO:root:Epoch  3988, Energy: -1.09042e+02 (-1.09051e+02), Variance: 1.03586e+00 (1.67816e+00), Accept ratio: 0.46983, 
INFO:root:Epoch  3989, Energy: -1.09027e+02 (-1.09017e+02), Variance: 9.35653e-01 (1.27274e+00), Accept ratio: 0.47390, 
INFO:root:Epoch  3990, Energy: -1.09019e+02 (-1.09018e+02), Variance: 9.86090e-01 (1.07553e+00), Accept ratio: 0.47343, 
INFO:root:Epoch  3991, Energy: -1.09035e+02 (-1.09032e+02), Variance: 9.47563e-01 (1.12955e+00), Accept ratio: 0.47315, 
INFO:root:Epoch  3992, Energy: -1.09014e+02 (-1.09017e+02), Variance: 9.37923e-01 (1.00504e+00), Accept ratio: 0.46802, 
INFO:root:Epoch  3993, Energy: -1.09020e+02 (-1.09034e+02), Variance: 9.03038e-01 (1.09819e+00), Accept ratio: 0.47094, 
INFO:root:Epoch  3994, Energy: -1.09036e+02 (-1.09043e+02), Variance: 1.01374e+00 (1.35273e+00), Accept ratio: 0.46816, 
INFO:root:Epoch  3995, Energy: -1.09023e+02 (-1.09018e+02), Variance: 1.09915e+00 (1.51712e+00), Accept ratio: 0.47324, 
INFO:root:Epoch  3996, Energy: -1.09019e+02 (-1.09020e+02), Variance: 8.64184e-01 (1.04910e+00), Accept ratio: 0.46960, 
INFO:root:Epoch  3997, Energy: -1.09017e+02 (-1.09035e+02), Variance: 9.52977e-01 (1.33975e+00), Accept ratio: 0.47389, 
INFO:root:Epoch  3998, Energy: -1.09061e+02 (-1.09064e+02), Variance: 1.19079e+00 (1.56094e+00), Accept ratio: 0.46533, 
INFO:root:Epoch  3999, Energy: -1.09041e+02 (-1.09050e+02), Variance: 1.07173e+00 (1.36984e+00), Accept ratio: 0.47313, 
INFO:root:Epoch  4000, Energy: -1.09024e+02 (-1.09023e+02), Variance: 8.51655e-01 (1.08923e+00), Accept ratio: 0.47099, 
INFO:root:Epoch  4001, Energy: -1.09003e+02 (-1.08986e+02), Variance: 1.02175e+00 (1.58807e+00), Accept ratio: 0.46941, 
INFO:root:Epoch  4002, Energy: -1.09016e+02 (-1.09012e+02), Variance: 9.04532e-01 (1.12653e+00), Accept ratio: 0.46715, 
INFO:root:Epoch  4003, Energy: -1.09041e+02 (-1.09008e+02), Variance: 1.09622e+00 (1.93980e+00), Accept ratio: 0.46974, 
INFO:root:Epoch  4004, Energy: -1.08994e+02 (-1.08982e+02), Variance: 1.08158e+00 (1.48574e+00), Accept ratio: 0.46910, 
INFO:root:Epoch  4005, Energy: -1.09054e+02 (-1.09009e+02), Variance: 9.47838e-01 (3.72764e+00), Accept ratio: 0.46725, 
INFO:root:Epoch  4006, Energy: -1.09089e+02 (-1.09095e+02), Variance: 1.01708e+00 (1.34510e+00), Accept ratio: 0.47168, 
INFO:root:Epoch  4007, Energy: -1.09026e+02 (-1.09006e+02), Variance: 9.70188e-01 (1.73756e+00), Accept ratio: 0.47395, 
INFO:root:Epoch  4008, Energy: -1.09001e+02 (-1.08986e+02), Variance: 1.03145e+00 (1.49509e+00), Accept ratio: 0.46757, 
INFO:root:Epoch  4009, Energy: -1.08960e+02 (-1.08966e+02), Variance: 1.07836e+00 (1.24970e+00), Accept ratio: 0.47018, 
INFO:root:Epoch  4010, Energy: -1.09044e+02 (-1.09057e+02), Variance: 1.18400e+00 (1.71741e+00), Accept ratio: 0.46724, 
INFO:root:Epoch  4011, Energy: -1.09003e+02 (-1.09011e+02), Variance: 1.31207e+00 (2.40696e+00), Accept ratio: 0.47348, 
INFO:root:Epoch  4012, Energy: -1.09028e+02 (-1.09030e+02), Variance: 1.02445e+00 (1.36751e+00), Accept ratio: 0.47434, 
INFO:root:Epoch  4013, Energy: -1.09006e+02 (-1.09007e+02), Variance: 9.06607e-01 (1.09087e+00), Accept ratio: 0.47213, 
INFO:root:Epoch  4014, Energy: -1.09032e+02 (-1.09035e+02), Variance: 8.89261e-01 (1.08908e+00), Accept ratio: 0.46914, 
INFO:root:Epoch  4015, Energy: -1.08986e+02 (-1.08986e+02), Variance: 8.88970e-01 (9.55177e-01), Accept ratio: 0.47684, 
INFO:root:Epoch  4016, Energy: -1.09038e+02 (-1.09030e+02), Variance: 1.00992e+00 (1.10938e+00), Accept ratio: 0.47564, 
INFO:root:Epoch  4017, Energy: -1.08991e+02 (-1.09006e+02), Variance: 8.56305e-01 (1.22312e+00), Accept ratio: 0.47012, 
INFO:root:Epoch  4018, Energy: -1.09023e+02 (-1.09009e+02), Variance: 1.05770e+00 (1.35482e+00), Accept ratio: 0.47082, 
INFO:root:Epoch  4019, Energy: -1.09031e+02 (-1.09027e+02), Variance: 9.93542e-01 (1.38637e+00), Accept ratio: 0.46476, 
INFO:root:Epoch  4020, Energy: -1.08967e+02 (-1.08961e+02), Variance: 1.02684e+00 (1.25538e+00), Accept ratio: 0.47825, 
INFO:root:Epoch  4021, Energy: -1.09002e+02 (-1.09009e+02), Variance: 8.92983e-01 (1.04589e+00), Accept ratio: 0.47282, 
INFO:root:Epoch  4022, Energy: -1.08979e+02 (-1.08967e+02), Variance: 8.78576e-01 (1.13271e+00), Accept ratio: 0.46577, 
INFO:root:Epoch  4023, Energy: -1.08992e+02 (-1.09002e+02), Variance: 9.09953e-01 (1.24226e+00), Accept ratio: 0.47355, 
INFO:root:Epoch  4024, Energy: -1.09051e+02 (-1.09040e+02), Variance: 1.01332e+00 (1.68920e+00), Accept ratio: 0.47068, 
INFO:root:Epoch  4025, Energy: -1.09054e+02 (-1.09038e+02), Variance: 1.00001e+00 (1.87474e+00), Accept ratio: 0.47221, 
INFO:root:Epoch  4026, Energy: -1.09027e+02 (-1.09038e+02), Variance: 8.50763e-01 (1.05993e+00), Accept ratio: 0.47011, 
INFO:root:Epoch  4027, Energy: -1.09054e+02 (-1.09067e+02), Variance: 9.84675e-01 (1.40771e+00), Accept ratio: 0.46948, 
INFO:root:Epoch  4028, Energy: -1.08983e+02 (-1.08944e+02), Variance: 1.12380e+00 (2.11467e+00), Accept ratio: 0.46835, 
INFO:root:Epoch  4029, Energy: -1.08985e+02 (-1.08982e+02), Variance: 1.04149e+00 (1.28431e+00), Accept ratio: 0.47303, 
INFO:root:Epoch  4030, Energy: -1.09031e+02 (-1.09017e+02), Variance: 1.19126e+00 (2.27832e+00), Accept ratio: 0.46418, 
INFO:root:Epoch  4031, Energy: -1.09055e+02 (-1.09061e+02), Variance: 9.95248e-01 (1.13898e+00), Accept ratio: 0.47614, 
INFO:root:Epoch  4032, Energy: -1.09025e+02 (-1.09028e+02), Variance: 9.76873e-01 (1.11017e+00), Accept ratio: 0.47222, 
INFO:root:Epoch  4033, Energy: -1.08981e+02 (-1.08984e+02), Variance: 1.06989e+00 (1.50074e+00), Accept ratio: 0.47042, 
INFO:root:Epoch  4034, Energy: -1.08977e+02 (-1.08967e+02), Variance: 9.95697e-01 (1.80031e+00), Accept ratio: 0.47293, 
INFO:root:Epoch  4035, Energy: -1.09002e+02 (-1.08994e+02), Variance: 9.17856e-01 (1.19954e+00), Accept ratio: 0.47074, 
INFO:root:Epoch  4036, Energy: -1.08990e+02 (-1.08998e+02), Variance: 1.04381e+00 (1.47211e+00), Accept ratio: 0.47151, 
INFO:root:Epoch  4037, Energy: -1.08990e+02 (-1.08981e+02), Variance: 1.04882e+00 (1.26595e+00), Accept ratio: 0.47829, 
INFO:root:Epoch  4038, Energy: -1.09027e+02 (-1.09016e+02), Variance: 1.04947e+00 (1.31092e+00), Accept ratio: 0.46777, 
INFO:root:Epoch  4039, Energy: -1.08972e+02 (-1.08959e+02), Variance: 1.10904e+00 (1.46407e+00), Accept ratio: 0.47108, 
INFO:root:Epoch  4040, Energy: -1.09008e+02 (-1.08995e+02), Variance: 1.03160e+00 (1.78394e+00), Accept ratio: 0.47596, 
INFO:root:Epoch  4041, Energy: -1.09018e+02 (-1.09076e+02), Variance: 9.99323e-01 (3.27491e+00), Accept ratio: 0.46664, 
INFO:root:Epoch  4042, Energy: -1.08977e+02 (-1.08991e+02), Variance: 1.10452e+00 (1.46178e+00), Accept ratio: 0.46543, 
INFO:root:Epoch  4043, Energy: -1.08988e+02 (-1.09000e+02), Variance: 9.63060e-01 (1.39030e+00), Accept ratio: 0.47468, 
INFO:root:Epoch  4044, Energy: -1.08981e+02 (-1.08959e+02), Variance: 9.10207e-01 (1.27440e+00), Accept ratio: 0.47429, 
INFO:root:Epoch  4045, Energy: -1.09003e+02 (-1.09009e+02), Variance: 1.12093e+00 (1.20750e+00), Accept ratio: 0.47012, 
INFO:root:Epoch  4046, Energy: -1.09034e+02 (-1.09031e+02), Variance: 1.06735e+00 (1.46390e+00), Accept ratio: 0.46925, 
INFO:root:Epoch  4047, Energy: -1.09056e+02 (-1.09062e+02), Variance: 9.58945e-01 (1.11631e+00), Accept ratio: 0.47314, 
INFO:root:Epoch  4048, Energy: -1.09025e+02 (-1.08973e+02), Variance: 1.06552e+00 (3.85338e+00), Accept ratio: 0.46369, 
INFO:root:Epoch  4049, Energy: -1.09073e+02 (-1.09096e+02), Variance: 1.02545e+00 (1.67542e+00), Accept ratio: 0.46738, 
INFO:root:Epoch  4050, Energy: -1.09055e+02 (-1.09051e+02), Variance: 1.14722e+00 (1.83853e+00), Accept ratio: 0.46466, 
INFO:root:Epoch  4051, Energy: -1.09072e+02 (-1.09057e+02), Variance: 1.04756e+00 (1.65942e+00), Accept ratio: 0.46867, 
INFO:root:Epoch  4052, Energy: -1.09024e+02 (-1.09016e+02), Variance: 9.57250e-01 (1.36530e+00), Accept ratio: 0.47193, 
INFO:root:Epoch  4053, Energy: -1.09016e+02 (-1.08994e+02), Variance: 1.00633e+00 (1.45606e+00), Accept ratio: 0.46357, 
INFO:root:Epoch  4054, Energy: -1.08980e+02 (-1.08965e+02), Variance: 1.07871e+00 (1.56969e+00), Accept ratio: 0.46624, 
INFO:root:Epoch  4055, Energy: -1.08974e+02 (-1.08974e+02), Variance: 1.13906e+00 (1.52126e+00), Accept ratio: 0.46820, 
INFO:root:Epoch  4056, Energy: -1.08995e+02 (-1.08992e+02), Variance: 1.03694e+00 (1.22446e+00), Accept ratio: 0.46587, 
INFO:root:Epoch  4057, Energy: -1.09023e+02 (-1.09019e+02), Variance: 9.66597e-01 (1.05727e+00), Accept ratio: 0.46845, 
INFO:root:Epoch  4058, Energy: -1.08991e+02 (-1.08975e+02), Variance: 1.14102e+00 (1.51537e+00), Accept ratio: 0.47437, 
INFO:root:Epoch  4059, Energy: -1.09041e+02 (-1.09028e+02), Variance: 1.10286e+00 (1.55247e+00), Accept ratio: 0.47351, 
INFO:root:Epoch  4060, Energy: -1.09002e+02 (-1.08988e+02), Variance: 1.10203e+00 (1.41563e+00), Accept ratio: 0.47438, 
INFO:root:Epoch  4061, Energy: -1.08982e+02 (-1.08982e+02), Variance: 1.08249e+00 (1.34869e+00), Accept ratio: 0.47276, 
INFO:root:Epoch  4062, Energy: -1.09011e+02 (-1.09007e+02), Variance: 9.95690e-01 (1.14638e+00), Accept ratio: 0.48015, 
INFO:root:Epoch  4063, Energy: -1.09044e+02 (-1.09042e+02), Variance: 1.10592e+00 (1.18055e+00), Accept ratio: 0.47537, 
INFO:root:Epoch  4064, Energy: -1.09047e+02 (-1.09048e+02), Variance: 1.18428e+00 (1.87221e+00), Accept ratio: 0.46714, 
INFO:root:Epoch  4065, Energy: -1.09066e+02 (-1.09069e+02), Variance: 1.27863e+00 (2.44263e+00), Accept ratio: 0.46860, 
INFO:root:Epoch  4066, Energy: -1.09062e+02 (-1.09040e+02), Variance: 1.16945e+00 (1.73045e+00), Accept ratio: 0.48019, 
INFO:root:Epoch  4067, Energy: -1.09003e+02 (-1.09006e+02), Variance: 1.17706e+00 (1.45022e+00), Accept ratio: 0.47739, 
INFO:root:Epoch  4068, Energy: -1.09031e+02 (-1.09043e+02), Variance: 1.17445e+00 (1.49618e+00), Accept ratio: 0.47222, 
INFO:root:Epoch  4069, Energy: -1.09063e+02 (-1.09071e+02), Variance: 1.29469e+00 (1.95497e+00), Accept ratio: 0.46751, 
INFO:root:Epoch  4070, Energy: -1.09135e+02 (-1.09128e+02), Variance: 1.34661e+00 (3.48637e+00), Accept ratio: 0.46733, 
INFO:root:Epoch  4071, Energy: -1.09049e+02 (-1.09067e+02), Variance: 1.26584e+00 (1.56512e+00), Accept ratio: 0.47190, 
INFO:root:Epoch  4072, Energy: -1.09076e+02 (-1.09096e+02), Variance: 1.23426e+00 (1.77241e+00), Accept ratio: 0.46885, 
INFO:root:Epoch  4073, Energy: -1.09009e+02 (-1.09020e+02), Variance: 1.25101e+00 (1.53725e+00), Accept ratio: 0.46962, 
INFO:root:Epoch  4074, Energy: -1.09016e+02 (-1.09011e+02), Variance: 1.42928e+00 (1.79736e+00), Accept ratio: 0.47459, 
INFO:root:Epoch  4075, Energy: -1.09021e+02 (-1.09026e+02), Variance: 1.42781e+00 (1.70449e+00), Accept ratio: 0.47157, 
INFO:root:Epoch  4076, Energy: -1.09026e+02 (-1.09023e+02), Variance: 1.27056e+00 (1.34913e+00), Accept ratio: 0.47093, 
INFO:root:Epoch  4077, Energy: -1.09059e+02 (-1.09049e+02), Variance: 1.66147e+00 (2.80445e+00), Accept ratio: 0.47364, 
INFO:root:Epoch  4078, Energy: -1.09006e+02 (-1.08986e+02), Variance: 1.45025e+00 (1.99389e+00), Accept ratio: 0.47192, 
INFO:root:Epoch  4079, Energy: -1.09029e+02 (-1.09017e+02), Variance: 1.44135e+00 (2.40383e+00), Accept ratio: 0.47457, 
INFO:root:Epoch  4080, Energy: -1.09014e+02 (-1.09125e+02), Variance: 1.66740e+00 (1.68406e+01), Accept ratio: 0.47049, 
INFO:root:Epoch  4081, Energy: -1.09001e+02 (-1.09014e+02), Variance: 1.62350e+00 (2.48781e+00), Accept ratio: 0.47629, 
INFO:root:Epoch  4082, Energy: -1.09055e+02 (-1.09015e+02), Variance: 1.70400e+00 (3.69133e+00), Accept ratio: 0.47413, 
INFO:root:Epoch  4083, Energy: -1.09018e+02 (-1.09010e+02), Variance: 1.73744e+00 (2.66024e+00), Accept ratio: 0.47590, 
INFO:root:Epoch  4084, Energy: -1.09026e+02 (-1.09031e+02), Variance: 1.68748e+00 (1.96446e+00), Accept ratio: 0.47840, 
INFO:root:Epoch  4085, Energy: -1.09050e+02 (-1.09080e+02), Variance: 1.79979e+00 (3.74605e+00), Accept ratio: 0.47138, 
INFO:root:Epoch  4086, Energy: -1.09043e+02 (-1.09034e+02), Variance: 1.58935e+00 (2.04906e+00), Accept ratio: 0.47561, 
INFO:root:Epoch  4087, Energy: -1.09012e+02 (-1.09013e+02), Variance: 1.83656e+00 (2.13388e+00), Accept ratio: 0.47290, 
INFO:root:Epoch  4088, Energy: -1.09074e+02 (-1.09112e+02), Variance: 1.95181e+00 (2.97274e+00), Accept ratio: 0.47112, 
INFO:root:Epoch  4089, Energy: -1.09025e+02 (-1.08999e+02), Variance: 2.06893e+00 (2.64003e+00), Accept ratio: 0.47224, 
INFO:root:Epoch  4090, Energy: -1.09068e+02 (-1.09072e+02), Variance: 2.18404e+00 (2.37147e+00), Accept ratio: 0.47623, 
INFO:root:Epoch  4091, Energy: -1.09090e+02 (-1.09108e+02), Variance: 2.74782e+00 (3.97496e+00), Accept ratio: 0.47163, 
INFO:root:Epoch  4092, Energy: -1.09022e+02 (-1.09000e+02), Variance: 3.10149e+00 (6.14631e+00), Accept ratio: 0.46996, 
INFO:root:Epoch  4093, Energy: -1.09013e+02 (-1.08994e+02), Variance: 3.50476e+00 (4.31311e+00), Accept ratio: 0.47661, 
INFO:root:Epoch  4094, Energy: -1.09126e+02 (-1.09092e+02), Variance: 3.84297e+00 (5.76406e+00), Accept ratio: 0.47166, 
INFO:root:Epoch  4095, Energy: -1.09122e+02 (-1.09235e+02), Variance: 4.18536e+00 (1.82643e+01), Accept ratio: 0.46401, 
INFO:root:Epoch  4096, Energy: -1.09175e+02 (-1.09208e+02), Variance: 5.80900e+00 (1.12369e+01), Accept ratio: 0.47136, 
INFO:root:Epoch  4097, Energy: -1.09234e+02 (-1.09292e+02), Variance: 8.37593e+00 (1.20404e+01), Accept ratio: 0.46031, 
INFO:root:Epoch  4098, Energy: -1.09237e+02 (-1.09327e+02), Variance: 1.14168e+01 (2.06266e+01), Accept ratio: 0.47033, 
INFO:root:Epoch  4099, Energy: -1.09162e+02 (-1.08856e+02), Variance: 3.34861e+01 (8.95519e+01), Accept ratio: 0.47086, 
INFO:root:Epoch  4100, Energy: -1.06006e+02 (-1.05700e+02), Variance: 1.70885e+02 (2.75547e+02), Accept ratio: 0.46057, 
INFO:root:Epoch  4101, Energy: -1.06020e+02 (-1.06302e+02), Variance: 3.09229e+02 (3.72111e+02), Accept ratio: 0.52913, 
INFO:root:Epoch  4102, Energy: -1.03954e+02 (-1.04061e+02), Variance: 2.96704e+02 (3.39072e+02), Accept ratio: 0.53481, 
INFO:root:Epoch  4103, Energy: -9.72783e+01 (-9.66261e+01), Variance: 5.43751e+02 (1.04322e+03), Accept ratio: 0.53724, 
INFO:root:Epoch  4104, Energy: -1.00736e+02 (-1.01055e+02), Variance: 3.24665e+02 (3.91386e+02), Accept ratio: 0.53169, 
INFO:root:Epoch  4105, Energy: -9.86559e+01 (-9.89317e+01), Variance: 2.46150e+02 (2.91941e+02), Accept ratio: 0.52616, 
INFO:root:Epoch  4106, Energy: -9.84960e+01 (-9.87205e+01), Variance: 2.25812e+02 (3.33246e+02), Accept ratio: 0.52642, 
INFO:root:Epoch  4107, Energy: -1.00065e+02 (-1.00696e+02), Variance: 2.89601e+02 (4.60583e+02), Accept ratio: 0.52258, 
INFO:root:Epoch  4108, Energy: -9.94818e+01 (-9.98250e+01), Variance: 2.38779e+02 (2.95177e+02), Accept ratio: 0.51668, 
INFO:root:Epoch  4109, Energy: -9.99760e+01 (-1.00213e+02), Variance: 2.18241e+02 (2.56210e+02), Accept ratio: 0.52460, 
INFO:root:Epoch  4110, Energy: -1.00699e+02 (-1.01017e+02), Variance: 2.11103e+02 (2.79013e+02), Accept ratio: 0.52117, 
INFO:root:Epoch  4111, Energy: -1.01022e+02 (-1.01254e+02), Variance: 1.95454e+02 (2.47583e+02), Accept ratio: 0.51880, 
INFO:root:Epoch  4112, Energy: -1.01782e+02 (-1.02207e+02), Variance: 2.36934e+02 (3.06109e+02), Accept ratio: 0.52096, 
INFO:root:Epoch  4113, Energy: -1.01581e+02 (-1.01837e+02), Variance: 1.90036e+02 (2.24494e+02), Accept ratio: 0.52056, 
INFO:root:Epoch  4114, Energy: -1.01252e+02 (-1.01481e+02), Variance: 1.80478e+02 (2.29893e+02), Accept ratio: 0.51736, 
INFO:root:Epoch  4115, Energy: -1.01754e+02 (-1.01983e+02), Variance: 1.71790e+02 (2.32972e+02), Accept ratio: 0.51014, 
INFO:root:Epoch  4116, Energy: -1.01926e+02 (-1.02131e+02), Variance: 1.61222e+02 (1.94124e+02), Accept ratio: 0.51017, 
INFO:root:Epoch  4117, Energy: -1.02268e+02 (-1.02224e+02), Variance: 1.59913e+02 (2.04184e+02), Accept ratio: 0.50262, 
INFO:root:Epoch  4118, Energy: -1.02709e+02 (-1.02772e+02), Variance: 1.50973e+02 (1.91265e+02), Accept ratio: 0.50733, 
INFO:root:Epoch  4119, Energy: -1.02742e+02 (-1.02973e+02), Variance: 1.47652e+02 (2.44030e+02), Accept ratio: 0.50451, 
INFO:root:Epoch  4120, Energy: -1.02360e+02 (-1.02599e+02), Variance: 1.23524e+02 (1.61136e+02), Accept ratio: 0.49932, 
INFO:root:Epoch  4121, Energy: -1.03178e+02 (-1.03275e+02), Variance: 1.45249e+02 (1.69082e+02), Accept ratio: 0.50109, 
INFO:root:Epoch  4122, Energy: -1.02856e+02 (-1.03151e+02), Variance: 1.17562e+02 (1.87738e+02), Accept ratio: 0.49982, 
INFO:root:Epoch  4123, Energy: -1.03108e+02 (-1.03493e+02), Variance: 1.06665e+02 (1.73215e+02), Accept ratio: 0.50005, 
INFO:root:Epoch  4124, Energy: -1.03447e+02 (-1.03842e+02), Variance: 1.17162e+02 (2.19594e+02), Accept ratio: 0.49458, 
INFO:root:Epoch  4125, Energy: -1.03573e+02 (-1.03562e+02), Variance: 1.07514e+02 (2.15993e+02), Accept ratio: 0.49374, 
INFO:root:Epoch  4126, Energy: -1.03278e+02 (-1.03374e+02), Variance: 9.36554e+01 (1.47555e+02), Accept ratio: 0.49399, 
INFO:root:Epoch  4127, Energy: -1.03906e+02 (-1.03894e+02), Variance: 9.41326e+01 (1.37657e+02), Accept ratio: 0.50239, 
INFO:root:Epoch  4128, Energy: -1.04294e+02 (-1.04523e+02), Variance: 9.24207e+01 (1.27588e+02), Accept ratio: 0.48795, 
INFO:root:Epoch  4129, Energy: -1.04250e+02 (-1.04299e+02), Variance: 7.77874e+01 (9.08843e+01), Accept ratio: 0.48404, 
INFO:root:Epoch  4130, Energy: -1.03865e+02 (-1.03679e+02), Variance: 7.27125e+01 (1.17389e+02), Accept ratio: 0.49064, 
INFO:root:Epoch  4131, Energy: -1.04071e+02 (-1.04057e+02), Variance: 7.08237e+01 (9.82420e+01), Accept ratio: 0.48114, 
INFO:root:Epoch  4132, Energy: -1.04192e+02 (-1.04429e+02), Variance: 7.66729e+01 (1.29623e+02), Accept ratio: 0.47951, 
INFO:root:Epoch  4133, Energy: -1.04249e+02 (-1.04196e+02), Variance: 5.84274e+01 (7.54653e+01), Accept ratio: 0.48930, 
INFO:root:Epoch  4134, Energy: -1.04795e+02 (-1.04901e+02), Variance: 5.62816e+01 (7.04602e+01), Accept ratio: 0.48081, 
INFO:root:Epoch  4135, Energy: -1.04484e+02 (-1.04464e+02), Variance: 4.98584e+01 (6.39957e+01), Accept ratio: 0.48126, 
INFO:root:Epoch  4136, Energy: -1.04847e+02 (-1.04697e+02), Variance: 4.94464e+01 (8.66009e+01), Accept ratio: 0.49118, 
INFO:root:Epoch  4137, Energy: -1.05091e+02 (-1.05287e+02), Variance: 5.17059e+01 (7.96585e+01), Accept ratio: 0.47849, 
INFO:root:Epoch  4138, Energy: -1.05093e+02 (-1.05340e+02), Variance: 4.65726e+01 (1.12091e+02), Accept ratio: 0.48002, 
INFO:root:Epoch  4139, Energy: -1.05106e+02 (-1.05179e+02), Variance: 4.15085e+01 (6.00431e+01), Accept ratio: 0.46836, 
INFO:root:Epoch  4140, Energy: -1.05143e+02 (-1.05225e+02), Variance: 4.35146e+01 (5.83285e+01), Accept ratio: 0.47590, 
INFO:root:Epoch  4141, Energy: -1.05160e+02 (-1.05173e+02), Variance: 3.65413e+01 (5.82205e+01), Accept ratio: 0.47225, 
INFO:root:Epoch  4142, Energy: -1.05119e+02 (-1.05106e+02), Variance: 3.35000e+01 (3.83832e+01), Accept ratio: 0.46911, 
INFO:root:Epoch  4143, Energy: -1.04988e+02 (-1.04841e+02), Variance: 3.11870e+01 (1.04186e+02), Accept ratio: 0.47126, 
INFO:root:Epoch  4144, Energy: -1.05164e+02 (-1.04696e+02), Variance: 3.61511e+01 (3.29758e+02), Accept ratio: 0.47461, 
INFO:root:Epoch  4145, Energy: -1.05293e+02 (-1.05089e+02), Variance: 3.08857e+01 (8.75864e+01), Accept ratio: 0.46865, 
INFO:root:Epoch  4146, Energy: -1.05411e+02 (-1.05229e+02), Variance: 3.15995e+01 (9.11448e+01), Accept ratio: 0.47649, 
INFO:root:Epoch  4147, Energy: -1.05511e+02 (-1.05406e+02), Variance: 3.15841e+01 (4.03197e+01), Accept ratio: 0.47482, 
INFO:root:Epoch  4148, Energy: -1.05309e+02 (-1.05348e+02), Variance: 2.89824e+01 (5.34529e+01), Accept ratio: 0.47008, 
INFO:root:Epoch  4149, Energy: -1.05541e+02 (-1.05580e+02), Variance: 2.74819e+01 (3.05485e+01), Accept ratio: 0.47946, 
INFO:root:Epoch  4150, Energy: -1.05327e+02 (-1.04877e+02), Variance: 3.01155e+01 (2.42647e+02), Accept ratio: 0.47324, 
INFO:root:Epoch  4151, Energy: -1.05255e+02 (-1.05153e+02), Variance: 2.62461e+01 (3.75662e+01), Accept ratio: 0.47161, 
INFO:root:Epoch  4152, Energy: -1.05638e+02 (-1.05721e+02), Variance: 2.97654e+01 (5.26989e+01), Accept ratio: 0.47769, 
INFO:root:Epoch  4153, Energy: -1.05463e+02 (-1.05386e+02), Variance: 2.19976e+01 (2.94345e+01), Accept ratio: 0.46591, 
INFO:root:Epoch  4154, Energy: -1.05354e+02 (-1.05056e+02), Variance: 2.74779e+01 (5.35069e+01), Accept ratio: 0.47396, 
INFO:root:Epoch  4155, Energy: -1.05453e+02 (-1.05235e+02), Variance: 2.66176e+01 (5.59766e+01), Accept ratio: 0.47686, 
INFO:root:Epoch  4156, Energy: -1.05767e+02 (-1.05759e+02), Variance: 2.52459e+01 (3.96343e+01), Accept ratio: 0.47189, 
INFO:root:Epoch  4157, Energy: -1.05678e+02 (-1.05623e+02), Variance: 2.28011e+01 (3.04237e+01), Accept ratio: 0.46825, 
INFO:root:Epoch  4158, Energy: -1.05774e+02 (-1.05382e+02), Variance: 2.39754e+01 (1.06573e+02), Accept ratio: 0.46905, 
INFO:root:Epoch  4159, Energy: -1.05569e+02 (-1.05558e+02), Variance: 2.50813e+01 (3.65035e+01), Accept ratio: 0.47658, 
INFO:root:Epoch  4160, Energy: -1.05748e+02 (-1.05440e+02), Variance: 2.48302e+01 (6.33988e+01), Accept ratio: 0.46665, 
INFO:root:Epoch  4161, Energy: -1.05667e+02 (-1.05487e+02), Variance: 2.47221e+01 (5.17091e+01), Accept ratio: 0.47184, 
INFO:root:Epoch  4162, Energy: -1.05790e+02 (-1.05797e+02), Variance: 2.18981e+01 (3.34847e+01), Accept ratio: 0.46549, 
INFO:root:Epoch  4163, Energy: -1.05908e+02 (-1.05602e+02), Variance: 2.29729e+01 (6.37955e+01), Accept ratio: 0.46670, 
INFO:root:Epoch  4164, Energy: -1.05997e+02 (-1.05778e+02), Variance: 2.62893e+01 (5.83708e+01), Accept ratio: 0.46433, 
INFO:root:Epoch  4165, Energy: -1.05998e+02 (-1.05903e+02), Variance: 2.18866e+01 (2.99422e+01), Accept ratio: 0.46192, 
INFO:root:Epoch  4166, Energy: -1.05940e+02 (-1.05775e+02), Variance: 1.94352e+01 (5.56057e+01), Accept ratio: 0.47314, 
INFO:root:Epoch  4167, Energy: -1.05888e+02 (-1.05795e+02), Variance: 2.09461e+01 (3.41045e+01), Accept ratio: 0.47140, 
INFO:root:Epoch  4168, Energy: -1.05920e+02 (-1.05819e+02), Variance: 2.03794e+01 (4.05718e+01), Accept ratio: 0.46631, 
INFO:root:Epoch  4169, Energy: -1.05927e+02 (-1.05835e+02), Variance: 1.92105e+01 (2.73151e+01), Accept ratio: 0.46498, 
INFO:root:Epoch  4170, Energy: -1.05994e+02 (-1.05746e+02), Variance: 1.88267e+01 (4.28652e+01), Accept ratio: 0.46428, 
INFO:root:Epoch  4171, Energy: -1.06015e+02 (-1.05790e+02), Variance: 1.62396e+01 (3.22345e+01), Accept ratio: 0.46112, 
INFO:root:Epoch  4172, Energy: -1.06034e+02 (-1.05974e+02), Variance: 1.82503e+01 (2.31612e+01), Accept ratio: 0.46862, 
INFO:root:Epoch  4173, Energy: -1.06084e+02 (-1.06121e+02), Variance: 1.60349e+01 (2.02150e+01), Accept ratio: 0.46372, 
INFO:root:Epoch  4174, Energy: -1.05817e+02 (-1.05635e+02), Variance: 1.83378e+01 (3.21593e+01), Accept ratio: 0.46576, 
INFO:root:Epoch  4175, Energy: -1.05952e+02 (-1.05866e+02), Variance: 1.69124e+01 (2.18495e+01), Accept ratio: 0.46569, 
INFO:root:Epoch  4176, Energy: -1.06162e+02 (-1.05885e+02), Variance: 1.36613e+01 (6.26211e+01), Accept ratio: 0.46539, 
INFO:root:Epoch  4177, Energy: -1.06024e+02 (-1.05840e+02), Variance: 1.65247e+01 (3.65545e+01), Accept ratio: 0.46463, 
INFO:root:Epoch  4178, Energy: -1.05928e+02 (-1.05839e+02), Variance: 1.49267e+01 (3.97356e+01), Accept ratio: 0.46956, 
INFO:root:Epoch  4179, Energy: -1.06086e+02 (-1.05628e+02), Variance: 1.52809e+01 (1.82412e+02), Accept ratio: 0.46767, 
INFO:root:Epoch  4180, Energy: -1.06044e+02 (-1.05900e+02), Variance: 1.58140e+01 (2.53050e+01), Accept ratio: 0.46583, 
INFO:root:Epoch  4181, Energy: -1.06181e+02 (-1.06125e+02), Variance: 1.36647e+01 (2.00609e+01), Accept ratio: 0.46526, 
INFO:root:Epoch  4182, Energy: -1.06163e+02 (-1.06037e+02), Variance: 1.48173e+01 (2.41876e+01), Accept ratio: 0.46451, 
INFO:root:Epoch  4183, Energy: -1.06117e+02 (-1.05959e+02), Variance: 1.54170e+01 (2.79051e+01), Accept ratio: 0.46438, 
INFO:root:Epoch  4184, Energy: -1.05935e+02 (-1.05875e+02), Variance: 1.49900e+01 (2.18316e+01), Accept ratio: 0.46537, 
INFO:root:Epoch  4185, Energy: -1.06055e+02 (-1.05983e+02), Variance: 1.42862e+01 (1.87634e+01), Accept ratio: 0.46705, 
INFO:root:Epoch  4186, Energy: -1.06255e+02 (-1.06091e+02), Variance: 1.50890e+01 (2.90911e+01), Accept ratio: 0.46532, 
INFO:root:Epoch  4187, Energy: -1.05994e+02 (-1.05937e+02), Variance: 1.51458e+01 (2.05829e+01), Accept ratio: 0.46545, 
INFO:root:Epoch  4188, Energy: -1.05970e+02 (-1.05948e+02), Variance: 1.81789e+01 (3.46375e+01), Accept ratio: 0.46701, 
INFO:root:Epoch  4189, Energy: -1.06078e+02 (-1.06276e+02), Variance: 1.58139e+01 (6.64431e+01), Accept ratio: 0.46645, 
INFO:root:Epoch  4190, Energy: -1.06140e+02 (-1.06062e+02), Variance: 1.37675e+01 (1.77938e+01), Accept ratio: 0.46936, 
INFO:root:Epoch  4191, Energy: -1.06118e+02 (-1.05990e+02), Variance: 1.61024e+01 (2.47066e+01), Accept ratio: 0.47102, 
INFO:root:Epoch  4192, Energy: -1.06240e+02 (-1.06136e+02), Variance: 1.43798e+01 (2.66414e+01), Accept ratio: 0.46893, 
INFO:root:Epoch  4193, Energy: -1.06064e+02 (-1.05909e+02), Variance: 1.36341e+01 (2.81660e+01), Accept ratio: 0.46508, 
INFO:root:Epoch  4194, Energy: -1.05943e+02 (-1.05617e+02), Variance: 1.56377e+01 (6.16564e+01), Accept ratio: 0.46750, 
INFO:root:Epoch  4195, Energy: -1.06045e+02 (-1.05825e+02), Variance: 1.50817e+01 (4.68320e+01), Accept ratio: 0.46682, 
INFO:root:Epoch  4196, Energy: -1.06075e+02 (-1.06033e+02), Variance: 1.34305e+01 (3.05951e+01), Accept ratio: 0.46684, 
INFO:root:Epoch  4197, Energy: -1.06065e+02 (-1.05893e+02), Variance: 1.40916e+01 (2.70255e+01), Accept ratio: 0.47508, 
INFO:root:Epoch  4198, Energy: -1.06182e+02 (-1.06151e+02), Variance: 1.39679e+01 (2.21338e+01), Accept ratio: 0.46137, 
INFO:root:Epoch  4199, Energy: -1.06200e+02 (-1.06065e+02), Variance: 1.22940e+01 (2.60153e+01), Accept ratio: 0.46518, 
INFO:root:Epoch  4200, Energy: -1.06154e+02 (-1.05949e+02), Variance: 1.35130e+01 (2.66939e+01), Accept ratio: 0.46250, 
INFO:root:Epoch  4201, Energy: -1.06174e+02 (-1.05877e+02), Variance: 1.45055e+01 (3.95966e+01), Accept ratio: 0.46075, 
INFO:root:Epoch  4202, Energy: -1.06147e+02 (-1.06073e+02), Variance: 1.59719e+01 (8.39979e+01), Accept ratio: 0.46772, 
INFO:root:Epoch  4203, Energy: -1.06272e+02 (-1.06203e+02), Variance: 1.18571e+01 (1.65386e+01), Accept ratio: 0.46618, 
INFO:root:Epoch  4204, Energy: -1.06411e+02 (-1.06210e+02), Variance: 1.31949e+01 (3.90422e+01), Accept ratio: 0.46338, 
INFO:root:Epoch  4205, Energy: -1.06393e+02 (-1.06314e+02), Variance: 1.26576e+01 (2.21964e+01), Accept ratio: 0.46208, 
INFO:root:Epoch  4206, Energy: -1.06394e+02 (-1.06345e+02), Variance: 1.06930e+01 (1.47423e+01), Accept ratio: 0.46697, 
INFO:root:Epoch  4207, Energy: -1.06421e+02 (-1.06384e+02), Variance: 1.06397e+01 (1.65276e+01), Accept ratio: 0.46661, 
INFO:root:Epoch  4208, Energy: -1.06361e+02 (-1.06200e+02), Variance: 1.10536e+01 (2.19521e+01), Accept ratio: 0.46873, 
INFO:root:Epoch  4209, Energy: -1.06279e+02 (-1.06295e+02), Variance: 1.18449e+01 (1.80255e+01), Accept ratio: 0.46725, 
INFO:root:Epoch  4210, Energy: -1.06141e+02 (-1.05943e+02), Variance: 1.06779e+01 (3.83286e+01), Accept ratio: 0.46448, 
INFO:root:Epoch  4211, Energy: -1.06278e+02 (-1.06141e+02), Variance: 1.06537e+01 (2.11636e+01), Accept ratio: 0.46085, 
INFO:root:Epoch  4212, Energy: -1.06129e+02 (-1.05811e+02), Variance: 1.13756e+01 (5.53553e+01), Accept ratio: 0.46510, 
INFO:root:Epoch  4213, Energy: -1.06183e+02 (-1.06136e+02), Variance: 1.08856e+01 (1.55928e+01), Accept ratio: 0.46143, 
INFO:root:Epoch  4214, Energy: -1.06369e+02 (-1.06175e+02), Variance: 1.09300e+01 (2.23902e+01), Accept ratio: 0.45965, 
INFO:root:Epoch  4215, Energy: -1.06524e+02 (-1.06498e+02), Variance: 1.19322e+01 (1.50260e+01), Accept ratio: 0.46391, 
INFO:root:Epoch  4216, Energy: -1.06420e+02 (-1.06383e+02), Variance: 8.90974e+00 (1.17947e+01), Accept ratio: 0.46584, 
INFO:root:Epoch  4217, Energy: -1.06383e+02 (-1.06183e+02), Variance: 1.04148e+01 (2.73441e+01), Accept ratio: 0.46229, 
INFO:root:Epoch  4218, Energy: -1.06514e+02 (-1.06455e+02), Variance: 1.07421e+01 (1.74911e+01), Accept ratio: 0.45939, 
INFO:root:Epoch  4219, Energy: -1.06505e+02 (-1.06278e+02), Variance: 8.86883e+00 (4.48046e+01), Accept ratio: 0.46774, 
INFO:root:Epoch  4220, Energy: -1.06553e+02 (-1.06523e+02), Variance: 8.52313e+00 (1.01673e+01), Accept ratio: 0.47114, 
INFO:root:Epoch  4221, Energy: -1.06477e+02 (-1.06389e+02), Variance: 9.24946e+00 (1.75580e+01), Accept ratio: 0.46102, 
INFO:root:Epoch  4222, Energy: -1.06361e+02 (-1.06268e+02), Variance: 9.40049e+00 (2.07624e+01), Accept ratio: 0.45924, 
INFO:root:Epoch  4223, Energy: -1.06466e+02 (-1.06386e+02), Variance: 9.36706e+00 (1.71893e+01), Accept ratio: 0.46599, 
INFO:root:Epoch  4224, Energy: -1.06358e+02 (-1.06175e+02), Variance: 1.01562e+01 (2.45594e+01), Accept ratio: 0.47002, 
INFO:root:Epoch  4225, Energy: -1.06353e+02 (-1.06192e+02), Variance: 9.17015e+00 (1.95730e+01), Accept ratio: 0.45352, 
INFO:root:Epoch  4226, Energy: -1.06230e+02 (-1.05909e+02), Variance: 1.05083e+01 (3.75378e+01), Accept ratio: 0.46579, 
INFO:root:Epoch  4227, Energy: -1.06365e+02 (-1.06104e+02), Variance: 9.72877e+00 (3.80558e+01), Accept ratio: 0.45758, 
INFO:root:Epoch  4228, Energy: -1.06425e+02 (-1.06324e+02), Variance: 9.80477e+00 (1.51474e+01), Accept ratio: 0.46642, 
INFO:root:Epoch  4229, Energy: -1.06310e+02 (-1.06267e+02), Variance: 1.16509e+01 (1.27028e+02), Accept ratio: 0.46681, 
INFO:root:Epoch  4230, Energy: -1.06283e+02 (-1.06031e+02), Variance: 8.49041e+00 (2.76036e+01), Accept ratio: 0.46466, 
INFO:root:Epoch  4231, Energy: -1.06337e+02 (-1.06276e+02), Variance: 1.01429e+01 (2.26469e+01), Accept ratio: 0.47108, 
INFO:root:Epoch  4232, Energy: -1.06488e+02 (-1.06417e+02), Variance: 1.01411e+01 (1.40076e+01), Accept ratio: 0.47334, 
INFO:root:Epoch  4233, Energy: -1.06504e+02 (-1.06476e+02), Variance: 7.90347e+00 (1.05802e+01), Accept ratio: 0.46725, 
INFO:root:Epoch  4234, Energy: -1.06289e+02 (-1.06182e+02), Variance: 1.01872e+01 (1.86677e+01), Accept ratio: 0.46550, 
INFO:root:Epoch  4235, Energy: -1.06174e+02 (-1.05805e+02), Variance: 9.93792e+00 (5.38867e+01), Accept ratio: 0.46698, 
INFO:root:Epoch  4236, Energy: -1.06367e+02 (-1.06231e+02), Variance: 8.93387e+00 (1.46132e+01), Accept ratio: 0.46008, 
INFO:root:Epoch  4237, Energy: -1.06330e+02 (-1.05685e+02), Variance: 9.49124e+00 (2.22785e+02), Accept ratio: 0.46833, 
INFO:root:Epoch  4238, Energy: -1.06389e+02 (-1.06197e+02), Variance: 9.72611e+00 (2.18180e+01), Accept ratio: 0.46171, 
INFO:root:Epoch  4239, Energy: -1.06424e+02 (-1.06320e+02), Variance: 7.54729e+00 (1.34138e+01), Accept ratio: 0.46964, 
INFO:root:Epoch  4240, Energy: -1.06304e+02 (-1.06058e+02), Variance: 9.18521e+00 (3.16037e+01), Accept ratio: 0.46031, 
INFO:root:Epoch  4241, Energy: -1.06459e+02 (-1.06392e+02), Variance: 8.48175e+00 (1.67477e+01), Accept ratio: 0.46450, 
INFO:root:Epoch  4242, Energy: -1.06447e+02 (-1.06418e+02), Variance: 8.35429e+00 (1.20404e+01), Accept ratio: 0.45947, 
INFO:root:Epoch  4243, Energy: -1.06401e+02 (-1.06316e+02), Variance: 8.11312e+00 (1.33624e+01), Accept ratio: 0.46258, 
INFO:root:Epoch  4244, Energy: -1.06366e+02 (-1.06151e+02), Variance: 7.38387e+00 (3.11737e+01), Accept ratio: 0.46841, 
INFO:root:Epoch  4245, Energy: -1.06416e+02 (-1.06381e+02), Variance: 7.26168e+00 (1.16621e+01), Accept ratio: 0.46551, 
INFO:root:Epoch  4246, Energy: -1.06412e+02 (-1.06341e+02), Variance: 7.72696e+00 (1.30942e+01), Accept ratio: 0.47126, 
INFO:root:Epoch  4247, Energy: -1.06380e+02 (-1.06320e+02), Variance: 7.89188e+00 (1.09166e+01), Accept ratio: 0.46951, 
INFO:root:Epoch  4248, Energy: -1.06431e+02 (-1.06410e+02), Variance: 8.22559e+00 (1.52076e+01), Accept ratio: 0.45978, 
INFO:root:Epoch  4249, Energy: -1.06512e+02 (-1.06464e+02), Variance: 6.67897e+00 (8.65736e+00), Accept ratio: 0.46311, 
INFO:root:Epoch  4250, Energy: -1.06469e+02 (-1.06287e+02), Variance: 7.87612e+00 (3.30676e+01), Accept ratio: 0.45855, 
INFO:root:Epoch  4251, Energy: -1.06568e+02 (-1.06529e+02), Variance: 7.07556e+00 (1.20229e+01), Accept ratio: 0.47163, 
INFO:root:Epoch  4252, Energy: -1.06498e+02 (-1.06459e+02), Variance: 5.86864e+00 (7.28417e+00), Accept ratio: 0.46382, 
INFO:root:Epoch  4253, Energy: -1.06447e+02 (-1.06253e+02), Variance: 7.63057e+00 (2.25411e+01), Accept ratio: 0.45987, 
INFO:root:Epoch  4254, Energy: -1.06582e+02 (-1.06597e+02), Variance: 6.44313e+00 (1.11463e+01), Accept ratio: 0.46090, 
INFO:root:Epoch  4255, Energy: -1.06393e+02 (-1.06285e+02), Variance: 6.90790e+00 (1.25091e+01), Accept ratio: 0.46910, 
INFO:root:Epoch  4256, Energy: -1.06318e+02 (-1.06252e+02), Variance: 7.39435e+00 (1.15159e+01), Accept ratio: 0.46772, 
INFO:root:Epoch  4257, Energy: -1.06354e+02 (-1.06245e+02), Variance: 6.92816e+00 (1.28970e+01), Accept ratio: 0.46068, 
INFO:root:Epoch  4258, Energy: -1.06427e+02 (-1.06338e+02), Variance: 6.61082e+00 (1.01013e+01), Accept ratio: 0.46502, 
INFO:root:Epoch  4259, Energy: -1.06462e+02 (-1.06397e+02), Variance: 6.39929e+00 (1.09541e+01), Accept ratio: 0.46453, 
INFO:root:Epoch  4260, Energy: -1.06440e+02 (-1.06398e+02), Variance: 6.80489e+00 (1.51003e+01), Accept ratio: 0.46759, 
INFO:root:Epoch  4261, Energy: -1.06475e+02 (-1.06292e+02), Variance: 6.96192e+00 (3.95726e+01), Accept ratio: 0.46545, 
INFO:root:Epoch  4262, Energy: -1.06425e+02 (-1.06289e+02), Variance: 7.26172e+00 (1.60228e+01), Accept ratio: 0.46578, 
INFO:root:Epoch  4263, Energy: -1.06548e+02 (-1.06519e+02), Variance: 6.61158e+00 (1.54647e+01), Accept ratio: 0.46524, 
INFO:root:Epoch  4264, Energy: -1.06409e+02 (-1.06317e+02), Variance: 6.74204e+00 (1.13860e+01), Accept ratio: 0.46702, 
INFO:root:Epoch  4265, Energy: -1.06480e+02 (-1.06445e+02), Variance: 7.63592e+00 (1.13112e+01), Accept ratio: 0.46484, 
INFO:root:Epoch  4266, Energy: -1.06489e+02 (-1.06374e+02), Variance: 7.20920e+00 (1.51108e+01), Accept ratio: 0.46858, 
INFO:root:Epoch  4267, Energy: -1.06642e+02 (-1.06390e+02), Variance: 7.09237e+00 (5.79053e+01), Accept ratio: 0.46680, 
INFO:root:Epoch  4268, Energy: -1.06506e+02 (-1.06404e+02), Variance: 6.71943e+00 (1.43317e+01), Accept ratio: 0.46330, 
INFO:root:Epoch  4269, Energy: -1.06483e+02 (-1.06419e+02), Variance: 7.22296e+00 (9.78630e+00), Accept ratio: 0.46615, 
INFO:root:Epoch  4270, Energy: -1.06539e+02 (-1.06504e+02), Variance: 6.99177e+00 (9.21076e+00), Accept ratio: 0.46728, 
INFO:root:Epoch  4271, Energy: -1.06556e+02 (-1.06501e+02), Variance: 6.75717e+00 (1.61817e+01), Accept ratio: 0.46454, 
INFO:root:Epoch  4272, Energy: -1.06582e+02 (-1.06518e+02), Variance: 7.06332e+00 (1.05876e+01), Accept ratio: 0.47156, 
INFO:root:Epoch  4273, Energy: -1.06525e+02 (-1.06494e+02), Variance: 5.77315e+00 (6.81804e+00), Accept ratio: 0.46709, 
INFO:root:Epoch  4274, Energy: -1.06579e+02 (-1.06489e+02), Variance: 5.98198e+00 (1.07704e+01), Accept ratio: 0.46835, 
INFO:root:Epoch  4275, Energy: -1.06542e+02 (-1.06515e+02), Variance: 7.28553e+00 (9.49314e+00), Accept ratio: 0.47656, 
INFO:root:Epoch  4276, Energy: -1.06558e+02 (-1.06469e+02), Variance: 7.22217e+00 (1.26651e+01), Accept ratio: 0.47087, 
INFO:root:Epoch  4277, Energy: -1.06635e+02 (-1.06536e+02), Variance: 7.31529e+00 (1.50442e+01), Accept ratio: 0.46223, 
INFO:root:Epoch  4278, Energy: -1.06543e+02 (-1.06570e+02), Variance: 7.29706e+00 (1.12021e+01), Accept ratio: 0.46618, 
INFO:root:Epoch  4279, Energy: -1.06633e+02 (-1.06792e+02), Variance: 8.02457e+00 (4.85279e+01), Accept ratio: 0.46093, 
INFO:root:Epoch  4280, Energy: -1.06673e+02 (-1.06613e+02), Variance: 6.21224e+00 (1.01881e+01), Accept ratio: 0.46432, 
INFO:root:Epoch  4281, Energy: -1.06603e+02 (-1.06425e+02), Variance: 6.69923e+00 (4.10761e+01), Accept ratio: 0.45939, 
INFO:root:Epoch  4282, Energy: -1.06585e+02 (-1.06569e+02), Variance: 6.59727e+00 (9.21409e+00), Accept ratio: 0.47111, 
INFO:root:Epoch  4283, Energy: -1.06492e+02 (-1.06357e+02), Variance: 6.98123e+00 (1.32244e+01), Accept ratio: 0.46615, 
INFO:root:Epoch  4284, Energy: -1.06531e+02 (-1.06411e+02), Variance: 7.03642e+00 (1.57541e+01), Accept ratio: 0.46560, 
INFO:root:Epoch  4285, Energy: -1.06564e+02 (-1.06648e+02), Variance: 7.15107e+00 (6.50375e+01), Accept ratio: 0.46796, 
INFO:root:Epoch  4286, Energy: -1.06624e+02 (-1.06409e+02), Variance: 7.10563e+00 (5.00374e+01), Accept ratio: 0.46777, 
INFO:root:Epoch  4287, Energy: -1.06691e+02 (-1.06662e+02), Variance: 5.94582e+00 (1.01332e+01), Accept ratio: 0.46624, 
INFO:root:Epoch  4288, Energy: -1.06446e+02 (-1.06300e+02), Variance: 7.49930e+00 (1.65756e+01), Accept ratio: 0.46463, 
INFO:root:Epoch  4289, Energy: -1.06545e+02 (-1.06448e+02), Variance: 7.89819e+00 (3.05522e+01), Accept ratio: 0.46960, 
INFO:root:Epoch  4290, Energy: -1.06517e+02 (-1.06266e+02), Variance: 8.07981e+00 (2.86895e+01), Accept ratio: 0.46961, 
INFO:root:Epoch  4291, Energy: -1.06484e+02 (-1.06250e+02), Variance: 7.84593e+00 (3.35699e+01), Accept ratio: 0.47071, 
INFO:root:Epoch  4292, Energy: -1.06638e+02 (-1.06113e+02), Variance: 8.64907e+00 (1.82920e+02), Accept ratio: 0.46707, 
INFO:root:Epoch  4293, Energy: -1.06698e+02 (-1.06630e+02), Variance: 6.73097e+00 (1.11270e+01), Accept ratio: 0.46851, 
INFO:root:Epoch  4294, Energy: -1.06668e+02 (-1.06579e+02), Variance: 7.40716e+00 (1.30520e+01), Accept ratio: 0.46853, 
INFO:root:Epoch  4295, Energy: -1.06746e+02 (-1.06593e+02), Variance: 7.37105e+00 (2.40675e+01), Accept ratio: 0.47664, 
INFO:root:Epoch  4296, Energy: -1.06623e+02 (-1.06390e+02), Variance: 8.04659e+00 (4.45292e+01), Accept ratio: 0.47256, 
INFO:root:Epoch  4297, Energy: -1.06703e+02 (-1.06501e+02), Variance: 7.70485e+00 (2.63727e+01), Accept ratio: 0.46224, 
INFO:root:Epoch  4298, Energy: -1.06785e+02 (-1.06671e+02), Variance: 7.58195e+00 (1.56667e+01), Accept ratio: 0.46631, 
INFO:root:Epoch  4299, Energy: -1.06899e+02 (-1.07013e+02), Variance: 1.03370e+01 (5.23366e+01), Accept ratio: 0.47227, 
INFO:root:Epoch  4300, Energy: -1.06378e+02 (-1.06185e+02), Variance: 2.37923e+01 (1.09748e+02), Accept ratio: 0.46352, 
INFO:root:Epoch  4301, Energy: -1.06093e+02 (-1.05646e+02), Variance: 6.72451e+01 (2.25838e+02), Accept ratio: 0.46335, 
INFO:root:Epoch  4302, Energy: -1.04675e+02 (-1.04065e+02), Variance: 1.16889e+02 (2.69805e+02), Accept ratio: 0.46173, 
INFO:root:Epoch  4303, Energy: -1.03373e+02 (-1.02863e+02), Variance: 1.34203e+02 (3.26087e+02), Accept ratio: 0.46475, 
INFO:root:Epoch  4304, Energy: -1.04190e+02 (-1.04166e+02), Variance: 1.35161e+02 (1.88539e+02), Accept ratio: 0.46007, 
INFO:root:Epoch  4305, Energy: -9.98542e+01 (-9.91266e+01), Variance: 3.19370e+02 (5.53944e+02), Accept ratio: 0.45371, 
INFO:root:Epoch  4306, Energy: -9.89779e+01 (-9.92403e+01), Variance: 4.97697e+02 (7.13719e+02), Accept ratio: 0.46535, 
INFO:root:Epoch  4307, Energy: -9.83067e+01 (-9.79683e+01), Variance: 4.37339e+02 (8.06437e+02), Accept ratio: 0.46221, 
INFO:root:Epoch  4308, Energy: -9.94222e+01 (-9.88721e+01), Variance: 6.47119e+02 (2.42366e+03), Accept ratio: 0.46313, 
INFO:root:Epoch  4309, Energy: -1.02067e+02 (-1.01989e+02), Variance: 1.99687e+02 (2.88417e+02), Accept ratio: 0.46765, 
INFO:root:Epoch  4310, Energy: -1.00988e+02 (-1.00483e+02), Variance: 2.01462e+02 (3.09438e+02), Accept ratio: 0.46447, 
INFO:root:Epoch  4311, Energy: -1.00744e+02 (-1.00581e+02), Variance: 1.86795e+02 (3.78619e+02), Accept ratio: 0.46128, 
INFO:root:Epoch  4312, Energy: -1.01339e+02 (-1.01041e+02), Variance: 1.64604e+02 (2.63551e+02), Accept ratio: 0.46160, 
INFO:root:Epoch  4313, Energy: -1.01236e+02 (-1.01139e+02), Variance: 1.42746e+02 (2.35693e+02), Accept ratio: 0.46206, 
INFO:root:Epoch  4314, Energy: -1.00892e+02 (-1.00590e+02), Variance: 1.53698e+02 (2.46042e+02), Accept ratio: 0.45740, 
INFO:root:Epoch  4315, Energy: -1.00978e+02 (-1.00537e+02), Variance: 1.34330e+02 (1.98832e+02), Accept ratio: 0.45723, 
INFO:root:Epoch  4316, Energy: -1.01384e+02 (-1.01033e+02), Variance: 1.29439e+02 (1.74361e+02), Accept ratio: 0.45783, 
INFO:root:Epoch  4317, Energy: -1.00920e+02 (-1.00721e+02), Variance: 1.14975e+02 (1.63605e+02), Accept ratio: 0.46175, 
INFO:root:Epoch  4318, Energy: -1.00914e+02 (-1.00217e+02), Variance: 1.30758e+02 (3.09426e+02), Accept ratio: 0.45092, 
INFO:root:Epoch  4319, Energy: -1.01536e+02 (-1.01216e+02), Variance: 1.28225e+02 (1.88413e+02), Accept ratio: 0.45628, 
INFO:root:Epoch  4320, Energy: -1.01686e+02 (-1.01536e+02), Variance: 1.24544e+02 (1.79045e+02), Accept ratio: 0.45565, 
INFO:root:Epoch  4321, Energy: -1.01385e+02 (-1.00947e+02), Variance: 1.18747e+02 (2.12735e+02), Accept ratio: 0.45372, 
INFO:root:Epoch  4322, Energy: -1.01379e+02 (-1.00967e+02), Variance: 1.11052e+02 (1.75992e+02), Accept ratio: 0.45995, 
INFO:root:Epoch  4323, Energy: -1.01174e+02 (-1.00611e+02), Variance: 1.26805e+02 (2.32988e+02), Accept ratio: 0.45467, 
INFO:root:Epoch  4324, Energy: -1.01364e+02 (-1.00153e+02), Variance: 1.06917e+02 (8.51183e+02), Accept ratio: 0.45833, 
INFO:root:Epoch  4325, Energy: -1.01298e+02 (-1.00820e+02), Variance: 1.10659e+02 (1.94349e+02), Accept ratio: 0.44840, 
INFO:root:Epoch  4326, Energy: -1.01482e+02 (-1.00949e+02), Variance: 1.05773e+02 (2.80473e+02), Accept ratio: 0.45669, 
INFO:root:Epoch  4327, Energy: -1.01527e+02 (-1.01153e+02), Variance: 1.02621e+02 (1.64181e+02), Accept ratio: 0.45181, 
INFO:root:Epoch  4328, Energy: -1.01633e+02 (-1.01367e+02), Variance: 1.08425e+02 (1.97544e+02), Accept ratio: 0.45269, 
INFO:root:Epoch  4329, Energy: -1.01062e+02 (-1.00708e+02), Variance: 1.12418e+02 (1.64884e+02), Accept ratio: 0.45357, 
INFO:root:Epoch  4330, Energy: -1.01229e+02 (-1.01037e+02), Variance: 1.05118e+02 (1.27088e+02), Accept ratio: 0.45123, 
INFO:root:Epoch  4331, Energy: -1.01705e+02 (-1.01519e+02), Variance: 8.85317e+01 (1.17347e+02), Accept ratio: 0.44597, 
INFO:root:Epoch  4332, Energy: -1.01388e+02 (-1.00985e+02), Variance: 9.74645e+01 (1.56839e+02), Accept ratio: 0.46216, 
INFO:root:Epoch  4333, Energy: -1.01190e+02 (-1.00920e+02), Variance: 9.24515e+01 (1.38569e+02), Accept ratio: 0.45142, 
INFO:root:Epoch  4334, Energy: -1.01777e+02 (-1.01695e+02), Variance: 1.03837e+02 (1.30220e+02), Accept ratio: 0.45578, 
INFO:root:Epoch  4335, Energy: -1.01433e+02 (-1.01162e+02), Variance: 9.18412e+01 (1.36741e+02), Accept ratio: 0.45469, 
INFO:root:Epoch  4336, Energy: -1.01564e+02 (-1.00999e+02), Variance: 1.12256e+02 (2.77925e+02), Accept ratio: 0.45389, 
INFO:root:Epoch  4337, Energy: -1.01526e+02 (-1.01528e+02), Variance: 1.19880e+02 (2.12133e+02), Accept ratio: 0.45755, 
INFO:root:Epoch  4338, Energy: -1.01465e+02 (-1.01423e+02), Variance: 9.56516e+01 (1.16007e+02), Accept ratio: 0.45329, 
INFO:root:Epoch  4339, Energy: -1.01499e+02 (-1.01334e+02), Variance: 9.16094e+01 (1.11192e+02), Accept ratio: 0.45707, 
INFO:root:Epoch  4340, Energy: -1.01650e+02 (-1.01367e+02), Variance: 1.07354e+02 (1.71552e+02), Accept ratio: 0.45520, 
INFO:root:Epoch  4341, Energy: -1.02193e+02 (-1.01781e+02), Variance: 1.00236e+02 (2.46490e+02), Accept ratio: 0.45554, 
INFO:root:Epoch  4342, Energy: -1.01566e+02 (-1.01171e+02), Variance: 1.04453e+02 (2.24338e+02), Accept ratio: 0.45235, 
INFO:root:Epoch  4343, Energy: -1.01404e+02 (-1.01176e+02), Variance: 9.61703e+01 (1.29617e+02), Accept ratio: 0.45657, 
INFO:root:Epoch  4344, Energy: -1.01301e+02 (-1.00785e+02), Variance: 1.07171e+02 (1.81022e+02), Accept ratio: 0.45461, 
INFO:root:Epoch  4345, Energy: -1.01837e+02 (-1.01636e+02), Variance: 1.01946e+02 (1.61258e+02), Accept ratio: 0.45915, 
INFO:root:Epoch  4346, Energy: -1.02043e+02 (-1.01888e+02), Variance: 9.65482e+01 (1.36426e+02), Accept ratio: 0.45907, 
INFO:root:Epoch  4347, Energy: -1.02191e+02 (-1.01955e+02), Variance: 1.01456e+02 (1.44324e+02), Accept ratio: 0.45114, 
INFO:root:Epoch  4348, Energy: -1.02238e+02 (-1.02218e+02), Variance: 9.02424e+01 (1.39858e+02), Accept ratio: 0.44889, 
INFO:root:Epoch  4349, Energy: -1.01530e+02 (-1.01268e+02), Variance: 8.73119e+01 (1.47035e+02), Accept ratio: 0.45133, 
INFO:root:Epoch  4350, Energy: -1.01666e+02 (-1.01479e+02), Variance: 1.10746e+02 (1.70247e+02), Accept ratio: 0.45508, 
INFO:root:Epoch  4351, Energy: -1.01442e+02 (-1.01316e+02), Variance: 1.03026e+02 (1.38573e+02), Accept ratio: 0.45022, 
INFO:root:Epoch  4352, Energy: -1.02049e+02 (-1.01744e+02), Variance: 1.03951e+02 (1.64692e+02), Accept ratio: 0.45039, 
INFO:root:Epoch  4353, Energy: -1.01856e+02 (-1.01581e+02), Variance: 1.02985e+02 (1.49590e+02), Accept ratio: 0.44925, 
INFO:root:Epoch  4354, Energy: -1.01661e+02 (-1.01282e+02), Variance: 9.66966e+01 (1.48892e+02), Accept ratio: 0.45980, 
INFO:root:Epoch  4355, Energy: -1.01784e+02 (-1.01397e+02), Variance: 8.65956e+01 (1.64518e+02), Accept ratio: 0.46095, 
INFO:root:Epoch  4356, Energy: -1.01481e+02 (-1.01056e+02), Variance: 1.01700e+02 (1.70135e+02), Accept ratio: 0.46115, 
INFO:root:Epoch  4357, Energy: -1.02218e+02 (-1.01550e+02), Variance: 9.32483e+01 (2.54010e+02), Accept ratio: 0.46068, 
INFO:root:Epoch  4358, Energy: -1.02210e+02 (-1.02045e+02), Variance: 9.43064e+01 (1.40905e+02), Accept ratio: 0.45610, 
INFO:root:Epoch  4359, Energy: -1.01763e+02 (-1.01507e+02), Variance: 1.04701e+02 (1.40480e+02), Accept ratio: 0.46068, 
INFO:root:Epoch  4360, Energy: -1.01994e+02 (-1.01389e+02), Variance: 1.04501e+02 (2.24155e+02), Accept ratio: 0.45721, 
INFO:root:Epoch  4361, Energy: -1.02454e+02 (-1.02086e+02), Variance: 1.07430e+02 (1.60424e+02), Accept ratio: 0.45650, 
INFO:root:Epoch  4362, Energy: -1.01785e+02 (-1.01727e+02), Variance: 9.56082e+01 (4.23544e+02), Accept ratio: 0.45971, 
INFO:root:Epoch  4363, Energy: -1.01929e+02 (-1.01563e+02), Variance: 1.01897e+02 (2.20491e+02), Accept ratio: 0.45898, 
INFO:root:Epoch  4364, Energy: -1.02102e+02 (-1.02135e+02), Variance: 1.14425e+02 (1.73428e+02), Accept ratio: 0.45944, 
INFO:root:Epoch  4365, Energy: -1.01853e+02 (-1.01297e+02), Variance: 9.61690e+01 (2.13998e+02), Accept ratio: 0.45357, 
INFO:root:Epoch  4366, Energy: -1.02098e+02 (-1.01765e+02), Variance: 9.44592e+01 (1.53604e+02), Accept ratio: 0.46123, 
INFO:root:Epoch  4367, Energy: -1.02404e+02 (-1.02356e+02), Variance: 9.23953e+01 (1.56431e+02), Accept ratio: 0.45799, 
INFO:root:Epoch  4368, Energy: -1.02407e+02 (-1.02247e+02), Variance: 7.87160e+01 (1.25435e+02), Accept ratio: 0.45467, 
INFO:root:Epoch  4369, Energy: -1.02443e+02 (-1.02222e+02), Variance: 9.76118e+01 (2.09916e+02), Accept ratio: 0.45701, 
INFO:root:Epoch  4370, Energy: -1.02166e+02 (-1.01853e+02), Variance: 9.64202e+01 (1.73484e+02), Accept ratio: 0.45755, 
INFO:root:Epoch  4371, Energy: -1.02444e+02 (-1.02326e+02), Variance: 8.90202e+01 (1.69825e+02), Accept ratio: 0.46031, 
INFO:root:Epoch  4372, Energy: -1.02949e+02 (-1.02885e+02), Variance: 7.95148e+01 (1.31041e+02), Accept ratio: 0.45590, 
INFO:root:Epoch  4373, Energy: -1.02765e+02 (-1.01899e+02), Variance: 8.91147e+01 (4.23750e+02), Accept ratio: 0.46630, 
INFO:root:Epoch  4374, Energy: -1.02629e+02 (-1.01937e+02), Variance: 9.22297e+01 (3.36512e+02), Accept ratio: 0.46158, 
INFO:root:Epoch  4375, Energy: -1.02322e+02 (-1.01973e+02), Variance: 1.10770e+02 (2.00999e+02), Accept ratio: 0.46022, 
INFO:root:Epoch  4376, Energy: -1.02253e+02 (-1.01648e+02), Variance: 9.76584e+01 (2.79771e+02), Accept ratio: 0.46395, 
INFO:root:Epoch  4377, Energy: -1.02702e+02 (-1.02557e+02), Variance: 8.95429e+01 (1.35511e+02), Accept ratio: 0.45492, 
INFO:root:Epoch  4378, Energy: -1.02605e+02 (-1.02576e+02), Variance: 8.75779e+01 (1.16777e+02), Accept ratio: 0.46297, 
INFO:root:Epoch  4379, Energy: -1.02857e+02 (-1.02964e+02), Variance: 9.17896e+01 (1.41345e+02), Accept ratio: 0.45392, 
INFO:root:Epoch  4380, Energy: -1.02693e+02 (-1.01942e+02), Variance: 9.05273e+01 (4.69441e+02), Accept ratio: 0.46219, 
INFO:root:Epoch  4381, Energy: -1.02432e+02 (-1.01875e+02), Variance: 8.19877e+01 (2.25653e+02), Accept ratio: 0.45471, 
INFO:root:Epoch  4382, Energy: -1.02489e+02 (-1.01878e+02), Variance: 9.02034e+01 (2.50938e+02), Accept ratio: 0.45867, 
INFO:root:Epoch  4383, Energy: -1.02341e+02 (-1.02381e+02), Variance: 7.71144e+01 (2.32431e+02), Accept ratio: 0.46596, 
INFO:root:Epoch  4384, Energy: -1.02979e+02 (-1.03139e+02), Variance: 7.13701e+01 (1.81559e+02), Accept ratio: 0.45857, 
INFO:root:Epoch  4385, Energy: -1.02954e+02 (-1.02776e+02), Variance: 8.73992e+01 (1.53885e+02), Accept ratio: 0.46339, 
INFO:root:Epoch  4386, Energy: -1.02937e+02 (-1.02154e+02), Variance: 1.01807e+02 (5.83150e+02), Accept ratio: 0.46550, 
INFO:root:Epoch  4387, Energy: -1.03202e+02 (-1.03190e+02), Variance: 8.82416e+01 (1.55240e+02), Accept ratio: 0.46229, 
INFO:root:Epoch  4388, Energy: -1.02748e+02 (-1.02245e+02), Variance: 8.98187e+01 (2.00509e+02), Accept ratio: 0.45690, 
INFO:root:Epoch  4389, Energy: -1.02829e+02 (-1.02831e+02), Variance: 8.98125e+01 (1.86823e+02), Accept ratio: 0.46691, 
INFO:root:Epoch  4390, Energy: -1.02674e+02 (-1.02378e+02), Variance: 7.81284e+01 (1.28123e+02), Accept ratio: 0.46174, 
INFO:root:Epoch  4391, Energy: -1.02715e+02 (-1.02224e+02), Variance: 9.76504e+01 (2.10827e+02), Accept ratio: 0.46610, 
INFO:root:Epoch  4392, Energy: -1.02329e+02 (-1.01921e+02), Variance: 9.05035e+01 (1.98616e+02), Accept ratio: 0.46653, 
INFO:root:Epoch  4393, Energy: -1.02617e+02 (-1.02237e+02), Variance: 9.24883e+01 (3.81059e+02), Accept ratio: 0.45777, 
INFO:root:Epoch  4394, Energy: -1.01969e+02 (-1.01611e+02), Variance: 9.81487e+01 (1.93991e+02), Accept ratio: 0.45741, 
INFO:root:Epoch  4395, Energy: -1.02750e+02 (-1.02409e+02), Variance: 8.54093e+01 (1.73540e+02), Accept ratio: 0.45728, 
INFO:root:Epoch  4396, Energy: -1.02404e+02 (-1.02192e+02), Variance: 8.15719e+01 (1.24229e+02), Accept ratio: 0.45455, 
INFO:root:Epoch  4397, Energy: -1.02682e+02 (-1.01208e+02), Variance: 9.66705e+01 (1.27454e+03), Accept ratio: 0.46405, 
INFO:root:Epoch  4398, Energy: -1.02967e+02 (-1.02714e+02), Variance: 7.23916e+01 (1.78510e+02), Accept ratio: 0.45622, 
INFO:root:Epoch  4399, Energy: -1.02852e+02 (-1.02512e+02), Variance: 7.77280e+01 (2.80670e+02), Accept ratio: 0.46742, 
INFO:root:Epoch  4400, Energy: -1.02482e+02 (-1.01918e+02), Variance: 8.61678e+01 (2.51220e+02), Accept ratio: 0.46015, 
INFO:root:Epoch  4401, Energy: -1.03448e+02 (-1.02920e+02), Variance: 9.18722e+01 (2.63004e+02), Accept ratio: 0.46942, 
INFO:root:Epoch  4402, Energy: -1.03016e+02 (-1.01539e+02), Variance: 1.02708e+02 (7.38667e+02), Accept ratio: 0.45920, 
INFO:root:Epoch  4403, Energy: -1.02814e+02 (-1.02210e+02), Variance: 8.41108e+01 (3.15674e+02), Accept ratio: 0.45768, 
INFO:root:Epoch  4404, Energy: -1.03336e+02 (-1.02934e+02), Variance: 8.44166e+01 (2.26340e+02), Accept ratio: 0.45836, 
INFO:root:Epoch  4405, Energy: -1.03274e+02 (-1.02024e+02), Variance: 8.64794e+01 (9.11686e+02), Accept ratio: 0.46240, 
INFO:root:Epoch  4406, Energy: -1.02953e+02 (-1.01974e+02), Variance: 7.50522e+01 (5.41827e+02), Accept ratio: 0.46469, 
INFO:root:Epoch  4407, Energy: -1.03361e+02 (-1.02883e+02), Variance: 8.32502e+01 (6.94446e+02), Accept ratio: 0.46530, 
INFO:root:Epoch  4408, Energy: -1.03349e+02 (-1.03168e+02), Variance: 1.01958e+02 (3.12766e+02), Accept ratio: 0.46555, 
INFO:root:Epoch  4409, Energy: -1.03039e+02 (-1.03073e+02), Variance: 8.97573e+01 (4.22030e+02), Accept ratio: 0.45871, 
INFO:root:Epoch  4410, Energy: -1.02810e+02 (-1.03015e+02), Variance: 1.01818e+02 (6.35233e+02), Accept ratio: 0.46560, 
INFO:root:Epoch  4411, Energy: -1.02226e+02 (-9.98552e+01), Variance: 1.18611e+02 (2.77778e+03), Accept ratio: 0.45816, 
INFO:root:Epoch  4412, Energy: -1.03392e+02 (-1.03397e+02), Variance: 8.03479e+01 (3.05876e+02), Accept ratio: 0.45846, 
INFO:root:Epoch  4413, Energy: -1.03072e+02 (-1.02910e+02), Variance: 9.40486e+01 (3.99547e+02), Accept ratio: 0.45897, 
INFO:root:Epoch  4414, Energy: -1.02658e+02 (-1.00849e+02), Variance: 1.20414e+02 (2.18131e+03), Accept ratio: 0.45892, 
INFO:root:Epoch  4415, Energy: -1.02887e+02 (-1.00092e+02), Variance: 1.00724e+02 (3.01449e+03), Accept ratio: 0.46140, 
INFO:root:Epoch  4416, Energy: -1.02744e+02 (-1.02131e+02), Variance: 8.12991e+01 (3.24155e+02), Accept ratio: 0.46077, 
INFO:root:Epoch  4417, Energy: -1.02896e+02 (-1.01240e+02), Variance: 9.06795e+01 (1.29298e+03), Accept ratio: 0.46325, 
INFO:root:Epoch  4418, Energy: -1.02961e+02 (-1.02600e+02), Variance: 1.05635e+02 (7.53809e+03), Accept ratio: 0.46990, 
INFO:root:Epoch  4419, Energy: -1.03312e+02 (-1.03386e+02), Variance: 9.90507e+01 (6.11312e+02), Accept ratio: 0.46209, 
INFO:root:Epoch  4420, Energy: -1.02985e+02 (-1.01113e+02), Variance: 9.68734e+01 (1.17762e+03), Accept ratio: 0.45981, 
INFO:root:Epoch  4421, Energy: -1.03025e+02 (-1.02351e+02), Variance: 1.11090e+02 (5.38757e+02), Accept ratio: 0.46251, 
INFO:root:Epoch  4422, Energy: -1.02870e+02 (-1.00069e+02), Variance: 1.33581e+02 (4.99526e+03), Accept ratio: 0.46230, 
INFO:root:Epoch  4423, Energy: -1.03206e+02 (-1.04027e+02), Variance: 8.69823e+01 (2.34123e+03), Accept ratio: 0.46475, 
INFO:root:Epoch  4424, Energy: -1.03238e+02 (-1.02280e+02), Variance: 8.92233e+01 (4.81730e+02), Accept ratio: 0.46094, 
INFO:root:Epoch  4425, Energy: -1.03652e+02 (-1.02380e+02), Variance: 9.09974e+01 (1.28322e+03), Accept ratio: 0.46111, 
INFO:root:Epoch  4426, Energy: -1.03522e+02 (-1.02329e+02), Variance: 1.03478e+02 (1.24836e+03), Accept ratio: 0.45728, 
INFO:root:Epoch  4427, Energy: -1.03307e+02 (-1.02608e+02), Variance: 9.08452e+01 (2.44554e+02), Accept ratio: 0.45765, 
INFO:root:Epoch  4428, Energy: -1.03467e+02 (-1.03828e+02), Variance: 9.74164e+01 (6.13140e+02), Accept ratio: 0.46566, 
INFO:root:Epoch  4429, Energy: -1.02866e+02 (-1.01467e+02), Variance: 9.69856e+01 (9.23327e+02), Accept ratio: 0.46659, 
INFO:root:Epoch  4430, Energy: -1.03261e+02 (-1.02443e+02), Variance: 9.39080e+01 (5.96716e+02), Accept ratio: 0.46622, 
INFO:root:Epoch  4431, Energy: -1.03121e+02 (-1.02601e+02), Variance: 7.60401e+01 (1.67817e+02), Accept ratio: 0.46598, 
INFO:root:Epoch  4432, Energy: -1.03212e+02 (-1.02628e+02), Variance: 8.61923e+01 (3.24919e+02), Accept ratio: 0.46242, 
INFO:root:Epoch  4433, Energy: -1.03256e+02 (-1.02453e+02), Variance: 9.02491e+01 (6.63372e+02), Accept ratio: 0.46203, 
INFO:root:Epoch  4434, Energy: -1.03327e+02 (-1.02269e+02), Variance: 8.83308e+01 (6.80895e+02), Accept ratio: 0.46667, 
INFO:root:Epoch  4435, Energy: -1.03363e+02 (-1.02573e+02), Variance: 9.00629e+01 (7.00049e+02), Accept ratio: 0.46502, 
INFO:root:Epoch  4436, Energy: -1.03315e+02 (-1.02353e+02), Variance: 8.95629e+01 (7.46551e+02), Accept ratio: 0.46543, 
INFO:root:Epoch  4437, Energy: -1.02562e+02 (-1.00443e+02), Variance: 1.08372e+02 (1.62917e+03), Accept ratio: 0.46886, 
INFO:root:Epoch  4438, Energy: -1.02723e+02 (-1.01991e+02), Variance: 9.80390e+01 (4.11631e+02), Accept ratio: 0.47085, 
INFO:root:Epoch  4439, Energy: -1.03047e+02 (-1.01253e+02), Variance: 1.04277e+02 (9.51723e+02), Accept ratio: 0.46557, 
INFO:root:Epoch  4440, Energy: -1.03162e+02 (-1.03181e+02), Variance: 1.19023e+02 (2.80479e+03), Accept ratio: 0.46366, 
INFO:root:Epoch  4441, Energy: -1.03672e+02 (-1.02576e+02), Variance: 8.51291e+01 (6.21555e+02), Accept ratio: 0.45972, 
INFO:root:Epoch  4442, Energy: -1.03925e+02 (-1.03909e+02), Variance: 6.42018e+01 (1.85417e+02), Accept ratio: 0.47033, 
INFO:root:Epoch  4443, Energy: -1.03593e+02 (-1.02684e+02), Variance: 7.81932e+01 (4.99225e+02), Accept ratio: 0.46362, 
INFO:root:Epoch  4444, Energy: -1.03663e+02 (-1.02920e+02), Variance: 7.23100e+01 (2.43495e+02), Accept ratio: 0.46757, 
INFO:root:Epoch  4445, Energy: -1.03058e+02 (-1.00181e+02), Variance: 1.12744e+02 (3.01889e+03), Accept ratio: 0.45963, 
INFO:root:Epoch  4446, Energy: -1.03244e+02 (-9.22525e+01), Variance: 2.43357e+02 (1.10831e+05), Accept ratio: 0.47005, 
INFO:root:Epoch  4447, Energy: -1.03314e+02 (-1.00177e+02), Variance: 1.23751e+02 (5.26872e+03), Accept ratio: 0.46611, 
INFO:root:Epoch  4448, Energy: -1.03401e+02 (-9.92911e+01), Variance: 1.27559e+02 (5.78577e+03), Accept ratio: 0.46301, 
INFO:root:Epoch  4449, Energy: -1.03885e+02 (-1.03020e+02), Variance: 5.83498e+01 (3.46226e+02), Accept ratio: 0.47149, 
INFO:root:Epoch  4450, Energy: -1.03590e+02 (-1.02512e+02), Variance: 6.70890e+01 (4.11152e+02), Accept ratio: 0.46735, 
INFO:root:Epoch  4451, Energy: -1.04039e+02 (-1.03512e+02), Variance: 7.56145e+01 (1.36939e+03), Accept ratio: 0.46235, 
INFO:root:Epoch  4452, Energy: -1.03187e+02 (-1.00813e+02), Variance: 9.06835e+01 (1.83106e+03), Accept ratio: 0.47233, 
INFO:root:Epoch  4453, Energy: -1.03617e+02 (-1.02844e+02), Variance: 7.09557e+01 (6.62320e+02), Accept ratio: 0.46199, 
INFO:root:Epoch  4454, Energy: -1.03319e+02 (-1.01988e+02), Variance: 8.81233e+01 (1.05526e+03), Accept ratio: 0.46960, 
INFO:root:Epoch  4455, Energy: -1.03574e+02 (-1.01132e+02), Variance: 1.04726e+02 (1.63310e+03), Accept ratio: 0.46750, 
INFO:root:Epoch  4456, Energy: -1.03711e+02 (-1.05347e+02), Variance: 9.14398e+01 (6.40582e+03), Accept ratio: 0.46505, 
INFO:root:Epoch  4457, Energy: -1.03769e+02 (-1.02405e+02), Variance: 7.47783e+01 (1.01671e+03), Accept ratio: 0.46700, 
INFO:root:Epoch  4458, Energy: -1.03747e+02 (-1.04310e+02), Variance: 8.02010e+01 (1.23693e+03), Accept ratio: 0.46510, 
INFO:root:Epoch  4459, Energy: -1.03649e+02 (-1.02009e+02), Variance: 8.74092e+01 (1.27719e+03), Accept ratio: 0.46868, 
INFO:root:Epoch  4460, Energy: -1.03781e+02 (-1.03284e+02), Variance: 7.70834e+01 (2.56974e+03), Accept ratio: 0.47033, 
INFO:root:Epoch  4461, Energy: -1.03452e+02 (-1.01976e+02), Variance: 8.82614e+01 (8.19436e+02), Accept ratio: 0.46954, 
INFO:root:Epoch  4462, Energy: -1.03223e+02 (-1.01190e+02), Variance: 1.10284e+02 (1.79417e+03), Accept ratio: 0.47106, 
INFO:root:Epoch  4463, Energy: -1.03443e+02 (-1.00964e+02), Variance: 1.02392e+02 (1.73066e+03), Accept ratio: 0.46243, 
INFO:root:Epoch  4464, Energy: -1.03618e+02 (-1.02942e+02), Variance: 7.13230e+01 (3.50404e+02), Accept ratio: 0.46760, 
INFO:root:Epoch  4465, Energy: -1.03919e+02 (-1.02667e+02), Variance: 6.45574e+01 (1.08603e+03), Accept ratio: 0.46320, 
INFO:root:Epoch  4466, Energy: -1.03866e+02 (-1.01897e+02), Variance: 8.74561e+01 (2.07646e+03), Accept ratio: 0.46537, 
INFO:root:Epoch  4467, Energy: -1.03157e+02 (-1.01054e+02), Variance: 9.25593e+01 (2.25027e+03), Accept ratio: 0.47066, 
INFO:root:Epoch  4468, Energy: -1.03492e+02 (-1.00401e+02), Variance: 1.33556e+02 (2.50972e+03), Accept ratio: 0.46450, 
INFO:root:Epoch  4469, Energy: -1.03908e+02 (-1.03091e+02), Variance: 6.74918e+01 (3.29124e+02), Accept ratio: 0.46662, 
INFO:root:Epoch  4470, Energy: -1.03798e+02 (-1.02296e+02), Variance: 7.08286e+01 (7.81180e+02), Accept ratio: 0.46551, 
INFO:root:Epoch  4471, Energy: -1.03920e+02 (-1.03353e+02), Variance: 6.72848e+01 (3.41293e+02), Accept ratio: 0.46815, 
INFO:root:Epoch  4472, Energy: -1.04234e+02 (-1.04420e+02), Variance: 7.95827e+01 (1.38735e+03), Accept ratio: 0.46934, 
INFO:root:Epoch  4473, Energy: -1.03914e+02 (-1.03296e+02), Variance: 5.87925e+01 (1.66073e+02), Accept ratio: 0.46029, 
INFO:root:Epoch  4474, Energy: -1.03135e+02 (-1.00459e+02), Variance: 1.15006e+02 (7.63166e+03), Accept ratio: 0.46662, 
INFO:root:Epoch  4475, Energy: -1.03474e+02 (-1.02459e+02), Variance: 7.87305e+01 (5.31147e+02), Accept ratio: 0.45921, 
INFO:root:Epoch  4476, Energy: -1.03750e+02 (-1.02495e+02), Variance: 1.04855e+02 (4.16286e+03), Accept ratio: 0.46876, 
INFO:root:Epoch  4477, Energy: -1.03958e+02 (-1.02974e+02), Variance: 9.58100e+01 (1.36131e+03), Accept ratio: 0.46576, 
INFO:root:Epoch  4478, Energy: -1.03215e+02 (-1.00954e+02), Variance: 1.06378e+02 (1.31729e+03), Accept ratio: 0.47238, 
INFO:root:Epoch  4479, Energy: -1.03415e+02 (-1.02826e+02), Variance: 1.32270e+02 (2.36104e+03), Accept ratio: 0.46566, 
INFO:root:Epoch  4480, Energy: -1.03001e+02 (-1.05291e+02), Variance: 1.93332e+02 (1.37352e+04), Accept ratio: 0.46267, 
INFO:root:Epoch  4481, Energy: -1.03514e+02 (-1.00902e+02), Variance: 1.66503e+02 (2.43769e+03), Accept ratio: 0.47059, 
INFO:root:Epoch  4482, Energy: -1.03430e+02 (-1.01936e+02), Variance: 1.46904e+02 (1.10158e+03), Accept ratio: 0.46715, 
INFO:root:Epoch  4483, Energy: -1.02905e+02 (-9.96891e+01), Variance: 2.10152e+02 (3.67934e+03), Accept ratio: 0.46752, 
INFO:root:Epoch  4484, Energy: -1.01645e+02 (-9.64943e+01), Variance: 2.49353e+02 (7.51535e+03), Accept ratio: 0.46874, 
INFO:root:Epoch  4485, Energy: -1.03072e+02 (-1.01010e+02), Variance: 2.24368e+02 (1.52362e+03), Accept ratio: 0.46219, 
INFO:root:Epoch  4486, Energy: -1.00689e+02 (-9.98688e+01), Variance: 4.74585e+02 (4.43708e+03), Accept ratio: 0.46745, 
INFO:root:Epoch  4487, Energy: -9.59025e+01 (-9.23912e+01), Variance: 1.17185e+03 (4.60543e+03), Accept ratio: 0.45903, 
INFO:root:Epoch  4488, Energy: -9.80959e+01 (-8.33785e+01), Variance: 1.42150e+03 (1.91832e+05), Accept ratio: 0.46868, 
INFO:root:Epoch  4489, Energy: -9.87190e+01 (-9.20404e+01), Variance: 1.76884e+03 (1.01547e+05), Accept ratio: 0.46887, 
INFO:root:Epoch  4490, Energy: -9.49237e+01 (-9.06653e+01), Variance: 1.25979e+03 (1.01263e+04), Accept ratio: 0.46389, 
INFO:root:Epoch  4491, Energy: -9.81059e+01 (-1.14656e+02), Variance: 1.63229e+03 (2.31954e+05), Accept ratio: 0.47538, 
INFO:root:Epoch  4492, Energy: -1.00369e+02 (-9.63424e+01), Variance: 8.44990e+02 (1.28351e+04), Accept ratio: 0.46883, 
INFO:root:Epoch  4493, Energy: -9.98113e+01 (-9.65257e+01), Variance: 6.76381e+02 (1.27286e+04), Accept ratio: 0.47113, 
INFO:root:Epoch  4494, Energy: -9.70078e+01 (-9.17114e+01), Variance: 1.04351e+03 (1.86466e+04), Accept ratio: 0.46646, 
INFO:root:Epoch  4495, Energy: -9.95752e+01 (-9.82645e+01), Variance: 6.15848e+02 (4.00568e+03), Accept ratio: 0.46695, 
INFO:root:Epoch  4496, Energy: -1.00848e+02 (-9.90063e+01), Variance: 5.61775e+02 (2.96635e+03), Accept ratio: 0.47058, 
INFO:root:Epoch  4497, Energy: -9.91644e+01 (-1.11801e+02), Variance: 1.38818e+03 (1.94251e+05), Accept ratio: 0.47450, 
INFO:root:Epoch  4498, Energy: -1.00509e+02 (-1.00074e+02), Variance: 6.38948e+02 (5.08266e+03), Accept ratio: 0.47617, 
INFO:root:Epoch  4499, Energy: -1.00170e+02 (-9.82610e+01), Variance: 4.41389e+02 (2.24422e+03), Accept ratio: 0.46711, 
INFO:root:Epoch  4500, Energy: -9.98442e+01 (-9.92988e+01), Variance: 4.33743e+02 (2.51539e+03), Accept ratio: 0.46698, 
INFO:root:Epoch  4501, Energy: -9.98180e+01 (-1.02292e+02), Variance: 6.52224e+02 (9.68625e+03), Accept ratio: 0.46942, 
INFO:root:Epoch  4502, Energy: -9.79450e+01 (-9.60226e+01), Variance: 5.22270e+02 (4.47530e+03), Accept ratio: 0.46457, 
INFO:root:Epoch  4503, Energy: -9.95555e+01 (-9.87315e+01), Variance: 4.25169e+02 (1.03255e+03), Accept ratio: 0.46549, 
INFO:root:Epoch  4504, Energy: -9.93582e+01 (-1.00226e+02), Variance: 4.25646e+02 (1.42554e+03), Accept ratio: 0.46856, 
INFO:root:Epoch  4505, Energy: -9.92658e+01 (-9.75720e+01), Variance: 5.62151e+02 (4.23056e+03), Accept ratio: 0.45905, 
INFO:root:Epoch  4506, Energy: -9.85678e+01 (-9.77384e+01), Variance: 5.31436e+02 (3.03468e+03), Accept ratio: 0.45860, 
INFO:root:Epoch  4507, Energy: -9.87318e+01 (-9.25500e+01), Variance: 6.61275e+02 (1.68704e+04), Accept ratio: 0.45804, 
INFO:root:Epoch  4508, Energy: -1.00095e+02 (-9.87168e+01), Variance: 4.76076e+02 (2.16217e+03), Accept ratio: 0.46223, 
INFO:root:Epoch  4509, Energy: -9.96612e+01 (-9.76573e+01), Variance: 3.97591e+02 (2.12146e+03), Accept ratio: 0.46686, 
INFO:root:Epoch  4510, Energy: -1.00815e+02 (-1.02148e+02), Variance: 3.80441e+02 (3.06393e+03), Accept ratio: 0.46202, 
INFO:root:Epoch  4511, Energy: -1.00098e+02 (-1.02175e+02), Variance: 3.12523e+02 (4.60573e+03), Accept ratio: 0.45948, 
INFO:root:Epoch  4512, Energy: -1.00657e+02 (-9.97841e+01), Variance: 3.34822e+02 (2.05040e+03), Accept ratio: 0.46112, 
INFO:root:Epoch  4513, Energy: -9.98256e+01 (-9.87622e+01), Variance: 3.17783e+02 (3.39901e+03), Accept ratio: 0.45679, 
INFO:root:Epoch  4514, Energy: -1.00816e+02 (-1.00380e+02), Variance: 2.41004e+02 (5.23568e+02), Accept ratio: 0.45842, 
INFO:root:Epoch  4515, Energy: -1.00323e+02 (-9.86961e+01), Variance: 3.79022e+02 (5.80887e+03), Accept ratio: 0.45622, 
INFO:root:Epoch  4516, Energy: -1.02347e+02 (-1.03493e+02), Variance: 2.61088e+02 (1.78273e+03), Accept ratio: 0.46241, 
INFO:root:Epoch  4517, Energy: -1.00943e+02 (-1.00254e+02), Variance: 2.84506e+02 (8.19084e+02), Accept ratio: 0.46318, 
INFO:root:Epoch  4518, Energy: -1.00678e+02 (-9.93215e+01), Variance: 3.42370e+02 (1.64687e+03), Accept ratio: 0.46274, 
INFO:root:Epoch  4519, Energy: -1.00642e+02 (-1.00431e+02), Variance: 2.75499e+02 (9.27524e+02), Accept ratio: 0.45378, 
INFO:root:Epoch  4520, Energy: -1.00923e+02 (-9.99490e+01), Variance: 2.24051e+02 (6.95930e+02), Accept ratio: 0.45662, 
INFO:root:Epoch  4521, Energy: -1.01788e+02 (-1.01117e+02), Variance: 2.62674e+02 (1.40890e+03), Accept ratio: 0.46857, 
INFO:root:Epoch  4522, Energy: -1.01178e+02 (-9.97716e+01), Variance: 2.61879e+02 (2.62202e+03), Accept ratio: 0.46228, 
INFO:root:Epoch  4523, Energy: -1.01286e+02 (-9.96090e+01), Variance: 2.35743e+02 (1.38062e+03), Accept ratio: 0.46066, 
INFO:root:Epoch  4524, Energy: -9.94753e+01 (-9.25439e+01), Variance: 4.94417e+02 (2.17603e+04), Accept ratio: 0.46037, 
INFO:root:Epoch  4525, Energy: -1.01748e+02 (-1.01154e+02), Variance: 2.33817e+02 (1.22869e+03), Accept ratio: 0.46228, 
INFO:root:Epoch  4526, Energy: -1.00536e+02 (-9.98428e+01), Variance: 2.46758e+02 (1.26083e+03), Accept ratio: 0.46124, 
INFO:root:Epoch  4527, Energy: -1.01355e+02 (-9.93836e+01), Variance: 2.47882e+02 (1.31306e+03), Accept ratio: 0.45707, 
INFO:root:Epoch  4528, Energy: -1.01150e+02 (-9.94330e+01), Variance: 2.52280e+02 (1.84899e+03), Accept ratio: 0.46286, 
INFO:root:Epoch  4529, Energy: -1.01178e+02 (-1.02739e+02), Variance: 2.57456e+02 (3.26043e+03), Accept ratio: 0.46301, 
INFO:root:Epoch  4530, Energy: -1.00646e+02 (-1.02671e+02), Variance: 3.43007e+02 (1.48945e+04), Accept ratio: 0.46230, 
INFO:root:Epoch  4531, Energy: -1.01697e+02 (-1.01962e+02), Variance: 2.05479e+02 (1.42784e+03), Accept ratio: 0.46215, 
INFO:root:Epoch  4532, Energy: -1.01872e+02 (-1.01860e+02), Variance: 2.15146e+02 (7.96105e+02), Accept ratio: 0.46172, 
INFO:root:Epoch  4533, Energy: -1.01635e+02 (-1.00876e+02), Variance: 2.07802e+02 (1.11906e+03), Accept ratio: 0.46047, 
INFO:root:Epoch  4534, Energy: -1.00862e+02 (-1.00550e+02), Variance: 2.46885e+02 (1.20617e+03), Accept ratio: 0.46592, 
INFO:root:Epoch  4535, Energy: -1.01017e+02 (-9.84156e+01), Variance: 3.28545e+02 (8.03773e+03), Accept ratio: 0.45373, 
INFO:root:Epoch  4536, Energy: -1.00545e+02 (-9.90581e+01), Variance: 2.13138e+02 (1.03710e+03), Accept ratio: 0.46251, 
INFO:root:Epoch  4537, Energy: -1.01329e+02 (-9.89693e+01), Variance: 2.45520e+02 (5.11385e+03), Accept ratio: 0.46475, 
INFO:root:Epoch  4538, Energy: -1.00755e+02 (-1.01519e+02), Variance: 2.29071e+02 (8.26336e+03), Accept ratio: 0.46389, 
INFO:root:Epoch  4539, Energy: -1.01114e+02 (-1.00310e+02), Variance: 1.78289e+02 (8.69436e+02), Accept ratio: 0.46569, 
INFO:root:Epoch  4540, Energy: -1.00720e+02 (-9.67566e+01), Variance: 2.90625e+02 (5.96873e+03), Accept ratio: 0.46500, 
INFO:root:Epoch  4541, Energy: -1.01736e+02 (-9.93563e+01), Variance: 2.48001e+02 (2.85269e+03), Accept ratio: 0.46977, 
INFO:root:Epoch  4542, Energy: -1.01892e+02 (-1.01812e+02), Variance: 2.43105e+02 (3.07293e+03), Accept ratio: 0.46442, 
INFO:root:Epoch  4543, Energy: -1.01685e+02 (-1.00046e+02), Variance: 2.08977e+02 (1.11534e+03), Accept ratio: 0.46025, 
INFO:root:Epoch  4544, Energy: -1.02114e+02 (-1.01087e+02), Variance: 1.90666e+02 (7.39433e+02), Accept ratio: 0.46572, 
INFO:root:Epoch  4545, Energy: -1.01723e+02 (-1.00966e+02), Variance: 1.86550e+02 (1.15927e+03), Accept ratio: 0.46270, 
INFO:root:Epoch  4546, Energy: -1.01429e+02 (-1.00233e+02), Variance: 2.14096e+02 (1.26460e+03), Accept ratio: 0.45875, 
INFO:root:Epoch  4547, Energy: -1.01463e+02 (-1.01342e+02), Variance: 1.88302e+02 (7.05256e+02), Accept ratio: 0.46416, 
INFO:root:Epoch  4548, Energy: -1.00958e+02 (-1.06499e+02), Variance: 2.78548e+02 (2.14388e+04), Accept ratio: 0.46495, 
INFO:root:Epoch  4549, Energy: -1.01111e+02 (-9.99658e+01), Variance: 2.29902e+02 (7.09447e+02), Accept ratio: 0.46151, 
INFO:root:Epoch  4550, Energy: -1.01429e+02 (-9.65161e+01), Variance: 3.52904e+02 (1.51540e+04), Accept ratio: 0.46070, 
INFO:root:Epoch  4551, Energy: -1.01553e+02 (-1.00377e+02), Variance: 2.39799e+02 (1.30185e+03), Accept ratio: 0.46568, 
INFO:root:Epoch  4552, Energy: -1.02056e+02 (-1.00646e+02), Variance: 1.97702e+02 (7.63621e+02), Accept ratio: 0.46083, 
INFO:root:Epoch  4553, Energy: -1.01628e+02 (-1.00753e+02), Variance: 1.92247e+02 (1.12709e+03), Accept ratio: 0.46248, 
INFO:root:Epoch  4554, Energy: -1.01341e+02 (-9.99151e+01), Variance: 2.16849e+02 (9.16721e+02), Accept ratio: 0.46527, 
INFO:root:Epoch  4555, Energy: -1.02079e+02 (-1.02096e+02), Variance: 2.16649e+02 (1.05410e+03), Accept ratio: 0.46082, 
INFO:root:Epoch  4556, Energy: -1.02005e+02 (-1.02290e+02), Variance: 2.03711e+02 (1.04495e+03), Accept ratio: 0.46362, 
INFO:root:Epoch  4557, Energy: -1.02029e+02 (-1.01517e+02), Variance: 1.73530e+02 (5.77944e+02), Accept ratio: 0.46166, 
INFO:root:Epoch  4558, Energy: -1.01908e+02 (-1.00832e+02), Variance: 1.59595e+02 (4.99897e+02), Accept ratio: 0.46998, 
INFO:root:Epoch  4559, Energy: -1.02303e+02 (-1.01988e+02), Variance: 1.51177e+02 (1.02879e+03), Accept ratio: 0.46267, 
INFO:root:Epoch  4560, Energy: -1.01259e+02 (-9.92299e+01), Variance: 2.22829e+02 (1.45329e+03), Accept ratio: 0.46700, 
INFO:root:Epoch  4561, Energy: -1.01862e+02 (-1.01197e+02), Variance: 1.81053e+02 (1.16056e+03), Accept ratio: 0.46384, 
INFO:root:Epoch  4562, Energy: -1.01667e+02 (-1.00124e+02), Variance: 1.93189e+02 (7.72754e+02), Accept ratio: 0.46145, 
INFO:root:Epoch  4563, Energy: -1.01628e+02 (-1.01130e+02), Variance: 1.64590e+02 (9.09400e+02), Accept ratio: 0.46659, 
INFO:root:Epoch  4564, Energy: -1.01795e+02 (-1.00196e+02), Variance: 2.33908e+02 (1.06464e+03), Accept ratio: 0.46557, 
INFO:root:Epoch  4565, Energy: -1.01725e+02 (-1.02096e+02), Variance: 1.87105e+02 (8.52623e+02), Accept ratio: 0.46060, 
INFO:root:Epoch  4566, Energy: -1.00972e+02 (-9.93955e+01), Variance: 2.58451e+02 (1.19064e+03), Accept ratio: 0.47070, 
INFO:root:Epoch  4567, Energy: -1.02216e+02 (-1.01982e+02), Variance: 1.65479e+02 (1.42205e+03), Accept ratio: 0.46495, 
INFO:root:Epoch  4568, Energy: -1.01859e+02 (-9.96447e+01), Variance: 2.20195e+02 (1.65869e+03), Accept ratio: 0.46618, 
INFO:root:Epoch  4569, Energy: -1.01971e+02 (-1.00486e+02), Variance: 1.95937e+02 (9.89873e+02), Accept ratio: 0.46097, 
INFO:root:Epoch  4570, Energy: -1.01895e+02 (-1.00585e+02), Variance: 1.85582e+02 (6.75452e+02), Accept ratio: 0.46273, 
INFO:root:Epoch  4571, Energy: -1.02325e+02 (-1.01873e+02), Variance: 1.37992e+02 (6.03952e+02), Accept ratio: 0.46016, 
INFO:root:Epoch  4572, Energy: -1.01767e+02 (-9.94492e+01), Variance: 1.90515e+02 (1.59397e+03), Accept ratio: 0.46153, 
INFO:root:Epoch  4573, Energy: -1.02209e+02 (-1.01227e+02), Variance: 2.18190e+02 (2.71982e+03), Accept ratio: 0.46578, 
INFO:root:Epoch  4574, Energy: -1.02833e+02 (-1.01900e+02), Variance: 1.43693e+02 (3.53082e+02), Accept ratio: 0.45933, 
INFO:root:Epoch  4575, Energy: -1.02324e+02 (-1.01673e+02), Variance: 1.73167e+02 (6.44248e+02), Accept ratio: 0.46310, 
INFO:root:Epoch  4576, Energy: -1.02436e+02 (-1.02307e+02), Variance: 1.32209e+02 (7.77842e+02), Accept ratio: 0.46831, 
INFO:root:Epoch  4577, Energy: -1.02599e+02 (-1.01264e+02), Variance: 1.54539e+02 (6.34988e+02), Accept ratio: 0.46875, 
INFO:root:Epoch  4578, Energy: -1.02075e+02 (-1.00184e+02), Variance: 1.65436e+02 (1.55678e+03), Accept ratio: 0.46288, 
INFO:root:Epoch  4579, Energy: -1.02872e+02 (-1.01442e+02), Variance: 1.89528e+02 (3.17634e+03), Accept ratio: 0.46576, 
INFO:root:Epoch  4580, Energy: -1.02488e+02 (-1.00856e+02), Variance: 1.71063e+02 (1.21347e+03), Accept ratio: 0.45936, 
INFO:root:Epoch  4581, Energy: -1.02097e+02 (-1.00424e+02), Variance: 1.80130e+02 (1.69085e+03), Accept ratio: 0.46399, 
INFO:root:Epoch  4582, Energy: -1.02286e+02 (-1.01544e+02), Variance: 1.30986e+02 (4.45219e+02), Accept ratio: 0.46661, 
INFO:root:Epoch  4583, Energy: -1.02686e+02 (-1.01879e+02), Variance: 1.74542e+02 (1.43670e+03), Accept ratio: 0.46841, 
INFO:root:Epoch  4584, Energy: -1.01971e+02 (-1.01346e+02), Variance: 1.46085e+02 (7.09337e+02), Accept ratio: 0.47491, 
INFO:root:Epoch  4585, Energy: -1.02577e+02 (-1.01222e+02), Variance: 1.51260e+02 (8.98708e+02), Accept ratio: 0.46471, 
INFO:root:Epoch  4586, Energy: -1.02597e+02 (-1.01417e+02), Variance: 1.65486e+02 (1.50126e+03), Accept ratio: 0.46708, 
INFO:root:Epoch  4587, Energy: -1.02047e+02 (-9.93981e+01), Variance: 1.95162e+02 (4.37622e+03), Accept ratio: 0.46891, 
INFO:root:Epoch  4588, Energy: -1.01940e+02 (-9.98192e+01), Variance: 2.12196e+02 (2.57465e+03), Accept ratio: 0.46346, 
INFO:root:Epoch  4589, Energy: -1.02133e+02 (-9.97174e+01), Variance: 2.21203e+02 (2.25985e+03), Accept ratio: 0.46533, 
INFO:root:Epoch  4590, Energy: -1.02457e+02 (-1.01437e+02), Variance: 1.85739e+02 (1.69351e+03), Accept ratio: 0.46078, 
INFO:root:Epoch  4591, Energy: -1.02236e+02 (-9.95126e+01), Variance: 2.04420e+02 (8.62468e+03), Accept ratio: 0.46392, 
INFO:root:Epoch  4592, Energy: -1.02307e+02 (-9.91843e+01), Variance: 2.27906e+02 (1.88656e+04), Accept ratio: 0.46945, 
INFO:root:Epoch  4593, Energy: -1.02681e+02 (-1.00665e+02), Variance: 1.54605e+02 (2.22390e+03), Accept ratio: 0.46965, 
INFO:root:Epoch  4594, Energy: -1.02751e+02 (-1.00187e+02), Variance: 1.51338e+02 (3.04362e+03), Accept ratio: 0.46852, 
INFO:root:Epoch  4595, Energy: -1.02513e+02 (-9.81136e+01), Variance: 2.40979e+02 (1.29019e+04), Accept ratio: 0.45933, 
INFO:root:Epoch  4596, Energy: -1.02307e+02 (-1.01073e+02), Variance: 1.36108e+02 (6.19257e+02), Accept ratio: 0.46978, 
INFO:root:Epoch  4597, Energy: -1.02226e+02 (-9.84147e+01), Variance: 2.42139e+02 (6.62606e+03), Accept ratio: 0.47052, 
INFO:root:Epoch  4598, Energy: -1.02538e+02 (-1.02129e+02), Variance: 1.89590e+02 (3.66639e+03), Accept ratio: 0.46892, 
INFO:root:Epoch  4599, Energy: -1.02298e+02 (-1.01841e+02), Variance: 1.36921e+02 (3.81000e+02), Accept ratio: 0.46455, 
INFO:root:Epoch  4600, Energy: -1.02597e+02 (-1.01901e+02), Variance: 1.14248e+02 (3.22477e+02), Accept ratio: 0.46431, 
INFO:root:Epoch  4601, Energy: -1.02500e+02 (-1.01376e+02), Variance: 1.33183e+02 (5.94601e+02), Accept ratio: 0.46973, 
INFO:root:Epoch  4602, Energy: -1.02432e+02 (-1.01540e+02), Variance: 1.42133e+02 (6.77808e+02), Accept ratio: 0.46493, 
INFO:root:Epoch  4603, Energy: -1.02120e+02 (-9.88996e+01), Variance: 1.95759e+02 (6.38629e+03), Accept ratio: 0.46915, 
INFO:root:Epoch  4604, Energy: -1.02363e+02 (-1.02100e+02), Variance: 1.40833e+02 (8.63443e+02), Accept ratio: 0.46528, 
INFO:root:Epoch  4605, Energy: -1.02462e+02 (-1.01894e+02), Variance: 1.32860e+02 (3.52538e+02), Accept ratio: 0.46178, 
INFO:root:Epoch  4606, Energy: -1.02122e+02 (-1.01096e+02), Variance: 1.49105e+02 (5.07417e+02), Accept ratio: 0.46357, 
INFO:root:Epoch  4607, Energy: -1.02852e+02 (-1.01755e+02), Variance: 1.23168e+02 (5.44190e+02), Accept ratio: 0.46262, 
INFO:root:Epoch  4608, Energy: -1.02479e+02 (-1.01091e+02), Variance: 1.30761e+02 (8.04606e+02), Accept ratio: 0.46920, 
INFO:root:Epoch  4609, Energy: -1.02018e+02 (-1.01002e+02), Variance: 1.35652e+02 (1.04035e+03), Accept ratio: 0.46688, 
INFO:root:Epoch  4610, Energy: -1.02078e+02 (-1.00328e+02), Variance: 1.56530e+02 (5.23638e+03), Accept ratio: 0.46809, 
INFO:root:Epoch  4611, Energy: -1.02134e+02 (-1.01499e+02), Variance: 1.80614e+02 (2.20889e+03), Accept ratio: 0.47108, 
INFO:root:Epoch  4612, Energy: -1.02042e+02 (-1.00202e+02), Variance: 1.50268e+02 (9.83826e+02), Accept ratio: 0.45889, 
INFO:root:Epoch  4613, Energy: -1.01961e+02 (-9.98808e+01), Variance: 1.28417e+02 (2.02817e+03), Accept ratio: 0.46933, 
INFO:root:Epoch  4614, Energy: -1.01936e+02 (-1.00649e+02), Variance: 1.34703e+02 (8.24032e+02), Accept ratio: 0.46163, 
INFO:root:Epoch  4615, Energy: -1.02665e+02 (-9.97598e+01), Variance: 1.39045e+02 (3.20800e+03), Accept ratio: 0.46989, 
INFO:root:Epoch  4616, Energy: -1.02129e+02 (-9.86781e+01), Variance: 1.48703e+02 (1.09664e+04), Accept ratio: 0.47064, 
INFO:root:Epoch  4617, Energy: -1.02753e+02 (-1.02041e+02), Variance: 1.14609e+02 (1.74632e+03), Accept ratio: 0.46897, 
INFO:root:Epoch  4618, Energy: -1.02933e+02 (-1.02348e+02), Variance: 9.65371e+01 (2.62901e+02), Accept ratio: 0.46028, 
INFO:root:Epoch  4619, Energy: -1.02750e+02 (-1.01984e+02), Variance: 1.17908e+02 (3.88812e+02), Accept ratio: 0.46875, 
INFO:root:Epoch  4620, Energy: -1.02304e+02 (-1.01200e+02), Variance: 1.03663e+02 (4.12452e+02), Accept ratio: 0.46258, 
INFO:root:Epoch  4621, Energy: -1.02454e+02 (-1.01489e+02), Variance: 1.16624e+02 (4.46194e+02), Accept ratio: 0.47742, 
INFO:root:Epoch  4622, Energy: -1.03014e+02 (-1.01777e+02), Variance: 1.17205e+02 (4.29944e+02), Accept ratio: 0.46632, 
INFO:root:Epoch  4623, Energy: -1.02821e+02 (-1.03315e+02), Variance: 1.28665e+02 (2.19178e+03), Accept ratio: 0.46771, 
INFO:root:Epoch  4624, Energy: -1.03010e+02 (-1.02511e+02), Variance: 1.02908e+02 (2.02954e+02), Accept ratio: 0.47086, 
INFO:root:Epoch  4625, Energy: -1.02848e+02 (-1.01087e+02), Variance: 1.37639e+02 (1.88760e+03), Accept ratio: 0.46885, 
INFO:root:Epoch  4626, Energy: -1.03049e+02 (-1.02894e+02), Variance: 1.19237e+02 (2.95185e+02), Accept ratio: 0.46663, 
INFO:root:Epoch  4627, Energy: -1.02642e+02 (-1.02187e+02), Variance: 1.43153e+02 (5.36414e+02), Accept ratio: 0.46519, 
INFO:root:Epoch  4628, Energy: -1.03361e+02 (-1.02649e+02), Variance: 1.44646e+02 (4.60527e+02), Accept ratio: 0.46855, 
INFO:root:Epoch  4629, Energy: -1.03348e+02 (-1.00381e+02), Variance: 1.61154e+02 (8.65044e+03), Accept ratio: 0.46483, 
INFO:root:Epoch  4630, Energy: -1.02844e+02 (-1.03662e+02), Variance: 1.37779e+02 (3.07576e+03), Accept ratio: 0.46352, 
INFO:root:Epoch  4631, Energy: -1.02849e+02 (-1.00862e+02), Variance: 1.23817e+02 (1.01655e+03), Accept ratio: 0.46957, 
INFO:root:Epoch  4632, Energy: -1.03060e+02 (-9.86661e+01), Variance: 1.86451e+02 (1.73913e+04), Accept ratio: 0.47190, 
INFO:root:Epoch  4633, Energy: -1.02768e+02 (-9.82242e+01), Variance: 1.83743e+02 (1.30356e+04), Accept ratio: 0.47210, 
INFO:root:Epoch  4634, Energy: -1.02809e+02 (-1.01011e+02), Variance: 1.48548e+02 (1.99306e+03), Accept ratio: 0.47036, 
INFO:root:Epoch  4635, Energy: -1.02896e+02 (-1.04794e+02), Variance: 1.57982e+02 (5.08110e+03), Accept ratio: 0.47207, 
INFO:root:Epoch  4636, Energy: -1.02151e+02 (-9.84902e+01), Variance: 1.87378e+02 (7.42296e+03), Accept ratio: 0.46707, 
INFO:root:Epoch  4637, Energy: -1.02326e+02 (-9.84172e+01), Variance: 2.14831e+02 (3.64543e+03), Accept ratio: 0.46119, 
INFO:root:Epoch  4638, Energy: -1.01907e+02 (-9.84103e+01), Variance: 2.07502e+02 (4.48933e+03), Accept ratio: 0.46750, 
INFO:root:Epoch  4639, Energy: -1.01939e+02 (-1.00045e+02), Variance: 1.66500e+02 (2.03093e+03), Accept ratio: 0.46911, 
INFO:root:Epoch  4640, Energy: -1.03138e+02 (-1.00811e+02), Variance: 1.64715e+02 (4.39713e+03), Accept ratio: 0.46914, 
INFO:root:Epoch  4641, Energy: -1.02601e+02 (-1.01066e+02), Variance: 1.51772e+02 (7.70521e+02), Accept ratio: 0.46309, 
INFO:root:Epoch  4642, Energy: -1.01924e+02 (-9.70566e+01), Variance: 2.03982e+02 (1.22874e+04), Accept ratio: 0.46846, 
INFO:root:Epoch  4643, Energy: -1.01656e+02 (-9.84917e+01), Variance: 2.11511e+02 (5.38076e+03), Accept ratio: 0.46405, 
INFO:root:Epoch  4644, Energy: -1.02161e+02 (-1.19701e+02), Variance: 4.21162e+02 (2.94278e+05), Accept ratio: 0.46414, 
INFO:root:Epoch  4645, Energy: -1.01932e+02 (-9.77432e+01), Variance: 1.93159e+02 (7.27051e+03), Accept ratio: 0.47092, 
INFO:root:Epoch  4646, Energy: -1.02309e+02 (-9.87073e+01), Variance: 1.66262e+02 (6.41698e+03), Accept ratio: 0.46842, 
INFO:root:Epoch  4647, Energy: -1.02495e+02 (-9.89805e+01), Variance: 1.97466e+02 (8.95978e+03), Accept ratio: 0.46316, 
INFO:root:Epoch  4648, Energy: -1.02895e+02 (-1.04441e+02), Variance: 1.57729e+02 (4.92208e+03), Accept ratio: 0.46847, 
INFO:root:Epoch  4649, Energy: -1.02899e+02 (-1.04075e+02), Variance: 1.30928e+02 (2.93425e+03), Accept ratio: 0.47313, 
INFO:root:Epoch  4650, Energy: -1.01795e+02 (-1.08744e+02), Variance: 2.92337e+02 (1.22779e+05), Accept ratio: 0.46543, 
INFO:root:Epoch  4651, Energy: -1.02538e+02 (-1.01120e+02), Variance: 1.58773e+02 (2.77643e+03), Accept ratio: 0.47067, 
INFO:root:Epoch  4652, Energy: -1.02659e+02 (-9.93698e+01), Variance: 2.43662e+02 (4.82283e+03), Accept ratio: 0.47311, 
INFO:root:Epoch  4653, Energy: -1.02982e+02 (-9.89736e+01), Variance: 1.91908e+02 (7.58919e+03), Accept ratio: 0.46338, 
INFO:root:Epoch  4654, Energy: -1.02964e+02 (-9.39204e+01), Variance: 3.64415e+02 (8.65412e+04), Accept ratio: 0.46805, 
INFO:root:Epoch  4655, Energy: -1.02680e+02 (-9.80146e+01), Variance: 1.86503e+02 (1.28702e+04), Accept ratio: 0.46435, 
INFO:root:Epoch  4656, Energy: -1.02609e+02 (-9.93765e+01), Variance: 1.62086e+02 (4.06856e+03), Accept ratio: 0.46830, 
INFO:root:Epoch  4657, Energy: -1.02544e+02 (-1.00902e+02), Variance: 1.32864e+02 (1.49874e+03), Accept ratio: 0.46358, 
INFO:root:Epoch  4658, Energy: -1.02498e+02 (-1.01719e+02), Variance: 1.57530e+02 (8.79707e+03), Accept ratio: 0.47142, 
INFO:root:Epoch  4659, Energy: -1.02683e+02 (-9.95520e+01), Variance: 1.53240e+02 (4.52866e+03), Accept ratio: 0.46365, 
INFO:root:Epoch  4660, Energy: -1.03449e+02 (-1.02413e+02), Variance: 1.10928e+02 (6.07431e+02), Accept ratio: 0.46871, 
INFO:root:Epoch  4661, Energy: -1.02922e+02 (-1.03165e+02), Variance: 1.20875e+02 (2.61808e+03), Accept ratio: 0.46988, 
INFO:root:Epoch  4662, Energy: -1.03114e+02 (-1.02051e+02), Variance: 1.25567e+02 (6.49625e+02), Accept ratio: 0.46879, 
INFO:root:Epoch  4663, Energy: -1.03315e+02 (-1.02144e+02), Variance: 1.35109e+02 (2.22161e+03), Accept ratio: 0.46963, 
INFO:root:Epoch  4664, Energy: -1.03030e+02 (-1.00885e+02), Variance: 1.29965e+02 (1.88969e+03), Accept ratio: 0.46347, 
INFO:root:Epoch  4665, Energy: -1.03165e+02 (-1.04778e+02), Variance: 1.23943e+02 (6.99471e+03), Accept ratio: 0.47334, 
INFO:root:Epoch  4666, Energy: -1.03069e+02 (-1.01616e+02), Variance: 1.19144e+02 (2.38905e+03), Accept ratio: 0.47282, 
INFO:root:Epoch  4667, Energy: -1.02284e+02 (-9.52589e+01), Variance: 2.22770e+02 (3.23049e+04), Accept ratio: 0.47985, 
INFO:root:Epoch  4668, Energy: -1.02653e+02 (-1.00937e+02), Variance: 1.44753e+02 (3.69426e+03), Accept ratio: 0.46983, 
INFO:root:Epoch  4669, Energy: -1.03585e+02 (-1.03492e+02), Variance: 1.01047e+02 (5.28988e+02), Accept ratio: 0.46073, 
INFO:root:Epoch  4670, Energy: -1.03419e+02 (-1.00907e+02), Variance: 1.14424e+02 (1.59478e+03), Accept ratio: 0.46429, 
INFO:root:Epoch  4671, Energy: -1.02962e+02 (-1.10610e+02), Variance: 2.15565e+02 (3.56875e+04), Accept ratio: 0.46527, 
INFO:root:Epoch  4672, Energy: -1.02890e+02 (-1.02249e+02), Variance: 1.45053e+02 (2.95357e+03), Accept ratio: 0.47207, 
INFO:root:Epoch  4673, Energy: -1.03093e+02 (-1.02969e+02), Variance: 1.04297e+02 (5.49651e+02), Accept ratio: 0.47150, 
INFO:root:Epoch  4674, Energy: -1.03127e+02 (-1.02172e+02), Variance: 1.17945e+02 (6.72302e+02), Accept ratio: 0.46239, 
INFO:root:Epoch  4675, Energy: -1.03163e+02 (-1.01335e+02), Variance: 1.22655e+02 (1.27329e+03), Accept ratio: 0.46472, 
INFO:root:Epoch  4676, Energy: -1.03140e+02 (-1.02533e+02), Variance: 1.00913e+02 (2.52188e+02), Accept ratio: 0.47611, 
INFO:root:Epoch  4677, Energy: -1.03070e+02 (-1.01648e+02), Variance: 1.14887e+02 (1.68244e+03), Accept ratio: 0.47490, 
INFO:root:Epoch  4678, Energy: -1.03817e+02 (-1.04216e+02), Variance: 1.02605e+02 (2.31465e+03), Accept ratio: 0.47062, 
INFO:root:Epoch  4679, Energy: -1.03203e+02 (-1.01387e+02), Variance: 1.23481e+02 (1.98320e+03), Accept ratio: 0.46434, 
INFO:root:Epoch  4680, Energy: -1.03299e+02 (-1.01190e+02), Variance: 1.30143e+02 (1.27490e+03), Accept ratio: 0.47097, 
INFO:root:Epoch  4681, Energy: -1.03188e+02 (-1.02134e+02), Variance: 1.20480e+02 (7.84808e+02), Accept ratio: 0.46561, 
INFO:root:Epoch  4682, Energy: -1.03313e+02 (-1.00254e+02), Variance: 1.38653e+02 (2.43598e+03), Accept ratio: 0.47092, 
INFO:root:Epoch  4683, Energy: -1.02837e+02 (-1.02291e+02), Variance: 1.09712e+02 (5.90953e+02), Accept ratio: 0.47157, 
INFO:root:Epoch  4684, Energy: -1.02919e+02 (-1.00194e+02), Variance: 1.41345e+02 (3.58708e+03), Accept ratio: 0.46465, 
INFO:root:Epoch  4685, Energy: -1.03131e+02 (-1.02101e+02), Variance: 1.17527e+02 (1.17270e+03), Accept ratio: 0.47199, 
INFO:root:Epoch  4686, Energy: -1.03170e+02 (-1.02681e+02), Variance: 1.38034e+02 (2.30891e+03), Accept ratio: 0.46146, 
INFO:root:Epoch  4687, Energy: -1.02630e+02 (-9.99193e+01), Variance: 1.38727e+02 (4.21282e+03), Accept ratio: 0.46835, 
INFO:root:Epoch  4688, Energy: -1.02936e+02 (-1.00423e+02), Variance: 1.26732e+02 (1.65167e+03), Accept ratio: 0.46767, 
INFO:root:Epoch  4689, Energy: -1.02025e+02 (-8.86589e+01), Variance: 3.56606e+02 (5.36319e+04), Accept ratio: 0.47454, 
INFO:root:Epoch  4690, Energy: -1.03753e+02 (-1.01731e+02), Variance: 9.50739e+01 (1.13937e+03), Accept ratio: 0.46790, 
INFO:root:Epoch  4691, Energy: -1.03163e+02 (-1.02017e+02), Variance: 1.91278e+02 (1.88892e+04), Accept ratio: 0.47290, 
INFO:root:Epoch  4692, Energy: -1.02686e+02 (-1.00592e+02), Variance: 2.04334e+02 (7.65438e+03), Accept ratio: 0.47276, 
INFO:root:Epoch  4693, Energy: -1.03002e+02 (-9.80919e+01), Variance: 1.96812e+02 (9.16794e+03), Accept ratio: 0.46970, 
INFO:root:Epoch  4694, Energy: -1.03452e+02 (-1.01279e+02), Variance: 1.20170e+02 (1.42470e+03), Accept ratio: 0.47175, 
INFO:root:Epoch  4695, Energy: -1.03226e+02 (-1.02439e+02), Variance: 1.11022e+02 (2.55226e+03), Accept ratio: 0.47475, 
INFO:root:Epoch  4696, Energy: -1.02707e+02 (-9.63422e+01), Variance: 2.14046e+02 (2.82286e+04), Accept ratio: 0.46749, 
INFO:root:Epoch  4697, Energy: -1.03234e+02 (-1.01221e+02), Variance: 1.07962e+02 (2.54439e+03), Accept ratio: 0.46520, 
INFO:root:Epoch  4698, Energy: -1.03638e+02 (-1.01461e+02), Variance: 1.22852e+02 (2.91542e+03), Accept ratio: 0.47063, 
INFO:root:Epoch  4699, Energy: -1.02893e+02 (-1.00682e+02), Variance: 1.44703e+02 (1.36975e+03), Accept ratio: 0.47150, 
INFO:root:Epoch  4700, Energy: -1.02686e+02 (-1.01565e+02), Variance: 1.64105e+02 (2.62280e+03), Accept ratio: 0.46919, 
INFO:root:Epoch  4701, Energy: -1.03023e+02 (-9.90214e+01), Variance: 1.33229e+02 (7.33059e+03), Accept ratio: 0.46899, 
INFO:root:Epoch  4702, Energy: -1.03585e+02 (-1.01062e+02), Variance: 1.26082e+02 (3.63628e+03), Accept ratio: 0.47222, 
INFO:root:Epoch  4703, Energy: -1.02467e+02 (-9.70385e+01), Variance: 1.98003e+02 (1.35088e+04), Accept ratio: 0.47065, 
INFO:root:Epoch  4704, Energy: -1.02585e+02 (-9.54572e+01), Variance: 1.60967e+02 (2.64911e+04), Accept ratio: 0.47045, 
INFO:root:Epoch  4705, Energy: -1.03254e+02 (-9.99160e+01), Variance: 1.27065e+02 (6.32585e+03), Accept ratio: 0.46730, 
INFO:root:Epoch  4706, Energy: -1.02964e+02 (-1.00093e+02), Variance: 1.14476e+02 (6.43998e+03), Accept ratio: 0.47676, 
INFO:root:Epoch  4707, Energy: -1.03506e+02 (-1.01731e+02), Variance: 1.26790e+02 (8.19634e+03), Accept ratio: 0.47255, 
INFO:root:Epoch  4708, Energy: -1.03325e+02 (-1.01657e+02), Variance: 1.03695e+02 (1.12440e+03), Accept ratio: 0.47226, 
INFO:root:Epoch  4709, Energy: -1.03761e+02 (-1.04634e+02), Variance: 9.62241e+01 (3.56695e+03), Accept ratio: 0.46640, 
INFO:root:Epoch  4710, Energy: -1.03820e+02 (-1.04330e+02), Variance: 1.27194e+02 (1.04242e+04), Accept ratio: 0.46567, 
INFO:root:Epoch  4711, Energy: -1.01974e+02 (-7.57518e+01), Variance: 6.42886e+02 (6.52274e+05), Accept ratio: 0.47098, 
INFO:root:Epoch  4712, Energy: -1.03801e+02 (-1.01334e+02), Variance: 1.04126e+02 (2.89580e+03), Accept ratio: 0.46480, 
INFO:root:Epoch  4713, Energy: -1.03843e+02 (-1.06140e+02), Variance: 1.37191e+02 (1.10907e+04), Accept ratio: 0.47421, 
INFO:root:Epoch  4714, Energy: -1.03664e+02 (-1.06177e+02), Variance: 9.98771e+01 (8.41586e+03), Accept ratio: 0.46991, 
INFO:root:Epoch  4715, Energy: -1.03763e+02 (-1.01759e+02), Variance: 9.19423e+01 (1.47073e+03), Accept ratio: 0.47232, 
INFO:root:Epoch  4716, Energy: -1.03301e+02 (-9.46608e+01), Variance: 1.98531e+02 (3.25998e+04), Accept ratio: 0.47050, 
INFO:root:Epoch  4717, Energy: -1.02923e+02 (-8.79944e+01), Variance: 3.11679e+02 (1.09512e+05), Accept ratio: 0.47354, 
INFO:root:Epoch  4718, Energy: -1.04178e+02 (-1.02416e+02), Variance: 8.67856e+01 (2.54689e+03), Accept ratio: 0.47358, 
INFO:root:Epoch  4719, Energy: -1.03916e+02 (-1.03490e+02), Variance: 7.96838e+01 (4.46594e+02), Accept ratio: 0.46768, 
INFO:root:Epoch  4720, Energy: -1.03268e+02 (-1.04991e+02), Variance: 9.30474e+01 (7.82599e+03), Accept ratio: 0.47365, 
INFO:root:Epoch  4721, Energy: -1.03725e+02 (-1.03032e+02), Variance: 8.87252e+01 (4.88180e+03), Accept ratio: 0.47479, 
INFO:root:Epoch  4722, Energy: -1.03817e+02 (-1.01444e+02), Variance: 9.24311e+01 (1.94348e+03), Accept ratio: 0.47855, 
INFO:root:Epoch  4723, Energy: -1.03224e+02 (-1.02492e+02), Variance: 1.14462e+02 (2.53271e+03), Accept ratio: 0.47134, 
INFO:root:Epoch  4724, Energy: -1.03113e+02 (-1.02574e+02), Variance: 1.41721e+02 (5.40748e+03), Accept ratio: 0.47495, 
INFO:root:Epoch  4725, Energy: -1.03486e+02 (-1.01473e+02), Variance: 1.00213e+02 (8.24351e+02), Accept ratio: 0.46595, 
INFO:root:Epoch  4726, Energy: -1.03541e+02 (-1.00196e+02), Variance: 9.05218e+01 (5.82198e+03), Accept ratio: 0.47151, 
INFO:root:Epoch  4727, Energy: -1.03107e+02 (-1.01451e+02), Variance: 8.81511e+01 (1.32270e+03), Accept ratio: 0.46495, 
INFO:root:Epoch  4728, Energy: -1.03444e+02 (-9.95513e+01), Variance: 1.08163e+02 (1.18456e+04), Accept ratio: 0.47731, 
INFO:root:Epoch  4729, Energy: -1.03640e+02 (-1.01077e+02), Variance: 9.67929e+01 (2.54070e+03), Accept ratio: 0.46751, 
INFO:root:Epoch  4730, Energy: -1.04258e+02 (-1.02667e+02), Variance: 7.91807e+01 (1.99754e+03), Accept ratio: 0.46814, 
INFO:root:Epoch  4731, Energy: -1.03730e+02 (-9.91237e+01), Variance: 8.86231e+01 (1.84902e+04), Accept ratio: 0.46709, 
INFO:root:Epoch  4732, Energy: -1.03855e+02 (-9.89323e+01), Variance: 1.50079e+02 (4.98763e+04), Accept ratio: 0.47544, 
INFO:root:Epoch  4733, Energy: -1.03519e+02 (-9.35575e+01), Variance: 1.78487e+02 (1.39494e+05), Accept ratio: 0.46742, 
INFO:root:Epoch  4734, Energy: -1.03652e+02 (-1.03294e+02), Variance: 7.25351e+01 (2.41490e+02), Accept ratio: 0.46684, 
INFO:root:Epoch  4735, Energy: -1.03367e+02 (-9.65293e+01), Variance: 1.34695e+02 (4.08680e+04), Accept ratio: 0.47105, 
INFO:root:Epoch  4736, Energy: -1.03713e+02 (-9.92091e+01), Variance: 1.13052e+02 (6.79821e+03), Accept ratio: 0.46710, 
INFO:root:Epoch  4737, Energy: -1.03419e+02 (-1.02183e+02), Variance: 7.48633e+01 (4.80793e+02), Accept ratio: 0.47324, 
INFO:root:Epoch  4738, Energy: -1.03353e+02 (-1.01229e+02), Variance: 1.00525e+02 (1.75300e+03), Accept ratio: 0.47125, 
INFO:root:Epoch  4739, Energy: -1.02787e+02 (-8.28006e+01), Variance: 4.47345e+02 (3.72667e+05), Accept ratio: 0.47355, 
INFO:root:Epoch  4740, Energy: -1.03882e+02 (-9.92338e+01), Variance: 1.24699e+02 (1.29825e+04), Accept ratio: 0.46941, 
INFO:root:Epoch  4741, Energy: -1.03491e+02 (-1.09606e+02), Variance: 1.22632e+02 (4.41314e+04), Accept ratio: 0.46967, 
INFO:root:Epoch  4742, Energy: -1.03235e+02 (-8.96876e+01), Variance: 1.74977e+02 (1.85688e+05), Accept ratio: 0.46783, 
INFO:root:Epoch  4743, Energy: -1.03691e+02 (-9.36577e+01), Variance: 1.63237e+02 (7.16601e+04), Accept ratio: 0.46736, 
INFO:root:Epoch  4744, Energy: -1.03587e+02 (-1.00566e+02), Variance: 1.11625e+02 (4.93331e+03), Accept ratio: 0.47377, 
INFO:root:Epoch  4745, Energy: -1.00852e+02 (-5.45551e-01), Variance: 2.81482e+03 (9.83837e+06), Accept ratio: 0.46438, 
INFO:root:Epoch  4746, Energy: -1.03225e+02 (-9.13080e+01), Variance: 2.15041e+02 (1.42758e+05), Accept ratio: 0.48180, 
INFO:root:Epoch  4747, Energy: -1.04116e+02 (-1.04788e+02), Variance: 9.15937e+01 (2.73807e+03), Accept ratio: 0.46856, 
INFO:root:Epoch  4748, Energy: -1.03444e+02 (-9.80599e+01), Variance: 1.53700e+02 (3.05516e+04), Accept ratio: 0.47481, 
INFO:root:Epoch  4749, Energy: -1.03043e+02 (-1.00017e+02), Variance: 1.17774e+02 (1.38666e+04), Accept ratio: 0.46547, 
INFO:root:Epoch  4750, Energy: -1.02571e+02 (-9.34502e+01), Variance: 1.87253e+02 (4.19006e+04), Accept ratio: 0.46949, 
INFO:root:Epoch  4751, Energy: -1.03912e+02 (-1.01407e+02), Variance: 8.52241e+01 (1.00934e+04), Accept ratio: 0.47592, 
INFO:root:Epoch  4752, Energy: -1.02573e+02 (-6.70558e+01), Variance: 7.70996e+02 (1.17299e+06), Accept ratio: 0.46583, 
INFO:root:Epoch  4753, Energy: -1.03800e+02 (-1.00696e+02), Variance: 9.08784e+01 (2.83384e+03), Accept ratio: 0.47204, 
INFO:root:Epoch  4754, Energy: -1.03359e+02 (-9.97881e+01), Variance: 9.33168e+01 (5.15743e+03), Accept ratio: 0.46995, 
INFO:root:Epoch  4755, Energy: -1.03202e+02 (-1.16433e+02), Variance: 1.93595e+02 (2.03146e+05), Accept ratio: 0.47481, 
INFO:root:Epoch  4756, Energy: -1.03320e+02 (-1.00490e+02), Variance: 8.99434e+01 (7.26097e+03), Accept ratio: 0.47357, 
INFO:root:Epoch  4757, Energy: -1.03793e+02 (-1.03869e+02), Variance: 5.89863e+01 (4.27759e+02), Accept ratio: 0.46801, 
INFO:root:Epoch  4758, Energy: -1.02940e+02 (-9.18610e+01), Variance: 1.78353e+02 (1.12231e+05), Accept ratio: 0.46464, 
INFO:root:Epoch  4759, Energy: -1.03272e+02 (-8.73141e+01), Variance: 2.74913e+02 (2.49495e+05), Accept ratio: 0.46505, 
INFO:root:Epoch  4760, Energy: -1.03244e+02 (-9.85356e+01), Variance: 1.05937e+02 (1.13746e+04), Accept ratio: 0.47270, 
INFO:root:Epoch  4761, Energy: -1.03752e+02 (-1.10151e+02), Variance: 1.61983e+02 (9.35722e+04), Accept ratio: 0.47835, 
INFO:root:Epoch  4762, Energy: -1.03999e+02 (-1.26170e+02), Variance: 3.49021e+02 (5.77390e+05), Accept ratio: 0.46851, 
INFO:root:Epoch  4763, Energy: -1.03667e+02 (-9.83496e+01), Variance: 1.26731e+02 (2.50211e+04), Accept ratio: 0.47241, 
INFO:root:Epoch  4764, Energy: -1.03566e+02 (-1.00661e+02), Variance: 1.05231e+02 (1.35727e+04), Accept ratio: 0.47063, 
INFO:root:Epoch  4765, Energy: -1.03754e+02 (-1.11083e+02), Variance: 1.35827e+02 (8.46609e+04), Accept ratio: 0.47153, 
INFO:root:Epoch  4766, Energy: -1.03996e+02 (-1.05262e+02), Variance: 7.21626e+01 (2.95046e+03), Accept ratio: 0.46933, 
INFO:root:Epoch  4767, Energy: -1.03743e+02 (-1.01065e+02), Variance: 7.89305e+01 (3.59399e+03), Accept ratio: 0.47627, 
INFO:root:Epoch  4768, Energy: -1.03610e+02 (-1.02519e+02), Variance: 7.40090e+01 (2.93601e+03), Accept ratio: 0.47327, 
INFO:root:Epoch  4769, Energy: -1.03550e+02 (-1.00300e+02), Variance: 9.00703e+01 (1.06630e+04), Accept ratio: 0.47261, 
INFO:root:Epoch  4770, Energy: -1.03889e+02 (-1.08020e+02), Variance: 9.30439e+01 (1.78158e+04), Accept ratio: 0.47614, 
INFO:root:Epoch  4771, Energy: -1.04337e+02 (-1.02529e+02), Variance: 8.46287e+01 (4.22819e+03), Accept ratio: 0.47560, 
INFO:root:Epoch  4772, Energy: -1.03806e+02 (-1.06455e+02), Variance: 8.44479e+01 (2.70201e+04), Accept ratio: 0.47251, 
INFO:root:Epoch  4773, Energy: -1.04111e+02 (-1.02406e+02), Variance: 7.39109e+01 (9.12248e+02), Accept ratio: 0.46671, 
INFO:root:Epoch  4774, Energy: -1.06298e+02 (-2.71294e+02), Variance: 4.80243e+03 (2.78368e+07), Accept ratio: 0.46311, 
INFO:root:Epoch  4775, Energy: -1.03479e+02 (-8.85991e+01), Variance: 2.31911e+02 (2.06199e+05), Accept ratio: 0.47254, 
INFO:root:Epoch  4776, Energy: -1.04186e+02 (-1.02773e+02), Variance: 1.11162e+02 (2.15891e+04), Accept ratio: 0.47071, 
INFO:root:Epoch  4777, Energy: -1.03438e+02 (-9.81275e+01), Variance: 1.11828e+02 (1.75168e+04), Accept ratio: 0.47447, 
INFO:root:Epoch  4778, Energy: -1.03910e+02 (-1.03390e+02), Variance: 5.90321e+01 (3.18620e+02), Accept ratio: 0.47533, 
INFO:root:Epoch  4779, Energy: -1.02711e+02 (-8.84956e+01), Variance: 1.58114e+02 (1.06852e+05), Accept ratio: 0.46971, 
INFO:root:Epoch  4780, Energy: -1.03873e+02 (-9.95203e+01), Variance: 8.43232e+01 (1.84011e+04), Accept ratio: 0.46702, 
INFO:root:Epoch  4781, Energy: -1.03635e+02 (-1.00316e+02), Variance: 7.46069e+01 (1.01330e+04), Accept ratio: 0.47089, 
INFO:root:Epoch  4782, Energy: -1.03515e+02 (-9.28759e+01), Variance: 1.17925e+02 (8.47587e+04), Accept ratio: 0.47094, 
INFO:root:Epoch  4783, Energy: -1.04130e+02 (-1.03334e+02), Variance: 7.78020e+01 (1.57673e+03), Accept ratio: 0.46583, 
INFO:root:Epoch  4784, Energy: -1.04244e+02 (-1.02654e+02), Variance: 7.22994e+01 (1.32766e+03), Accept ratio: 0.47671, 
INFO:root:Epoch  4785, Energy: -1.03951e+02 (-1.00532e+02), Variance: 9.91990e+01 (9.72246e+03), Accept ratio: 0.47534, 
INFO:root:Epoch  4786, Energy: -1.03914e+02 (-1.03343e+02), Variance: 5.80273e+01 (1.34711e+03), Accept ratio: 0.47325, 
INFO:root:Epoch  4787, Energy: -1.03408e+02 (-1.02669e+02), Variance: 8.43870e+01 (1.26976e+03), Accept ratio: 0.47490, 
INFO:root:Epoch  4788, Energy: -1.03669e+02 (-9.77586e+01), Variance: 8.29709e+01 (2.55324e+04), Accept ratio: 0.47123, 
INFO:root:Epoch  4789, Energy: -1.03185e+02 (-6.31461e+01), Variance: 5.04903e+02 (1.60571e+06), Accept ratio: 0.46971, 
INFO:root:Epoch  4790, Energy: -1.03354e+02 (-9.12085e+01), Variance: 1.94973e+02 (1.57560e+05), Accept ratio: 0.47297, 
INFO:root:Epoch  4791, Energy: -1.04212e+02 (-9.32719e+01), Variance: 1.67558e+02 (1.41151e+05), Accept ratio: 0.47519, 
INFO:root:Epoch  4792, Energy: -1.03933e+02 (-9.84290e+01), Variance: 1.22081e+02 (2.09091e+04), Accept ratio: 0.47946, 
INFO:root:Epoch  4793, Energy: -1.03816e+02 (-1.01938e+02), Variance: 7.29000e+01 (2.76314e+03), Accept ratio: 0.47204, 
INFO:root:Epoch  4794, Energy: -1.03780e+02 (-1.01666e+02), Variance: 6.64401e+01 (3.50401e+03), Accept ratio: 0.46791, 
INFO:root:Epoch  4795, Energy: -1.03689e+02 (-1.01422e+02), Variance: 6.36972e+01 (4.49289e+03), Accept ratio: 0.47164, 
INFO:root:Epoch  4796, Energy: -1.03993e+02 (-7.42767e+01), Variance: 2.78638e+02 (9.44902e+05), Accept ratio: 0.47425, 
INFO:root:Epoch  4797, Energy: -1.03518e+02 (-1.02098e+02), Variance: 6.16949e+01 (8.44236e+02), Accept ratio: 0.47489, 
INFO:root:Epoch  4798, Energy: -1.03619e+02 (-1.02197e+02), Variance: 6.28200e+01 (1.04836e+03), Accept ratio: 0.46880, 
INFO:root:Epoch  4799, Energy: -1.03683e+02 (-1.00927e+02), Variance: 7.94429e+01 (5.33129e+03), Accept ratio: 0.47396, 
INFO:root:Epoch  4800, Energy: -1.04355e+02 (-1.03564e+02), Variance: 6.31054e+01 (2.08113e+03), Accept ratio: 0.47357, 
INFO:root:Epoch  4801, Energy: -1.03810e+02 (-7.95569e+01), Variance: 1.68329e+02 (6.01598e+05), Accept ratio: 0.47297, 
INFO:root:Epoch  4802, Energy: -1.04013e+02 (-1.01392e+02), Variance: 5.93152e+01 (7.18656e+03), Accept ratio: 0.46885, 
INFO:root:Epoch  4803, Energy: -1.03461e+02 (-9.66288e+01), Variance: 9.37127e+01 (1.80342e+04), Accept ratio: 0.47391, 
INFO:root:Epoch  4804, Energy: -1.03788e+02 (-9.70168e+01), Variance: 1.07107e+02 (3.05841e+04), Accept ratio: 0.47783, 
INFO:root:Epoch  4805, Energy: -1.03852e+02 (-9.40232e+01), Variance: 1.09005e+02 (9.37234e+04), Accept ratio: 0.47058, 
INFO:root:Epoch  4806, Energy: -1.03983e+02 (-1.20122e+02), Variance: 1.82726e+02 (3.45402e+05), Accept ratio: 0.47452, 
INFO:root:Epoch  4807, Energy: -1.03782e+02 (-1.02414e+02), Variance: 6.66783e+01 (1.22307e+03), Accept ratio: 0.47589, 
INFO:root:Epoch  4808, Energy: -1.04014e+02 (-1.01787e+02), Variance: 6.83268e+01 (2.22046e+03), Accept ratio: 0.48221, 
INFO:root:Epoch  4809, Energy: -1.03838e+02 (-1.03038e+02), Variance: 6.94855e+01 (1.11613e+03), Accept ratio: 0.47292, 
INFO:root:Epoch  4810, Energy: -1.04300e+02 (-1.02575e+02), Variance: 7.56246e+01 (4.10115e+03), Accept ratio: 0.47079, 
INFO:root:Epoch  4811, Energy: -1.04379e+02 (-1.05633e+02), Variance: 6.31085e+01 (3.47655e+03), Accept ratio: 0.46819, 
INFO:root:Epoch  4812, Energy: -1.04324e+02 (-1.04965e+02), Variance: 5.52374e+01 (1.68026e+03), Accept ratio: 0.46484, 
INFO:root:Epoch  4813, Energy: -1.04213e+02 (-1.03307e+02), Variance: 6.24654e+01 (3.03491e+02), Accept ratio: 0.47499, 
INFO:root:Epoch  4814, Energy: -1.04286e+02 (-1.01746e+02), Variance: 6.56150e+01 (2.62653e+03), Accept ratio: 0.47226, 
INFO:root:Epoch  4815, Energy: -1.04132e+02 (-1.02573e+02), Variance: 6.02727e+01 (2.45314e+03), Accept ratio: 0.47070, 
INFO:root:Epoch  4816, Energy: -1.04123e+02 (-1.02682e+02), Variance: 6.44978e+01 (1.60271e+03), Accept ratio: 0.46767, 
INFO:root:Epoch  4817, Energy: -1.04594e+02 (-1.03860e+02), Variance: 4.58589e+01 (2.92811e+02), Accept ratio: 0.46610, 
INFO:root:Epoch  4818, Energy: -1.03893e+02 (-9.84278e+01), Variance: 8.44478e+01 (2.19192e+04), Accept ratio: 0.47044, 
INFO:root:Epoch  4819, Energy: -1.04028e+02 (-1.00609e+02), Variance: 6.35827e+01 (8.16716e+03), Accept ratio: 0.47390, 
INFO:root:Epoch  4820, Energy: -1.03962e+02 (-1.00207e+02), Variance: 7.80962e+01 (1.10648e+04), Accept ratio: 0.47321, 
INFO:root:Epoch  4821, Energy: -1.03923e+02 (-9.94430e+01), Variance: 7.36809e+01 (1.86281e+04), Accept ratio: 0.47995, 
INFO:root:Epoch  4822, Energy: -1.04314e+02 (-1.07624e+02), Variance: 6.89923e+01 (1.36029e+04), Accept ratio: 0.47682, 
INFO:root:Epoch  4823, Energy: -1.04255e+02 (-1.03205e+02), Variance: 5.85850e+01 (8.16220e+02), Accept ratio: 0.47065, 
INFO:root:Epoch  4824, Energy: -1.04194e+02 (-1.03854e+02), Variance: 5.14470e+01 (1.05421e+02), Accept ratio: 0.47218, 
INFO:root:Epoch  4825, Energy: -1.04016e+02 (-1.03449e+02), Variance: 6.27113e+01 (2.34109e+02), Accept ratio: 0.47596, 
INFO:root:Epoch  4826, Energy: -1.03744e+02 (-1.00690e+02), Variance: 7.91120e+01 (4.38459e+03), Accept ratio: 0.47475, 
INFO:root:Epoch  4827, Energy: -1.03824e+02 (-1.02809e+02), Variance: 5.65594e+01 (5.43701e+02), Accept ratio: 0.47907, 
INFO:root:Epoch  4828, Energy: -1.04243e+02 (-1.04116e+02), Variance: 6.39282e+01 (1.62600e+02), Accept ratio: 0.47174, 
INFO:root:Epoch  4829, Energy: -1.04173e+02 (-1.03991e+02), Variance: 5.03425e+01 (1.24721e+02), Accept ratio: 0.47362, 
INFO:root:Epoch  4830, Energy: -1.04203e+02 (-1.03769e+02), Variance: 5.02791e+01 (1.52903e+02), Accept ratio: 0.47630, 
INFO:root:Epoch  4831, Energy: -1.04455e+02 (-1.04137e+02), Variance: 5.12397e+01 (1.14853e+02), Accept ratio: 0.47896, 
INFO:root:Epoch  4832, Energy: -1.04065e+02 (-1.06243e+02), Variance: 7.89767e+01 (9.20672e+03), Accept ratio: 0.47264, 
INFO:root:Epoch  4833, Energy: -1.04097e+02 (-1.03132e+02), Variance: 6.59819e+01 (6.43836e+02), Accept ratio: 0.47690, 
INFO:root:Epoch  4834, Energy: -1.04250e+02 (-1.03988e+02), Variance: 5.41387e+01 (9.55658e+01), Accept ratio: 0.46729, 
INFO:root:Epoch  4835, Energy: -1.03905e+02 (-1.01890e+02), Variance: 6.66875e+01 (1.33062e+03), Accept ratio: 0.47415, 
INFO:root:Epoch  4836, Energy: -1.04168e+02 (-1.01620e+02), Variance: 5.44827e+01 (6.44995e+03), Accept ratio: 0.47274, 
INFO:root:Epoch  4837, Energy: -1.03853e+02 (-1.03403e+02), Variance: 5.72225e+01 (1.18304e+02), Accept ratio: 0.47549, 
INFO:root:Epoch  4838, Energy: -1.03988e+02 (-1.03223e+02), Variance: 4.76103e+01 (5.22751e+02), Accept ratio: 0.46748, 
INFO:root:Epoch  4839, Energy: -1.03882e+02 (-1.02535e+02), Variance: 5.79777e+01 (7.60555e+02), Accept ratio: 0.47791, 
INFO:root:Epoch  4840, Energy: -1.04055e+02 (-1.04401e+02), Variance: 5.39177e+01 (1.03475e+03), Accept ratio: 0.47110, 
INFO:root:Epoch  4841, Energy: -1.03991e+02 (-1.04098e+02), Variance: 5.57978e+01 (1.08846e+02), Accept ratio: 0.47451, 
INFO:root:Epoch  4842, Energy: -1.03939e+02 (-1.03606e+02), Variance: 5.30361e+01 (1.21629e+02), Accept ratio: 0.47559, 
INFO:root:Epoch  4843, Energy: -1.03856e+02 (-1.03108e+02), Variance: 5.74834e+01 (2.37748e+02), Accept ratio: 0.47562, 
INFO:root:Epoch  4844, Energy: -1.04491e+02 (-1.04671e+02), Variance: 4.94243e+01 (1.65212e+02), Accept ratio: 0.46763, 
INFO:root:Epoch  4845, Energy: -1.03425e+02 (-9.07563e+01), Variance: 1.82413e+02 (1.60978e+05), Accept ratio: 0.47323, 
INFO:root:Epoch  4846, Energy: -1.04284e+02 (-1.03552e+02), Variance: 5.95773e+01 (4.70320e+02), Accept ratio: 0.47041, 
INFO:root:Epoch  4847, Energy: -1.04598e+02 (-1.07819e+02), Variance: 6.80530e+01 (1.66817e+04), Accept ratio: 0.47207, 
INFO:root:Epoch  4848, Energy: -1.03653e+02 (-1.01209e+02), Variance: 6.91416e+01 (2.99614e+03), Accept ratio: 0.47324, 
INFO:root:Epoch  4849, Energy: -1.03863e+02 (-9.87279e+01), Variance: 8.92395e+01 (3.48245e+04), Accept ratio: 0.47861, 
INFO:root:Epoch  4850, Energy: -1.04150e+02 (-1.02565e+02), Variance: 5.65762e+01 (2.29514e+03), Accept ratio: 0.47731, 
INFO:root:Epoch  4851, Energy: -1.03910e+02 (-1.02678e+02), Variance: 6.04828e+01 (1.25431e+03), Accept ratio: 0.46543, 
INFO:root:Epoch  4852, Energy: -1.04151e+02 (-1.03868e+02), Variance: 6.05647e+01 (4.01283e+02), Accept ratio: 0.47677, 
INFO:root:Epoch  4853, Energy: -1.04211e+02 (-1.22683e+02), Variance: 2.16131e+02 (3.47642e+05), Accept ratio: 0.47301, 
INFO:root:Epoch  4854, Energy: -1.04327e+02 (-1.03586e+02), Variance: 5.68646e+01 (5.41994e+02), Accept ratio: 0.46845, 
INFO:root:Epoch  4855, Energy: -1.03645e+02 (-1.02905e+02), Variance: 5.89743e+01 (6.93226e+02), Accept ratio: 0.46924, 
INFO:root:Epoch  4856, Energy: -1.03928e+02 (-1.02975e+02), Variance: 5.89556e+01 (8.87519e+02), Accept ratio: 0.47196, 
INFO:root:Epoch  4857, Energy: -1.03708e+02 (-1.00151e+02), Variance: 6.96344e+01 (1.19643e+04), Accept ratio: 0.48661, 
INFO:root:Epoch  4858, Energy: -1.04140e+02 (-1.04058e+02), Variance: 5.82898e+01 (1.36467e+02), Accept ratio: 0.47108, 
INFO:root:Epoch  4859, Energy: -1.04240e+02 (-9.48124e+01), Variance: 1.00134e+02 (9.45894e+04), Accept ratio: 0.47422, 
INFO:root:Epoch  4860, Energy: -1.04689e+02 (-1.10406e+02), Variance: 1.00196e+02 (3.42097e+04), Accept ratio: 0.47686, 
INFO:root:Epoch  4861, Energy: -1.04107e+02 (-1.03759e+02), Variance: 5.27532e+01 (1.60528e+02), Accept ratio: 0.47022, 
INFO:root:Epoch  4862, Energy: -1.04036e+02 (-1.04965e+02), Variance: 5.91050e+01 (1.57878e+03), Accept ratio: 0.47241, 
INFO:root:Epoch  4863, Energy: -1.04149e+02 (-1.03496e+02), Variance: 5.82467e+01 (2.03782e+02), Accept ratio: 0.47657, 
INFO:root:Epoch  4864, Energy: -1.04498e+02 (-1.04243e+02), Variance: 4.62603e+01 (2.41105e+02), Accept ratio: 0.47501, 
INFO:root:Epoch  4865, Energy: -1.04165e+02 (-1.02737e+02), Variance: 5.20616e+01 (2.57662e+03), Accept ratio: 0.47877, 
INFO:root:Epoch  4866, Energy: -1.04306e+02 (-1.04144e+02), Variance: 5.28982e+01 (1.82331e+02), Accept ratio: 0.47171, 
INFO:root:Epoch  4867, Energy: -1.04030e+02 (-1.03005e+02), Variance: 5.79271e+01 (7.89895e+02), Accept ratio: 0.47954, 
INFO:root:Epoch  4868, Energy: -1.03983e+02 (-1.03030e+02), Variance: 5.46128e+01 (3.64249e+02), Accept ratio: 0.47302, 
INFO:root:Epoch  4869, Energy: -1.04193e+02 (-1.03251e+02), Variance: 5.25451e+01 (6.16804e+02), Accept ratio: 0.47975, 
INFO:root:Epoch  4870, Energy: -1.04378e+02 (-1.03910e+02), Variance: 5.24632e+01 (2.59711e+02), Accept ratio: 0.47367, 
INFO:root:Epoch  4871, Energy: -1.04285e+02 (-1.02569e+02), Variance: 6.32386e+01 (1.95710e+03), Accept ratio: 0.47407, 
INFO:root:Epoch  4872, Energy: -1.04354e+02 (-1.03616e+02), Variance: 5.33114e+01 (5.47362e+02), Accept ratio: 0.47588, 
INFO:root:Epoch  4873, Energy: -1.04276e+02 (-1.03023e+02), Variance: 6.08823e+01 (1.25579e+03), Accept ratio: 0.47329, 
INFO:root:Epoch  4874, Energy: -1.04097e+02 (-1.03727e+02), Variance: 5.47265e+01 (2.13389e+02), Accept ratio: 0.47425, 
INFO:root:Epoch  4875, Energy: -1.04059e+02 (-1.02777e+02), Variance: 5.95870e+01 (6.22805e+02), Accept ratio: 0.47290, 
INFO:root:Epoch  4876, Energy: -1.04108e+02 (-1.01933e+02), Variance: 6.51631e+01 (1.76287e+03), Accept ratio: 0.46946, 
INFO:root:Epoch  4877, Energy: -1.04154e+02 (-1.03215e+02), Variance: 5.62257e+01 (5.52158e+02), Accept ratio: 0.47099, 
INFO:root:Epoch  4878, Energy: -1.04526e+02 (-1.02626e+02), Variance: 5.91474e+01 (1.86886e+03), Accept ratio: 0.47781, 
INFO:root:Epoch  4879, Energy: -1.04239e+02 (-1.02417e+02), Variance: 6.03717e+01 (2.30169e+03), Accept ratio: 0.47318, 
INFO:root:Epoch  4880, Energy: -1.04394e+02 (-1.01076e+02), Variance: 7.71328e+01 (4.11440e+03), Accept ratio: 0.47344, 
INFO:root:Epoch  4881, Energy: -1.04275e+02 (-1.03460e+02), Variance: 5.65212e+01 (6.67812e+02), Accept ratio: 0.46966, 
INFO:root:Epoch  4882, Energy: -1.04486e+02 (-1.02520e+02), Variance: 6.02280e+01 (2.73901e+03), Accept ratio: 0.47166, 
INFO:root:Epoch  4883, Energy: -1.04361e+02 (-1.03393e+02), Variance: 5.98817e+01 (5.46766e+02), Accept ratio: 0.47827, 
INFO:root:Epoch  4884, Energy: -1.04088e+02 (-1.03148e+02), Variance: 7.04747e+01 (2.83279e+02), Accept ratio: 0.47171, 
INFO:root:Epoch  4885, Energy: -1.04152e+02 (-1.03373e+02), Variance: 6.99622e+01 (7.88646e+02), Accept ratio: 0.46961, 
INFO:root:Epoch  4886, Energy: -1.04666e+02 (-1.02572e+02), Variance: 6.63515e+01 (3.27987e+03), Accept ratio: 0.46621, 
INFO:root:Epoch  4887, Energy: -1.04517e+02 (-1.04003e+02), Variance: 5.01684e+01 (1.80927e+02), Accept ratio: 0.46612, 
INFO:root:Epoch  4888, Energy: -1.04124e+02 (-1.02231e+02), Variance: 6.54454e+01 (1.31693e+03), Accept ratio: 0.47660, 
INFO:root:Epoch  4889, Energy: -1.04223e+02 (-1.03398e+02), Variance: 5.79888e+01 (6.57256e+02), Accept ratio: 0.46786, 
INFO:root:Epoch  4890, Energy: -1.03824e+02 (-9.33835e+01), Variance: 1.66746e+02 (1.01963e+05), Accept ratio: 0.47950, 
INFO:root:Epoch  4891, Energy: -1.04141e+02 (-1.02657e+02), Variance: 6.25342e+01 (6.61674e+02), Accept ratio: 0.47107, 
INFO:root:Epoch  4892, Energy: -1.04548e+02 (-1.03458e+02), Variance: 5.82936e+01 (4.25652e+02), Accept ratio: 0.47338, 
INFO:root:Epoch  4893, Energy: -1.03816e+02 (-9.78848e+01), Variance: 1.09403e+02 (3.45423e+04), Accept ratio: 0.47669, 
INFO:root:Epoch  4894, Energy: -1.04310e+02 (-1.04002e+02), Variance: 5.26087e+01 (1.68242e+02), Accept ratio: 0.47261, 
INFO:root:Epoch  4895, Energy: -1.04115e+02 (-1.02431e+02), Variance: 7.34037e+01 (9.51197e+02), Accept ratio: 0.46932, 
INFO:root:Epoch  4896, Energy: -1.04569e+02 (-1.03271e+02), Variance: 6.59537e+01 (6.32342e+02), Accept ratio: 0.47103, 
INFO:root:Epoch  4897, Energy: -1.04313e+02 (-1.00779e+02), Variance: 8.97976e+01 (1.26713e+04), Accept ratio: 0.48001, 
INFO:root:Epoch  4898, Energy: -1.04132e+02 (-1.02469e+02), Variance: 7.63539e+01 (1.75810e+03), Accept ratio: 0.47089, 
INFO:root:Epoch  4899, Energy: -1.04259e+02 (-1.02598e+02), Variance: 5.81744e+01 (1.69036e+03), Accept ratio: 0.46993, 
INFO:root:Epoch  4900, Energy: -1.04101e+02 (-1.03320e+02), Variance: 5.52368e+01 (2.50896e+02), Accept ratio: 0.46416, 
INFO:root:Epoch  4901, Energy: -1.04213e+02 (-1.01319e+02), Variance: 7.15587e+01 (5.92290e+03), Accept ratio: 0.47310, 
INFO:root:Epoch  4902, Energy: -1.04731e+02 (-1.05849e+02), Variance: 5.33168e+01 (1.69198e+03), Accept ratio: 0.47484, 
INFO:root:Epoch  4903, Energy: -1.04475e+02 (-1.04415e+02), Variance: 5.67200e+01 (3.45809e+02), Accept ratio: 0.46628, 
INFO:root:Epoch  4904, Energy: -1.04105e+02 (-9.88318e+01), Variance: 9.50581e+01 (1.81335e+04), Accept ratio: 0.47181, 
INFO:root:Epoch  4905, Energy: -1.04335e+02 (-1.02911e+02), Variance: 6.69715e+01 (1.32666e+03), Accept ratio: 0.46641, 
INFO:root:Epoch  4906, Energy: -1.03860e+02 (-1.01921e+02), Variance: 7.09983e+01 (1.57877e+03), Accept ratio: 0.47086, 
INFO:root:Epoch  4907, Energy: -1.04039e+02 (-9.24511e+01), Variance: 1.28644e+02 (1.29657e+05), Accept ratio: 0.46971, 
INFO:root:Epoch  4908, Energy: -1.04424e+02 (-1.06659e+02), Variance: 6.26426e+01 (4.99782e+03), Accept ratio: 0.47780, 
INFO:root:Epoch  4909, Energy: -1.04430e+02 (-1.03526e+02), Variance: 5.73497e+01 (5.44281e+02), Accept ratio: 0.47182, 
INFO:root:Epoch  4910, Energy: -1.03949e+02 (-1.00843e+02), Variance: 8.10654e+01 (3.13572e+03), Accept ratio: 0.46689, 
INFO:root:Epoch  4911, Energy: -1.04206e+02 (-9.92266e+01), Variance: 9.79405e+01 (1.89320e+04), Accept ratio: 0.47110, 
INFO:root:Epoch  4912, Energy: -1.04373e+02 (-1.03985e+02), Variance: 5.40691e+01 (4.26543e+02), Accept ratio: 0.47227, 
INFO:root:Epoch  4913, Energy: -1.04626e+02 (-1.04312e+02), Variance: 5.27404e+01 (4.73677e+02), Accept ratio: 0.47127, 
INFO:root:Epoch  4914, Energy: -1.04172e+02 (-1.03419e+02), Variance: 6.05450e+01 (3.78474e+02), Accept ratio: 0.47668, 
INFO:root:Epoch  4915, Energy: -1.03838e+02 (-1.01644e+02), Variance: 7.50116e+01 (9.48602e+03), Accept ratio: 0.46882, 
INFO:root:Epoch  4916, Energy: -1.04321e+02 (-1.03441e+02), Variance: 5.73279e+01 (3.01917e+02), Accept ratio: 0.46833, 
INFO:root:Epoch  4917, Energy: -1.04451e+02 (-1.04213e+02), Variance: 5.34460e+01 (2.81389e+02), Accept ratio: 0.47305, 
INFO:root:Epoch  4918, Energy: -1.04058e+02 (-1.02268e+02), Variance: 7.26073e+01 (2.87261e+03), Accept ratio: 0.46770, 
INFO:root:Epoch  4919, Energy: -1.04607e+02 (-1.04410e+02), Variance: 5.66152e+01 (5.44970e+02), Accept ratio: 0.47524, 
INFO:root:Epoch  4920, Energy: -1.04377e+02 (-1.03814e+02), Variance: 5.74822e+01 (1.90506e+02), Accept ratio: 0.47392, 
INFO:root:Epoch  4921, Energy: -1.04308e+02 (-1.03905e+02), Variance: 5.63592e+01 (1.01441e+02), Accept ratio: 0.46904, 
INFO:root:Epoch  4922, Energy: -1.04625e+02 (-1.04421e+02), Variance: 4.43416e+01 (1.00005e+02), Accept ratio: 0.46758, 
INFO:root:Epoch  4923, Energy: -1.04414e+02 (-1.04501e+02), Variance: 5.29038e+01 (6.71697e+02), Accept ratio: 0.47415, 
INFO:root:Epoch  4924, Energy: -1.04374e+02 (-1.03027e+02), Variance: 9.62465e+01 (8.77233e+03), Accept ratio: 0.47385, 
INFO:root:Epoch  4925, Energy: -1.04795e+02 (-1.04098e+02), Variance: 5.91117e+01 (2.90857e+02), Accept ratio: 0.47381, 
INFO:root:Epoch  4926, Energy: -1.04686e+02 (-1.04222e+02), Variance: 4.65280e+01 (1.65722e+02), Accept ratio: 0.46790, 
INFO:root:Epoch  4927, Energy: -1.04634e+02 (-1.04096e+02), Variance: 4.25880e+01 (3.75395e+02), Accept ratio: 0.47772, 
INFO:root:Epoch  4928, Energy: -1.04616e+02 (-1.04191e+02), Variance: 5.14809e+01 (3.86336e+02), Accept ratio: 0.48016, 
INFO:root:Epoch  4929, Energy: -1.04424e+02 (-1.04457e+02), Variance: 6.41720e+01 (1.45539e+03), Accept ratio: 0.48158, 
INFO:root:Epoch  4930, Energy: -1.04441e+02 (-1.04138e+02), Variance: 4.77758e+01 (1.69530e+02), Accept ratio: 0.47719, 
INFO:root:Epoch  4931, Energy: -1.04422e+02 (-1.03233e+02), Variance: 6.09888e+01 (9.49474e+02), Accept ratio: 0.47544, 
INFO:root:Epoch  4932, Energy: -1.04363e+02 (-1.03893e+02), Variance: 5.97823e+01 (1.83384e+02), Accept ratio: 0.46903, 
INFO:root:Epoch  4933, Energy: -1.04704e+02 (-1.03690e+02), Variance: 6.11139e+01 (6.15651e+02), Accept ratio: 0.47862, 
INFO:root:Epoch  4934, Energy: -1.04539e+02 (-1.03749e+02), Variance: 5.35311e+01 (4.11451e+02), Accept ratio: 0.47146, 
INFO:root:Epoch  4935, Energy: -1.04508e+02 (-1.04327e+02), Variance: 4.91574e+01 (1.59356e+02), Accept ratio: 0.47478, 
INFO:root:Epoch  4936, Energy: -1.04322e+02 (-9.67427e+01), Variance: 1.12794e+02 (6.27623e+04), Accept ratio: 0.47773, 
INFO:root:Epoch  4937, Energy: -1.04799e+02 (-1.04327e+02), Variance: 5.02144e+01 (2.22628e+02), Accept ratio: 0.47001, 
INFO:root:Epoch  4938, Energy: -1.04444e+02 (-1.08071e+02), Variance: 1.02573e+02 (2.52044e+04), Accept ratio: 0.46714, 
INFO:root:Epoch  4939, Energy: -1.04309e+02 (-1.01799e+02), Variance: 7.97655e+01 (3.67588e+03), Accept ratio: 0.47039, 
INFO:root:Epoch  4940, Energy: -1.04267e+02 (-1.03096e+02), Variance: 6.21975e+01 (1.16849e+03), Accept ratio: 0.47079, 
INFO:root:Epoch  4941, Energy: -1.04483e+02 (-1.04011e+02), Variance: 5.11948e+01 (1.53158e+02), Accept ratio: 0.48060, 
INFO:root:Epoch  4942, Energy: -1.04541e+02 (-1.04598e+02), Variance: 5.16635e+01 (4.52646e+02), Accept ratio: 0.47595, 
INFO:root:Epoch  4943, Energy: -1.04489e+02 (-1.03333e+02), Variance: 5.00333e+01 (4.49260e+02), Accept ratio: 0.47194, 
INFO:root:Epoch  4944, Energy: -1.04200e+02 (-1.02955e+02), Variance: 6.30030e+01 (1.12943e+03), Accept ratio: 0.47580, 
INFO:root:Epoch  4945, Energy: -1.04340e+02 (-1.04157e+02), Variance: 4.97200e+01 (2.17413e+02), Accept ratio: 0.47748, 
INFO:root:Epoch  4946, Energy: -1.04439e+02 (-1.03917e+02), Variance: 4.54880e+01 (2.03886e+02), Accept ratio: 0.47275, 
INFO:root:Epoch  4947, Energy: -1.04686e+02 (-1.03203e+02), Variance: 6.09361e+01 (2.43108e+03), Accept ratio: 0.46635, 
INFO:root:Epoch  4948, Energy: -1.04232e+02 (-1.03277e+02), Variance: 5.77487e+01 (7.66820e+02), Accept ratio: 0.47722, 
INFO:root:Epoch  4949, Energy: -1.04612e+02 (-1.05669e+02), Variance: 6.18919e+01 (5.41367e+03), Accept ratio: 0.47556, 
INFO:root:Epoch  4950, Energy: -1.04221e+02 (-1.00925e+02), Variance: 7.27405e+01 (8.47156e+03), Accept ratio: 0.47468, 
INFO:root:Epoch  4951, Energy: -1.04001e+02 (-1.00950e+02), Variance: 7.07187e+01 (8.51375e+03), Accept ratio: 0.47346, 
INFO:root:Epoch  4952, Energy: -1.04474e+02 (-1.03095e+02), Variance: 5.57369e+01 (9.23966e+02), Accept ratio: 0.47005, 
INFO:root:Epoch  4953, Energy: -1.04420e+02 (-1.03430e+02), Variance: 6.00376e+01 (3.78205e+02), Accept ratio: 0.47490, 
INFO:root:Epoch  4954, Energy: -1.04430e+02 (-1.03583e+02), Variance: 5.11956e+01 (7.73524e+02), Accept ratio: 0.47141, 
INFO:root:Epoch  4955, Energy: -1.04135e+02 (-1.03425e+02), Variance: 5.00960e+01 (1.81042e+02), Accept ratio: 0.47340, 
INFO:root:Epoch  4956, Energy: -1.04363e+02 (-1.04407e+02), Variance: 5.80343e+01 (3.04362e+02), Accept ratio: 0.47121, 
INFO:root:Epoch  4957, Energy: -1.04072e+02 (-1.04113e+02), Variance: 5.85082e+01 (4.22458e+02), Accept ratio: 0.46919, 
INFO:root:Epoch  4958, Energy: -1.04353e+02 (-1.03168e+02), Variance: 5.18613e+01 (6.82812e+02), Accept ratio: 0.47322, 
INFO:root:Epoch  4959, Energy: -1.04042e+02 (-1.03135e+02), Variance: 5.83477e+01 (3.70448e+02), Accept ratio: 0.46965, 
INFO:root:Epoch  4960, Energy: -1.04623e+02 (-1.02935e+02), Variance: 5.96774e+01 (2.82271e+03), Accept ratio: 0.47010, 
INFO:root:Epoch  4961, Energy: -1.04633e+02 (-1.05323e+02), Variance: 5.82417e+01 (1.58330e+03), Accept ratio: 0.47364, 
INFO:root:Epoch  4962, Energy: -1.04430e+02 (-1.05470e+02), Variance: 5.36355e+01 (2.77858e+03), Accept ratio: 0.47724, 
INFO:root:Epoch  4963, Energy: -1.04081e+02 (-1.02231e+02), Variance: 5.59619e+01 (2.15580e+03), Accept ratio: 0.47699, 
INFO:root:Epoch  4964, Energy: -1.04449e+02 (-1.08251e+02), Variance: 6.98263e+01 (1.90269e+04), Accept ratio: 0.47394, 
INFO:root:Epoch  4965, Energy: -1.04570e+02 (-1.04159e+02), Variance: 3.98966e+01 (3.17832e+02), Accept ratio: 0.47331, 
INFO:root:Epoch  4966, Energy: -1.04434e+02 (-1.03280e+02), Variance: 5.77845e+01 (7.06571e+02), Accept ratio: 0.46808, 
INFO:root:Epoch  4967, Energy: -1.04565e+02 (-1.02432e+02), Variance: 5.17638e+01 (3.47665e+03), Accept ratio: 0.47127, 
INFO:root:Epoch  4968, Energy: -1.04181e+02 (-1.01738e+02), Variance: 5.19955e+01 (4.56677e+03), Accept ratio: 0.46791, 
INFO:root:Epoch  4969, Energy: -1.04393e+02 (-1.03704e+02), Variance: 4.35713e+01 (3.02377e+02), Accept ratio: 0.47130, 
INFO:root:Epoch  4970, Energy: -1.04407e+02 (-1.04255e+02), Variance: 4.42083e+01 (1.20194e+02), Accept ratio: 0.47256, 
INFO:root:Epoch  4971, Energy: -1.04731e+02 (-1.04395e+02), Variance: 4.51466e+01 (4.84201e+02), Accept ratio: 0.47557, 
INFO:root:Epoch  4972, Energy: -1.04724e+02 (-1.04713e+02), Variance: 4.45642e+01 (9.18848e+01), Accept ratio: 0.47132, 
INFO:root:Epoch  4973, Energy: -1.04681e+02 (-1.03760e+02), Variance: 4.66062e+01 (1.34889e+03), Accept ratio: 0.47720, 
INFO:root:Epoch  4974, Energy: -1.04660e+02 (-1.03937e+02), Variance: 4.32068e+01 (3.56534e+02), Accept ratio: 0.46882, 
INFO:root:Epoch  4975, Energy: -1.04317e+02 (-1.03422e+02), Variance: 4.96101e+01 (3.20988e+02), Accept ratio: 0.47298, 
INFO:root:Epoch  4976, Energy: -1.04570e+02 (-1.04276e+02), Variance: 4.51304e+01 (1.74209e+02), Accept ratio: 0.47788, 
INFO:root:Epoch  4977, Energy: -1.04486e+02 (-1.04045e+02), Variance: 4.57079e+01 (1.95552e+02), Accept ratio: 0.47761, 
INFO:root:Epoch  4978, Energy: -1.04533e+02 (-1.03890e+02), Variance: 5.24005e+01 (2.40256e+02), Accept ratio: 0.47685, 
INFO:root:Epoch  4979, Energy: -1.04229e+02 (-1.00870e+02), Variance: 9.22022e+01 (9.11735e+03), Accept ratio: 0.47331, 
INFO:root:Epoch  4980, Energy: -1.04603e+02 (-1.07255e+02), Variance: 5.53059e+01 (7.98110e+03), Accept ratio: 0.46472, 
INFO:root:Epoch  4981, Energy: -1.04391e+02 (-1.03733e+02), Variance: 4.47968e+01 (1.79968e+02), Accept ratio: 0.46823, 
INFO:root:Epoch  4982, Energy: -1.04417e+02 (-1.03589e+02), Variance: 4.44009e+01 (4.49027e+02), Accept ratio: 0.47400, 
INFO:root:Epoch  4983, Energy: -1.04612e+02 (-1.04516e+02), Variance: 4.21365e+01 (2.11549e+02), Accept ratio: 0.47094, 
INFO:root:Epoch  4984, Energy: -1.04416e+02 (-1.04301e+02), Variance: 3.86670e+01 (8.77445e+01), Accept ratio: 0.47329, 
INFO:root:Epoch  4985, Energy: -1.04540e+02 (-1.04037e+02), Variance: 5.17255e+01 (1.67221e+02), Accept ratio: 0.47425, 
INFO:root:Epoch  4986, Energy: -1.04708e+02 (-1.04256e+02), Variance: 4.64306e+01 (2.96483e+02), Accept ratio: 0.47053, 
INFO:root:Epoch  4987, Energy: -1.05130e+02 (-1.03976e+02), Variance: 5.12101e+01 (1.46445e+03), Accept ratio: 0.47489, 
INFO:root:Epoch  4988, Energy: -1.04897e+02 (-1.04261e+02), Variance: 4.18590e+01 (3.54315e+02), Accept ratio: 0.47767, 
INFO:root:Epoch  4989, Energy: -1.04618e+02 (-1.04546e+02), Variance: 3.83960e+01 (8.04959e+01), Accept ratio: 0.47253, 
INFO:root:Epoch  4990, Energy: -1.04556e+02 (-1.04045e+02), Variance: 5.05210e+01 (3.42301e+02), Accept ratio: 0.47484, 
INFO:root:Epoch  4991, Energy: -1.04469e+02 (-1.03881e+02), Variance: 4.76294e+01 (5.12160e+02), Accept ratio: 0.47306, 
INFO:root:Epoch  4992, Energy: -1.04353e+02 (-1.03812e+02), Variance: 4.92906e+01 (1.23396e+02), Accept ratio: 0.47380, 
INFO:root:Epoch  4993, Energy: -1.04878e+02 (-1.05041e+02), Variance: 4.36775e+01 (3.19561e+02), Accept ratio: 0.47498, 
INFO:root:Epoch  4994, Energy: -1.04496e+02 (-1.04004e+02), Variance: 4.41577e+01 (1.33740e+02), Accept ratio: 0.48149, 
INFO:root:Epoch  4995, Energy: -1.04502e+02 (-1.04876e+02), Variance: 4.55013e+01 (3.85208e+02), Accept ratio: 0.47481, 
INFO:root:Epoch  4996, Energy: -1.03870e+02 (-8.56719e+01), Variance: 1.72994e+02 (3.15206e+05), Accept ratio: 0.47709, 
INFO:root:Epoch  4997, Energy: -1.04614e+02 (-1.03299e+02), Variance: 5.49958e+01 (2.26655e+03), Accept ratio: 0.47273, 
INFO:root:Epoch  4998, Energy: -1.04409e+02 (-1.18049e+02), Variance: 1.09245e+02 (1.91746e+05), Accept ratio: 0.47289, 
INFO:root:Epoch  4999, Energy: -1.04721e+02 (-1.04704e+02), Variance: 4.71916e+01 (3.43563e+02), Accept ratio: 0.46964, 
INFO:root:Epoch  5000, Energy: -1.04684e+02 (-1.04409e+02), Variance: 3.69242e+01 (1.17116e+02), Accept ratio: 0.46893, 
INFO:root:Epoch  5001, Energy: -1.04807e+02 (-1.04998e+02), Variance: 3.86015e+01 (1.42014e+02), Accept ratio: 0.47384, 
INFO:root:Epoch  5002, Energy: -1.04900e+02 (-1.05781e+02), Variance: 4.43214e+01 (7.08642e+02), Accept ratio: 0.47445, 
INFO:root:Epoch  5003, Energy: -1.04568e+02 (-1.04269e+02), Variance: 4.03241e+01 (1.46819e+02), Accept ratio: 0.47245, 
INFO:root:Epoch  5004, Energy: -1.04981e+02 (-1.04713e+02), Variance: 3.87897e+01 (1.94823e+02), Accept ratio: 0.47980, 
INFO:root:Epoch  5005, Energy: -1.04837e+02 (-1.05064e+02), Variance: 3.84296e+01 (4.08455e+02), Accept ratio: 0.47190, 
INFO:root:Epoch  5006, Energy: -1.04819e+02 (-1.06268e+02), Variance: 4.37522e+01 (2.29028e+03), Accept ratio: 0.47748, 
INFO:root:Epoch  5007, Energy: -1.04879e+02 (-1.04326e+02), Variance: 3.91835e+01 (3.50793e+02), Accept ratio: 0.47571, 
INFO:root:Epoch  5008, Energy: -1.05038e+02 (-1.04934e+02), Variance: 3.95017e+01 (9.70286e+01), Accept ratio: 0.47269, 
INFO:root:Epoch  5009, Energy: -1.04542e+02 (-1.03344e+02), Variance: 4.55587e+01 (9.68960e+02), Accept ratio: 0.47059, 
INFO:root:Epoch  5010, Energy: -1.04440e+02 (-1.03948e+02), Variance: 4.60374e+01 (1.18206e+02), Accept ratio: 0.47939, 
INFO:root:Epoch  5011, Energy: -1.04880e+02 (-1.04602e+02), Variance: 4.51969e+01 (1.23905e+02), Accept ratio: 0.46953, 
INFO:root:Epoch  5012, Energy: -1.04784e+02 (-1.04182e+02), Variance: 4.22441e+01 (2.04402e+02), Accept ratio: 0.47499, 
INFO:root:Epoch  5013, Energy: -1.04393e+02 (-1.03124e+02), Variance: 5.10574e+01 (9.08954e+02), Accept ratio: 0.47897, 
INFO:root:Epoch  5014, Energy: -1.04574e+02 (-1.03812e+02), Variance: 4.01658e+01 (5.44972e+02), Accept ratio: 0.46808, 
INFO:root:Epoch  5015, Energy: -1.04608e+02 (-1.05137e+02), Variance: 4.94859e+01 (3.16241e+02), Accept ratio: 0.47771, 
INFO:root:Epoch  5016, Energy: -1.04813e+02 (-1.04316e+02), Variance: 5.03934e+01 (9.73751e+02), Accept ratio: 0.47937, 
INFO:root:Epoch  5017, Energy: -1.04948e+02 (-1.05358e+02), Variance: 3.83797e+01 (3.13947e+02), Accept ratio: 0.47259, 
INFO:root:Epoch  5018, Energy: -1.04487e+02 (-1.04921e+02), Variance: 4.07855e+01 (3.99756e+02), Accept ratio: 0.47589, 
INFO:root:Epoch  5019, Energy: -1.04562e+02 (-1.04004e+02), Variance: 4.29513e+01 (1.09336e+03), Accept ratio: 0.47480, 
INFO:root:Epoch  5020, Energy: -1.04804e+02 (-1.05174e+02), Variance: 4.65963e+01 (5.77550e+02), Accept ratio: 0.47540, 
INFO:root:Epoch  5021, Energy: -1.04246e+02 (-1.00705e+02), Variance: 6.38678e+01 (1.05713e+04), Accept ratio: 0.47291, 
INFO:root:Epoch  5022, Energy: -1.04859e+02 (-1.05625e+02), Variance: 3.95837e+01 (6.72702e+02), Accept ratio: 0.47269, 
INFO:root:Epoch  5023, Energy: -1.04678e+02 (-1.05446e+02), Variance: 4.03440e+01 (1.21770e+03), Accept ratio: 0.48043, 
INFO:root:Epoch  5024, Energy: -1.04782e+02 (-1.03555e+02), Variance: 4.88326e+01 (3.52551e+03), Accept ratio: 0.47479, 
INFO:root:Epoch  5025, Energy: -1.04536e+02 (-1.01624e+02), Variance: 6.94018e+01 (1.01235e+04), Accept ratio: 0.47645, 
INFO:root:Epoch  5026, Energy: -1.05158e+02 (-1.03903e+02), Variance: 5.09611e+01 (6.27966e+02), Accept ratio: 0.48007, 
INFO:root:Epoch  5027, Energy: -1.04910e+02 (-1.05211e+02), Variance: 4.38084e+01 (8.59301e+02), Accept ratio: 0.47172, 
INFO:root:Epoch  5028, Energy: -1.04710e+02 (-1.03236e+02), Variance: 5.21698e+01 (2.94773e+03), Accept ratio: 0.47051, 
INFO:root:Epoch  5029, Energy: -1.05088e+02 (-1.04210e+02), Variance: 3.77532e+01 (3.74676e+02), Accept ratio: 0.47819, 
INFO:root:Epoch  5030, Energy: -1.04618e+02 (-1.03880e+02), Variance: 4.33194e+01 (2.14002e+02), Accept ratio: 0.47394, 
INFO:root:Epoch  5031, Energy: -1.04607e+02 (-1.04160e+02), Variance: 4.07540e+01 (1.01917e+02), Accept ratio: 0.46972, 
INFO:root:Epoch  5032, Energy: -1.04861e+02 (-1.07230e+02), Variance: 5.23256e+01 (6.16444e+03), Accept ratio: 0.46962, 
INFO:root:Epoch  5033, Energy: -1.04755e+02 (-1.02709e+02), Variance: 5.19372e+01 (4.33525e+03), Accept ratio: 0.47500, 
INFO:root:Epoch  5034, Energy: -1.04687e+02 (-1.03518e+02), Variance: 5.01120e+01 (8.30083e+02), Accept ratio: 0.47576, 
INFO:root:Epoch  5035, Energy: -1.04375e+02 (-1.03000e+02), Variance: 4.61532e+01 (1.05300e+03), Accept ratio: 0.47333, 
INFO:root:Epoch  5036, Energy: -1.04826e+02 (-1.04081e+02), Variance: 3.98718e+01 (4.45157e+02), Accept ratio: 0.47361, 
INFO:root:Epoch  5037, Energy: -1.04479e+02 (-1.04275e+02), Variance: 4.63955e+01 (1.33327e+02), Accept ratio: 0.47335, 
INFO:root:Epoch  5038, Energy: -1.04886e+02 (-1.04339e+02), Variance: 4.16444e+01 (2.22324e+02), Accept ratio: 0.46882, 
INFO:root:Epoch  5039, Energy: -1.04891e+02 (-1.03668e+02), Variance: 4.76215e+01 (7.65223e+02), Accept ratio: 0.46991, 
INFO:root:Epoch  5040, Energy: -1.04680e+02 (-1.05064e+02), Variance: 4.45269e+01 (5.48203e+02), Accept ratio: 0.47263, 
INFO:root:Epoch  5041, Energy: -1.04901e+02 (-1.03704e+02), Variance: 4.24003e+01 (6.53957e+02), Accept ratio: 0.47002, 
INFO:root:Epoch  5042, Energy: -1.04166e+02 (-1.01928e+02), Variance: 6.21034e+01 (3.47817e+03), Accept ratio: 0.46869, 
INFO:root:Epoch  5043, Energy: -1.04467e+02 (-1.09035e+02), Variance: 6.03390e+01 (2.84255e+04), Accept ratio: 0.47442, 
INFO:root:Epoch  5044, Energy: -1.04616e+02 (-1.02959e+02), Variance: 5.81428e+01 (6.34069e+03), Accept ratio: 0.48083, 
INFO:root:Epoch  5045, Energy: -1.04749e+02 (-1.04282e+02), Variance: 3.23219e+01 (1.47243e+02), Accept ratio: 0.46541, 
INFO:root:Epoch  5046, Energy: -1.04866e+02 (-1.04808e+02), Variance: 3.90874e+01 (5.79151e+02), Accept ratio: 0.47328, 
INFO:root:Epoch  5047, Energy: -1.04702e+02 (-1.06926e+02), Variance: 4.02206e+01 (7.59471e+03), Accept ratio: 0.47369, 
INFO:root:Epoch  5048, Energy: -1.04805e+02 (-1.04326e+02), Variance: 3.77947e+01 (2.96811e+02), Accept ratio: 0.47829, 
INFO:root:Epoch  5049, Energy: -1.04791e+02 (-1.03322e+02), Variance: 3.88165e+01 (1.65686e+03), Accept ratio: 0.47122, 
INFO:root:Epoch  5050, Energy: -1.04513e+02 (-1.04053e+02), Variance: 4.08298e+01 (1.01588e+02), Accept ratio: 0.47762, 
INFO:root:Epoch  5051, Energy: -1.04623e+02 (-1.04516e+02), Variance: 3.21784e+01 (7.36219e+01), Accept ratio: 0.47050, 
INFO:root:Epoch  5052, Energy: -1.04607e+02 (-1.05759e+02), Variance: 3.90785e+01 (1.71142e+03), Accept ratio: 0.47630, 
INFO:root:Epoch  5053, Energy: -1.04357e+02 (-1.04150e+02), Variance: 3.89471e+01 (5.73333e+01), Accept ratio: 0.46859, 
INFO:root:Epoch  5054, Energy: -1.04712e+02 (-1.03527e+02), Variance: 3.78787e+01 (9.16381e+02), Accept ratio: 0.46795, 
INFO:root:Epoch  5055, Energy: -1.04871e+02 (-1.04755e+02), Variance: 3.27956e+01 (1.51673e+02), Accept ratio: 0.47797, 
INFO:root:Epoch  5056, Energy: -1.04671e+02 (-1.03682e+02), Variance: 3.88837e+01 (7.27640e+02), Accept ratio: 0.47171, 
INFO:root:Epoch  5057, Energy: -1.04719e+02 (-1.02649e+02), Variance: 3.69503e+01 (3.52862e+03), Accept ratio: 0.47212, 
INFO:root:Epoch  5058, Energy: -1.04754e+02 (-1.04262e+02), Variance: 3.62511e+01 (1.47888e+02), Accept ratio: 0.47663, 
INFO:root:Epoch  5059, Energy: -1.04919e+02 (-1.04910e+02), Variance: 3.37548e+01 (5.83408e+01), Accept ratio: 0.47954, 
INFO:root:Epoch  5060, Energy: -1.04895e+02 (-1.04603e+02), Variance: 3.24667e+01 (6.33495e+01), Accept ratio: 0.47199, 
INFO:root:Epoch  5061, Energy: -1.04920e+02 (-1.03817e+02), Variance: 3.77341e+01 (5.48843e+02), Accept ratio: 0.47418, 
INFO:root:Epoch  5062, Energy: -1.04831e+02 (-1.04425e+02), Variance: 3.32964e+01 (1.55043e+02), Accept ratio: 0.47595, 
INFO:root:Epoch  5063, Energy: -1.04764e+02 (-1.03767e+02), Variance: 3.62758e+01 (5.88701e+02), Accept ratio: 0.47641, 
INFO:root:Epoch  5064, Energy: -1.05070e+02 (-1.04820e+02), Variance: 2.93623e+01 (8.23622e+01), Accept ratio: 0.47726, 
INFO:root:Epoch  5065, Energy: -1.04944e+02 (-1.05507e+02), Variance: 3.38703e+01 (2.30383e+02), Accept ratio: 0.47550, 
INFO:root:Epoch  5066, Energy: -1.04753e+02 (-1.04089e+02), Variance: 3.69675e+01 (2.06014e+02), Accept ratio: 0.47100, 
INFO:root:Epoch  5067, Energy: -1.04491e+02 (-1.04653e+02), Variance: 3.46587e+01 (2.15350e+02), Accept ratio: 0.47235, 
INFO:root:Epoch  5068, Energy: -1.04864e+02 (-1.04654e+02), Variance: 2.99488e+01 (7.39066e+01), Accept ratio: 0.47003, 
INFO:root:Epoch  5069, Energy: -1.04717e+02 (-1.04627e+02), Variance: 3.70931e+01 (1.74965e+02), Accept ratio: 0.47707, 
INFO:root:Epoch  5070, Energy: -1.04743e+02 (-1.04676e+02), Variance: 3.20266e+01 (5.14834e+01), Accept ratio: 0.46967, 
INFO:root:Epoch  5071, Energy: -1.04793e+02 (-1.04768e+02), Variance: 3.19210e+01 (6.56454e+01), Accept ratio: 0.47461, 
INFO:root:Epoch  5072, Energy: -1.04932e+02 (-1.04177e+02), Variance: 3.14338e+01 (2.41660e+02), Accept ratio: 0.47903, 
INFO:root:Epoch  5073, Energy: -1.04768e+02 (-1.04366e+02), Variance: 3.61046e+01 (4.22567e+02), Accept ratio: 0.47171, 
INFO:root:Epoch  5074, Energy: -1.04610e+02 (-1.02791e+02), Variance: 5.12386e+01 (4.78020e+03), Accept ratio: 0.47733, 
INFO:root:Epoch  5075, Energy: -1.04848e+02 (-1.04205e+02), Variance: 3.42985e+01 (3.90177e+02), Accept ratio: 0.47590, 
INFO:root:Epoch  5076, Energy: -1.04976e+02 (-1.04534e+02), Variance: 2.88963e+01 (1.40609e+02), Accept ratio: 0.47601, 
INFO:root:Epoch  5077, Energy: -1.04648e+02 (-1.03657e+02), Variance: 3.48743e+01 (3.57177e+02), Accept ratio: 0.47419, 
INFO:root:Epoch  5078, Energy: -1.04762e+02 (-1.00887e+02), Variance: 4.39484e+01 (1.38420e+04), Accept ratio: 0.47130, 
INFO:root:Epoch  5079, Energy: -1.04958e+02 (-1.03112e+02), Variance: 4.89212e+01 (1.70739e+03), Accept ratio: 0.47699, 
INFO:root:Epoch  5080, Energy: -1.05028e+02 (-1.03168e+02), Variance: 4.92552e+01 (1.58360e+03), Accept ratio: 0.47294, 
INFO:root:Epoch  5081, Energy: -1.04790e+02 (-1.04623e+02), Variance: 3.44770e+01 (1.18023e+02), Accept ratio: 0.46728, 
INFO:root:Epoch  5082, Energy: -1.04902e+02 (-1.10627e+02), Variance: 6.39904e+01 (2.68418e+04), Accept ratio: 0.47034, 
INFO:root:Epoch  5083, Energy: -1.04587e+02 (-1.04282e+02), Variance: 3.55478e+01 (8.63230e+01), Accept ratio: 0.47307, 
INFO:root:Epoch  5084, Energy: -1.04734e+02 (-1.04351e+02), Variance: 3.55694e+01 (1.34488e+02), Accept ratio: 0.47424, 
INFO:root:Epoch  5085, Energy: -1.04760e+02 (-1.04674e+02), Variance: 3.37295e+01 (1.07483e+02), Accept ratio: 0.47170, 
INFO:root:Epoch  5086, Energy: -1.04338e+02 (-1.02127e+02), Variance: 4.24877e+01 (3.53542e+03), Accept ratio: 0.47579, 
INFO:root:Epoch  5087, Energy: -1.04652e+02 (-1.04142e+02), Variance: 4.26826e+01 (1.74975e+02), Accept ratio: 0.47876, 
INFO:root:Epoch  5088, Energy: -1.04739e+02 (-1.04127e+02), Variance: 4.03445e+01 (1.68842e+02), Accept ratio: 0.47261, 
INFO:root:Epoch  5089, Energy: -1.04931e+02 (-1.04666e+02), Variance: 2.87753e+01 (7.05583e+01), Accept ratio: 0.47158, 
INFO:root:Epoch  5090, Energy: -1.05199e+02 (-1.05003e+02), Variance: 3.02249e+01 (7.62139e+01), Accept ratio: 0.47305, 
INFO:root:Epoch  5091, Energy: -1.05252e+02 (-1.04985e+02), Variance: 3.08428e+01 (6.10150e+01), Accept ratio: 0.46725, 
INFO:root:Epoch  5092, Energy: -1.04728e+02 (-1.02280e+02), Variance: 6.47698e+01 (2.08612e+03), Accept ratio: 0.47916, 
INFO:root:Epoch  5093, Energy: -1.05120e+02 (-1.05031e+02), Variance: 2.93733e+01 (3.44546e+01), Accept ratio: 0.47172, 
INFO:root:Epoch  5094, Energy: -1.04959e+02 (-1.04479e+02), Variance: 3.36885e+01 (2.00017e+02), Accept ratio: 0.47792, 
INFO:root:Epoch  5095, Energy: -1.04850e+02 (-1.04784e+02), Variance: 2.83792e+01 (4.22657e+01), Accept ratio: 0.47510, 
INFO:root:Epoch  5096, Energy: -1.05002e+02 (-1.05012e+02), Variance: 3.05675e+01 (9.11441e+01), Accept ratio: 0.47453, 
INFO:root:Epoch  5097, Energy: -1.04886e+02 (-1.04461e+02), Variance: 3.19047e+01 (1.25144e+02), Accept ratio: 0.47356, 
INFO:root:Epoch  5098, Energy: -1.04894e+02 (-1.04427e+02), Variance: 3.55548e+01 (1.01025e+02), Accept ratio: 0.47321, 
INFO:root:Epoch  5099, Energy: -1.04911e+02 (-1.04667e+02), Variance: 3.92683e+01 (1.89591e+02), Accept ratio: 0.47171, 
INFO:root:Epoch  5100, Energy: -1.04971e+02 (-1.05106e+02), Variance: 3.24164e+01 (1.47193e+02), Accept ratio: 0.47692, 
INFO:root:Epoch  5101, Energy: -1.05018e+02 (-1.04868e+02), Variance: 3.41421e+01 (6.10243e+01), Accept ratio: 0.47537, 
INFO:root:Epoch  5102, Energy: -1.04746e+02 (-1.04258e+02), Variance: 4.05780e+01 (4.71040e+02), Accept ratio: 0.46880, 
INFO:root:Epoch  5103, Energy: -1.04787e+02 (-1.04019e+02), Variance: 4.07276e+01 (7.32053e+02), Accept ratio: 0.46686, 
INFO:root:Epoch  5104, Energy: -1.04876e+02 (-1.04585e+02), Variance: 3.71333e+01 (2.93879e+02), Accept ratio: 0.47869, 
INFO:root:Epoch  5105, Energy: -1.04787e+02 (-1.02994e+02), Variance: 4.41459e+01 (1.07339e+03), Accept ratio: 0.47624, 
INFO:root:Epoch  5106, Energy: -1.05041e+02 (-1.04941e+02), Variance: 3.68254e+01 (7.58269e+02), Accept ratio: 0.47840, 
INFO:root:Epoch  5107, Energy: -1.04909e+02 (-1.04008e+02), Variance: 4.40413e+01 (3.94155e+02), Accept ratio: 0.47157, 
INFO:root:Epoch  5108, Energy: -1.05110e+02 (-1.02821e+02), Variance: 5.28746e+01 (3.04735e+03), Accept ratio: 0.47789, 
INFO:root:Epoch  5109, Energy: -1.04926e+02 (-1.05263e+02), Variance: 3.39773e+01 (7.58618e+02), Accept ratio: 0.47544, 
INFO:root:Epoch  5110, Energy: -1.05033e+02 (-1.04268e+02), Variance: 4.14365e+01 (3.49839e+02), Accept ratio: 0.46997, 
INFO:root:Epoch  5111, Energy: -1.04804e+02 (-1.03383e+02), Variance: 5.11167e+01 (1.12588e+03), Accept ratio: 0.46595, 
INFO:root:Epoch  5112, Energy: -1.04752e+02 (-1.03393e+02), Variance: 4.33787e+01 (1.52224e+03), Accept ratio: 0.47173, 
INFO:root:Epoch  5113, Energy: -1.04770e+02 (-1.04002e+02), Variance: 4.07353e+01 (3.87092e+02), Accept ratio: 0.47317, 
INFO:root:Epoch  5114, Energy: -1.04924e+02 (-1.04388e+02), Variance: 3.77426e+01 (5.59992e+02), Accept ratio: 0.47446, 
INFO:root:Epoch  5115, Energy: -1.04868e+02 (-1.04862e+02), Variance: 3.38639e+01 (6.80285e+01), Accept ratio: 0.47729, 
INFO:root:Epoch  5116, Energy: -1.04766e+02 (-1.03984e+02), Variance: 3.76268e+01 (5.35529e+02), Accept ratio: 0.47101, 
INFO:root:Epoch  5117, Energy: -1.04833e+02 (-1.04472e+02), Variance: 3.17155e+01 (7.54146e+01), Accept ratio: 0.47320, 
INFO:root:Epoch  5118, Energy: -1.05031e+02 (-1.04906e+02), Variance: 3.13489e+01 (8.69193e+01), Accept ratio: 0.47234, 
INFO:root:Epoch  5119, Energy: -1.05230e+02 (-1.04853e+02), Variance: 3.21715e+01 (3.10173e+02), Accept ratio: 0.47138, 
INFO:root:Epoch  5120, Energy: -1.05025e+02 (-1.04041e+02), Variance: 3.48245e+01 (6.33349e+02), Accept ratio: 0.47641, 
INFO:root:Epoch  5121, Energy: -1.05201e+02 (-1.05189e+02), Variance: 3.04885e+01 (5.84710e+01), Accept ratio: 0.47354, 
INFO:root:Epoch  5122, Energy: -1.05243e+02 (-1.05092e+02), Variance: 2.89344e+01 (4.91870e+01), Accept ratio: 0.47685, 
INFO:root:Epoch  5123, Energy: -1.05072e+02 (-1.04814e+02), Variance: 2.81160e+01 (8.38511e+01), Accept ratio: 0.47305, 
INFO:root:Epoch  5124, Energy: -1.05085e+02 (-1.04990e+02), Variance: 3.29094e+01 (7.26514e+01), Accept ratio: 0.47341, 
INFO:root:Epoch  5125, Energy: -1.05168e+02 (-1.05139e+02), Variance: 2.84553e+01 (4.94257e+01), Accept ratio: 0.46899, 
INFO:root:Epoch  5126, Energy: -1.05315e+02 (-1.05589e+02), Variance: 3.36594e+01 (2.41849e+02), Accept ratio: 0.47389, 
INFO:root:Epoch  5127, Energy: -1.05242e+02 (-1.05326e+02), Variance: 3.21821e+01 (4.37421e+02), Accept ratio: 0.48400, 
INFO:root:Epoch  5128, Energy: -1.05087e+02 (-1.03867e+02), Variance: 3.20484e+01 (8.20029e+02), Accept ratio: 0.47461, 
INFO:root:Epoch  5129, Energy: -1.05347e+02 (-1.04922e+02), Variance: 3.02910e+01 (1.02265e+02), Accept ratio: 0.47750, 
INFO:root:Epoch  5130, Energy: -1.05263e+02 (-1.04714e+02), Variance: 3.20048e+01 (1.39480e+02), Accept ratio: 0.47623, 
INFO:root:Epoch  5131, Energy: -1.05071e+02 (-1.04401e+02), Variance: 3.00548e+01 (1.99130e+02), Accept ratio: 0.48305, 
INFO:root:Epoch  5132, Energy: -1.05187e+02 (-1.05500e+02), Variance: 3.04463e+01 (3.75197e+02), Accept ratio: 0.47721, 
INFO:root:Epoch  5133, Energy: -1.05286e+02 (-1.05075e+02), Variance: 2.83495e+01 (5.49542e+01), Accept ratio: 0.47516, 
INFO:root:Epoch  5134, Energy: -1.05051e+02 (-1.05321e+02), Variance: 3.06511e+01 (7.75995e+01), Accept ratio: 0.47237, 
INFO:root:Epoch  5135, Energy: -1.04698e+02 (-1.04132e+02), Variance: 3.77551e+01 (3.35666e+02), Accept ratio: 0.48094, 
INFO:root:Epoch  5136, Energy: -1.05232e+02 (-1.05090e+02), Variance: 3.14571e+01 (4.91802e+01), Accept ratio: 0.47728, 
INFO:root:Epoch  5137, Energy: -1.05325e+02 (-1.05107e+02), Variance: 2.65699e+01 (5.13157e+01), Accept ratio: 0.47688, 
INFO:root:Epoch  5138, Energy: -1.05473e+02 (-1.05668e+02), Variance: 2.93331e+01 (1.93953e+02), Accept ratio: 0.47879, 
INFO:root:Epoch  5139, Energy: -1.05278e+02 (-1.04893e+02), Variance: 3.26589e+01 (2.32999e+02), Accept ratio: 0.47936, 
INFO:root:Epoch  5140, Energy: -1.05147e+02 (-1.04884e+02), Variance: 3.01804e+01 (1.89168e+02), Accept ratio: 0.47736, 
INFO:root:Epoch  5141, Energy: -1.05164e+02 (-1.04945e+02), Variance: 2.87059e+01 (6.40794e+01), Accept ratio: 0.48336, 
INFO:root:Epoch  5142, Energy: -1.05138e+02 (-1.05505e+02), Variance: 3.37662e+01 (3.32687e+02), Accept ratio: 0.47252, 
INFO:root:Epoch  5143, Energy: -1.05116e+02 (-1.05004e+02), Variance: 3.52758e+01 (6.78479e+01), Accept ratio: 0.47256, 
INFO:root:Epoch  5144, Energy: -1.05420e+02 (-1.05666e+02), Variance: 2.94738e+01 (9.25636e+01), Accept ratio: 0.48112, 
INFO:root:Epoch  5145, Energy: -1.05113e+02 (-1.04888e+02), Variance: 2.51053e+01 (3.75125e+01), Accept ratio: 0.47605, 
INFO:root:Epoch  5146, Energy: -1.05325e+02 (-1.05247e+02), Variance: 2.79166e+01 (6.59044e+01), Accept ratio: 0.47842, 
INFO:root:Epoch  5147, Energy: -1.05132e+02 (-1.04553e+02), Variance: 3.02141e+01 (1.77242e+02), Accept ratio: 0.47383, 
INFO:root:Epoch  5148, Energy: -1.05187e+02 (-1.04611e+02), Variance: 3.11016e+01 (2.09967e+02), Accept ratio: 0.47241, 
INFO:root:Epoch  5149, Energy: -1.05146e+02 (-1.04557e+02), Variance: 3.15134e+01 (1.39261e+02), Accept ratio: 0.47662, 
INFO:root:Epoch  5150, Energy: -1.05102e+02 (-1.04869e+02), Variance: 2.57972e+01 (6.55407e+01), Accept ratio: 0.47574, 
INFO:root:Epoch  5151, Energy: -1.05169e+02 (-1.04891e+02), Variance: 2.82406e+01 (6.20447e+01), Accept ratio: 0.47884, 
INFO:root:Epoch  5152, Energy: -1.05053e+02 (-1.05057e+02), Variance: 3.16894e+01 (1.50657e+02), Accept ratio: 0.47334, 
INFO:root:Epoch  5153, Energy: -1.05189e+02 (-1.04919e+02), Variance: 2.80067e+01 (8.83507e+01), Accept ratio: 0.47330, 
INFO:root:Epoch  5154, Energy: -1.05475e+02 (-1.05284e+02), Variance: 2.78869e+01 (4.63670e+01), Accept ratio: 0.47456, 
INFO:root:Epoch  5155, Energy: -1.04966e+02 (-1.04623e+02), Variance: 2.84557e+01 (6.27148e+01), Accept ratio: 0.47432, 
INFO:root:Epoch  5156, Energy: -1.04961e+02 (-1.04620e+02), Variance: 3.04433e+01 (9.42903e+01), Accept ratio: 0.47448, 
INFO:root:Epoch  5157, Energy: -1.05311e+02 (-1.05191e+02), Variance: 3.34423e+01 (6.44354e+01), Accept ratio: 0.47027, 
INFO:root:Epoch  5158, Energy: -1.05203e+02 (-1.05118e+02), Variance: 2.91558e+01 (6.07901e+01), Accept ratio: 0.47088, 
INFO:root:Epoch  5159, Energy: -1.05351e+02 (-1.05298e+02), Variance: 2.90696e+01 (6.15417e+01), Accept ratio: 0.47540, 
INFO:root:Epoch  5160, Energy: -1.05208e+02 (-1.05699e+02), Variance: 3.08491e+01 (4.91825e+02), Accept ratio: 0.47424, 
INFO:root:Epoch  5161, Energy: -1.05201e+02 (-1.04961e+02), Variance: 2.86291e+01 (9.19053e+01), Accept ratio: 0.47345, 
INFO:root:Epoch  5162, Energy: -1.05208e+02 (-1.04990e+02), Variance: 3.05790e+01 (6.51981e+01), Accept ratio: 0.47822, 
INFO:root:Epoch  5163, Energy: -1.05159e+02 (-1.04586e+02), Variance: 2.77268e+01 (4.44492e+02), Accept ratio: 0.46764, 
INFO:root:Epoch  5164, Energy: -1.04962e+02 (-1.06302e+02), Variance: 3.85551e+01 (2.58758e+03), Accept ratio: 0.47968, 
INFO:root:Epoch  5165, Energy: -1.05126e+02 (-1.05167e+02), Variance: 2.74523e+01 (6.05971e+01), Accept ratio: 0.47532, 
INFO:root:Epoch  5166, Energy: -1.04802e+02 (-1.04547e+02), Variance: 3.02805e+01 (6.80888e+01), Accept ratio: 0.47705, 
INFO:root:Epoch  5167, Energy: -1.04678e+02 (-1.03863e+02), Variance: 4.38260e+01 (1.72919e+02), Accept ratio: 0.47201, 
INFO:root:Epoch  5168, Energy: -1.04737e+02 (-1.04353e+02), Variance: 3.78074e+01 (1.62166e+02), Accept ratio: 0.46971, 
INFO:root:Epoch  5169, Energy: -1.04424e+02 (-1.03809e+02), Variance: 3.90946e+01 (1.78668e+02), Accept ratio: 0.47719, 
INFO:root:Epoch  5170, Energy: -1.04743e+02 (-1.04353e+02), Variance: 3.42964e+01 (8.29462e+01), Accept ratio: 0.47629, 
INFO:root:Epoch  5171, Energy: -1.04876e+02 (-1.04824e+02), Variance: 3.82625e+01 (5.75982e+02), Accept ratio: 0.47552, 
INFO:root:Epoch  5172, Energy: -1.04982e+02 (-1.04406e+02), Variance: 3.40985e+01 (2.05806e+02), Accept ratio: 0.47230, 
INFO:root:Epoch  5173, Energy: -1.04655e+02 (-1.04364e+02), Variance: 3.45817e+01 (1.04020e+02), Accept ratio: 0.47050, 
INFO:root:Epoch  5174, Energy: -1.04985e+02 (-1.04735e+02), Variance: 3.06804e+01 (9.88607e+01), Accept ratio: 0.47198, 
INFO:root:Epoch  5175, Energy: -1.04750e+02 (-1.05082e+02), Variance: 3.80083e+01 (4.47542e+02), Accept ratio: 0.47207, 
INFO:root:Epoch  5176, Energy: -1.04675e+02 (-1.04025e+02), Variance: 3.64732e+01 (1.65153e+02), Accept ratio: 0.47466, 
INFO:root:Epoch  5177, Energy: -1.04662e+02 (-1.03792e+02), Variance: 3.71614e+01 (2.86322e+02), Accept ratio: 0.47790, 
INFO:root:Epoch  5178, Energy: -1.04832e+02 (-1.04368e+02), Variance: 3.06895e+01 (1.11287e+02), Accept ratio: 0.47265, 
INFO:root:Epoch  5179, Energy: -1.05029e+02 (-1.04782e+02), Variance: 3.32378e+01 (1.09330e+02), Accept ratio: 0.47583, 
INFO:root:Epoch  5180, Energy: -1.04868e+02 (-1.04329e+02), Variance: 3.45794e+01 (1.23615e+02), Accept ratio: 0.47038, 
INFO:root:Epoch  5181, Energy: -1.04979e+02 (-1.04631e+02), Variance: 3.32826e+01 (1.07287e+02), Accept ratio: 0.47312, 
INFO:root:Epoch  5182, Energy: -1.05171e+02 (-1.04945e+02), Variance: 3.04257e+01 (6.22421e+01), Accept ratio: 0.47125, 
INFO:root:Epoch  5183, Energy: -1.05048e+02 (-1.04644e+02), Variance: 3.03831e+01 (8.28079e+01), Accept ratio: 0.46764, 
INFO:root:Epoch  5184, Energy: -1.04851e+02 (-1.04397e+02), Variance: 3.10612e+01 (1.37937e+02), Accept ratio: 0.47331, 
INFO:root:Epoch  5185, Energy: -1.04833e+02 (-1.04209e+02), Variance: 2.84516e+01 (2.58811e+02), Accept ratio: 0.47251, 
INFO:root:Epoch  5186, Energy: -1.04774e+02 (-1.03765e+02), Variance: 3.74265e+01 (5.79572e+02), Accept ratio: 0.47338, 
INFO:root:Epoch  5187, Energy: -1.04952e+02 (-1.04426e+02), Variance: 3.19748e+01 (9.04964e+01), Accept ratio: 0.47664, 
INFO:root:Epoch  5188, Energy: -1.05223e+02 (-1.04577e+02), Variance: 3.08107e+01 (1.65637e+02), Accept ratio: 0.47220, 
INFO:root:Epoch  5189, Energy: -1.05054e+02 (-1.04397e+02), Variance: 3.13891e+01 (2.24253e+02), Accept ratio: 0.47434, 
INFO:root:Epoch  5190, Energy: -1.04785e+02 (-1.03684e+02), Variance: 4.04513e+01 (1.29477e+03), Accept ratio: 0.48137, 
INFO:root:Epoch  5191, Energy: -1.04711e+02 (-1.03668e+02), Variance: 3.65182e+01 (5.67671e+02), Accept ratio: 0.47872, 
INFO:root:Epoch  5192, Energy: -1.05053e+02 (-1.04549e+02), Variance: 2.64412e+01 (2.09189e+02), Accept ratio: 0.47427, 
INFO:root:Epoch  5193, Energy: -1.04694e+02 (-1.03065e+02), Variance: 3.71166e+01 (1.95468e+03), Accept ratio: 0.47434, 
INFO:root:Epoch  5194, Energy: -1.04881e+02 (-1.03484e+02), Variance: 3.61868e+01 (1.16868e+03), Accept ratio: 0.47670, 
INFO:root:Epoch  5195, Energy: -1.04950e+02 (-1.04685e+02), Variance: 3.04082e+01 (9.03882e+01), Accept ratio: 0.47233, 
INFO:root:Epoch  5196, Energy: -1.04735e+02 (-1.03392e+02), Variance: 4.49939e+01 (1.14681e+03), Accept ratio: 0.47233, 
INFO:root:Epoch  5197, Energy: -1.04936e+02 (-1.04903e+02), Variance: 3.42071e+01 (2.63589e+02), Accept ratio: 0.46925, 
INFO:root:Epoch  5198, Energy: -1.04807e+02 (-1.04185e+02), Variance: 3.30586e+01 (1.80147e+02), Accept ratio: 0.47518, 
INFO:root:Epoch  5199, Energy: -1.05112e+02 (-1.05430e+02), Variance: 3.09955e+01 (3.76548e+02), Accept ratio: 0.47911, 
INFO:root:Epoch  5200, Energy: -1.05087e+02 (-1.04065e+02), Variance: 3.34342e+01 (6.62277e+02), Accept ratio: 0.47680, 
INFO:root:Epoch  5201, Energy: -1.05041e+02 (-1.04426e+02), Variance: 2.62052e+01 (1.49469e+02), Accept ratio: 0.47526, 
INFO:root:Epoch  5202, Energy: -1.05155e+02 (-1.04740e+02), Variance: 2.76587e+01 (8.64708e+01), Accept ratio: 0.47388, 
INFO:root:Epoch  5203, Energy: -1.04915e+02 (-1.04495e+02), Variance: 3.10668e+01 (1.15409e+02), Accept ratio: 0.47131, 
INFO:root:Epoch  5204, Energy: -1.05246e+02 (-1.05077e+02), Variance: 2.83039e+01 (1.08071e+02), Accept ratio: 0.47312, 
INFO:root:Epoch  5205, Energy: -1.04992e+02 (-1.05384e+02), Variance: 2.73896e+01 (5.80658e+02), Accept ratio: 0.47297, 
INFO:root:Epoch  5206, Energy: -1.05085e+02 (-1.04943e+02), Variance: 2.86433e+01 (6.21541e+01), Accept ratio: 0.47864, 
INFO:root:Epoch  5207, Energy: -1.04725e+02 (-1.04043e+02), Variance: 3.05081e+01 (2.11482e+02), Accept ratio: 0.48037, 
INFO:root:Epoch  5208, Energy: -1.04933e+02 (-1.04719e+02), Variance: 2.69392e+01 (6.19003e+01), Accept ratio: 0.47164, 
INFO:root:Epoch  5209, Energy: -1.05417e+02 (-1.06016e+02), Variance: 3.27940e+01 (2.18185e+02), Accept ratio: 0.47950, 
INFO:root:Epoch  5210, Energy: -1.05124e+02 (-1.04955e+02), Variance: 2.90215e+01 (5.53023e+01), Accept ratio: 0.47186, 
INFO:root:Epoch  5211, Energy: -1.04976e+02 (-1.04677e+02), Variance: 3.19327e+01 (1.30568e+02), Accept ratio: 0.47172, 
INFO:root:Epoch  5212, Energy: -1.05255e+02 (-1.05059e+02), Variance: 3.09913e+01 (1.06473e+02), Accept ratio: 0.47245, 
INFO:root:Epoch  5213, Energy: -1.04981e+02 (-1.04463e+02), Variance: 2.80572e+01 (1.87740e+02), Accept ratio: 0.47837, 
INFO:root:Epoch  5214, Energy: -1.05160e+02 (-1.05041e+02), Variance: 2.44332e+01 (5.64486e+01), Accept ratio: 0.47519, 
INFO:root:Epoch  5215, Energy: -1.05362e+02 (-1.05246e+02), Variance: 2.68255e+01 (5.38804e+01), Accept ratio: 0.48006, 
INFO:root:Epoch  5216, Energy: -1.05179e+02 (-1.04259e+02), Variance: 3.10025e+01 (4.31414e+02), Accept ratio: 0.47653, 
INFO:root:Epoch  5217, Energy: -1.05394e+02 (-1.09708e+02), Variance: 4.85939e+01 (2.31658e+04), Accept ratio: 0.47999, 
INFO:root:Epoch  5218, Energy: -1.05209e+02 (-1.04874e+02), Variance: 3.09352e+01 (1.37039e+02), Accept ratio: 0.47342, 
INFO:root:Epoch  5219, Energy: -1.05216e+02 (-1.04832e+02), Variance: 3.13987e+01 (9.69150e+01), Accept ratio: 0.47357, 
INFO:root:Epoch  5220, Energy: -1.05026e+02 (-1.04393e+02), Variance: 3.03833e+01 (1.13442e+02), Accept ratio: 0.48016, 
INFO:root:Epoch  5221, Energy: -1.05035e+02 (-1.04617e+02), Variance: 2.26321e+01 (7.73151e+01), Accept ratio: 0.47665, 
INFO:root:Epoch  5222, Energy: -1.05096e+02 (-1.04648e+02), Variance: 2.82924e+01 (9.98812e+01), Accept ratio: 0.46979, 
INFO:root:Epoch  5223, Energy: -1.04834e+02 (-1.04523e+02), Variance: 2.65189e+01 (1.05397e+02), Accept ratio: 0.47134, 
INFO:root:Epoch  5224, Energy: -1.04959e+02 (-1.02870e+02), Variance: 4.01829e+01 (3.63974e+03), Accept ratio: 0.47512, 
INFO:root:Epoch  5225, Energy: -1.05117e+02 (-1.04832e+02), Variance: 2.95283e+01 (7.21802e+01), Accept ratio: 0.47973, 
INFO:root:Epoch  5226, Energy: -1.04956e+02 (-1.04468e+02), Variance: 2.84254e+01 (1.26357e+02), Accept ratio: 0.48237, 
INFO:root:Epoch  5227, Energy: -1.05277e+02 (-1.05298e+02), Variance: 2.63982e+01 (4.62989e+01), Accept ratio: 0.48409, 
INFO:root:Epoch  5228, Energy: -1.05067e+02 (-1.04788e+02), Variance: 2.80271e+01 (6.54567e+01), Accept ratio: 0.48039, 
INFO:root:Epoch  5229, Energy: -1.05152e+02 (-1.05821e+02), Variance: 2.64314e+01 (9.39971e+02), Accept ratio: 0.47459, 
INFO:root:Epoch  5230, Energy: -1.05333e+02 (-1.04993e+02), Variance: 2.61449e+01 (1.42741e+02), Accept ratio: 0.47586, 
INFO:root:Epoch  5231, Energy: -1.05309e+02 (-1.04806e+02), Variance: 2.52826e+01 (2.39535e+02), Accept ratio: 0.47669, 
INFO:root:Epoch  5232, Energy: -1.05302e+02 (-1.05036e+02), Variance: 2.70733e+01 (1.05305e+02), Accept ratio: 0.47554, 
INFO:root:Epoch  5233, Energy: -1.05150e+02 (-1.04909e+02), Variance: 2.52240e+01 (5.55889e+01), Accept ratio: 0.47445, 
INFO:root:Epoch  5234, Energy: -1.05245e+02 (-1.07017e+02), Variance: 3.22170e+01 (4.78696e+03), Accept ratio: 0.47515, 
INFO:root:Epoch  5235, Energy: -1.05568e+02 (-1.05365e+02), Variance: 2.59681e+01 (1.75084e+02), Accept ratio: 0.47467, 
INFO:root:Epoch  5236, Energy: -1.05432e+02 (-1.05408e+02), Variance: 2.02173e+01 (2.83399e+01), Accept ratio: 0.47229, 
INFO:root:Epoch  5237, Energy: -1.05534e+02 (-1.05434e+02), Variance: 2.91860e+01 (1.09947e+02), Accept ratio: 0.46678, 
INFO:root:Epoch  5238, Energy: -1.05461e+02 (-1.05308e+02), Variance: 2.56095e+01 (6.01927e+01), Accept ratio: 0.47375, 
INFO:root:Epoch  5239, Energy: -1.05308e+02 (-1.05138e+02), Variance: 2.40599e+01 (4.54878e+01), Accept ratio: 0.47580, 
INFO:root:Epoch  5240, Energy: -1.05253e+02 (-1.05032e+02), Variance: 2.66920e+01 (6.71669e+01), Accept ratio: 0.46681, 
INFO:root:Epoch  5241, Energy: -1.05107e+02 (-1.05020e+02), Variance: 2.52316e+01 (3.76320e+01), Accept ratio: 0.48161, 
INFO:root:Epoch  5242, Energy: -1.05341e+02 (-1.05198e+02), Variance: 2.22627e+01 (3.51181e+01), Accept ratio: 0.47203, 
INFO:root:Epoch  5243, Energy: -1.05312e+02 (-1.05011e+02), Variance: 2.73311e+01 (9.55497e+01), Accept ratio: 0.46731, 
INFO:root:Epoch  5244, Energy: -1.05241e+02 (-1.04780e+02), Variance: 2.69837e+01 (1.19515e+02), Accept ratio: 0.46907, 
INFO:root:Epoch  5245, Energy: -1.04924e+02 (-1.03788e+02), Variance: 3.22777e+01 (8.78189e+02), Accept ratio: 0.47408, 
INFO:root:Epoch  5246, Energy: -1.05149e+02 (-1.04835e+02), Variance: 2.32161e+01 (5.48878e+01), Accept ratio: 0.47920, 
INFO:root:Epoch  5247, Energy: -1.05307e+02 (-1.05158e+02), Variance: 2.20816e+01 (5.71681e+01), Accept ratio: 0.47956, 
INFO:root:Epoch  5248, Energy: -1.05720e+02 (-1.05600e+02), Variance: 2.47031e+01 (5.89519e+01), Accept ratio: 0.47721, 
INFO:root:Epoch  5249, Energy: -1.05329e+02 (-1.04778e+02), Variance: 2.54275e+01 (1.38214e+02), Accept ratio: 0.47550, 
INFO:root:Epoch  5250, Energy: -1.05523e+02 (-1.04726e+02), Variance: 2.82328e+01 (8.69874e+02), Accept ratio: 0.47463, 
INFO:root:Epoch  5251, Energy: -1.05515e+02 (-1.05440e+02), Variance: 2.40459e+01 (4.72788e+01), Accept ratio: 0.47459, 
INFO:root:Epoch  5252, Energy: -1.05548e+02 (-1.05474e+02), Variance: 2.54799e+01 (7.23123e+01), Accept ratio: 0.47399, 
INFO:root:Epoch  5253, Energy: -1.05287e+02 (-1.05389e+02), Variance: 2.24054e+01 (1.21619e+02), Accept ratio: 0.47368, 
INFO:root:Epoch  5254, Energy: -1.05225e+02 (-1.04813e+02), Variance: 2.35838e+01 (1.73543e+02), Accept ratio: 0.47627, 
INFO:root:Epoch  5255, Energy: -1.05276e+02 (-1.04814e+02), Variance: 2.26971e+01 (1.19573e+02), Accept ratio: 0.47518, 
INFO:root:Epoch  5256, Energy: -1.05374e+02 (-1.05243e+02), Variance: 2.56494e+01 (8.27905e+01), Accept ratio: 0.48203, 
INFO:root:Epoch  5257, Energy: -1.05477e+02 (-1.05446e+02), Variance: 2.62761e+01 (1.86508e+02), Accept ratio: 0.47279, 
INFO:root:Epoch  5258, Energy: -1.05329e+02 (-1.05199e+02), Variance: 2.56718e+01 (2.11756e+02), Accept ratio: 0.46784, 
INFO:root:Epoch  5259, Energy: -1.05266e+02 (-1.03601e+02), Variance: 3.07195e+01 (1.00424e+03), Accept ratio: 0.47418, 
INFO:root:Epoch  5260, Energy: -1.05314e+02 (-1.05036e+02), Variance: 2.65141e+01 (1.03256e+02), Accept ratio: 0.47795, 
INFO:root:Epoch  5261, Energy: -1.05441e+02 (-1.04838e+02), Variance: 2.63658e+01 (1.45875e+02), Accept ratio: 0.47487, 
INFO:root:Epoch  5262, Energy: -1.05369e+02 (-1.03909e+02), Variance: 2.93089e+01 (9.81843e+02), Accept ratio: 0.47456, 
INFO:root:Epoch  5263, Energy: -1.05081e+02 (-1.04729e+02), Variance: 2.36448e+01 (9.27207e+01), Accept ratio: 0.47472, 
INFO:root:Epoch  5264, Energy: -1.05092e+02 (-1.05010e+02), Variance: 2.02586e+01 (2.22131e+02), Accept ratio: 0.47836, 
INFO:root:Epoch  5265, Energy: -1.05097e+02 (-1.04409e+02), Variance: 2.78269e+01 (2.18863e+02), Accept ratio: 0.48120, 
INFO:root:Epoch  5266, Energy: -1.05394e+02 (-1.06160e+02), Variance: 2.50389e+01 (4.01583e+02), Accept ratio: 0.47183, 
INFO:root:Epoch  5267, Energy: -1.05174e+02 (-1.04274e+02), Variance: 2.72152e+01 (3.68176e+02), Accept ratio: 0.47934, 
INFO:root:Epoch  5268, Energy: -1.05397e+02 (-1.04862e+02), Variance: 2.51357e+01 (1.60110e+02), Accept ratio: 0.47804, 
INFO:root:Epoch  5269, Energy: -1.05106e+02 (-1.04191e+02), Variance: 2.81701e+01 (4.16890e+02), Accept ratio: 0.47489, 
INFO:root:Epoch  5270, Energy: -1.05325e+02 (-1.04684e+02), Variance: 2.97844e+01 (2.06975e+02), Accept ratio: 0.47981, 
INFO:root:Epoch  5271, Energy: -1.05424e+02 (-1.05844e+02), Variance: 2.24325e+01 (6.69349e+02), Accept ratio: 0.47117, 
INFO:root:Epoch  5272, Energy: -1.05228e+02 (-1.05303e+02), Variance: 2.88057e+01 (5.97664e+02), Accept ratio: 0.47650, 
INFO:root:Epoch  5273, Energy: -1.05152e+02 (-1.04068e+02), Variance: 2.93682e+01 (5.57182e+02), Accept ratio: 0.47146, 
INFO:root:Epoch  5274, Energy: -1.05059e+02 (-1.03897e+02), Variance: 3.11441e+01 (8.68484e+02), Accept ratio: 0.47554, 
INFO:root:Epoch  5275, Energy: -1.05352e+02 (-1.04128e+02), Variance: 3.41781e+01 (1.77686e+03), Accept ratio: 0.46834, 
INFO:root:Epoch  5276, Energy: -1.04941e+02 (-1.03926e+02), Variance: 3.15855e+01 (2.88592e+02), Accept ratio: 0.46938, 
INFO:root:Epoch  5277, Energy: -1.05186e+02 (-1.04728e+02), Variance: 3.06045e+01 (8.60215e+02), Accept ratio: 0.47821, 
INFO:root:Epoch  5278, Energy: -1.05139e+02 (-1.03752e+02), Variance: 3.16600e+01 (9.50217e+02), Accept ratio: 0.47680, 
INFO:root:Epoch  5279, Energy: -1.05506e+02 (-1.07654e+02), Variance: 2.76726e+01 (4.96038e+03), Accept ratio: 0.48214, 
INFO:root:Epoch  5280, Energy: -1.05315e+02 (-1.05051e+02), Variance: 2.61341e+01 (7.42169e+01), Accept ratio: 0.48030, 
INFO:root:Epoch  5281, Energy: -1.05312e+02 (-1.05530e+02), Variance: 2.38463e+01 (1.95775e+02), Accept ratio: 0.47622, 
INFO:root:Epoch  5282, Energy: -1.05386e+02 (-1.05375e+02), Variance: 2.55060e+01 (1.08123e+02), Accept ratio: 0.47611, 
INFO:root:Epoch  5283, Energy: -1.05450e+02 (-1.05052e+02), Variance: 2.50744e+01 (1.39719e+02), Accept ratio: 0.47198, 
INFO:root:Epoch  5284, Energy: -1.05336e+02 (-1.04593e+02), Variance: 2.50269e+01 (3.91113e+02), Accept ratio: 0.47491, 
INFO:root:Epoch  5285, Energy: -1.05048e+02 (-1.04216e+02), Variance: 2.88221e+01 (3.67134e+02), Accept ratio: 0.48139, 
INFO:root:Epoch  5286, Energy: -1.05098e+02 (-1.04787e+02), Variance: 2.72518e+01 (1.25176e+02), Accept ratio: 0.47409, 
INFO:root:Epoch  5287, Energy: -1.05108e+02 (-1.04105e+02), Variance: 2.96295e+01 (8.99587e+02), Accept ratio: 0.47162, 
INFO:root:Epoch  5288, Energy: -1.05136e+02 (-1.04634e+02), Variance: 3.21257e+01 (2.77096e+02), Accept ratio: 0.46636, 
INFO:root:Epoch  5289, Energy: -1.04983e+02 (-1.01227e+02), Variance: 4.30153e+01 (9.90584e+03), Accept ratio: 0.46610, 
INFO:root:Epoch  5290, Energy: -1.05256e+02 (-1.02069e+02), Variance: 3.71227e+01 (1.54584e+04), Accept ratio: 0.46991, 
INFO:root:Epoch  5291, Energy: -1.05353e+02 (-1.03392e+02), Variance: 3.15727e+01 (4.09976e+03), Accept ratio: 0.47916, 
INFO:root:Epoch  5292, Energy: -1.05181e+02 (-1.04352e+02), Variance: 2.45104e+01 (4.00421e+02), Accept ratio: 0.47227, 
INFO:root:Epoch  5293, Energy: -1.05434e+02 (-1.05315e+02), Variance: 1.99578e+01 (2.78546e+01), Accept ratio: 0.47069, 
INFO:root:Epoch  5294, Energy: -1.05343e+02 (-1.05157e+02), Variance: 2.32740e+01 (7.41959e+01), Accept ratio: 0.47208, 
INFO:root:Epoch  5295, Energy: -1.05155e+02 (-1.04680e+02), Variance: 2.25110e+01 (1.19139e+02), Accept ratio: 0.47580, 
INFO:root:Epoch  5296, Energy: -1.05178e+02 (-1.04866e+02), Variance: 2.17474e+01 (5.14631e+01), Accept ratio: 0.46470, 
INFO:root:Epoch  5297, Energy: -1.05156e+02 (-1.04675e+02), Variance: 2.46975e+01 (9.30394e+01), Accept ratio: 0.47494, 
INFO:root:Epoch  5298, Energy: -1.05092e+02 (-1.04687e+02), Variance: 2.42115e+01 (9.20368e+01), Accept ratio: 0.47034, 
INFO:root:Epoch  5299, Energy: -1.05065e+02 (-1.04609e+02), Variance: 2.74332e+01 (1.38546e+02), Accept ratio: 0.47055, 
INFO:root:Epoch  5300, Energy: -1.05531e+02 (-1.05188e+02), Variance: 2.03814e+01 (9.16302e+01), Accept ratio: 0.46370, 
INFO:root:Epoch  5301, Energy: -1.05256e+02 (-1.04936e+02), Variance: 2.27407e+01 (9.82460e+01), Accept ratio: 0.47376, 
INFO:root:Epoch  5302, Energy: -1.05297e+02 (-1.04813e+02), Variance: 2.73323e+01 (3.42804e+02), Accept ratio: 0.47298, 
INFO:root:Epoch  5303, Energy: -1.04954e+02 (-1.04318e+02), Variance: 3.07152e+01 (2.45551e+02), Accept ratio: 0.47092, 
INFO:root:Epoch  5304, Energy: -1.05155e+02 (-1.04758e+02), Variance: 2.79487e+01 (9.05037e+01), Accept ratio: 0.47222, 
INFO:root:Epoch  5305, Energy: -1.04968e+02 (-1.04473e+02), Variance: 2.44477e+01 (1.45631e+02), Accept ratio: 0.46963, 
INFO:root:Epoch  5306, Energy: -1.05252e+02 (-1.05191e+02), Variance: 2.37401e+01 (4.00795e+01), Accept ratio: 0.47023, 
INFO:root:Epoch  5307, Energy: -1.05352e+02 (-1.02880e+02), Variance: 3.56440e+01 (6.48172e+03), Accept ratio: 0.47359, 
INFO:root:Epoch  5308, Energy: -1.05351e+02 (-1.02563e+02), Variance: 3.40099e+01 (6.37718e+03), Accept ratio: 0.46744, 
INFO:root:Epoch  5309, Energy: -1.05462e+02 (-1.05196e+02), Variance: 2.02848e+01 (7.10289e+01), Accept ratio: 0.47110, 
INFO:root:Epoch  5310, Energy: -1.05587e+02 (-1.07334e+02), Variance: 2.65914e+01 (4.74411e+03), Accept ratio: 0.47100, 
INFO:root:Epoch  5311, Energy: -1.05347e+02 (-1.04256e+02), Variance: 2.54550e+01 (6.41281e+02), Accept ratio: 0.47712, 
INFO:root:Epoch  5312, Energy: -1.05704e+02 (-1.05671e+02), Variance: 1.96493e+01 (6.76974e+01), Accept ratio: 0.46791, 
INFO:root:Epoch  5313, Energy: -1.05331e+02 (-1.00678e+02), Variance: 4.50027e+01 (1.92984e+04), Accept ratio: 0.47571, 
INFO:root:Epoch  5314, Energy: -1.05436e+02 (-1.05200e+02), Variance: 2.16878e+01 (6.78967e+01), Accept ratio: 0.46936, 
INFO:root:Epoch  5315, Energy: -1.05258e+02 (-1.02535e+02), Variance: 3.34321e+01 (6.95898e+03), Accept ratio: 0.47174, 
INFO:root:Epoch  5316, Energy: -1.05343e+02 (-1.03089e+02), Variance: 3.53755e+01 (4.61789e+03), Accept ratio: 0.47523, 
INFO:root:Epoch  5317, Energy: -1.05391e+02 (-1.05646e+02), Variance: 2.92807e+01 (4.02764e+02), Accept ratio: 0.46843, 
INFO:root:Epoch  5318, Energy: -1.05386e+02 (-1.04817e+02), Variance: 2.38905e+01 (1.00657e+02), Accept ratio: 0.47261, 
INFO:root:Epoch  5319, Energy: -1.05679e+02 (-1.06160e+02), Variance: 2.72704e+01 (2.21635e+02), Accept ratio: 0.47247, 
INFO:root:Epoch  5320, Energy: -1.05381e+02 (-1.05131e+02), Variance: 2.03268e+01 (8.48084e+01), Accept ratio: 0.47049, 
INFO:root:Epoch  5321, Energy: -1.05452e+02 (-1.05276e+02), Variance: 1.92138e+01 (7.32201e+01), Accept ratio: 0.47188, 
INFO:root:Epoch  5322, Energy: -1.05613e+02 (-1.05831e+02), Variance: 2.03388e+01 (2.77246e+02), Accept ratio: 0.46958, 
INFO:root:Epoch  5323, Energy: -1.05367e+02 (-1.05165e+02), Variance: 1.99206e+01 (8.62102e+01), Accept ratio: 0.47983, 
INFO:root:Epoch  5324, Energy: -1.05473e+02 (-1.05462e+02), Variance: 2.20133e+01 (9.55954e+01), Accept ratio: 0.46807, 
INFO:root:Epoch  5325, Energy: -1.05293e+02 (-1.04664e+02), Variance: 2.44056e+01 (1.28302e+02), Accept ratio: 0.47347, 
INFO:root:Epoch  5326, Energy: -1.05464e+02 (-1.04252e+02), Variance: 2.57575e+01 (1.31560e+03), Accept ratio: 0.46965, 
INFO:root:Epoch  5327, Energy: -1.05553e+02 (-1.05086e+02), Variance: 1.86556e+01 (9.60263e+01), Accept ratio: 0.46982, 
INFO:root:Epoch  5328, Energy: -1.05507e+02 (-1.05288e+02), Variance: 1.68476e+01 (5.14996e+01), Accept ratio: 0.46882, 
INFO:root:Epoch  5329, Energy: -1.05496e+02 (-1.05250e+02), Variance: 1.59167e+01 (3.91271e+01), Accept ratio: 0.47187, 
INFO:root:Epoch  5330, Energy: -1.05570e+02 (-1.05273e+02), Variance: 1.98176e+01 (6.19185e+01), Accept ratio: 0.47252, 
INFO:root:Epoch  5331, Energy: -1.05408e+02 (-1.05450e+02), Variance: 1.72176e+01 (8.13687e+01), Accept ratio: 0.47033, 
INFO:root:Epoch  5332, Energy: -1.05698e+02 (-1.05552e+02), Variance: 1.77740e+01 (3.50193e+01), Accept ratio: 0.46820, 
INFO:root:Epoch  5333, Energy: -1.05614e+02 (-1.05353e+02), Variance: 1.82158e+01 (8.00862e+01), Accept ratio: 0.47360, 
INFO:root:Epoch  5334, Energy: -1.05255e+02 (-1.04629e+02), Variance: 2.42668e+01 (6.03759e+02), Accept ratio: 0.46782, 
INFO:root:Epoch  5335, Energy: -1.05397e+02 (-1.05143e+02), Variance: 2.08415e+01 (8.04877e+01), Accept ratio: 0.47234, 
INFO:root:Epoch  5336, Energy: -1.05487e+02 (-1.05949e+02), Variance: 2.31911e+01 (1.10966e+03), Accept ratio: 0.47281, 
INFO:root:Epoch  5337, Energy: -1.05476e+02 (-1.05212e+02), Variance: 2.08722e+01 (1.73604e+02), Accept ratio: 0.47263, 
INFO:root:Epoch  5338, Energy: -1.05567e+02 (-1.05448e+02), Variance: 1.93728e+01 (2.95401e+01), Accept ratio: 0.47549, 
INFO:root:Epoch  5339, Energy: -1.05486e+02 (-1.05317e+02), Variance: 2.03670e+01 (4.15802e+01), Accept ratio: 0.46743, 
INFO:root:Epoch  5340, Energy: -1.05680e+02 (-1.05733e+02), Variance: 2.08395e+01 (1.98570e+02), Accept ratio: 0.47399, 
INFO:root:Epoch  5341, Energy: -1.05595e+02 (-1.05136e+02), Variance: 1.90003e+01 (1.34862e+02), Accept ratio: 0.47571, 
INFO:root:Epoch  5342, Energy: -1.05718e+02 (-1.05566e+02), Variance: 1.98626e+01 (3.66772e+01), Accept ratio: 0.47603, 
INFO:root:Epoch  5343, Energy: -1.05680e+02 (-1.05440e+02), Variance: 2.09898e+01 (5.13739e+01), Accept ratio: 0.47502, 
INFO:root:Epoch  5344, Energy: -1.05768e+02 (-1.06329e+02), Variance: 2.45234e+01 (2.61456e+02), Accept ratio: 0.46788, 
INFO:root:Epoch  5345, Energy: -1.05734e+02 (-1.05704e+02), Variance: 1.68834e+01 (3.15379e+01), Accept ratio: 0.46750, 
INFO:root:Epoch  5346, Energy: -1.05483e+02 (-1.05338e+02), Variance: 1.91766e+01 (3.47154e+01), Accept ratio: 0.47126, 
INFO:root:Epoch  5347, Energy: -1.05541e+02 (-1.05351e+02), Variance: 1.97878e+01 (3.10679e+01), Accept ratio: 0.46543, 
INFO:root:Epoch  5348, Energy: -1.05668e+02 (-1.05495e+02), Variance: 1.77325e+01 (6.49004e+01), Accept ratio: 0.47547, 
INFO:root:Epoch  5349, Energy: -1.05410e+02 (-1.06141e+02), Variance: 2.15480e+01 (1.16993e+03), Accept ratio: 0.47857, 
INFO:root:Epoch  5350, Energy: -1.05498e+02 (-1.04596e+02), Variance: 1.72950e+01 (6.78437e+02), Accept ratio: 0.47293, 
INFO:root:Epoch  5351, Energy: -1.05670e+02 (-1.05654e+02), Variance: 1.84319e+01 (2.90807e+01), Accept ratio: 0.47095, 
INFO:root:Epoch  5352, Energy: -1.05500e+02 (-1.05390e+02), Variance: 2.10917e+01 (4.61102e+01), Accept ratio: 0.47127, 
INFO:root:Epoch  5353, Energy: -1.05395e+02 (-1.04987e+02), Variance: 2.07762e+01 (8.97257e+01), Accept ratio: 0.46947, 
INFO:root:Epoch  5354, Energy: -1.05560e+02 (-1.05488e+02), Variance: 2.03985e+01 (8.44676e+01), Accept ratio: 0.46700, 
INFO:root:Epoch  5355, Energy: -1.05476e+02 (-1.05251e+02), Variance: 2.01580e+01 (4.33623e+01), Accept ratio: 0.46509, 
INFO:root:Epoch  5356, Energy: -1.05544e+02 (-1.05421e+02), Variance: 2.15142e+01 (5.45513e+01), Accept ratio: 0.48136, 
INFO:root:Epoch  5357, Energy: -1.05681e+02 (-1.05568e+02), Variance: 2.08156e+01 (4.14655e+01), Accept ratio: 0.47111, 
INFO:root:Epoch  5358, Energy: -1.05474e+02 (-1.04858e+02), Variance: 2.23788e+01 (1.76210e+02), Accept ratio: 0.46867, 
INFO:root:Epoch  5359, Energy: -1.05564e+02 (-1.05218e+02), Variance: 2.26066e+01 (8.33482e+01), Accept ratio: 0.47273, 
INFO:root:Epoch  5360, Energy: -1.05526e+02 (-1.05346e+02), Variance: 2.03781e+01 (3.85140e+01), Accept ratio: 0.47027, 
INFO:root:Epoch  5361, Energy: -1.05223e+02 (-1.04709e+02), Variance: 2.12480e+01 (1.91625e+02), Accept ratio: 0.47169, 
INFO:root:Epoch  5362, Energy: -1.05693e+02 (-1.05927e+02), Variance: 1.87946e+01 (6.28571e+01), Accept ratio: 0.48184, 
INFO:root:Epoch  5363, Energy: -1.05520e+02 (-1.05294e+02), Variance: 2.23541e+01 (7.73155e+01), Accept ratio: 0.46701, 
INFO:root:Epoch  5364, Energy: -1.05494e+02 (-1.05278e+02), Variance: 1.85261e+01 (4.56785e+01), Accept ratio: 0.47540, 
INFO:root:Epoch  5365, Energy: -1.05625e+02 (-1.05359e+02), Variance: 2.11675e+01 (5.29803e+01), Accept ratio: 0.46598, 
INFO:root:Epoch  5366, Energy: -1.05783e+02 (-1.05317e+02), Variance: 2.23795e+01 (1.13879e+02), Accept ratio: 0.47143, 
INFO:root:Epoch  5367, Energy: -1.05691e+02 (-1.05107e+02), Variance: 2.33166e+01 (2.80746e+02), Accept ratio: 0.47205, 
INFO:root:Epoch  5368, Energy: -1.05737e+02 (-1.05472e+02), Variance: 1.83419e+01 (4.01138e+01), Accept ratio: 0.47220, 
INFO:root:Epoch  5369, Energy: -1.05681e+02 (-1.05458e+02), Variance: 1.92434e+01 (4.46255e+01), Accept ratio: 0.47444, 
INFO:root:Epoch  5370, Energy: -1.05897e+02 (-1.04413e+02), Variance: 2.17514e+01 (1.95412e+03), Accept ratio: 0.47647, 
INFO:root:Epoch  5371, Energy: -1.05869e+02 (-1.05844e+02), Variance: 1.66465e+01 (2.22968e+01), Accept ratio: 0.47709, 
INFO:root:Epoch  5372, Energy: -1.05570e+02 (-1.05494e+02), Variance: 1.71766e+01 (2.85241e+01), Accept ratio: 0.47925, 
INFO:root:Epoch  5373, Energy: -1.05565e+02 (-1.05441e+02), Variance: 1.73047e+01 (2.71658e+01), Accept ratio: 0.47319, 
INFO:root:Epoch  5374, Energy: -1.05556e+02 (-1.05484e+02), Variance: 1.83072e+01 (3.23129e+01), Accept ratio: 0.47564, 
INFO:root:Epoch  5375, Energy: -1.05722e+02 (-1.05673e+02), Variance: 1.88309e+01 (5.59779e+01), Accept ratio: 0.47023, 
INFO:root:Epoch  5376, Energy: -1.05629e+02 (-1.05478e+02), Variance: 2.01729e+01 (3.38797e+01), Accept ratio: 0.47668, 
INFO:root:Epoch  5377, Energy: -1.05710e+02 (-1.05394e+02), Variance: 1.79606e+01 (6.74253e+01), Accept ratio: 0.47233, 
INFO:root:Epoch  5378, Energy: -1.05701e+02 (-1.05476e+02), Variance: 2.07255e+01 (4.93807e+01), Accept ratio: 0.47519, 
INFO:root:Epoch  5379, Energy: -1.05735e+02 (-1.05160e+02), Variance: 1.96917e+01 (1.09870e+02), Accept ratio: 0.47508, 
INFO:root:Epoch  5380, Energy: -1.05627e+02 (-1.05255e+02), Variance: 1.88283e+01 (1.18380e+02), Accept ratio: 0.47869, 
INFO:root:Epoch  5381, Energy: -1.05537e+02 (-1.06223e+02), Variance: 2.20251e+01 (7.21312e+02), Accept ratio: 0.46886, 
INFO:root:Epoch  5382, Energy: -1.05711e+02 (-1.05634e+02), Variance: 1.64099e+01 (3.16477e+01), Accept ratio: 0.47173, 
INFO:root:Epoch  5383, Energy: -1.05657e+02 (-1.05426e+02), Variance: 1.91200e+01 (4.62027e+01), Accept ratio: 0.47351, 
INFO:root:Epoch  5384, Energy: -1.05827e+02 (-1.05267e+02), Variance: 2.13106e+01 (2.07464e+02), Accept ratio: 0.46977, 
INFO:root:Epoch  5385, Energy: -1.05527e+02 (-1.05289e+02), Variance: 2.04934e+01 (4.72913e+01), Accept ratio: 0.46612, 
INFO:root:Epoch  5386, Energy: -1.05628e+02 (-1.05321e+02), Variance: 2.06800e+01 (1.04930e+02), Accept ratio: 0.46631, 
INFO:root:Epoch  5387, Energy: -1.05594e+02 (-1.04833e+02), Variance: 2.09159e+01 (5.77711e+02), Accept ratio: 0.47317, 
INFO:root:Epoch  5388, Energy: -1.05786e+02 (-1.06225e+02), Variance: 1.83741e+01 (2.85605e+02), Accept ratio: 0.46860, 
INFO:root:Epoch  5389, Energy: -1.05579e+02 (-1.05388e+02), Variance: 1.96860e+01 (3.59077e+01), Accept ratio: 0.46975, 
INFO:root:Epoch  5390, Energy: -1.05381e+02 (-1.05077e+02), Variance: 2.10251e+01 (4.66573e+01), Accept ratio: 0.46916, 
INFO:root:Epoch  5391, Energy: -1.05313e+02 (-1.05325e+02), Variance: 2.03677e+01 (1.01122e+02), Accept ratio: 0.47019, 
INFO:root:Epoch  5392, Energy: -1.05476e+02 (-1.06610e+02), Variance: 2.21204e+01 (1.40661e+03), Accept ratio: 0.47154, 
INFO:root:Epoch  5393, Energy: -1.05474e+02 (-1.05242e+02), Variance: 1.87474e+01 (4.38865e+01), Accept ratio: 0.46572, 
INFO:root:Epoch  5394, Energy: -1.05442e+02 (-1.05345e+02), Variance: 1.71378e+01 (2.71317e+01), Accept ratio: 0.47064, 
INFO:root:Epoch  5395, Energy: -1.05607e+02 (-1.05474e+02), Variance: 1.90333e+01 (4.11755e+01), Accept ratio: 0.47763, 
INFO:root:Epoch  5396, Energy: -1.05784e+02 (-1.05675e+02), Variance: 1.70880e+01 (2.32886e+01), Accept ratio: 0.47364, 
INFO:root:Epoch  5397, Energy: -1.05661e+02 (-1.05495e+02), Variance: 1.92587e+01 (3.19798e+01), Accept ratio: 0.46592, 
INFO:root:Epoch  5398, Energy: -1.05600e+02 (-1.05173e+02), Variance: 2.08170e+01 (6.57465e+01), Accept ratio: 0.46943, 
INFO:root:Epoch  5399, Energy: -1.05697e+02 (-1.05732e+02), Variance: 1.81594e+01 (3.95754e+01), Accept ratio: 0.47510, 
INFO:root:Epoch  5400, Energy: -1.05553e+02 (-1.05407e+02), Variance: 1.93428e+01 (3.66036e+01), Accept ratio: 0.47456, 
INFO:root:Epoch  5401, Energy: -1.05634e+02 (-1.05453e+02), Variance: 1.82493e+01 (4.60088e+01), Accept ratio: 0.47438, 
INFO:root:Epoch  5402, Energy: -1.05789e+02 (-1.05738e+02), Variance: 1.51102e+01 (2.01288e+01), Accept ratio: 0.47864, 
INFO:root:Epoch  5403, Energy: -1.05539e+02 (-1.05533e+02), Variance: 1.84995e+01 (2.46585e+01), Accept ratio: 0.47043, 
INFO:root:Epoch  5404, Energy: -1.05651e+02 (-1.05587e+02), Variance: 1.77532e+01 (3.38578e+01), Accept ratio: 0.47142, 
INFO:root:Epoch  5405, Energy: -1.05826e+02 (-1.05483e+02), Variance: 1.91102e+01 (1.24853e+02), Accept ratio: 0.47917, 
INFO:root:Epoch  5406, Energy: -1.05626e+02 (-1.05219e+02), Variance: 1.95529e+01 (9.78279e+01), Accept ratio: 0.47909, 
INFO:root:Epoch  5407, Energy: -1.05580e+02 (-1.05337e+02), Variance: 1.85084e+01 (3.82181e+01), Accept ratio: 0.47015, 
INFO:root:Epoch  5408, Energy: -1.05385e+02 (-1.05254e+02), Variance: 1.72873e+01 (3.96936e+01), Accept ratio: 0.47227, 
INFO:root:Epoch  5409, Energy: -1.05460e+02 (-1.05338e+02), Variance: 1.81499e+01 (2.83385e+01), Accept ratio: 0.46617, 
INFO:root:Epoch  5410, Energy: -1.05513e+02 (-1.05464e+02), Variance: 2.11381e+01 (4.50026e+01), Accept ratio: 0.47586, 
INFO:root:Epoch  5411, Energy: -1.05511e+02 (-1.04256e+02), Variance: 2.10375e+01 (1.40681e+03), Accept ratio: 0.46386, 
INFO:root:Epoch  5412, Energy: -1.05662e+02 (-1.05542e+02), Variance: 1.69340e+01 (3.72809e+01), Accept ratio: 0.47562, 
INFO:root:Epoch  5413, Energy: -1.05738e+02 (-1.05691e+02), Variance: 1.63847e+01 (2.15943e+01), Accept ratio: 0.47201, 
INFO:root:Epoch  5414, Energy: -1.05781e+02 (-1.05573e+02), Variance: 1.61523e+01 (5.40294e+01), Accept ratio: 0.47676, 
INFO:root:Epoch  5415, Energy: -1.05758e+02 (-1.05696e+02), Variance: 1.70866e+01 (2.69869e+01), Accept ratio: 0.47329, 
INFO:root:Epoch  5416, Energy: -1.05590e+02 (-1.05329e+02), Variance: 1.63661e+01 (7.03576e+01), Accept ratio: 0.47721, 
INFO:root:Epoch  5417, Energy: -1.05314e+02 (-1.02456e+02), Variance: 2.78454e+01 (8.12100e+03), Accept ratio: 0.46999, 
INFO:root:Epoch  5418, Energy: -1.05523e+02 (-1.04280e+02), Variance: 2.11305e+01 (1.33935e+03), Accept ratio: 0.47388, 
INFO:root:Epoch  5419, Energy: -1.05585e+02 (-1.05546e+02), Variance: 1.94273e+01 (2.56869e+01), Accept ratio: 0.47812, 
INFO:root:Epoch  5420, Energy: -1.05868e+02 (-1.05422e+02), Variance: 1.75539e+01 (1.32907e+02), Accept ratio: 0.47002, 
INFO:root:Epoch  5421, Energy: -1.05730e+02 (-1.05872e+02), Variance: 1.71629e+01 (1.68758e+02), Accept ratio: 0.47346, 
INFO:root:Epoch  5422, Energy: -1.05712e+02 (-1.05554e+02), Variance: 1.84961e+01 (1.31144e+02), Accept ratio: 0.47333, 
INFO:root:Epoch  5423, Energy: -1.05526e+02 (-1.05157e+02), Variance: 2.32442e+01 (8.91691e+01), Accept ratio: 0.47331, 
INFO:root:Epoch  5424, Energy: -1.05510e+02 (-1.05277e+02), Variance: 1.97831e+01 (5.88359e+01), Accept ratio: 0.46467, 
INFO:root:Epoch  5425, Energy: -1.05628e+02 (-1.05401e+02), Variance: 1.84458e+01 (3.37540e+01), Accept ratio: 0.47105, 
INFO:root:Epoch  5426, Energy: -1.05796e+02 (-1.05889e+02), Variance: 2.06635e+01 (8.24503e+01), Accept ratio: 0.48096, 
INFO:root:Epoch  5427, Energy: -1.05500e+02 (-1.05067e+02), Variance: 1.89883e+01 (1.64257e+02), Accept ratio: 0.47652, 
INFO:root:Epoch  5428, Energy: -1.05492e+02 (-1.05261e+02), Variance: 1.67577e+01 (5.69316e+01), Accept ratio: 0.47118, 
INFO:root:Epoch  5429, Energy: -1.05557e+02 (-1.05346e+02), Variance: 2.05595e+01 (6.99734e+01), Accept ratio: 0.47837, 
INFO:root:Epoch  5430, Energy: -1.05639e+02 (-1.05119e+02), Variance: 1.98856e+01 (1.91002e+02), Accept ratio: 0.47579, 
INFO:root:Epoch  5431, Energy: -1.05549e+02 (-1.08953e+02), Variance: 2.74642e+01 (1.19495e+04), Accept ratio: 0.47582, 
INFO:root:Epoch  5432, Energy: -1.05504e+02 (-1.05204e+02), Variance: 2.04432e+01 (6.09246e+01), Accept ratio: 0.47320, 
INFO:root:Epoch  5433, Energy: -1.05391e+02 (-1.04253e+02), Variance: 2.43508e+01 (1.00929e+03), Accept ratio: 0.47430, 
INFO:root:Epoch  5434, Energy: -1.05591e+02 (-1.04974e+02), Variance: 1.70793e+01 (1.69705e+02), Accept ratio: 0.47394, 
INFO:root:Epoch  5435, Energy: -1.05618e+02 (-1.05405e+02), Variance: 1.65572e+01 (3.66618e+01), Accept ratio: 0.47598, 
INFO:root:Epoch  5436, Energy: -1.05484e+02 (-1.04956e+02), Variance: 1.89956e+01 (1.07719e+02), Accept ratio: 0.47683, 
INFO:root:Epoch  5437, Energy: -1.06036e+02 (-1.06140e+02), Variance: 1.78673e+01 (3.05585e+01), Accept ratio: 0.47151, 
INFO:root:Epoch  5438, Energy: -1.05956e+02 (-1.05951e+02), Variance: 1.53582e+01 (2.62823e+01), Accept ratio: 0.47194, 
INFO:root:Epoch  5439, Energy: -1.05554e+02 (-1.05336e+02), Variance: 1.69564e+01 (4.73657e+01), Accept ratio: 0.47425, 
INFO:root:Epoch  5440, Energy: -1.05650e+02 (-1.05481e+02), Variance: 1.84455e+01 (4.15365e+01), Accept ratio: 0.47828, 
INFO:root:Epoch  5441, Energy: -1.05799e+02 (-1.05858e+02), Variance: 1.70611e+01 (3.39182e+01), Accept ratio: 0.47221, 
INFO:root:Epoch  5442, Energy: -1.05748e+02 (-1.05654e+02), Variance: 1.75028e+01 (2.53397e+01), Accept ratio: 0.47328, 
INFO:root:Epoch  5443, Energy: -1.05798e+02 (-1.05794e+02), Variance: 1.52578e+01 (2.29037e+01), Accept ratio: 0.47627, 
INFO:root:Epoch  5444, Energy: -1.05651e+02 (-1.05554e+02), Variance: 1.49196e+01 (3.12217e+01), Accept ratio: 0.47307, 
INFO:root:Epoch  5445, Energy: -1.05832e+02 (-1.05680e+02), Variance: 1.72521e+01 (6.61215e+01), Accept ratio: 0.47457, 
INFO:root:Epoch  5446, Energy: -1.05749e+02 (-1.05704e+02), Variance: 1.49310e+01 (2.16305e+01), Accept ratio: 0.47407, 
INFO:root:Epoch  5447, Energy: -1.05802e+02 (-1.05767e+02), Variance: 1.52341e+01 (2.07584e+01), Accept ratio: 0.46495, 
INFO:root:Epoch  5448, Energy: -1.05727e+02 (-1.05909e+02), Variance: 1.86845e+01 (7.89756e+01), Accept ratio: 0.47388, 
INFO:root:Epoch  5449, Energy: -1.05798e+02 (-1.05816e+02), Variance: 1.94844e+01 (4.57582e+01), Accept ratio: 0.46971, 
INFO:root:Epoch  5450, Energy: -1.05731e+02 (-1.05584e+02), Variance: 1.73191e+01 (5.91901e+01), Accept ratio: 0.47396, 
INFO:root:Epoch  5451, Energy: -1.05520e+02 (-1.05422e+02), Variance: 1.59758e+01 (3.06430e+01), Accept ratio: 0.47309, 
INFO:root:Epoch  5452, Energy: -1.05744e+02 (-1.05538e+02), Variance: 1.60502e+01 (5.55243e+01), Accept ratio: 0.48085, 
INFO:root:Epoch  5453, Energy: -1.05801e+02 (-1.05831e+02), Variance: 1.59468e+01 (3.38344e+01), Accept ratio: 0.47337, 
INFO:root:Epoch  5454, Energy: -1.05937e+02 (-1.05980e+02), Variance: 1.49281e+01 (5.96183e+01), Accept ratio: 0.47186, 
INFO:root:Epoch  5455, Energy: -1.05801e+02 (-1.05626e+02), Variance: 1.61801e+01 (7.03918e+01), Accept ratio: 0.47404, 
INFO:root:Epoch  5456, Energy: -1.05591e+02 (-1.04829e+02), Variance: 2.06453e+01 (1.85233e+02), Accept ratio: 0.47633, 
INFO:root:Epoch  5457, Energy: -1.05585e+02 (-1.05206e+02), Variance: 2.07711e+01 (7.12219e+01), Accept ratio: 0.47319, 
INFO:root:Epoch  5458, Energy: -1.05803e+02 (-1.02827e+02), Variance: 2.10721e+01 (8.74863e+03), Accept ratio: 0.46649, 
INFO:root:Epoch  5459, Energy: -1.05891e+02 (-1.05937e+02), Variance: 1.75521e+01 (4.65427e+01), Accept ratio: 0.47340, 
INFO:root:Epoch  5460, Energy: -1.05827e+02 (-1.05542e+02), Variance: 1.84062e+01 (7.16469e+01), Accept ratio: 0.46920, 
INFO:root:Epoch  5461, Energy: -1.05778e+02 (-1.05489e+02), Variance: 1.63647e+01 (6.61342e+01), Accept ratio: 0.47545, 
INFO:root:Epoch  5462, Energy: -1.05870e+02 (-1.05883e+02), Variance: 1.69100e+01 (5.59492e+01), Accept ratio: 0.47043, 
INFO:root:Epoch  5463, Energy: -1.05829e+02 (-1.05619e+02), Variance: 1.60576e+01 (3.70941e+01), Accept ratio: 0.47483, 
INFO:root:Epoch  5464, Energy: -1.05554e+02 (-1.05444e+02), Variance: 1.76369e+01 (5.57518e+01), Accept ratio: 0.47952, 
INFO:root:Epoch  5465, Energy: -1.05609e+02 (-1.05524e+02), Variance: 1.66163e+01 (6.88943e+01), Accept ratio: 0.47565, 
INFO:root:Epoch  5466, Energy: -1.05999e+02 (-1.06082e+02), Variance: 1.63537e+01 (4.69150e+01), Accept ratio: 0.46800, 
INFO:root:Epoch  5467, Energy: -1.05913e+02 (-1.05791e+02), Variance: 1.68201e+01 (3.71044e+01), Accept ratio: 0.47696, 
INFO:root:Epoch  5468, Energy: -1.05691e+02 (-1.05367e+02), Variance: 1.67622e+01 (7.76208e+01), Accept ratio: 0.47822, 
INFO:root:Epoch  5469, Energy: -1.05788e+02 (-1.04912e+02), Variance: 2.25760e+01 (8.20383e+02), Accept ratio: 0.47154, 
INFO:root:Epoch  5470, Energy: -1.05899e+02 (-1.05171e+02), Variance: 1.92964e+01 (3.44038e+02), Accept ratio: 0.46849, 
INFO:root:Epoch  5471, Energy: -1.05810e+02 (-1.03433e+02), Variance: 2.58384e+01 (5.29931e+03), Accept ratio: 0.47507, 
INFO:root:Epoch  5472, Energy: -1.05773e+02 (-1.07879e+02), Variance: 2.41718e+01 (5.03574e+03), Accept ratio: 0.47142, 
INFO:root:Epoch  5473, Energy: -1.05760e+02 (-1.00707e+02), Variance: 2.38744e+01 (2.61635e+04), Accept ratio: 0.47980, 
INFO:root:Epoch  5474, Energy: -1.05698e+02 (-1.05539e+02), Variance: 1.81614e+01 (5.46742e+01), Accept ratio: 0.47972, 
INFO:root:Epoch  5475, Energy: -1.05833e+02 (-1.05377e+02), Variance: 1.67809e+01 (1.36383e+02), Accept ratio: 0.47289, 
INFO:root:Epoch  5476, Energy: -1.05719e+02 (-1.05542e+02), Variance: 1.80617e+01 (3.27939e+01), Accept ratio: 0.46960, 
INFO:root:Epoch  5477, Energy: -1.05574e+02 (-1.04043e+02), Variance: 2.74134e+01 (1.53172e+03), Accept ratio: 0.46434, 
INFO:root:Epoch  5478, Energy: -1.05791e+02 (-1.05539e+02), Variance: 1.85153e+01 (6.86227e+01), Accept ratio: 0.47541, 
INFO:root:Epoch  5479, Energy: -1.05582e+02 (-1.05065e+02), Variance: 1.89646e+01 (1.63469e+02), Accept ratio: 0.46910, 
INFO:root:Epoch  5480, Energy: -1.05479e+02 (-1.04972e+02), Variance: 1.77494e+01 (2.29677e+02), Accept ratio: 0.46624, 
INFO:root:Epoch  5481, Energy: -1.05674e+02 (-1.05098e+02), Variance: 2.19314e+01 (2.07599e+02), Accept ratio: 0.46912, 
INFO:root:Epoch  5482, Energy: -1.05820e+02 (-1.06318e+02), Variance: 1.97202e+01 (6.99460e+02), Accept ratio: 0.47474, 
INFO:root:Epoch  5483, Energy: -1.05685e+02 (-1.05550e+02), Variance: 1.58041e+01 (3.07152e+01), Accept ratio: 0.47973, 
INFO:root:Epoch  5484, Energy: -1.05629e+02 (-1.05549e+02), Variance: 1.73305e+01 (2.77096e+01), Accept ratio: 0.47523, 
INFO:root:Epoch  5485, Energy: -1.05846e+02 (-1.05759e+02), Variance: 1.66714e+01 (2.79238e+01), Accept ratio: 0.46853, 
INFO:root:Epoch  5486, Energy: -1.05562e+02 (-1.05403e+02), Variance: 1.76009e+01 (7.32166e+01), Accept ratio: 0.46902, 
INFO:root:Epoch  5487, Energy: -1.05800e+02 (-1.05676e+02), Variance: 1.44865e+01 (3.32588e+01), Accept ratio: 0.47293, 
INFO:root:Epoch  5488, Energy: -1.05844e+02 (-1.05474e+02), Variance: 1.67220e+01 (6.28346e+01), Accept ratio: 0.46848, 
INFO:root:Epoch  5489, Energy: -1.05932e+02 (-1.04331e+02), Variance: 2.27944e+01 (2.95068e+03), Accept ratio: 0.47380, 
INFO:root:Epoch  5490, Energy: -1.05814e+02 (-1.05804e+02), Variance: 1.60349e+01 (2.55305e+01), Accept ratio: 0.47317, 
INFO:root:Epoch  5491, Energy: -1.05783e+02 (-1.06014e+02), Variance: 1.83664e+01 (2.25927e+02), Accept ratio: 0.46315, 
INFO:root:Epoch  5492, Energy: -1.05814e+02 (-1.06525e+02), Variance: 2.10511e+01 (5.05326e+02), Accept ratio: 0.47091, 
INFO:root:Epoch  5493, Energy: -1.05558e+02 (-1.05146e+02), Variance: 2.17179e+01 (8.18735e+01), Accept ratio: 0.46721, 
INFO:root:Epoch  5494, Energy: -1.05700e+02 (-1.05158e+02), Variance: 2.03724e+01 (1.33004e+02), Accept ratio: 0.47040, 
INFO:root:Epoch  5495, Energy: -1.05683e+02 (-1.04689e+02), Variance: 1.82104e+01 (9.40115e+02), Accept ratio: 0.47482, 
INFO:root:Epoch  5496, Energy: -1.05727e+02 (-1.05178e+02), Variance: 1.67200e+01 (1.93442e+02), Accept ratio: 0.47588, 
INFO:root:Epoch  5497, Energy: -1.05308e+02 (-1.01618e+02), Variance: 3.09124e+01 (1.31761e+04), Accept ratio: 0.47451, 
INFO:root:Epoch  5498, Energy: -1.05942e+02 (-1.06004e+02), Variance: 1.64693e+01 (6.71673e+01), Accept ratio: 0.46583, 
INFO:root:Epoch  5499, Energy: -1.05790e+02 (-1.05765e+02), Variance: 1.66668e+01 (2.71216e+01), Accept ratio: 0.46372, 
INFO:root:Epoch  5500, Energy: -1.05882e+02 (-1.05723e+02), Variance: 1.78736e+01 (6.20354e+01), Accept ratio: 0.46607, 
INFO:root:Epoch  5501, Energy: -1.05789e+02 (-8.96489e+01), Variance: 5.10969e+01 (2.66361e+05), Accept ratio: 0.47555, 
INFO:root:Epoch  5502, Energy: -1.05974e+02 (-1.04898e+02), Variance: 1.61206e+01 (1.24190e+03), Accept ratio: 0.47021, 
INFO:root:Epoch  5503, Energy: -1.06034e+02 (-1.05068e+02), Variance: 1.64582e+01 (8.87454e+02), Accept ratio: 0.46857, 
INFO:root:Epoch  5504, Energy: -1.05603e+02 (-9.40511e+01), Variance: 4.22492e+01 (1.36497e+05), Accept ratio: 0.47189, 
INFO:root:Epoch  5505, Energy: -1.05523e+02 (-9.01017e+01), Variance: 5.19884e+01 (2.43200e+05), Accept ratio: 0.47679, 
INFO:root:Epoch  5506, Energy: -1.05805e+02 (-1.04845e+02), Variance: 2.27008e+01 (7.17961e+02), Accept ratio: 0.47375, 
INFO:root:Epoch  5507, Energy: -1.05720e+02 (-1.03149e+02), Variance: 2.44987e+01 (6.27532e+03), Accept ratio: 0.47818, 
INFO:root:Epoch  5508, Energy: -1.06179e+02 (-1.06222e+02), Variance: 1.75627e+01 (3.11433e+01), Accept ratio: 0.47447, 
INFO:root:Epoch  5509, Energy: -1.06040e+02 (-1.05611e+02), Variance: 1.44975e+01 (8.66336e+01), Accept ratio: 0.48060, 
INFO:root:Epoch  5510, Energy: -1.05843e+02 (-1.05487e+02), Variance: 1.49479e+01 (4.48035e+01), Accept ratio: 0.47479, 
INFO:root:Epoch  5511, Energy: -1.05870e+02 (-1.04663e+02), Variance: 1.77892e+01 (1.13999e+03), Accept ratio: 0.47939, 
INFO:root:Epoch  5512, Energy: -1.05739e+02 (-1.06070e+02), Variance: 1.70867e+01 (3.42494e+02), Accept ratio: 0.47332, 
INFO:root:Epoch  5513, Energy: -1.05778e+02 (-1.05688e+02), Variance: 1.80232e+01 (3.89859e+01), Accept ratio: 0.47378, 
INFO:root:Epoch  5514, Energy: -1.06014e+02 (-1.06002e+02), Variance: 2.01055e+01 (1.12767e+02), Accept ratio: 0.47022, 
INFO:root:Epoch  5515, Energy: -1.06102e+02 (-1.05822e+02), Variance: 1.94179e+01 (5.07648e+01), Accept ratio: 0.47535, 
INFO:root:Epoch  5516, Energy: -1.05873e+02 (-1.05379e+02), Variance: 1.63804e+01 (1.97813e+02), Accept ratio: 0.46723, 
INFO:root:Epoch  5517, Energy: -1.06110e+02 (-1.05777e+02), Variance: 1.58816e+01 (6.04962e+01), Accept ratio: 0.46644, 
INFO:root:Epoch  5518, Energy: -1.05787e+02 (-1.05658e+02), Variance: 1.41423e+01 (2.56629e+01), Accept ratio: 0.47288, 
INFO:root:Epoch  5519, Energy: -1.05763e+02 (-1.05526e+02), Variance: 1.72531e+01 (5.31862e+01), Accept ratio: 0.47156, 
INFO:root:Epoch  5520, Energy: -1.05679e+02 (-1.05391e+02), Variance: 1.60479e+01 (4.13790e+01), Accept ratio: 0.47134, 
INFO:root:Epoch  5521, Energy: -1.05882e+02 (-1.05664e+02), Variance: 1.36025e+01 (6.11422e+01), Accept ratio: 0.47286, 
INFO:root:Epoch  5522, Energy: -1.05963e+02 (-1.03186e+02), Variance: 2.65399e+01 (7.69205e+03), Accept ratio: 0.46512, 
INFO:root:Epoch  5523, Energy: -1.05992e+02 (-1.09160e+02), Variance: 2.09813e+01 (1.04330e+04), Accept ratio: 0.47052, 
INFO:root:Epoch  5524, Energy: -1.05902e+02 (-1.03077e+02), Variance: 1.87316e+01 (7.99866e+03), Accept ratio: 0.47193, 
INFO:root:Epoch  5525, Energy: -1.05675e+02 (-1.04341e+02), Variance: 1.91647e+01 (1.66569e+03), Accept ratio: 0.47729, 
INFO:root:Epoch  5526, Energy: -1.06050e+02 (-1.06414e+02), Variance: 1.56127e+01 (1.26275e+02), Accept ratio: 0.47298, 
INFO:root:Epoch  5527, Energy: -1.05989e+02 (-1.05765e+02), Variance: 1.32560e+01 (4.47847e+01), Accept ratio: 0.47104, 
INFO:root:Epoch  5528, Energy: -1.06104e+02 (-1.05648e+02), Variance: 1.50522e+01 (1.20659e+02), Accept ratio: 0.47236, 
INFO:root:Epoch  5529, Energy: -1.05668e+02 (-1.02190e+02), Variance: 1.99516e+01 (1.22036e+04), Accept ratio: 0.48128, 
INFO:root:Epoch  5530, Energy: -1.05896e+02 (-1.05513e+02), Variance: 1.56480e+01 (1.62043e+02), Accept ratio: 0.47967, 
INFO:root:Epoch  5531, Energy: -1.05996e+02 (-1.05804e+02), Variance: 1.53339e+01 (4.02058e+01), Accept ratio: 0.47752, 
INFO:root:Epoch  5532, Energy: -1.05793e+02 (-1.05129e+02), Variance: 1.44970e+01 (3.63842e+02), Accept ratio: 0.47661, 
INFO:root:Epoch  5533, Energy: -1.05825e+02 (-1.05586e+02), Variance: 1.44543e+01 (3.11811e+01), Accept ratio: 0.47495, 
INFO:root:Epoch  5534, Energy: -1.05995e+02 (-1.05505e+02), Variance: 1.65894e+01 (2.65318e+02), Accept ratio: 0.47285, 
INFO:root:Epoch  5535, Energy: -1.05923e+02 (-1.05142e+02), Variance: 1.49916e+01 (4.67341e+02), Accept ratio: 0.46956, 
INFO:root:Epoch  5536, Energy: -1.06018e+02 (-1.06097e+02), Variance: 1.30062e+01 (3.55772e+01), Accept ratio: 0.48134, 
INFO:root:Epoch  5537, Energy: -1.06033e+02 (-1.07039e+02), Variance: 1.56299e+01 (1.29399e+03), Accept ratio: 0.47821, 
INFO:root:Epoch  5538, Energy: -1.06094e+02 (-1.05825e+02), Variance: 1.79442e+01 (1.12086e+02), Accept ratio: 0.46780, 
INFO:root:Epoch  5539, Energy: -1.06034e+02 (-1.04876e+02), Variance: 1.90516e+01 (1.84759e+03), Accept ratio: 0.47607, 
INFO:root:Epoch  5540, Energy: -1.05925e+02 (-1.06981e+02), Variance: 2.48468e+01 (1.84251e+03), Accept ratio: 0.46969, 
INFO:root:Epoch  5541, Energy: -1.05926e+02 (-1.05543e+02), Variance: 1.97117e+01 (9.09932e+01), Accept ratio: 0.47209, 
INFO:root:Epoch  5542, Energy: -1.05716e+02 (-1.05033e+02), Variance: 2.13030e+01 (1.89842e+02), Accept ratio: 0.47422, 
INFO:root:Epoch  5543, Energy: -1.05917e+02 (-1.05943e+02), Variance: 2.26663e+01 (2.96977e+02), Accept ratio: 0.46779, 
INFO:root:Epoch  5544, Energy: -1.05796e+02 (-1.05210e+02), Variance: 2.57825e+01 (1.97493e+02), Accept ratio: 0.47288, 
INFO:root:Epoch  5545, Energy: -1.05818e+02 (-1.05902e+02), Variance: 2.01263e+01 (1.20789e+02), Accept ratio: 0.47235, 
INFO:root:Epoch  5546, Energy: -1.05672e+02 (-1.05482e+02), Variance: 2.39547e+01 (1.11592e+02), Accept ratio: 0.47979, 
INFO:root:Epoch  5547, Energy: -1.05594e+02 (-1.09449e+02), Variance: 5.21369e+01 (1.98042e+04), Accept ratio: 0.47567, 
INFO:root:Epoch  5548, Energy: -1.05488e+02 (-1.05015e+02), Variance: 2.33728e+01 (1.31321e+02), Accept ratio: 0.47596, 
INFO:root:Epoch  5549, Energy: -1.05652e+02 (-1.04568e+02), Variance: 2.75946e+01 (1.34464e+03), Accept ratio: 0.47427, 
INFO:root:Epoch  5550, Energy: -1.05808e+02 (-1.05399e+02), Variance: 2.05181e+01 (1.31675e+02), Accept ratio: 0.47100, 
INFO:root:Epoch  5551, Energy: -1.05998e+02 (-1.05681e+02), Variance: 2.39900e+01 (7.69395e+01), Accept ratio: 0.46708, 
INFO:root:Epoch  5552, Energy: -1.05721e+02 (-1.05358e+02), Variance: 1.99692e+01 (1.11641e+02), Accept ratio: 0.46947, 
INFO:root:Epoch  5553, Energy: -1.05859e+02 (-1.05676e+02), Variance: 2.17434e+01 (1.96394e+02), Accept ratio: 0.47535, 
INFO:root:Epoch  5554, Energy: -1.05921e+02 (-1.05571e+02), Variance: 2.28265e+01 (1.05732e+02), Accept ratio: 0.47025, 
INFO:root:Epoch  5555, Energy: -1.05954e+02 (-1.05777e+02), Variance: 1.96922e+01 (7.14414e+01), Accept ratio: 0.47333, 
INFO:root:Epoch  5556, Energy: -1.05714e+02 (-1.05455e+02), Variance: 1.98486e+01 (8.29808e+01), Accept ratio: 0.47388, 
INFO:root:Epoch  5557, Energy: -1.05575e+02 (-1.04897e+02), Variance: 2.26299e+01 (1.12114e+02), Accept ratio: 0.46549, 
INFO:root:Epoch  5558, Energy: -1.05980e+02 (-1.05701e+02), Variance: 1.96586e+01 (5.14948e+01), Accept ratio: 0.47172, 
INFO:root:Epoch  5559, Energy: -1.05881e+02 (-1.05814e+02), Variance: 1.77621e+01 (8.60503e+01), Accept ratio: 0.47568, 
INFO:root:Epoch  5560, Energy: -1.05696e+02 (-1.05463e+02), Variance: 1.87615e+01 (5.23880e+01), Accept ratio: 0.47478, 
INFO:root:Epoch  5561, Energy: -1.05946e+02 (-1.05920e+02), Variance: 2.08960e+01 (9.82258e+01), Accept ratio: 0.47338, 
INFO:root:Epoch  5562, Energy: -1.05871e+02 (-1.05614e+02), Variance: 2.05615e+01 (7.96547e+01), Accept ratio: 0.46435, 
INFO:root:Epoch  5563, Energy: -1.05865e+02 (-1.05636e+02), Variance: 1.68020e+01 (6.51802e+01), Accept ratio: 0.47722, 
INFO:root:Epoch  5564, Energy: -1.05689e+02 (-1.05560e+02), Variance: 1.90081e+01 (1.05789e+02), Accept ratio: 0.47117, 
INFO:root:Epoch  5565, Energy: -1.05877e+02 (-1.05288e+02), Variance: 1.95057e+01 (1.83595e+02), Accept ratio: 0.46268, 
INFO:root:Epoch  5566, Energy: -1.05916e+02 (-1.05499e+02), Variance: 2.23524e+01 (1.38204e+02), Accept ratio: 0.46669, 
INFO:root:Epoch  5567, Energy: -1.05803e+02 (-1.05728e+02), Variance: 1.98901e+01 (5.33573e+01), Accept ratio: 0.47757, 
INFO:root:Epoch  5568, Energy: -1.05767e+02 (-1.05669e+02), Variance: 1.90347e+01 (5.48699e+01), Accept ratio: 0.47436, 
INFO:root:Epoch  5569, Energy: -1.05770e+02 (-1.05553e+02), Variance: 2.01680e+01 (8.67943e+01), Accept ratio: 0.48120, 
INFO:root:Epoch  5570, Energy: -1.05846e+02 (-1.05659e+02), Variance: 1.85567e+01 (6.88009e+01), Accept ratio: 0.47776, 
INFO:root:Epoch  5571, Energy: -1.05593e+02 (-1.05430e+02), Variance: 2.46579e+01 (7.18911e+01), Accept ratio: 0.46356, 
INFO:root:Epoch  5572, Energy: -1.05652e+02 (-1.05401e+02), Variance: 2.06993e+01 (5.97954e+01), Accept ratio: 0.47630, 
INFO:root:Epoch  5573, Energy: -1.05751e+02 (-1.05602e+02), Variance: 2.18999e+01 (1.15112e+02), Accept ratio: 0.47183, 
INFO:root:Epoch  5574, Energy: -1.05822e+02 (-1.05989e+02), Variance: 2.14854e+01 (1.56182e+02), Accept ratio: 0.46924, 
INFO:root:Epoch  5575, Energy: -1.05902e+02 (-1.05627e+02), Variance: 1.92398e+01 (8.55950e+01), Accept ratio: 0.48097, 
INFO:root:Epoch  5576, Energy: -1.05918e+02 (-1.05731e+02), Variance: 1.97265e+01 (8.60804e+01), Accept ratio: 0.46674, 
INFO:root:Epoch  5577, Energy: -1.05846e+02 (-1.05636e+02), Variance: 1.90775e+01 (6.87033e+01), Accept ratio: 0.46751, 
INFO:root:Epoch  5578, Energy: -1.05975e+02 (-1.04869e+02), Variance: 2.21418e+01 (6.19000e+02), Accept ratio: 0.46728, 
INFO:root:Epoch  5579, Energy: -1.05684e+02 (-1.07277e+02), Variance: 2.69794e+01 (4.03580e+03), Accept ratio: 0.47784, 
INFO:root:Epoch  5580, Energy: -1.05910e+02 (-1.06066e+02), Variance: 1.84184e+01 (9.24972e+01), Accept ratio: 0.46559, 
INFO:root:Epoch  5581, Energy: -1.05945e+02 (-1.05462e+02), Variance: 2.21898e+01 (2.85163e+02), Accept ratio: 0.46936, 
INFO:root:Epoch  5582, Energy: -1.05573e+02 (-1.04331e+02), Variance: 2.31661e+01 (1.34010e+03), Accept ratio: 0.46941, 
INFO:root:Epoch  5583, Energy: -1.05700e+02 (-1.07787e+02), Variance: 2.42561e+01 (4.32720e+03), Accept ratio: 0.47291, 
INFO:root:Epoch  5584, Energy: -1.05462e+02 (-1.02082e+02), Variance: 3.61808e+01 (1.23759e+04), Accept ratio: 0.47048, 
INFO:root:Epoch  5585, Energy: -1.05638e+02 (-1.05320e+02), Variance: 1.98782e+01 (1.05913e+02), Accept ratio: 0.47004, 
INFO:root:Epoch  5586, Energy: -1.05502e+02 (-1.02483e+02), Variance: 3.45429e+01 (9.36365e+03), Accept ratio: 0.47089, 
INFO:root:Epoch  5587, Energy: -1.05899e+02 (-1.04533e+02), Variance: 3.10812e+01 (2.59410e+03), Accept ratio: 0.46421, 
INFO:root:Epoch  5588, Energy: -1.05666e+02 (-1.04898e+02), Variance: 1.82809e+01 (3.25073e+02), Accept ratio: 0.47132, 
INFO:root:Epoch  5589, Energy: -1.05616e+02 (-1.05420e+02), Variance: 1.51576e+01 (2.96852e+01), Accept ratio: 0.47531, 
INFO:root:Epoch  5590, Energy: -1.05869e+02 (-1.05187e+02), Variance: 1.75894e+01 (5.37346e+02), Accept ratio: 0.46616, 
INFO:root:Epoch  5591, Energy: -1.05471e+02 (-1.04151e+02), Variance: 2.54490e+01 (1.10368e+03), Accept ratio: 0.48023, 
INFO:root:Epoch  5592, Energy: -1.05631e+02 (-1.05263e+02), Variance: 1.90908e+01 (8.10182e+01), Accept ratio: 0.47275, 
INFO:root:Epoch  5593, Energy: -1.05880e+02 (-1.04920e+02), Variance: 2.04067e+01 (2.50858e+02), Accept ratio: 0.47919, 
INFO:root:Epoch  5594, Energy: -1.05893e+02 (-1.05934e+02), Variance: 1.71919e+01 (5.10286e+01), Accept ratio: 0.47142, 
INFO:root:Epoch  5595, Energy: -1.05900e+02 (-1.05880e+02), Variance: 1.76592e+01 (7.58088e+01), Accept ratio: 0.46949, 
INFO:root:Epoch  5596, Energy: -1.05609e+02 (-1.04806e+02), Variance: 2.37126e+01 (2.47387e+02), Accept ratio: 0.47080, 
INFO:root:Epoch  5597, Energy: -1.05611e+02 (-1.04346e+02), Variance: 2.25474e+01 (9.87570e+02), Accept ratio: 0.47210, 
INFO:root:Epoch  5598, Energy: -1.05642e+02 (-1.05149e+02), Variance: 1.96772e+01 (1.29979e+02), Accept ratio: 0.46875, 
INFO:root:Epoch  5599, Energy: -1.05802e+02 (-1.05906e+02), Variance: 1.90542e+01 (2.24094e+02), Accept ratio: 0.47009, 
INFO:root:Epoch  5600, Energy: -1.05560e+02 (-1.05358e+02), Variance: 1.93041e+01 (1.33073e+02), Accept ratio: 0.46326, 
INFO:root:Epoch  5601, Energy: -1.05691e+02 (-1.05432e+02), Variance: 1.79590e+01 (4.94806e+01), Accept ratio: 0.47025, 
INFO:root:Epoch  5602, Energy: -1.05508e+02 (-1.04685e+02), Variance: 1.78066e+01 (5.24516e+02), Accept ratio: 0.47064, 
INFO:root:Epoch  5603, Energy: -1.05960e+02 (-1.06234e+02), Variance: 1.76308e+01 (1.17933e+02), Accept ratio: 0.47663, 
INFO:root:Epoch  5604, Energy: -1.05631e+02 (-1.05555e+02), Variance: 1.67272e+01 (3.95697e+01), Accept ratio: 0.46882, 
INFO:root:Epoch  5605, Energy: -1.05814e+02 (-1.05510e+02), Variance: 1.73037e+01 (1.11045e+02), Accept ratio: 0.47486, 
INFO:root:Epoch  5606, Energy: -1.05950e+02 (-1.06019e+02), Variance: 1.64814e+01 (4.13655e+01), Accept ratio: 0.46904, 
INFO:root:Epoch  5607, Energy: -1.05862e+02 (-1.05678e+02), Variance: 1.54294e+01 (1.48617e+02), Accept ratio: 0.47455, 
INFO:root:Epoch  5608, Energy: -1.05872e+02 (-1.05909e+02), Variance: 1.38250e+01 (3.61564e+01), Accept ratio: 0.47261, 
INFO:root:Epoch  5609, Energy: -1.06024e+02 (-1.06102e+02), Variance: 1.33581e+01 (3.50376e+01), Accept ratio: 0.46651, 
INFO:root:Epoch  5610, Energy: -1.05622e+02 (-1.04575e+02), Variance: 2.01067e+01 (1.31561e+03), Accept ratio: 0.47499, 
INFO:root:Epoch  5611, Energy: -1.05884e+02 (-1.05800e+02), Variance: 1.75470e+01 (8.03915e+01), Accept ratio: 0.46984, 
INFO:root:Epoch  5612, Energy: -1.05776e+02 (-1.05439e+02), Variance: 1.55529e+01 (8.80210e+01), Accept ratio: 0.47134, 
INFO:root:Epoch  5613, Energy: -1.05845e+02 (-1.05718e+02), Variance: 1.62056e+01 (8.07497e+01), Accept ratio: 0.46810, 
INFO:root:Epoch  5614, Energy: -1.05655e+02 (-1.05283e+02), Variance: 1.44136e+01 (8.39436e+01), Accept ratio: 0.46958, 
INFO:root:Epoch  5615, Energy: -1.05612e+02 (-1.05946e+02), Variance: 1.96175e+01 (5.89971e+02), Accept ratio: 0.46958, 
INFO:root:Epoch  5616, Energy: -1.05684e+02 (-1.05157e+02), Variance: 2.06214e+01 (1.02517e+02), Accept ratio: 0.47044, 
INFO:root:Epoch  5617, Energy: -1.05776e+02 (-1.05374e+02), Variance: 1.68695e+01 (1.18466e+02), Accept ratio: 0.47040, 
INFO:root:Epoch  5618, Energy: -1.05670e+02 (-1.05606e+02), Variance: 1.61857e+01 (4.60451e+01), Accept ratio: 0.47252, 
INFO:root:Epoch  5619, Energy: -1.05637e+02 (-1.03083e+02), Variance: 3.18427e+01 (5.46654e+03), Accept ratio: 0.47855, 
INFO:root:Epoch  5620, Energy: -1.05692e+02 (-1.05959e+02), Variance: 1.76837e+01 (3.67568e+02), Accept ratio: 0.47306, 
INFO:root:Epoch  5621, Energy: -1.05669e+02 (-1.05113e+02), Variance: 2.03920e+01 (9.59753e+01), Accept ratio: 0.47296, 
INFO:root:Epoch  5622, Energy: -1.05661e+02 (-1.07106e+02), Variance: 2.87923e+01 (4.92406e+03), Accept ratio: 0.46161, 
INFO:root:Epoch  5623, Energy: -1.05832e+02 (-1.05752e+02), Variance: 1.98442e+01 (1.00023e+02), Accept ratio: 0.47101, 
INFO:root:Epoch  5624, Energy: -1.05772e+02 (-1.05332e+02), Variance: 1.74113e+01 (9.97893e+01), Accept ratio: 0.47493, 
INFO:root:Epoch  5625, Energy: -1.05776e+02 (-1.04655e+02), Variance: 2.23208e+01 (6.88789e+02), Accept ratio: 0.46625, 
INFO:root:Epoch  5626, Energy: -1.05651e+02 (-1.07522e+02), Variance: 3.27508e+01 (8.41725e+03), Accept ratio: 0.46836, 
INFO:root:Epoch  5627, Energy: -1.05557e+02 (-1.03971e+02), Variance: 3.31821e+01 (3.33142e+03), Accept ratio: 0.47342, 
INFO:root:Epoch  5628, Energy: -1.05908e+02 (-1.03827e+02), Variance: 3.11280e+01 (5.52263e+03), Accept ratio: 0.46699, 
INFO:root:Epoch  5629, Energy: -1.05377e+02 (-1.00744e+02), Variance: 4.59869e+01 (9.66853e+03), Accept ratio: 0.47224, 
INFO:root:Epoch  5630, Energy: -1.05909e+02 (-1.05329e+02), Variance: 1.87245e+01 (1.42116e+02), Accept ratio: 0.46803, 
INFO:root:Epoch  5631, Energy: -1.05630e+02 (-1.05253e+02), Variance: 2.04862e+01 (1.01089e+02), Accept ratio: 0.47436, 
INFO:root:Epoch  5632, Energy: -1.05514e+02 (-1.04535e+02), Variance: 2.06463e+01 (4.72486e+02), Accept ratio: 0.46643, 
INFO:root:Epoch  5633, Energy: -1.05635e+02 (-1.05249e+02), Variance: 1.75588e+01 (6.30124e+01), Accept ratio: 0.47188, 
INFO:root:Epoch  5634, Energy: -1.05708e+02 (-1.05399e+02), Variance: 1.73007e+01 (5.71569e+01), Accept ratio: 0.47031, 
INFO:root:Epoch  5635, Energy: -1.05845e+02 (-1.05602e+02), Variance: 1.88764e+01 (6.55662e+02), Accept ratio: 0.47223, 
INFO:root:Epoch  5636, Energy: -1.05759e+02 (-1.04759e+02), Variance: 1.72816e+01 (4.91579e+02), Accept ratio: 0.47170, 
INFO:root:Epoch  5637, Energy: -1.05922e+02 (-1.06725e+02), Variance: 2.29550e+01 (1.42438e+03), Accept ratio: 0.47244, 
INFO:root:Epoch  5638, Energy: -1.06052e+02 (-1.06438e+02), Variance: 1.55554e+01 (1.76111e+02), Accept ratio: 0.46844, 
INFO:root:Epoch  5639, Energy: -1.05786e+02 (-1.05217e+02), Variance: 1.47574e+01 (1.59372e+02), Accept ratio: 0.46834, 
INFO:root:Epoch  5640, Energy: -1.05718e+02 (-1.05667e+02), Variance: 1.55746e+01 (7.92355e+01), Accept ratio: 0.47337, 
INFO:root:Epoch  5641, Energy: -1.05734e+02 (-1.04163e+02), Variance: 2.00947e+01 (6.80824e+02), Accept ratio: 0.48123, 
INFO:root:Epoch  5642, Energy: -1.05839e+02 (-1.05147e+02), Variance: 1.88800e+01 (4.04546e+02), Accept ratio: 0.47627, 
INFO:root:Epoch  5643, Energy: -1.05863e+02 (-1.05651e+02), Variance: 1.54849e+01 (3.38911e+01), Accept ratio: 0.47444, 
INFO:root:Epoch  5644, Energy: -1.05672e+02 (-1.03960e+02), Variance: 2.26321e+01 (2.19018e+03), Accept ratio: 0.48268, 
INFO:root:Epoch  5645, Energy: -1.05825e+02 (-1.05636e+02), Variance: 1.59029e+01 (5.23214e+01), Accept ratio: 0.46834, 
INFO:root:Epoch  5646, Energy: -1.05968e+02 (-1.05586e+02), Variance: 1.53912e+01 (1.08768e+02), Accept ratio: 0.47808, 
INFO:root:Epoch  5647, Energy: -1.05903e+02 (-1.05997e+02), Variance: 1.45322e+01 (6.02978e+01), Accept ratio: 0.47583, 
INFO:root:Epoch  5648, Energy: -1.05884e+02 (-1.05673e+02), Variance: 1.76517e+01 (7.29189e+01), Accept ratio: 0.47075, 
INFO:root:Epoch  5649, Energy: -1.05885e+02 (-1.05291e+02), Variance: 1.70486e+01 (1.44806e+02), Accept ratio: 0.47390, 
INFO:root:Epoch  5650, Energy: -1.06077e+02 (-1.04329e+02), Variance: 2.37566e+01 (1.37368e+03), Accept ratio: 0.47277, 
INFO:root:Epoch  5651, Energy: -1.06098e+02 (-1.05678e+02), Variance: 1.64414e+01 (1.24345e+02), Accept ratio: 0.47401, 
INFO:root:Epoch  5652, Energy: -1.05783e+02 (-1.03973e+02), Variance: 2.21252e+01 (2.50171e+03), Accept ratio: 0.47220, 
INFO:root:Epoch  5653, Energy: -1.06069e+02 (-1.05577e+02), Variance: 1.96509e+01 (1.21577e+02), Accept ratio: 0.47385, 
INFO:root:Epoch  5654, Energy: -1.06121e+02 (-1.05772e+02), Variance: 1.67558e+01 (1.54207e+02), Accept ratio: 0.47287, 
INFO:root:Epoch  5655, Energy: -1.06502e+02 (-1.19425e+02), Variance: 8.30412e+01 (1.70862e+05), Accept ratio: 0.46682, 
INFO:root:Epoch  5656, Energy: -1.05887e+02 (-1.05301e+02), Variance: 1.49054e+01 (1.69174e+02), Accept ratio: 0.47853, 
INFO:root:Epoch  5657, Energy: -1.06007e+02 (-1.05339e+02), Variance: 1.56936e+01 (2.87976e+02), Accept ratio: 0.46632, 
INFO:root:Epoch  5658, Energy: -1.05980e+02 (-1.05506e+02), Variance: 1.58007e+01 (1.67768e+02), Accept ratio: 0.47433, 
INFO:root:Epoch  5659, Energy: -1.05946e+02 (-1.05363e+02), Variance: 1.66679e+01 (4.45353e+02), Accept ratio: 0.46695, 
INFO:root:Epoch  5660, Energy: -1.05725e+02 (-1.05287e+02), Variance: 1.65523e+01 (1.19778e+02), Accept ratio: 0.47103, 
INFO:root:Epoch  5661, Energy: -1.05921e+02 (-1.05452e+02), Variance: 1.53715e+01 (9.16586e+01), Accept ratio: 0.47528, 
INFO:root:Epoch  5662, Energy: -1.05958e+02 (-1.05257e+02), Variance: 1.77340e+01 (2.11204e+02), Accept ratio: 0.46730, 
INFO:root:Epoch  5663, Energy: -1.05874e+02 (-1.05877e+02), Variance: 1.68602e+01 (8.23010e+01), Accept ratio: 0.46475, 
INFO:root:Epoch  5664, Energy: -1.05733e+02 (-1.05552e+02), Variance: 1.59869e+01 (4.81218e+01), Accept ratio: 0.47196, 
INFO:root:Epoch  5665, Energy: -1.05918e+02 (-1.05774e+02), Variance: 1.35559e+01 (2.06139e+01), Accept ratio: 0.47161, 
INFO:root:Epoch  5666, Energy: -1.05769e+02 (-1.05794e+02), Variance: 1.50541e+01 (3.44057e+01), Accept ratio: 0.47700, 
INFO:root:Epoch  5667, Energy: -1.05789e+02 (-1.05100e+02), Variance: 1.81997e+01 (3.50213e+02), Accept ratio: 0.47068, 
INFO:root:Epoch  5668, Energy: -1.05818e+02 (-1.05229e+02), Variance: 1.82392e+01 (1.97479e+02), Accept ratio: 0.47229, 
INFO:root:Epoch  5669, Energy: -1.05919e+02 (-1.05513e+02), Variance: 1.73103e+01 (1.32547e+02), Accept ratio: 0.47618, 
INFO:root:Epoch  5670, Energy: -1.05742e+02 (-1.05097e+02), Variance: 2.05249e+01 (1.58338e+02), Accept ratio: 0.47297, 
INFO:root:Epoch  5671, Energy: -1.05734e+02 (-1.05187e+02), Variance: 1.80084e+01 (1.75266e+02), Accept ratio: 0.46859, 
INFO:root:Epoch  5672, Energy: -1.05891e+02 (-1.06744e+02), Variance: 1.82433e+01 (9.43275e+02), Accept ratio: 0.46874, 
INFO:root:Epoch  5673, Energy: -1.05955e+02 (-1.05555e+02), Variance: 1.83759e+01 (7.59762e+01), Accept ratio: 0.47071, 
INFO:root:Epoch  5674, Energy: -1.05674e+02 (-1.05743e+02), Variance: 2.01106e+01 (2.53019e+02), Accept ratio: 0.47330, 
INFO:root:Epoch  5675, Energy: -1.05573e+02 (-1.00919e+02), Variance: 5.43577e+01 (1.87595e+04), Accept ratio: 0.46310, 
INFO:root:Epoch  5676, Energy: -1.05934e+02 (-1.05063e+02), Variance: 1.44266e+01 (4.57641e+02), Accept ratio: 0.46573, 
INFO:root:Epoch  5677, Energy: -1.05908e+02 (-1.05846e+02), Variance: 1.44927e+01 (1.74769e+02), Accept ratio: 0.47246, 
INFO:root:Epoch  5678, Energy: -1.06118e+02 (-1.05933e+02), Variance: 1.74337e+01 (4.43596e+02), Accept ratio: 0.47002, 
INFO:root:Epoch  5679, Energy: -1.06150e+02 (-1.06473e+02), Variance: 1.56910e+01 (3.24669e+02), Accept ratio: 0.47249, 
INFO:root:Epoch  5680, Energy: -1.06120e+02 (-1.05642e+02), Variance: 1.51925e+01 (1.01570e+02), Accept ratio: 0.47334, 
INFO:root:Epoch  5681, Energy: -1.05634e+02 (-1.04007e+02), Variance: 2.30303e+01 (1.06728e+03), Accept ratio: 0.46861, 
INFO:root:Epoch  5682, Energy: -1.05746e+02 (-1.05069e+02), Variance: 1.75921e+01 (4.07512e+02), Accept ratio: 0.47892, 
INFO:root:Epoch  5683, Energy: -1.05853e+02 (-1.07281e+02), Variance: 2.71798e+01 (1.03449e+04), Accept ratio: 0.46823, 
INFO:root:Epoch  5684, Energy: -1.05773e+02 (-1.05207e+02), Variance: 1.31460e+01 (1.18601e+02), Accept ratio: 0.47379, 
INFO:root:Epoch  5685, Energy: -1.05854e+02 (-1.05741e+02), Variance: 1.65903e+01 (1.61223e+02), Accept ratio: 0.47229, 
INFO:root:Epoch  5686, Energy: -1.05935e+02 (-1.05674e+02), Variance: 1.58685e+01 (2.05013e+02), Accept ratio: 0.47301, 
INFO:root:Epoch  5687, Energy: -1.05835e+02 (-1.05069e+02), Variance: 1.69789e+01 (2.74858e+02), Accept ratio: 0.46712, 
INFO:root:Epoch  5688, Energy: -1.05885e+02 (-1.05565e+02), Variance: 1.73789e+01 (1.41277e+02), Accept ratio: 0.47463, 
INFO:root:Epoch  5689, Energy: -1.05895e+02 (-1.04755e+02), Variance: 1.88112e+01 (4.76786e+02), Accept ratio: 0.47530, 
INFO:root:Epoch  5690, Energy: -1.05949e+02 (-1.05997e+02), Variance: 1.72720e+01 (2.79645e+02), Accept ratio: 0.46767, 
INFO:root:Epoch  5691, Energy: -1.05955e+02 (-1.05436e+02), Variance: 1.46728e+01 (1.21210e+02), Accept ratio: 0.47395, 
INFO:root:Epoch  5692, Energy: -1.05908e+02 (-1.05956e+02), Variance: 1.93932e+01 (7.87125e+02), Accept ratio: 0.47755, 
INFO:root:Epoch  5693, Energy: -1.05888e+02 (-1.05569e+02), Variance: 1.60941e+01 (1.91383e+02), Accept ratio: 0.47231, 
INFO:root:Epoch  5694, Energy: -1.05842e+02 (-1.14560e+02), Variance: 5.75148e+01 (7.78224e+04), Accept ratio: 0.46882, 
INFO:root:Epoch  5695, Energy: -1.05998e+02 (-1.05417e+02), Variance: 1.26570e+01 (1.24170e+02), Accept ratio: 0.47538, 
INFO:root:Epoch  5696, Energy: -1.05726e+02 (-9.97141e+01), Variance: 3.96605e+01 (3.58407e+04), Accept ratio: 0.47042, 
INFO:root:Epoch  5697, Energy: -1.05857e+02 (-1.03425e+02), Variance: 1.90286e+01 (4.98481e+03), Accept ratio: 0.47262, 
INFO:root:Epoch  5698, Energy: -1.05736e+02 (-1.06130e+02), Variance: 1.65518e+01 (9.53151e+02), Accept ratio: 0.46753, 
INFO:root:Epoch  5699, Energy: -1.05966e+02 (-1.05197e+02), Variance: 1.37860e+01 (1.96589e+02), Accept ratio: 0.46873, 
INFO:root:Epoch  5700, Energy: -1.05959e+02 (-1.05297e+02), Variance: 1.43357e+01 (1.95025e+02), Accept ratio: 0.47242, 
INFO:root:Epoch  5701, Energy: -1.06051e+02 (-1.05285e+02), Variance: 1.34395e+01 (2.19584e+02), Accept ratio: 0.47322, 
INFO:root:Epoch  5702, Energy: -1.06037e+02 (-1.06001e+02), Variance: 1.59446e+01 (3.75105e+02), Accept ratio: 0.47019, 
INFO:root:Epoch  5703, Energy: -1.06085e+02 (-1.04535e+02), Variance: 1.68541e+01 (1.47335e+03), Accept ratio: 0.47778, 
INFO:root:Epoch  5704, Energy: -1.06115e+02 (-1.05029e+02), Variance: 1.35064e+01 (5.02046e+02), Accept ratio: 0.47378, 
INFO:root:Epoch  5705, Energy: -1.06096e+02 (-1.05405e+02), Variance: 1.54174e+01 (1.71408e+03), Accept ratio: 0.47102, 
INFO:root:Epoch  5706, Energy: -1.05852e+02 (-1.04504e+02), Variance: 1.57553e+01 (9.90138e+02), Accept ratio: 0.47904, 
INFO:root:Epoch  5707, Energy: -1.06256e+02 (-1.05146e+02), Variance: 1.51105e+01 (9.60763e+02), Accept ratio: 0.47055, 
INFO:root:Epoch  5708, Energy: -1.06029e+02 (-1.04778e+02), Variance: 1.46790e+01 (1.16924e+03), Accept ratio: 0.47174, 
INFO:root:Epoch  5709, Energy: -1.05862e+02 (-1.02024e+02), Variance: 3.46485e+01 (3.28688e+04), Accept ratio: 0.46982, 
INFO:root:Epoch  5710, Energy: -1.05309e+02 (-8.72651e+01), Variance: 1.52547e+02 (2.24685e+05), Accept ratio: 0.46850, 
INFO:root:Epoch  5711, Energy: -1.05838e+02 (-1.04878e+02), Variance: 2.22910e+01 (2.48679e+03), Accept ratio: 0.47727, 
INFO:root:Epoch  5712, Energy: -1.05956e+02 (-1.04323e+02), Variance: 2.77675e+01 (9.42130e+03), Accept ratio: 0.46800, 
INFO:root:Epoch  5713, Energy: -1.05631e+02 (-1.03485e+02), Variance: 2.53496e+01 (1.57461e+03), Accept ratio: 0.46430, 
INFO:root:Epoch  5714, Energy: -1.05961e+02 (-1.06881e+02), Variance: 2.05267e+01 (1.10652e+03), Accept ratio: 0.47491, 
INFO:root:Epoch  5715, Energy: -1.05398e+02 (-9.71695e+01), Variance: 5.63696e+01 (6.55838e+04), Accept ratio: 0.47107, 
INFO:root:Epoch  5716, Energy: -1.05794e+02 (-1.07572e+02), Variance: 2.25645e+01 (2.47081e+03), Accept ratio: 0.48013, 
INFO:root:Epoch  5717, Energy: -1.05797e+02 (-1.07894e+02), Variance: 3.63184e+01 (3.95464e+04), Accept ratio: 0.47487, 
INFO:root:Epoch  5718, Energy: -1.05681e+02 (-1.02109e+02), Variance: 2.96939e+01 (7.69155e+03), Accept ratio: 0.47195, 
INFO:root:Epoch  5719, Energy: -1.05610e+02 (-1.02987e+02), Variance: 2.59321e+01 (4.20800e+03), Accept ratio: 0.47547, 
INFO:root:Epoch  5720, Energy: -1.05741e+02 (-1.05654e+02), Variance: 2.26515e+01 (4.48708e+03), Accept ratio: 0.47622, 
INFO:root:Epoch  5721, Energy: -1.05422e+02 (-1.01754e+02), Variance: 4.26662e+01 (7.45204e+03), Accept ratio: 0.46666, 
INFO:root:Epoch  5722, Energy: -1.05786e+02 (-1.01279e+02), Variance: 3.36660e+01 (1.08226e+04), Accept ratio: 0.47113, 
INFO:root:Epoch  5723, Energy: -1.05794e+02 (-1.03964e+02), Variance: 3.00234e+01 (9.05126e+03), Accept ratio: 0.46649, 
INFO:root:Epoch  5724, Energy: -1.05804e+02 (-1.02207e+02), Variance: 3.12069e+01 (1.35917e+04), Accept ratio: 0.47097, 
INFO:root:Epoch  5725, Energy: -1.06394e+02 (-1.10654e+02), Variance: 6.16773e+01 (5.10638e+04), Accept ratio: 0.47608, 
INFO:root:Epoch  5726, Energy: -1.05933e+02 (-1.01441e+02), Variance: 6.30251e+01 (2.56651e+04), Accept ratio: 0.47294, 
INFO:root:Epoch  5727, Energy: -1.06041e+02 (-1.06212e+02), Variance: 3.64369e+01 (6.41779e+02), Accept ratio: 0.46814, 
INFO:root:Epoch  5728, Energy: -1.05788e+02 (-1.05717e+02), Variance: 4.36067e+01 (7.46592e+01), Accept ratio: 0.47433, 
INFO:root:Epoch  5729, Energy: -1.05819e+02 (-1.05760e+02), Variance: 4.62578e+01 (8.03197e+01), Accept ratio: 0.47073, 
INFO:root:Epoch  5730, Energy: -1.05511e+02 (-1.04904e+02), Variance: 6.11273e+01 (1.76384e+02), Accept ratio: 0.46704, 
INFO:root:Epoch  5731, Energy: -1.04860e+02 (-1.04049e+02), Variance: 7.25690e+01 (2.56537e+02), Accept ratio: 0.46322, 
INFO:root:Epoch  5732, Energy: -1.05348e+02 (-1.05231e+02), Variance: 9.07771e+01 (7.16936e+02), Accept ratio: 0.46807, 
INFO:root:Epoch  5733, Energy: -1.05713e+02 (-1.05386e+02), Variance: 7.82865e+01 (6.16630e+02), Accept ratio: 0.47782, 
INFO:root:Epoch  5734, Energy: -1.05357e+02 (-1.04578e+02), Variance: 6.87626e+01 (2.61297e+02), Accept ratio: 0.46766, 
INFO:root:Epoch  5735, Energy: -1.05149e+02 (-1.05479e+02), Variance: 8.65567e+01 (1.01682e+03), Accept ratio: 0.47608, 
INFO:root:Epoch  5736, Energy: -1.05257e+02 (-1.04769e+02), Variance: 6.67355e+01 (1.97854e+02), Accept ratio: 0.47379, 
INFO:root:Epoch  5737, Energy: -1.05750e+02 (-1.05829e+02), Variance: 7.72947e+01 (4.00273e+02), Accept ratio: 0.46771, 
INFO:root:Epoch  5738, Energy: -1.05158e+02 (-1.04445e+02), Variance: 7.38004e+01 (3.03663e+02), Accept ratio: 0.46909, 
INFO:root:Epoch  5739, Energy: -1.05222e+02 (-1.05217e+02), Variance: 6.00037e+01 (1.67271e+02), Accept ratio: 0.46928, 
INFO:root:Epoch  5740, Energy: -1.05236e+02 (-1.04905e+02), Variance: 6.42049e+01 (1.67873e+02), Accept ratio: 0.46804, 
INFO:root:Epoch  5741, Energy: -1.05162e+02 (-1.04073e+02), Variance: 7.19353e+01 (4.11081e+02), Accept ratio: 0.47347, 
INFO:root:Epoch  5742, Energy: -1.04894e+02 (-1.04429e+02), Variance: 6.90592e+01 (1.47908e+02), Accept ratio: 0.47072, 
INFO:root:Epoch  5743, Energy: -1.05129e+02 (-1.03733e+02), Variance: 6.70120e+01 (1.60844e+03), Accept ratio: 0.47330, 
INFO:root:Epoch  5744, Energy: -1.05387e+02 (-1.04940e+02), Variance: 4.46354e+01 (2.06286e+02), Accept ratio: 0.47451, 
INFO:root:Epoch  5745, Energy: -1.05160e+02 (-1.05161e+02), Variance: 5.71518e+01 (1.74263e+02), Accept ratio: 0.46524, 
INFO:root:Epoch  5746, Energy: -1.04670e+02 (-1.03751e+02), Variance: 6.58016e+01 (1.29362e+03), Accept ratio: 0.47185, 
INFO:root:Epoch  5747, Energy: -1.05177e+02 (-1.04655e+02), Variance: 4.76193e+01 (1.39398e+02), Accept ratio: 0.46772, 
INFO:root:Epoch  5748, Energy: -1.05049e+02 (-1.04643e+02), Variance: 4.75089e+01 (1.65836e+02), Accept ratio: 0.47436, 
INFO:root:Epoch  5749, Energy: -1.05118e+02 (-1.04931e+02), Variance: 4.83904e+01 (9.42555e+01), Accept ratio: 0.46504, 
INFO:root:Epoch  5750, Energy: -1.05031e+02 (-1.04400e+02), Variance: 5.33648e+01 (2.13670e+02), Accept ratio: 0.46871, 
INFO:root:Epoch  5751, Energy: -1.05061e+02 (-1.04814e+02), Variance: 4.83216e+01 (9.28635e+01), Accept ratio: 0.47059, 
INFO:root:Epoch  5752, Energy: -1.05241e+02 (-1.05059e+02), Variance: 4.67389e+01 (7.66966e+01), Accept ratio: 0.47301, 
INFO:root:Epoch  5753, Energy: -1.05637e+02 (-1.05425e+02), Variance: 4.92164e+01 (1.12254e+02), Accept ratio: 0.46887, 
INFO:root:Epoch  5754, Energy: -1.04965e+02 (-1.04791e+02), Variance: 4.40039e+01 (8.84607e+01), Accept ratio: 0.47152, 
INFO:root:Epoch  5755, Energy: -1.05360e+02 (-1.05106e+02), Variance: 5.01713e+01 (9.00872e+01), Accept ratio: 0.47099, 
INFO:root:Epoch  5756, Energy: -1.05359e+02 (-1.05087e+02), Variance: 4.39563e+01 (1.14843e+02), Accept ratio: 0.47803, 
INFO:root:Epoch  5757, Energy: -1.05297e+02 (-1.05188e+02), Variance: 4.00855e+01 (6.68597e+01), Accept ratio: 0.46815, 
INFO:root:Epoch  5758, Energy: -1.05286e+02 (-1.05223e+02), Variance: 4.86463e+01 (2.44361e+02), Accept ratio: 0.47481, 
INFO:root:Epoch  5759, Energy: -1.05337e+02 (-1.04358e+02), Variance: 5.10237e+01 (1.26367e+03), Accept ratio: 0.47022, 
INFO:root:Epoch  5760, Energy: -1.05437e+02 (-1.05121e+02), Variance: 3.99253e+01 (1.95818e+02), Accept ratio: 0.46932, 
INFO:root:Epoch  5761, Energy: -1.05172e+02 (-1.04867e+02), Variance: 4.37633e+01 (1.18548e+02), Accept ratio: 0.47345, 
INFO:root:Epoch  5762, Energy: -1.05569e+02 (-1.05440e+02), Variance: 3.60423e+01 (6.33274e+01), Accept ratio: 0.47144, 
INFO:root:Epoch  5763, Energy: -1.05491e+02 (-1.05156e+02), Variance: 4.09515e+01 (8.01119e+01), Accept ratio: 0.47500, 
INFO:root:Epoch  5764, Energy: -1.05414e+02 (-1.05096e+02), Variance: 4.05493e+01 (1.94538e+02), Accept ratio: 0.47335, 
INFO:root:Epoch  5765, Energy: -1.05612e+02 (-1.04999e+02), Variance: 4.39604e+01 (1.39463e+02), Accept ratio: 0.47421, 
INFO:root:Epoch  5766, Energy: -1.05455e+02 (-1.04671e+02), Variance: 4.74118e+01 (2.39449e+02), Accept ratio: 0.47325, 
INFO:root:Epoch  5767, Energy: -1.05192e+02 (-1.04836e+02), Variance: 4.55135e+01 (1.04473e+02), Accept ratio: 0.46919, 
INFO:root:Epoch  5768, Energy: -1.05008e+02 (-1.04175e+02), Variance: 4.03127e+01 (3.04172e+02), Accept ratio: 0.47397, 
INFO:root:Epoch  5769, Energy: -1.05304e+02 (-1.04995e+02), Variance: 3.75687e+01 (1.16277e+02), Accept ratio: 0.46575, 
INFO:root:Epoch  5770, Energy: -1.05083e+02 (-1.03661e+02), Variance: 4.90505e+01 (2.00110e+03), Accept ratio: 0.46787, 
INFO:root:Epoch  5771, Energy: -1.05362e+02 (-1.04580e+02), Variance: 3.88299e+01 (4.51122e+02), Accept ratio: 0.46839, 
INFO:root:Epoch  5772, Energy: -1.05076e+02 (-1.04388e+02), Variance: 4.16463e+01 (2.57198e+02), Accept ratio: 0.47199, 
INFO:root:Epoch  5773, Energy: -1.05215e+02 (-1.04118e+02), Variance: 4.17764e+01 (1.05370e+03), Accept ratio: 0.47642, 
INFO:root:Epoch  5774, Energy: -1.05088e+02 (-1.04123e+02), Variance: 4.36234e+01 (7.17234e+02), Accept ratio: 0.47401, 
INFO:root:Epoch  5775, Energy: -1.05439e+02 (-1.05175e+02), Variance: 3.93946e+01 (9.24300e+01), Accept ratio: 0.47255, 
INFO:root:Epoch  5776, Energy: -1.05219e+02 (-1.04964e+02), Variance: 3.51182e+01 (9.75011e+01), Accept ratio: 0.46740, 
INFO:root:Epoch  5777, Energy: -1.04867e+02 (-1.03912e+02), Variance: 3.78289e+01 (2.38081e+02), Accept ratio: 0.47019, 
INFO:root:Epoch  5778, Energy: -1.05300e+02 (-1.04939e+02), Variance: 3.55461e+01 (1.03080e+02), Accept ratio: 0.47703, 
INFO:root:Epoch  5779, Energy: -1.05108e+02 (-1.04681e+02), Variance: 3.42403e+01 (8.71690e+01), Accept ratio: 0.47302, 
INFO:root:Epoch  5780, Energy: -1.05416e+02 (-1.05432e+02), Variance: 3.51627e+01 (1.57774e+02), Accept ratio: 0.46647, 
INFO:root:Epoch  5781, Energy: -1.05377e+02 (-1.05260e+02), Variance: 3.54458e+01 (7.09421e+01), Accept ratio: 0.47124, 
INFO:root:Epoch  5782, Energy: -1.05496e+02 (-1.05138e+02), Variance: 3.61959e+01 (6.57713e+01), Accept ratio: 0.46947, 
INFO:root:Epoch  5783, Energy: -1.05408e+02 (-1.05087e+02), Variance: 3.75398e+01 (1.40659e+02), Accept ratio: 0.47292, 
INFO:root:Epoch  5784, Energy: -1.05614e+02 (-1.05351e+02), Variance: 3.01647e+01 (5.97907e+01), Accept ratio: 0.47138, 
INFO:root:Epoch  5785, Energy: -1.05353e+02 (-1.05105e+02), Variance: 3.53012e+01 (9.65597e+01), Accept ratio: 0.46932, 
INFO:root:Epoch  5786, Energy: -1.05229e+02 (-1.04406e+02), Variance: 3.48366e+01 (5.65633e+02), Accept ratio: 0.47422, 
INFO:root:Epoch  5787, Energy: -1.05303e+02 (-1.04558e+02), Variance: 3.43712e+01 (5.46230e+02), Accept ratio: 0.47171, 
INFO:root:Epoch  5788, Energy: -1.05618e+02 (-1.05218e+02), Variance: 3.35280e+01 (8.32027e+01), Accept ratio: 0.47103, 
INFO:root:Epoch  5789, Energy: -1.05129e+02 (-1.04408e+02), Variance: 3.30229e+01 (2.09863e+02), Accept ratio: 0.47351, 
INFO:root:Epoch  5790, Energy: -1.05500e+02 (-1.04764e+02), Variance: 3.66266e+01 (2.43949e+02), Accept ratio: 0.46754, 
INFO:root:Epoch  5791, Energy: -1.05362e+02 (-1.03795e+02), Variance: 3.95558e+01 (1.88775e+03), Accept ratio: 0.47396, 
INFO:root:Epoch  5792, Energy: -1.05717e+02 (-1.05482e+02), Variance: 2.86279e+01 (7.56667e+01), Accept ratio: 0.47613, 
INFO:root:Epoch  5793, Energy: -1.05496e+02 (-1.05241e+02), Variance: 3.03648e+01 (6.91265e+01), Accept ratio: 0.46897, 
INFO:root:Epoch  5794, Energy: -1.05289e+02 (-1.04632e+02), Variance: 3.71710e+01 (1.88931e+02), Accept ratio: 0.47462, 
INFO:root:Epoch  5795, Energy: -1.05550e+02 (-1.05412e+02), Variance: 2.68341e+01 (6.46800e+01), Accept ratio: 0.46903, 
INFO:root:Epoch  5796, Energy: -1.05436e+02 (-1.05108e+02), Variance: 2.62459e+01 (9.14102e+01), Accept ratio: 0.47060, 
INFO:root:Epoch  5797, Energy: -1.05534e+02 (-1.04901e+02), Variance: 2.94751e+01 (1.24882e+02), Accept ratio: 0.46688, 
INFO:root:Epoch  5798, Energy: -1.05398e+02 (-1.05025e+02), Variance: 2.52581e+01 (6.33379e+01), Accept ratio: 0.46763, 
INFO:root:Epoch  5799, Energy: -1.05476e+02 (-1.05120e+02), Variance: 2.51816e+01 (7.69180e+01), Accept ratio: 0.47177, 
INFO:root:Epoch  5800, Energy: -1.05478e+02 (-1.04992e+02), Variance: 2.50627e+01 (1.06090e+02), Accept ratio: 0.47275, 
INFO:root:Epoch  5801, Energy: -1.05416e+02 (-1.05193e+02), Variance: 2.28006e+01 (5.71775e+01), Accept ratio: 0.47595, 
INFO:root:Epoch  5802, Energy: -1.05223e+02 (-1.04893e+02), Variance: 2.55358e+01 (5.25626e+01), Accept ratio: 0.47135, 
INFO:root:Epoch  5803, Energy: -1.05219e+02 (-1.05045e+02), Variance: 2.81062e+01 (5.69088e+01), Accept ratio: 0.46903, 
INFO:root:Epoch  5804, Energy: -1.05144e+02 (-1.04786e+02), Variance: 3.15380e+01 (1.02339e+02), Accept ratio: 0.47120, 
INFO:root:Epoch  5805, Energy: -1.05197e+02 (-1.04714e+02), Variance: 2.80449e+01 (8.26698e+01), Accept ratio: 0.47074, 
INFO:root:Epoch  5806, Energy: -1.05297e+02 (-1.04703e+02), Variance: 3.12423e+01 (1.21109e+02), Accept ratio: 0.46781, 
INFO:root:Epoch  5807, Energy: -1.05454e+02 (-1.04696e+02), Variance: 3.05769e+01 (3.39726e+02), Accept ratio: 0.47520, 
INFO:root:Epoch  5808, Energy: -1.05492e+02 (-1.05102e+02), Variance: 2.42345e+01 (1.07119e+02), Accept ratio: 0.47461, 
INFO:root:Epoch  5809, Energy: -1.05376e+02 (-1.04794e+02), Variance: 2.94703e+01 (1.15820e+02), Accept ratio: 0.47072, 
INFO:root:Epoch  5810, Energy: -1.05534e+02 (-1.05278e+02), Variance: 2.41636e+01 (5.16397e+01), Accept ratio: 0.47264, 
INFO:root:Epoch  5811, Energy: -1.05336e+02 (-1.04826e+02), Variance: 2.79040e+01 (1.00771e+02), Accept ratio: 0.47426, 
INFO:root:Epoch  5812, Energy: -1.05737e+02 (-1.05305e+02), Variance: 2.06211e+01 (9.02787e+01), Accept ratio: 0.47594, 
INFO:root:Epoch  5813, Energy: -1.05300e+02 (-1.04409e+02), Variance: 2.80197e+01 (7.91067e+02), Accept ratio: 0.46852, 
INFO:root:Epoch  5814, Energy: -1.05413e+02 (-1.05054e+02), Variance: 2.54645e+01 (6.31839e+01), Accept ratio: 0.47798, 
INFO:root:Epoch  5815, Energy: -1.05505e+02 (-1.05176e+02), Variance: 2.51711e+01 (5.01905e+01), Accept ratio: 0.48033, 
INFO:root:Epoch  5816, Energy: -1.05611e+02 (-1.05221e+02), Variance: 2.36893e+01 (6.28468e+01), Accept ratio: 0.47604, 
INFO:root:Epoch  5817, Energy: -1.05742e+02 (-1.05570e+02), Variance: 2.54358e+01 (8.12051e+01), Accept ratio: 0.48312, 
INFO:root:Epoch  5818, Energy: -1.05420e+02 (-1.04316e+02), Variance: 3.10484e+01 (6.44834e+02), Accept ratio: 0.47393, 
INFO:root:Epoch  5819, Energy: -1.05462e+02 (-1.05159e+02), Variance: 2.71587e+01 (5.58889e+01), Accept ratio: 0.47157, 
INFO:root:Epoch  5820, Energy: -1.05622e+02 (-1.05333e+02), Variance: 2.84612e+01 (7.79124e+01), Accept ratio: 0.46957, 
INFO:root:Epoch  5821, Energy: -1.05659e+02 (-1.05308e+02), Variance: 2.59968e+01 (1.29792e+02), Accept ratio: 0.47433, 
INFO:root:Epoch  5822, Energy: -1.05461e+02 (-1.04874e+02), Variance: 2.54521e+01 (1.09450e+02), Accept ratio: 0.47293, 
INFO:root:Epoch  5823, Energy: -1.05666e+02 (-1.05194e+02), Variance: 2.27322e+01 (9.69905e+01), Accept ratio: 0.47157, 
INFO:root:Epoch  5824, Energy: -1.05619e+02 (-1.05289e+02), Variance: 2.30089e+01 (7.16039e+01), Accept ratio: 0.46662, 
INFO:root:Epoch  5825, Energy: -1.05345e+02 (-1.05032e+02), Variance: 2.54369e+01 (8.46614e+01), Accept ratio: 0.47164, 
INFO:root:Epoch  5826, Energy: -1.05386e+02 (-1.03896e+02), Variance: 3.24634e+01 (9.69509e+02), Accept ratio: 0.47686, 
INFO:root:Epoch  5827, Energy: -1.05394e+02 (-1.05105e+02), Variance: 2.26506e+01 (7.88190e+01), Accept ratio: 0.46793, 
INFO:root:Epoch  5828, Energy: -1.05274e+02 (-1.04719e+02), Variance: 2.62616e+01 (1.14272e+02), Accept ratio: 0.47444, 
INFO:root:Epoch  5829, Energy: -1.05350e+02 (-1.03898e+02), Variance: 3.22378e+01 (1.74259e+03), Accept ratio: 0.47013, 
INFO:root:Epoch  5830, Energy: -1.05524e+02 (-1.05014e+02), Variance: 2.80068e+01 (2.16047e+02), Accept ratio: 0.47024, 
INFO:root:Epoch  5831, Energy: -1.05321e+02 (-1.04462e+02), Variance: 2.56101e+01 (4.89950e+02), Accept ratio: 0.46701, 
INFO:root:Epoch  5832, Energy: -1.05527e+02 (-1.04481e+02), Variance: 2.65024e+01 (5.45675e+02), Accept ratio: 0.47262, 
INFO:root:Epoch  5833, Energy: -1.05706e+02 (-1.05381e+02), Variance: 2.34682e+01 (5.53193e+01), Accept ratio: 0.47414, 
INFO:root:Epoch  5834, Energy: -1.05514e+02 (-1.03812e+02), Variance: 3.00582e+01 (1.23035e+03), Accept ratio: 0.46722, 
INFO:root:Epoch  5835, Energy: -1.05751e+02 (-1.22111e+02), Variance: 1.04321e+02 (1.91769e+05), Accept ratio: 0.47245, 
INFO:root:Epoch  5836, Energy: -1.05596e+02 (-1.04833e+02), Variance: 2.28260e+01 (1.99429e+02), Accept ratio: 0.47051, 
INFO:root:Epoch  5837, Energy: -1.05111e+02 (-9.79826e+01), Variance: 7.32684e+01 (4.99192e+04), Accept ratio: 0.46650, 
INFO:root:Epoch  5838, Energy: -1.05333e+02 (-1.02491e+02), Variance: 3.61436e+01 (5.17527e+03), Accept ratio: 0.46844, 
INFO:root:Epoch  5839, Energy: -1.06012e+02 (-1.06676e+02), Variance: 2.54213e+01 (1.57061e+03), Accept ratio: 0.46664, 
INFO:root:Epoch  5840, Energy: -1.05546e+02 (-1.11565e+02), Variance: 4.41663e+01 (4.38602e+04), Accept ratio: 0.47397, 
INFO:root:Epoch  5841, Energy: -1.05415e+02 (-1.09762e+02), Variance: 4.00505e+01 (2.28320e+04), Accept ratio: 0.47360, 
INFO:root:Epoch  5842, Energy: -1.05514e+02 (-1.04689e+02), Variance: 2.13024e+01 (2.47491e+02), Accept ratio: 0.47596, 
INFO:root:Epoch  5843, Energy: -1.05283e+02 (-9.52618e+01), Variance: 6.30579e+01 (1.02808e+05), Accept ratio: 0.47560, 
INFO:root:Epoch  5844, Energy: -1.05620e+02 (-1.02143e+02), Variance: 3.88682e+01 (1.05249e+04), Accept ratio: 0.47342, 
INFO:root:Epoch  5845, Energy: -1.05447e+02 (-1.04426e+02), Variance: 2.89556e+01 (2.93046e+02), Accept ratio: 0.47649, 
INFO:root:Epoch  5846, Energy: -1.05713e+02 (-1.05568e+02), Variance: 2.13018e+01 (9.69399e+01), Accept ratio: 0.46749, 
INFO:root:Epoch  5847, Energy: -1.05541e+02 (-1.04767e+02), Variance: 2.24193e+01 (2.18361e+02), Accept ratio: 0.47389, 
INFO:root:Epoch  5848, Energy: -1.05557e+02 (-1.04984e+02), Variance: 1.88780e+01 (1.47608e+02), Accept ratio: 0.47020, 
INFO:root:Epoch  5849, Energy: -1.05461e+02 (-1.04458e+02), Variance: 2.32071e+01 (1.20193e+03), Accept ratio: 0.46487, 
INFO:root:Epoch  5850, Energy: -1.05545e+02 (-1.04146e+02), Variance: 2.88027e+01 (9.57569e+02), Accept ratio: 0.46756, 
INFO:root:Epoch  5851, Energy: -1.05716e+02 (-1.05730e+02), Variance: 2.18546e+01 (2.19793e+02), Accept ratio: 0.47352, 
INFO:root:Epoch  5852, Energy: -1.05710e+02 (-1.04852e+02), Variance: 2.59065e+01 (1.58573e+03), Accept ratio: 0.47666, 
INFO:root:Epoch  5853, Energy: -1.05768e+02 (-1.04872e+02), Variance: 2.07390e+01 (2.76155e+02), Accept ratio: 0.47215, 
INFO:root:Epoch  5854, Energy: -1.03379e+02 (3.52351e+01), Variance: 2.52210e+03 (1.96439e+07), Accept ratio: 0.47514, 
INFO:root:Epoch  5855, Energy: -1.05581e+02 (-1.05682e+02), Variance: 2.66013e+01 (8.08704e+02), Accept ratio: 0.46592, 
INFO:root:Epoch  5856, Energy: -1.05584e+02 (-1.03294e+02), Variance: 2.69800e+01 (3.94546e+03), Accept ratio: 0.47238, 
INFO:root:Epoch  5857, Energy: -1.05721e+02 (-1.05493e+02), Variance: 1.75223e+01 (3.93071e+01), Accept ratio: 0.47523, 
INFO:root:Epoch  5858, Energy: -1.05701e+02 (-1.05552e+02), Variance: 1.82348e+01 (5.06600e+01), Accept ratio: 0.47573, 
INFO:root:Epoch  5859, Energy: -1.05699e+02 (-1.05212e+02), Variance: 1.97433e+01 (6.76226e+01), Accept ratio: 0.47437, 
INFO:root:Epoch  5860, Energy: -1.05709e+02 (-1.05514e+02), Variance: 1.66523e+01 (4.45940e+01), Accept ratio: 0.47262, 
INFO:root:Epoch  5861, Energy: -1.05966e+02 (-1.05847e+02), Variance: 1.62069e+01 (3.38578e+01), Accept ratio: 0.47329, 
INFO:root:Epoch  5862, Energy: -1.05576e+02 (-1.03864e+02), Variance: 3.45683e+01 (2.43685e+03), Accept ratio: 0.46866, 
INFO:root:Epoch  5863, Energy: -1.05712e+02 (-1.05514e+02), Variance: 1.91475e+01 (6.34563e+01), Accept ratio: 0.47980, 
INFO:root:Epoch  5864, Energy: -1.05644e+02 (-1.05549e+02), Variance: 2.11667e+01 (1.78430e+02), Accept ratio: 0.47336, 
INFO:root:Epoch  5865, Energy: -1.05800e+02 (-1.05484e+02), Variance: 2.22235e+01 (5.92545e+01), Accept ratio: 0.47133, 
INFO:root:Epoch  5866, Energy: -1.05634e+02 (-1.01759e+02), Variance: 3.20655e+01 (1.55183e+04), Accept ratio: 0.47589, 
INFO:root:Epoch  5867, Energy: -1.05726e+02 (-1.03937e+02), Variance: 2.70628e+01 (2.63443e+03), Accept ratio: 0.47566, 
INFO:root:Epoch  5868, Energy: -1.05677e+02 (-1.04631e+02), Variance: 2.51206e+01 (5.17637e+02), Accept ratio: 0.47313, 
INFO:root:Epoch  5869, Energy: -1.05640e+02 (-1.04135e+02), Variance: 3.28716e+01 (1.17733e+03), Accept ratio: 0.47015, 
INFO:root:Epoch  5870, Energy: -1.05651e+02 (-1.06604e+02), Variance: 2.32655e+01 (1.67815e+03), Accept ratio: 0.47260, 
INFO:root:Epoch  5871, Energy: -1.04980e+02 (-8.91332e+01), Variance: 1.10817e+02 (1.31667e+05), Accept ratio: 0.47632, 
INFO:root:Epoch  5872, Energy: -1.05907e+02 (-1.10886e+02), Variance: 9.26864e+01 (4.09906e+05), Accept ratio: 0.47304, 
INFO:root:Epoch  5873, Energy: -1.05357e+02 (-9.79438e+01), Variance: 6.02983e+01 (5.32073e+04), Accept ratio: 0.47091, 
INFO:root:Epoch  5874, Energy: -1.05802e+02 (-1.05367e+02), Variance: 1.94172e+01 (9.59760e+01), Accept ratio: 0.47224, 
INFO:root:Epoch  5875, Energy: -1.05907e+02 (-1.04670e+02), Variance: 2.56197e+01 (1.06474e+03), Accept ratio: 0.47136, 
INFO:root:Epoch  5876, Energy: -1.05892e+02 (-1.06085e+02), Variance: 2.46215e+01 (2.46969e+03), Accept ratio: 0.46710, 
INFO:root:Epoch  5877, Energy: -1.05715e+02 (-1.04406e+02), Variance: 2.25815e+01 (9.61163e+02), Accept ratio: 0.47394, 
INFO:root:Epoch  5878, Energy: -1.05606e+02 (-1.04671e+02), Variance: 2.73639e+01 (1.02437e+03), Accept ratio: 0.47617, 
INFO:root:Epoch  5879, Energy: -1.05552e+02 (-9.74685e+01), Variance: 6.12846e+01 (6.41656e+04), Accept ratio: 0.47472, 
INFO:root:Epoch  5880, Energy: -1.06054e+02 (-1.05425e+02), Variance: 1.80195e+01 (2.83107e+02), Accept ratio: 0.47732, 
INFO:root:Epoch  5881, Energy: -1.05867e+02 (-1.06377e+02), Variance: 1.72932e+01 (8.79418e+02), Accept ratio: 0.47311, 
INFO:root:Epoch  5882, Energy: -1.05742e+02 (-1.04359e+02), Variance: 2.29015e+01 (8.96540e+02), Accept ratio: 0.46967, 
INFO:root:Epoch  5883, Energy: -1.05886e+02 (-1.04509e+02), Variance: 2.16260e+01 (2.37519e+03), Accept ratio: 0.47417, 
INFO:root:Epoch  5884, Energy: -1.06109e+02 (-1.04685e+02), Variance: 2.27389e+01 (1.41224e+03), Accept ratio: 0.46980, 
INFO:root:Epoch  5885, Energy: -1.05784e+02 (-1.10770e+02), Variance: 3.03103e+01 (2.78628e+04), Accept ratio: 0.46977, 
INFO:root:Epoch  5886, Energy: -1.05923e+02 (-1.09356e+02), Variance: 2.39900e+01 (1.35299e+04), Accept ratio: 0.47213, 
INFO:root:Epoch  5887, Energy: -1.06114e+02 (-1.03408e+02), Variance: 2.09071e+01 (6.35438e+03), Accept ratio: 0.48158, 
INFO:root:Epoch  5888, Energy: -1.05455e+02 (-9.51278e+01), Variance: 8.01506e+01 (8.36301e+04), Accept ratio: 0.47282, 
INFO:root:Epoch  5889, Energy: -1.05969e+02 (-1.05337e+02), Variance: 2.05916e+01 (1.58634e+02), Accept ratio: 0.48151, 
INFO:root:Epoch  5890, Energy: -1.06038e+02 (-1.05648e+02), Variance: 1.86152e+01 (8.19966e+01), Accept ratio: 0.47247, 
INFO:root:Epoch  5891, Energy: -1.05736e+02 (-1.05259e+02), Variance: 1.77420e+01 (9.82054e+01), Accept ratio: 0.47153, 
INFO:root:Epoch  5892, Energy: -1.05801e+02 (-1.05436e+02), Variance: 1.77980e+01 (5.53002e+01), Accept ratio: 0.47557, 
INFO:root:Epoch  5893, Energy: -1.05728e+02 (-1.05595e+02), Variance: 1.64164e+01 (5.82319e+01), Accept ratio: 0.47563, 
INFO:root:Epoch  5894, Energy: -1.05901e+02 (-1.06224e+02), Variance: 1.89185e+01 (2.71472e+02), Accept ratio: 0.47641, 
INFO:root:Epoch  5895, Energy: -1.05938e+02 (-1.04831e+02), Variance: 2.16782e+01 (1.32534e+03), Accept ratio: 0.47609, 
INFO:root:Epoch  5896, Energy: -1.05804e+02 (-1.04048e+02), Variance: 2.60249e+01 (2.31431e+03), Accept ratio: 0.47097, 
INFO:root:Epoch  5897, Energy: -1.05690e+02 (-1.02087e+02), Variance: 3.33510e+01 (1.22911e+04), Accept ratio: 0.47260, 
INFO:root:Epoch  5898, Energy: -1.05780e+02 (-1.04183e+02), Variance: 1.84809e+01 (2.72141e+03), Accept ratio: 0.47437, 
INFO:root:Epoch  5899, Energy: -1.06018e+02 (-1.09494e+02), Variance: 1.66556e+01 (1.26707e+04), Accept ratio: 0.47078, 
INFO:root:Epoch  5900, Energy: -1.05761e+02 (-9.13571e+01), Variance: 6.32560e+01 (2.12228e+05), Accept ratio: 0.47603, 
INFO:root:Epoch  5901, Energy: -1.05877e+02 (-1.05697e+02), Variance: 1.52198e+01 (6.41293e+01), Accept ratio: 0.47249, 
INFO:root:Epoch  5902, Energy: -1.06062e+02 (-1.04514e+02), Variance: 2.05448e+01 (2.10145e+03), Accept ratio: 0.47862, 
INFO:root:Epoch  5903, Energy: -1.05759e+02 (-1.04505e+02), Variance: 1.87707e+01 (1.48900e+03), Accept ratio: 0.46646, 
INFO:root:Epoch  5904, Energy: -1.05907e+02 (-1.07384e+02), Variance: 2.25044e+01 (2.42123e+03), Accept ratio: 0.47205, 
INFO:root:Epoch  5905, Energy: -1.05802e+02 (-1.07965e+02), Variance: 2.41984e+01 (3.30434e+03), Accept ratio: 0.47090, 
INFO:root:Epoch  5906, Energy: -1.06055e+02 (-1.06088e+02), Variance: 1.74807e+01 (3.01259e+02), Accept ratio: 0.47470, 
INFO:root:Epoch  5907, Energy: -1.05900e+02 (-1.04420e+02), Variance: 2.04262e+01 (1.06522e+03), Accept ratio: 0.47731, 
INFO:root:Epoch  5908, Energy: -1.06103e+02 (-1.04845e+02), Variance: 2.16174e+01 (2.57951e+03), Accept ratio: 0.48292, 
INFO:root:Epoch  5909, Energy: -1.06059e+02 (-1.04497e+02), Variance: 2.27506e+01 (2.44863e+03), Accept ratio: 0.47172, 
INFO:root:Epoch  5910, Energy: -1.05794e+02 (-1.00895e+02), Variance: 3.15758e+01 (1.47554e+04), Accept ratio: 0.47681, 
INFO:root:Epoch  5911, Energy: -1.06026e+02 (-1.05421e+02), Variance: 1.77754e+01 (5.90391e+02), Accept ratio: 0.47894, 
INFO:root:Epoch  5912, Energy: -1.05815e+02 (-1.02060e+02), Variance: 3.57180e+01 (1.44978e+04), Accept ratio: 0.47313, 
INFO:root:Epoch  5913, Energy: -1.06114e+02 (-1.03263e+02), Variance: 2.15408e+01 (5.11695e+03), Accept ratio: 0.47123, 
INFO:root:Epoch  5914, Energy: -1.05944e+02 (-1.02988e+02), Variance: 2.39187e+01 (4.93723e+03), Accept ratio: 0.46797, 
INFO:root:Epoch  5915, Energy: -1.06109e+02 (-1.04114e+02), Variance: 1.80116e+01 (2.69724e+03), Accept ratio: 0.47556, 
INFO:root:Epoch  5916, Energy: -1.06004e+02 (-1.03098e+02), Variance: 1.99892e+01 (5.07750e+03), Accept ratio: 0.47429, 
INFO:root:Epoch  5917, Energy: -1.06023e+02 (-1.03700e+02), Variance: 2.03756e+01 (6.19665e+03), Accept ratio: 0.47230, 
INFO:root:Epoch  5918, Energy: -1.06158e+02 (-1.03804e+02), Variance: 1.63922e+01 (5.61467e+03), Accept ratio: 0.47083, 
INFO:root:Epoch  5919, Energy: -1.05997e+02 (-1.02795e+02), Variance: 2.57814e+01 (5.79391e+03), Accept ratio: 0.47217, 
INFO:root:Epoch  5920, Energy: -1.06047e+02 (-1.02953e+02), Variance: 2.22180e+01 (8.65605e+03), Accept ratio: 0.47143, 
INFO:root:Epoch  5921, Energy: -1.06120e+02 (-1.04707e+02), Variance: 2.39677e+01 (1.06717e+04), Accept ratio: 0.47007, 
INFO:root:Epoch  5922, Energy: -1.06013e+02 (-1.02681e+02), Variance: 3.18405e+01 (8.81409e+03), Accept ratio: 0.47145, 
INFO:root:Epoch  5923, Energy: -1.05740e+02 (-1.01926e+02), Variance: 2.95821e+01 (9.81998e+03), Accept ratio: 0.47758, 
INFO:root:Epoch  5924, Energy: -1.06036e+02 (-1.04240e+02), Variance: 2.27453e+01 (4.39265e+03), Accept ratio: 0.46583, 
INFO:root:Epoch  5925, Energy: -1.05772e+02 (-1.02687e+02), Variance: 2.44279e+01 (7.07849e+03), Accept ratio: 0.47609, 
INFO:root:Epoch  5926, Energy: -1.05696e+02 (-1.01426e+02), Variance: 3.65278e+01 (1.74182e+04), Accept ratio: 0.46947, 
INFO:root:Epoch  5927, Energy: -1.05964e+02 (-1.05477e+02), Variance: 1.72025e+01 (1.25045e+02), Accept ratio: 0.46956, 
INFO:root:Epoch  5928, Energy: -1.05925e+02 (-1.05491e+02), Variance: 1.63053e+01 (1.59131e+02), Accept ratio: 0.47400, 
INFO:root:Epoch  5929, Energy: -1.05893e+02 (-1.05905e+02), Variance: 1.52750e+01 (4.42092e+01), Accept ratio: 0.46771, 
INFO:root:Epoch  5930, Energy: -1.05882e+02 (-1.05413e+02), Variance: 1.46362e+01 (1.20211e+02), Accept ratio: 0.47512, 
INFO:root:Epoch  5931, Energy: -1.05601e+02 (-1.00620e+02), Variance: 3.58191e+01 (1.28361e+04), Accept ratio: 0.47067, 
INFO:root:Epoch  5932, Energy: -1.05571e+02 (-1.03995e+02), Variance: 2.05877e+01 (1.57473e+03), Accept ratio: 0.47137, 
INFO:root:Epoch  5933, Energy: -1.05890e+02 (-1.05735e+02), Variance: 1.47130e+01 (3.56730e+02), Accept ratio: 0.47260, 
INFO:root:Epoch  5934, Energy: -1.05993e+02 (-1.05654e+02), Variance: 1.74208e+01 (8.89520e+01), Accept ratio: 0.47414, 
INFO:root:Epoch  5935, Energy: -1.05654e+02 (-8.98328e+01), Variance: 5.80845e+01 (2.55979e+05), Accept ratio: 0.47046, 
INFO:root:Epoch  5936, Energy: -1.05982e+02 (-1.05298e+02), Variance: 1.60655e+01 (3.16498e+02), Accept ratio: 0.46939, 
INFO:root:Epoch  5937, Energy: -1.05907e+02 (-1.04491e+02), Variance: 1.44431e+01 (1.76288e+03), Accept ratio: 0.47707, 
INFO:root:Epoch  5938, Energy: -1.05934e+02 (-1.06619e+02), Variance: 1.64439e+01 (1.07144e+03), Accept ratio: 0.47779, 
INFO:root:Epoch  5939, Energy: -1.06216e+02 (-1.05541e+02), Variance: 1.68294e+01 (4.50452e+02), Accept ratio: 0.47844, 
INFO:root:Epoch  5940, Energy: -1.05991e+02 (-1.03419e+02), Variance: 1.82450e+01 (6.74010e+03), Accept ratio: 0.47173, 
INFO:root:Epoch  5941, Energy: -1.06126e+02 (-1.05615e+02), Variance: 1.70731e+01 (1.20993e+02), Accept ratio: 0.47863, 
INFO:root:Epoch  5942, Energy: -1.06341e+02 (-1.06478e+02), Variance: 1.92294e+01 (1.44634e+03), Accept ratio: 0.46960, 
INFO:root:Epoch  5943, Energy: -1.06217e+02 (-1.04866e+02), Variance: 2.32276e+01 (1.99213e+04), Accept ratio: 0.46924, 
INFO:root:Epoch  5944, Energy: -1.05897e+02 (-1.05703e+02), Variance: 1.73717e+01 (6.95002e+01), Accept ratio: 0.47474, 
INFO:root:Epoch  5945, Energy: -1.06082e+02 (-1.04676e+02), Variance: 1.93796e+01 (1.58283e+03), Accept ratio: 0.47185, 
INFO:root:Epoch  5946, Energy: -1.05990e+02 (-1.08014e+02), Variance: 1.85226e+01 (2.82817e+03), Accept ratio: 0.47744, 
INFO:root:Epoch  5947, Energy: -1.06045e+02 (-1.05780e+02), Variance: 1.58151e+01 (5.59791e+01), Accept ratio: 0.47792, 
INFO:root:Epoch  5948, Energy: -1.05909e+02 (-1.05442e+02), Variance: 1.57841e+01 (1.05647e+02), Accept ratio: 0.47447, 
INFO:root:Epoch  5949, Energy: -1.05813e+02 (-1.06125e+02), Variance: 1.43002e+01 (2.93266e+02), Accept ratio: 0.47563, 
INFO:root:Epoch  5950, Energy: -1.05909e+02 (-1.01918e+02), Variance: 2.75505e+01 (2.29540e+04), Accept ratio: 0.47865, 
INFO:root:Epoch  5951, Energy: -1.05929e+02 (-1.02074e+02), Variance: 3.41954e+01 (1.57139e+04), Accept ratio: 0.47708, 
INFO:root:Epoch  5952, Energy: -1.05904e+02 (-1.05330e+02), Variance: 1.69120e+01 (2.44804e+02), Accept ratio: 0.47139, 
INFO:root:Epoch  5953, Energy: -1.06010e+02 (-1.05614e+02), Variance: 1.61601e+01 (1.02663e+02), Accept ratio: 0.47261, 
INFO:root:Epoch  5954, Energy: -1.05892e+02 (-1.04535e+02), Variance: 1.86215e+01 (1.30891e+03), Accept ratio: 0.46827, 
INFO:root:Epoch  5955, Energy: -1.06256e+02 (-1.20244e+02), Variance: 8.80507e+01 (1.95262e+05), Accept ratio: 0.47451, 
INFO:root:Epoch  5956, Energy: -1.06021e+02 (-1.05222e+02), Variance: 1.51809e+01 (5.42234e+02), Accept ratio: 0.46699, 
INFO:root:Epoch  5957, Energy: -1.05941e+02 (-1.09416e+02), Variance: 2.49793e+01 (1.38434e+04), Accept ratio: 0.47100, 
INFO:root:Epoch  5958, Energy: -1.05672e+02 (-1.05028e+02), Variance: 2.14760e+01 (1.55878e+03), Accept ratio: 0.48038, 
INFO:root:Epoch  5959, Energy: -1.05928e+02 (-1.02497e+02), Variance: 2.65182e+01 (1.19269e+04), Accept ratio: 0.47503, 
INFO:root:Epoch  5960, Energy: -1.05929e+02 (-1.04773e+02), Variance: 1.68371e+01 (1.22089e+03), Accept ratio: 0.47443, 
INFO:root:Epoch  5961, Energy: -1.05983e+02 (-1.04879e+02), Variance: 1.91430e+01 (5.87664e+02), Accept ratio: 0.48007, 
INFO:root:Epoch  5962, Energy: -1.06265e+02 (-1.06416e+02), Variance: 1.50660e+01 (9.26401e+01), Accept ratio: 0.47605, 
INFO:root:Epoch  5963, Energy: -1.06109e+02 (-1.05609e+02), Variance: 1.34638e+01 (2.86153e+02), Accept ratio: 0.46736, 
INFO:root:Epoch  5964, Energy: -1.06107e+02 (-1.04365e+02), Variance: 2.04047e+01 (2.72937e+03), Accept ratio: 0.46387, 
INFO:root:Epoch  5965, Energy: -1.06149e+02 (-9.60636e+01), Variance: 3.36951e+01 (1.04029e+05), Accept ratio: 0.47114, 
INFO:root:Epoch  5966, Energy: -1.06058e+02 (-9.61420e+01), Variance: 4.41228e+01 (1.00597e+05), Accept ratio: 0.47182, 
INFO:root:Epoch  5967, Energy: -1.06027e+02 (-9.11011e+01), Variance: 4.94228e+01 (2.27799e+05), Accept ratio: 0.46747, 
INFO:root:Epoch  5968, Energy: -1.06109e+02 (-1.02994e+02), Variance: 2.66350e+01 (7.91551e+03), Accept ratio: 0.46954, 
INFO:root:Epoch  5969, Energy: -1.05838e+02 (-1.05807e+02), Variance: 1.51840e+01 (6.82614e+01), Accept ratio: 0.47244, 
INFO:root:Epoch  5970, Energy: -1.09457e+02 (-4.27372e+02), Variance: 1.25048e+04 (1.03329e+08), Accept ratio: 0.47445, 
INFO:root:Epoch  5971, Energy: -1.05954e+02 (-1.03354e+02), Variance: 1.94177e+01 (3.56168e+03), Accept ratio: 0.47221, 
INFO:root:Epoch  5972, Energy: -1.05937e+02 (-1.00896e+02), Variance: 2.96051e+01 (2.57180e+04), Accept ratio: 0.46876, 
INFO:root:Epoch  5973, Energy: -1.04480e+02 (3.03007e+01), Variance: 2.27456e+03 (1.85720e+07), Accept ratio: 0.47386, 
INFO:root:Epoch  5974, Energy: -1.05831e+02 (-9.97545e+01), Variance: 3.00057e+01 (3.78183e+04), Accept ratio: 0.47003, 
INFO:root:Epoch  5975, Energy: -1.05845e+02 (-1.02342e+02), Variance: 2.16333e+01 (1.25906e+04), Accept ratio: 0.47774, 
INFO:root:Epoch  5976, Energy: -1.05889e+02 (-7.88335e+01), Variance: 1.15513e+02 (7.48387e+05), Accept ratio: 0.47172, 
INFO:root:Epoch  5977, Energy: -1.05922e+02 (-9.80568e+01), Variance: 2.97457e+01 (6.33062e+04), Accept ratio: 0.47136, 
INFO:root:Epoch  5978, Energy: -1.06025e+02 (-1.05041e+02), Variance: 1.71534e+01 (5.99675e+02), Accept ratio: 0.46389, 
INFO:root:Epoch  5979, Energy: -1.05881e+02 (-1.07646e+02), Variance: 2.19635e+01 (4.23025e+03), Accept ratio: 0.46796, 
INFO:root:Epoch  5980, Energy: -1.06012e+02 (-1.04978e+02), Variance: 1.61773e+01 (1.67440e+03), Accept ratio: 0.46917, 
INFO:root:Epoch  5981, Energy: -1.05934e+02 (-1.04793e+02), Variance: 1.87285e+01 (8.92150e+02), Accept ratio: 0.47653, 
INFO:root:Epoch  5982, Energy: -1.06088e+02 (-1.06402e+02), Variance: 1.54740e+01 (4.18772e+02), Accept ratio: 0.47995, 
INFO:root:Epoch  5983, Energy: -1.06141e+02 (-1.04910e+02), Variance: 1.75728e+01 (7.86433e+02), Accept ratio: 0.47460, 
INFO:root:Epoch  5984, Energy: -1.06174e+02 (-1.04197e+02), Variance: 2.00319e+01 (4.78131e+03), Accept ratio: 0.46845, 
INFO:root:Epoch  5985, Energy: -1.06200e+02 (-1.06165e+02), Variance: 1.65847e+01 (2.67109e+02), Accept ratio: 0.47153, 
INFO:root:Epoch  5986, Energy: -1.06235e+02 (-1.05054e+02), Variance: 1.52665e+01 (1.07229e+03), Accept ratio: 0.46693, 
INFO:root:Epoch  5987, Energy: -1.05251e+02 (-7.00648e+01), Variance: 3.29226e+02 (7.05479e+05), Accept ratio: 0.47211, 
INFO:root:Epoch  5988, Energy: -1.06204e+02 (-1.12765e+02), Variance: 3.34704e+01 (3.25520e+04), Accept ratio: 0.47350, 
INFO:root:Epoch  5989, Energy: -1.05767e+02 (-9.99430e+01), Variance: 3.21356e+01 (3.42560e+04), Accept ratio: 0.47031, 
INFO:root:Epoch  5990, Energy: -1.05945e+02 (-9.97699e+01), Variance: 2.99189e+01 (3.90512e+04), Accept ratio: 0.47726, 
INFO:root:Epoch  5991, Energy: -1.05925e+02 (-1.03373e+02), Variance: 2.14966e+01 (3.58274e+03), Accept ratio: 0.46767, 
INFO:root:Epoch  5992, Energy: -1.05931e+02 (-1.03488e+02), Variance: 2.13777e+01 (2.45269e+03), Accept ratio: 0.47793, 
INFO:root:Epoch  5993, Energy: -1.06186e+02 (-9.76545e+01), Variance: 3.68107e+01 (7.44833e+04), Accept ratio: 0.46849, 
INFO:root:Epoch  5994, Energy: -1.05980e+02 (-9.58955e+01), Variance: 3.62096e+01 (1.04031e+05), Accept ratio: 0.47134, 
INFO:root:Epoch  5995, Energy: -1.05942e+02 (-1.00332e+02), Variance: 3.46307e+01 (2.74123e+04), Accept ratio: 0.46780, 
INFO:root:Epoch  5996, Energy: -1.05991e+02 (-9.85697e+01), Variance: 4.06233e+01 (4.42816e+04), Accept ratio: 0.47438, 
INFO:root:Epoch  5997, Energy: -1.05840e+02 (-7.37273e+01), Variance: 1.55513e+02 (1.05432e+06), Accept ratio: 0.47447, 
INFO:root:Epoch  5998, Energy: -1.06071e+02 (-1.05037e+02), Variance: 1.55228e+01 (7.95926e+02), Accept ratio: 0.47071, 
INFO:root:Epoch  5999, Energy: -1.06061e+02 (-1.04413e+02), Variance: 1.69970e+01 (1.47722e+03), Accept ratio: 0.47828, 
INFO:root:Epoch  6000, Energy: -1.06163e+02 (-1.06204e+02), Variance: 1.15703e+01 (1.64563e+02), Accept ratio: 0.47578, 
INFO:root:Epoch  6001, Energy: -1.06182e+02 (-1.07015e+02), Variance: 1.51530e+01 (9.10653e+02), Accept ratio: 0.47464, 
INFO:root:Epoch  6002, Energy: -1.06177e+02 (-1.05934e+02), Variance: 1.44581e+01 (3.84431e+01), Accept ratio: 0.47813, 
INFO:root:Epoch  6003, Energy: -1.06154e+02 (-1.05748e+02), Variance: 1.40559e+01 (1.07792e+02), Accept ratio: 0.47015, 
INFO:root:Epoch  6004, Energy: -1.06094e+02 (-1.00720e+02), Variance: 2.91281e+01 (2.95853e+04), Accept ratio: 0.47208, 
INFO:root:Epoch  6005, Energy: -1.06062e+02 (-9.52552e+01), Variance: 4.91042e+01 (1.20105e+05), Accept ratio: 0.46877, 
INFO:root:Epoch  6006, Energy: -1.06346e+02 (-1.05502e+02), Variance: 1.79133e+01 (5.67331e+02), Accept ratio: 0.47419, 
INFO:root:Epoch  6007, Energy: -1.06112e+02 (-1.04376e+02), Variance: 1.83101e+01 (3.59946e+03), Accept ratio: 0.47020, 
INFO:root:Epoch  6008, Energy: -1.06166e+02 (-1.05984e+02), Variance: 1.39630e+01 (3.02297e+01), Accept ratio: 0.47321, 
INFO:root:Epoch  6009, Energy: -1.05837e+02 (-1.04966e+02), Variance: 1.83728e+01 (4.34303e+02), Accept ratio: 0.47375, 
INFO:root:Epoch  6010, Energy: -1.05953e+02 (-1.05736e+02), Variance: 1.85762e+01 (3.70986e+01), Accept ratio: 0.47349, 
INFO:root:Epoch  6011, Energy: -1.05758e+02 (-1.04294e+02), Variance: 2.44026e+01 (2.72953e+03), Accept ratio: 0.46886, 
INFO:root:Epoch  6012, Energy: -1.05912e+02 (-1.05016e+02), Variance: 1.98225e+01 (4.89938e+02), Accept ratio: 0.48107, 
INFO:root:Epoch  6013, Energy: -1.05969e+02 (-1.05766e+02), Variance: 1.37811e+01 (3.06527e+01), Accept ratio: 0.47173, 
INFO:root:Epoch  6014, Energy: -1.06081e+02 (-1.05629e+02), Variance: 1.69192e+01 (9.29416e+01), Accept ratio: 0.47902, 
INFO:root:Epoch  6015, Energy: -1.05859e+02 (-1.04477e+02), Variance: 1.80784e+01 (1.88608e+03), Accept ratio: 0.47425, 
INFO:root:Epoch  6016, Energy: -1.06047e+02 (-1.05728e+02), Variance: 1.23084e+01 (1.36968e+02), Accept ratio: 0.47076, 
INFO:root:Epoch  6017, Energy: -1.06075e+02 (-1.05932e+02), Variance: 1.27650e+01 (2.16984e+01), Accept ratio: 0.47489, 
INFO:root:Epoch  6018, Energy: -1.06118e+02 (-1.05758e+02), Variance: 1.26480e+01 (1.34101e+02), Accept ratio: 0.47129, 
INFO:root:Epoch  6019, Energy: -1.06074e+02 (-1.06133e+02), Variance: 1.46469e+01 (1.19791e+02), Accept ratio: 0.47819, 
INFO:root:Epoch  6020, Energy: -1.06259e+02 (-1.07495e+02), Variance: 1.49016e+01 (1.60128e+03), Accept ratio: 0.47277, 
INFO:root:Epoch  6021, Energy: -1.06172e+02 (-1.05930e+02), Variance: 1.27916e+01 (9.53539e+01), Accept ratio: 0.47965, 
INFO:root:Epoch  6022, Energy: -1.06131e+02 (-9.51724e+01), Variance: 4.41055e+01 (1.23180e+05), Accept ratio: 0.47622, 
INFO:root:Epoch  6023, Energy: -1.06119e+02 (-1.05722e+02), Variance: 1.23917e+01 (8.70696e+01), Accept ratio: 0.47180, 
INFO:root:Epoch  6024, Energy: -1.06079e+02 (-1.06197e+02), Variance: 1.39020e+01 (1.36118e+02), Accept ratio: 0.48266, 
INFO:root:Epoch  6025, Energy: -1.06092e+02 (-1.06152e+02), Variance: 1.21038e+01 (2.87644e+01), Accept ratio: 0.47116, 
INFO:root:Epoch  6026, Energy: -1.06011e+02 (-1.03201e+02), Variance: 1.94665e+01 (8.10396e+03), Accept ratio: 0.47207, 
INFO:root:Epoch  6027, Energy: -1.05815e+02 (-1.04827e+02), Variance: 1.47812e+01 (8.03681e+02), Accept ratio: 0.47019, 
INFO:root:Epoch  6028, Energy: -1.06227e+02 (-1.04703e+02), Variance: 1.76401e+01 (2.49231e+03), Accept ratio: 0.46969, 
INFO:root:Epoch  6029, Energy: -1.06179e+02 (-1.05931e+02), Variance: 1.33752e+01 (4.50465e+01), Accept ratio: 0.46528, 
INFO:root:Epoch  6030, Energy: -1.06401e+02 (-1.06253e+02), Variance: 1.29494e+01 (6.68677e+01), Accept ratio: 0.47231, 
INFO:root:Epoch  6031, Energy: -1.06011e+02 (-1.04312e+02), Variance: 1.98110e+01 (2.39174e+03), Accept ratio: 0.47226, 
INFO:root:Epoch  6032, Energy: -1.06165e+02 (-1.06140e+02), Variance: 1.37816e+01 (3.26759e+01), Accept ratio: 0.47028, 
INFO:root:Epoch  6033, Energy: -1.06343e+02 (-1.05829e+02), Variance: 1.52059e+01 (2.49462e+02), Accept ratio: 0.47319, 
INFO:root:Epoch  6034, Energy: -1.06325e+02 (-1.06168e+02), Variance: 1.31870e+01 (3.05369e+01), Accept ratio: 0.47367, 
INFO:root:Epoch  6035, Energy: -1.06246e+02 (-1.06751e+02), Variance: 1.47278e+01 (7.21267e+02), Accept ratio: 0.47181, 
INFO:root:Epoch  6036, Energy: -1.06143e+02 (-9.05739e+01), Variance: 9.35063e+01 (3.47859e+05), Accept ratio: 0.47290, 
INFO:root:Epoch  6037, Energy: -1.05921e+02 (-1.04232e+02), Variance: 1.61813e+01 (2.25068e+03), Accept ratio: 0.47272, 
INFO:root:Epoch  6038, Energy: -1.06223e+02 (-1.06201e+02), Variance: 1.32797e+01 (3.81624e+01), Accept ratio: 0.47091, 
INFO:root:Epoch  6039, Energy: -1.06063e+02 (-1.07922e+02), Variance: 1.82065e+01 (4.22132e+03), Accept ratio: 0.47364, 
INFO:root:Epoch  6040, Energy: -1.06270e+02 (-1.00281e+02), Variance: 2.36982e+01 (3.67152e+04), Accept ratio: 0.46532, 
INFO:root:Epoch  6041, Energy: -1.06171e+02 (-1.03014e+02), Variance: 2.58855e+01 (1.15714e+04), Accept ratio: 0.47178, 
INFO:root:Epoch  6042, Energy: -1.05961e+02 (-9.62480e+01), Variance: 5.32212e+01 (9.43041e+04), Accept ratio: 0.46668, 
INFO:root:Epoch  6043, Energy: -1.06171e+02 (-1.06489e+02), Variance: 1.44309e+01 (8.55575e+02), Accept ratio: 0.47000, 
INFO:root:Epoch  6044, Energy: -1.05933e+02 (-9.72312e+01), Variance: 4.39277e+01 (7.70439e+04), Accept ratio: 0.46658, 
INFO:root:Epoch  6045, Energy: -1.06224e+02 (-1.04973e+02), Variance: 1.66609e+01 (2.43858e+03), Accept ratio: 0.46853, 
INFO:root:Epoch  6046, Energy: -1.05749e+02 (-9.17143e+01), Variance: 6.92410e+01 (1.96993e+05), Accept ratio: 0.46849, 
INFO:root:Epoch  6047, Energy: -1.05869e+02 (-1.12121e+02), Variance: 4.62565e+01 (3.94100e+04), Accept ratio: 0.47281, 
INFO:root:Epoch  6048, Energy: -1.05924e+02 (-1.05637e+02), Variance: 1.32924e+01 (4.05971e+01), Accept ratio: 0.47053, 
INFO:root:Epoch  6049, Energy: -1.05818e+02 (-1.01452e+02), Variance: 3.14746e+01 (1.90333e+04), Accept ratio: 0.47521, 
INFO:root:Epoch  6050, Energy: -1.05970e+02 (-1.04253e+02), Variance: 1.61240e+01 (2.12539e+03), Accept ratio: 0.47357, 
INFO:root:Epoch  6051, Energy: -1.06236e+02 (-1.05871e+02), Variance: 1.23899e+01 (7.55006e+01), Accept ratio: 0.47472, 
INFO:root:Epoch  6052, Energy: -1.06216e+02 (-1.05931e+02), Variance: 1.32478e+01 (1.25608e+02), Accept ratio: 0.46893, 
INFO:root:Epoch  6053, Energy: -1.06183e+02 (-1.05853e+02), Variance: 1.28916e+01 (7.43344e+01), Accept ratio: 0.47903, 
INFO:root:Epoch  6054, Energy: -1.06140e+02 (-1.08087e+02), Variance: 1.97773e+01 (4.20622e+03), Accept ratio: 0.46973, 
INFO:root:Epoch  6055, Energy: -1.06188e+02 (-1.08212e+02), Variance: 1.78481e+01 (4.82418e+03), Accept ratio: 0.47618, 
INFO:root:Epoch  6056, Energy: -1.06213e+02 (-1.14776e+02), Variance: 3.90602e+01 (7.67059e+04), Accept ratio: 0.47306, 
INFO:root:Epoch  6057, Energy: -1.06290e+02 (-1.04233e+02), Variance: 1.70997e+01 (4.14055e+03), Accept ratio: 0.47328, 
INFO:root:Epoch  6058, Energy: -1.06101e+02 (-1.01907e+02), Variance: 3.20191e+01 (2.78610e+04), Accept ratio: 0.47700, 
INFO:root:Epoch  6059, Energy: -1.06278e+02 (-1.05180e+02), Variance: 1.43652e+01 (2.14705e+03), Accept ratio: 0.47599, 
INFO:root:Epoch  6060, Energy: -1.05889e+02 (-9.22150e+01), Variance: 6.78002e+01 (1.62396e+05), Accept ratio: 0.47237, 
INFO:root:Epoch  6061, Energy: -1.06379e+02 (-1.06094e+02), Variance: 9.68828e+00 (8.90828e+01), Accept ratio: 0.46743, 
INFO:root:Epoch  6062, Energy: -1.06237e+02 (-1.07911e+02), Variance: 1.47007e+01 (4.38525e+03), Accept ratio: 0.48258, 
INFO:root:Epoch  6063, Energy: -1.06364e+02 (-1.04101e+02), Variance: 1.87545e+01 (5.23555e+03), Accept ratio: 0.48037, 
INFO:root:Epoch  6064, Energy: -1.06222e+02 (-1.04021e+02), Variance: 1.72880e+01 (3.55739e+03), Accept ratio: 0.46674, 
INFO:root:Epoch  6065, Energy: -1.06250e+02 (-1.05182e+02), Variance: 1.31719e+01 (9.52773e+02), Accept ratio: 0.46985, 
INFO:root:Epoch  6066, Energy: -1.06166e+02 (-1.05531e+02), Variance: 1.19235e+01 (1.88661e+02), Accept ratio: 0.46632, 
INFO:root:Epoch  6067, Energy: -1.05852e+02 (-1.03326e+02), Variance: 1.97907e+01 (4.66027e+03), Accept ratio: 0.47809, 
INFO:root:Epoch  6068, Energy: -1.05877e+02 (-1.05158e+02), Variance: 1.70318e+01 (7.22597e+02), Accept ratio: 0.46919, 
INFO:root:Epoch  6069, Energy: -1.06073e+02 (-1.03500e+02), Variance: 2.04582e+01 (7.95871e+03), Accept ratio: 0.46793, 
INFO:root:Epoch  6070, Energy: -1.06297e+02 (-1.06123e+02), Variance: 1.33428e+01 (3.91866e+01), Accept ratio: 0.47785, 
INFO:root:Epoch  6071, Energy: -1.05718e+02 (-8.72445e+01), Variance: 1.17012e+02 (2.76096e+05), Accept ratio: 0.46955, 
INFO:root:Epoch  6072, Energy: -1.06017e+02 (-1.05272e+02), Variance: 1.35923e+01 (5.39526e+02), Accept ratio: 0.47454, 
INFO:root:Epoch  6073, Energy: -1.06249e+02 (-1.17314e+02), Variance: 6.23408e+01 (1.05785e+05), Accept ratio: 0.47340, 
INFO:root:Epoch  6074, Energy: -1.06155e+02 (-1.07067e+02), Variance: 1.47268e+01 (2.16059e+03), Accept ratio: 0.47363, 
INFO:root:Epoch  6075, Energy: -1.06307e+02 (-1.05108e+02), Variance: 1.41512e+01 (8.51325e+02), Accept ratio: 0.47330, 
INFO:root:Epoch  6076, Energy: -1.06210e+02 (-1.04177e+02), Variance: 1.52777e+01 (2.02473e+03), Accept ratio: 0.47611, 
INFO:root:Epoch  6077, Energy: -1.06169e+02 (-1.02967e+02), Variance: 1.50761e+01 (7.45522e+03), Accept ratio: 0.47429, 
INFO:root:Epoch  6078, Energy: -1.05979e+02 (-1.01638e+02), Variance: 2.89194e+01 (2.12674e+04), Accept ratio: 0.47797, 
INFO:root:Epoch  6079, Energy: -1.05688e+02 (-1.00724e+02), Variance: 3.57942e+01 (2.09500e+04), Accept ratio: 0.46824, 
INFO:root:Epoch  6080, Energy: -1.06088e+02 (-1.13653e+02), Variance: 5.25593e+01 (9.43249e+04), Accept ratio: 0.47188, 
INFO:root:Epoch  6081, Energy: -1.06115e+02 (-1.04518e+02), Variance: 1.73868e+01 (1.19741e+03), Accept ratio: 0.47367, 
INFO:root:Epoch  6082, Energy: -1.05931e+02 (-1.02799e+02), Variance: 3.07547e+01 (8.34941e+03), Accept ratio: 0.46997, 
INFO:root:Epoch  6083, Energy: -1.06121e+02 (-1.03722e+02), Variance: 2.16170e+01 (7.21928e+03), Accept ratio: 0.47367, 
INFO:root:Epoch  6084, Energy: -1.06272e+02 (-1.05120e+02), Variance: 1.54553e+01 (5.29100e+02), Accept ratio: 0.47275, 
INFO:root:Epoch  6085, Energy: -1.06175e+02 (-1.04268e+02), Variance: 1.67269e+01 (2.30825e+03), Accept ratio: 0.46631, 
INFO:root:Epoch  6086, Energy: -1.05927e+02 (-9.70823e+01), Variance: 4.09348e+01 (7.32281e+04), Accept ratio: 0.46797, 
INFO:root:Epoch  6087, Energy: -1.05928e+02 (-9.93244e+01), Variance: 3.08951e+01 (4.28832e+04), Accept ratio: 0.46813, 
INFO:root:Epoch  6088, Energy: -1.06282e+02 (-1.04718e+02), Variance: 1.58538e+01 (1.52435e+03), Accept ratio: 0.47387, 
INFO:root:Epoch  6089, Energy: -1.06158e+02 (-9.78127e+01), Variance: 4.63297e+01 (6.22542e+04), Accept ratio: 0.47395, 
INFO:root:Epoch  6090, Energy: -1.06390e+02 (-1.25734e+02), Variance: 1.38271e+02 (3.88070e+05), Accept ratio: 0.47626, 
INFO:root:Epoch  6091, Energy: -1.05868e+02 (-1.03277e+02), Variance: 2.17125e+01 (6.43663e+03), Accept ratio: 0.47280, 
INFO:root:Epoch  6092, Energy: -1.06185e+02 (-1.05445e+02), Variance: 1.41609e+01 (2.25861e+02), Accept ratio: 0.47593, 
INFO:root:Epoch  6093, Energy: -1.06186e+02 (-1.05560e+02), Variance: 1.32332e+01 (1.55441e+02), Accept ratio: 0.47247, 
INFO:root:Epoch  6094, Energy: -1.06133e+02 (-9.24199e+01), Variance: 7.69660e+01 (1.79956e+05), Accept ratio: 0.47749, 
INFO:root:Epoch  6095, Energy: -1.06122e+02 (-1.05407e+02), Variance: 1.15825e+01 (3.31844e+02), Accept ratio: 0.46858, 
INFO:root:Epoch  6096, Energy: -1.06119e+02 (-1.05847e+02), Variance: 1.37167e+01 (2.90895e+02), Accept ratio: 0.46396, 
INFO:root:Epoch  6097, Energy: -1.06085e+02 (-1.05305e+02), Variance: 1.31648e+01 (2.62452e+02), Accept ratio: 0.47087, 
INFO:root:Epoch  6098, Energy: -1.06400e+02 (-1.05765e+02), Variance: 1.31600e+01 (2.14072e+02), Accept ratio: 0.47065, 
INFO:root:Epoch  6099, Energy: -1.06344e+02 (-1.03690e+02), Variance: 2.24482e+01 (3.64725e+03), Accept ratio: 0.46802, 
INFO:root:Epoch  6100, Energy: -1.06249e+02 (-1.05447e+02), Variance: 1.51414e+01 (5.36136e+02), Accept ratio: 0.47217, 
INFO:root:Epoch  6101, Energy: -1.06227e+02 (-1.05956e+02), Variance: 1.22374e+01 (4.67206e+01), Accept ratio: 0.46912, 
INFO:root:Epoch  6102, Energy: -1.06472e+02 (-1.06073e+02), Variance: 1.29592e+01 (1.31158e+02), Accept ratio: 0.47344, 
INFO:root:Epoch  6103, Energy: -1.06042e+02 (-1.04950e+02), Variance: 1.61646e+01 (4.52234e+02), Accept ratio: 0.47580, 
INFO:root:Epoch  6104, Energy: -1.06256e+02 (-1.06046e+02), Variance: 1.17719e+01 (6.98772e+01), Accept ratio: 0.46691, 
INFO:root:Epoch  6105, Energy: -1.06351e+02 (-1.05981e+02), Variance: 1.07813e+01 (8.58176e+01), Accept ratio: 0.47360, 
INFO:root:Epoch  6106, Energy: -1.06295e+02 (-1.05901e+02), Variance: 1.23543e+01 (1.31297e+02), Accept ratio: 0.47503, 
INFO:root:Epoch  6107, Energy: -1.06171e+02 (-1.05642e+02), Variance: 1.29933e+01 (1.39240e+02), Accept ratio: 0.47742, 
INFO:root:Epoch  6108, Energy: -1.06308e+02 (-1.03894e+02), Variance: 1.64576e+01 (5.59198e+03), Accept ratio: 0.47488, 
INFO:root:Epoch  6109, Energy: -1.06276e+02 (-1.05802e+02), Variance: 1.34183e+01 (1.48639e+02), Accept ratio: 0.46512, 
INFO:root:Epoch  6110, Energy: -1.05844e+02 (-9.64678e+01), Variance: 5.10454e+01 (8.99945e+04), Accept ratio: 0.47098, 
INFO:root:Epoch  6111, Energy: -1.06211e+02 (-1.06561e+02), Variance: 1.44849e+01 (1.85456e+02), Accept ratio: 0.47148, 
INFO:root:Epoch  6112, Energy: -1.06302e+02 (-1.06648e+02), Variance: 1.37936e+01 (1.89925e+02), Accept ratio: 0.47709, 
INFO:root:Epoch  6113, Energy: -1.06334e+02 (-1.05997e+02), Variance: 1.32695e+01 (7.03842e+01), Accept ratio: 0.47583, 
INFO:root:Epoch  6114, Energy: -1.06243e+02 (-1.06058e+02), Variance: 1.33443e+01 (9.61362e+01), Accept ratio: 0.47305, 
INFO:root:Epoch  6115, Energy: -1.06279e+02 (-1.06148e+02), Variance: 1.26363e+01 (3.46733e+01), Accept ratio: 0.48169, 
INFO:root:Epoch  6116, Energy: -1.06257e+02 (-1.05106e+02), Variance: 1.55193e+01 (7.76160e+02), Accept ratio: 0.47112, 
INFO:root:Epoch  6117, Energy: -1.06095e+02 (-1.05036e+02), Variance: 1.71676e+01 (7.23526e+02), Accept ratio: 0.46794, 
INFO:root:Epoch  6118, Energy: -1.06070e+02 (-1.05433e+02), Variance: 1.48803e+01 (4.46329e+02), Accept ratio: 0.47292, 
INFO:root:Epoch  6119, Energy: -1.06268e+02 (-1.04806e+02), Variance: 1.41219e+01 (1.16301e+03), Accept ratio: 0.46681, 
INFO:root:Epoch  6120, Energy: -1.06147e+02 (-1.05984e+02), Variance: 1.12354e+01 (3.99740e+01), Accept ratio: 0.46754, 
INFO:root:Epoch  6121, Energy: -1.06063e+02 (-1.01084e+02), Variance: 3.26462e+01 (2.45510e+04), Accept ratio: 0.47086, 
INFO:root:Epoch  6122, Energy: -1.06153e+02 (-1.05994e+02), Variance: 1.10469e+01 (2.76096e+01), Accept ratio: 0.47354, 
INFO:root:Epoch  6123, Energy: -1.06236e+02 (-1.06322e+02), Variance: 1.12974e+01 (1.22768e+02), Accept ratio: 0.47345, 
INFO:root:Epoch  6124, Energy: -1.06251e+02 (-1.04790e+02), Variance: 1.38116e+01 (1.27086e+03), Accept ratio: 0.47274, 
INFO:root:Epoch  6125, Energy: -1.06330e+02 (-1.04986e+02), Variance: 1.53371e+01 (1.52627e+03), Accept ratio: 0.46669, 
INFO:root:Epoch  6126, Energy: -1.06444e+02 (-1.04262e+02), Variance: 2.06656e+01 (3.48310e+03), Accept ratio: 0.46835, 
INFO:root:Epoch  6127, Energy: -1.06524e+02 (-1.07198e+02), Variance: 1.27404e+01 (3.18858e+02), Accept ratio: 0.47822, 
INFO:root:Epoch  6128, Energy: -1.06364e+02 (-1.05599e+02), Variance: 1.30999e+01 (4.41257e+02), Accept ratio: 0.47366, 
INFO:root:Epoch  6129, Energy: -1.06361e+02 (-1.16895e+02), Variance: 5.59441e+01 (1.24740e+05), Accept ratio: 0.47787, 
INFO:root:Epoch  6130, Energy: -1.06556e+02 (-1.06166e+02), Variance: 1.11524e+01 (8.95771e+01), Accept ratio: 0.47036, 
INFO:root:Epoch  6131, Energy: -1.06487e+02 (-1.08420e+02), Variance: 1.43504e+01 (5.43114e+03), Accept ratio: 0.47662, 
INFO:root:Epoch  6132, Energy: -1.06439e+02 (-1.06436e+02), Variance: 1.18432e+01 (3.71066e+01), Accept ratio: 0.47646, 
INFO:root:Epoch  6133, Energy: -1.06268e+02 (-1.03400e+02), Variance: 1.75171e+01 (8.41697e+03), Accept ratio: 0.48147, 
INFO:root:Epoch  6134, Energy: -1.06522e+02 (-1.07142e+02), Variance: 1.28453e+01 (6.46679e+02), Accept ratio: 0.47065, 
INFO:root:Epoch  6135, Energy: -1.06452e+02 (-1.04942e+02), Variance: 1.52170e+01 (2.25270e+03), Accept ratio: 0.46688, 
INFO:root:Epoch  6136, Energy: -1.06135e+02 (-9.53035e+01), Variance: 4.08298e+01 (1.20014e+05), Accept ratio: 0.48054, 
INFO:root:Epoch  6137, Energy: -1.06218e+02 (-1.04867e+02), Variance: 1.53771e+01 (1.86387e+03), Accept ratio: 0.47044, 
INFO:root:Epoch  6138, Energy: -1.06346e+02 (-1.05764e+02), Variance: 1.30404e+01 (3.07923e+02), Accept ratio: 0.47313, 
INFO:root:Epoch  6139, Energy: -1.06243e+02 (-1.05500e+02), Variance: 1.29124e+01 (5.66630e+02), Accept ratio: 0.46811, 
INFO:root:Epoch  6140, Energy: -1.06323e+02 (-1.05395e+02), Variance: 1.32344e+01 (4.86727e+02), Accept ratio: 0.47131, 
INFO:root:Epoch  6141, Energy: -1.06402e+02 (-1.06014e+02), Variance: 1.46333e+01 (1.70722e+02), Accept ratio: 0.47274, 
INFO:root:Epoch  6142, Energy: -1.06441e+02 (-1.06199e+02), Variance: 1.33329e+01 (1.53236e+02), Accept ratio: 0.47025, 
INFO:root:Epoch  6143, Energy: -1.06310e+02 (-1.06144e+02), Variance: 1.36985e+01 (6.56642e+01), Accept ratio: 0.47169, 
INFO:root:Epoch  6144, Energy: -1.06427e+02 (-1.06157e+02), Variance: 1.33468e+01 (1.06748e+02), Accept ratio: 0.47103, 
INFO:root:Epoch  6145, Energy: -1.06207e+02 (-9.61632e+01), Variance: 4.13934e+01 (6.31363e+04), Accept ratio: 0.47074, 
INFO:root:Epoch  6146, Energy: -1.06242e+02 (-1.13268e+02), Variance: 4.42153e+01 (5.10362e+04), Accept ratio: 0.47094, 
INFO:root:Epoch  6147, Energy: -1.06278e+02 (-1.05270e+02), Variance: 1.57088e+01 (2.09859e+03), Accept ratio: 0.46705, 
INFO:root:Epoch  6148, Energy: -1.06669e+02 (-1.20227e+02), Variance: 6.86404e+01 (1.10254e+05), Accept ratio: 0.47443, 
INFO:root:Epoch  6149, Energy: -1.06227e+02 (-1.02321e+02), Variance: 1.65510e+01 (1.10938e+04), Accept ratio: 0.47174, 
INFO:root:Epoch  6150, Energy: -1.06423e+02 (-1.06097e+02), Variance: 1.02864e+01 (1.22368e+02), Accept ratio: 0.46515, 
INFO:root:Epoch  6151, Energy: -1.06221e+02 (-9.80827e+01), Variance: 2.87293e+01 (6.21448e+04), Accept ratio: 0.46794, 
INFO:root:Epoch  6152, Energy: -1.06130e+02 (-9.26148e+01), Variance: 7.28514e+01 (1.72454e+05), Accept ratio: 0.47504, 
INFO:root:Epoch  6153, Energy: -1.06435e+02 (-1.00357e+02), Variance: 2.92794e+01 (5.37927e+04), Accept ratio: 0.47238, 
INFO:root:Epoch  6154, Energy: -1.06197e+02 (-5.21392e+01), Variance: 8.19661e+02 (4.01779e+06), Accept ratio: 0.47299, 
INFO:root:Epoch  6155, Energy: -1.06377e+02 (-9.95329e+01), Variance: 2.25165e+01 (4.40880e+04), Accept ratio: 0.47103, 
INFO:root:Epoch  6156, Energy: -1.06595e+02 (-1.07693e+02), Variance: 1.33573e+01 (2.63228e+03), Accept ratio: 0.47282, 
INFO:root:Epoch  6157, Energy: -1.06425e+02 (-1.04331e+02), Variance: 3.07023e+01 (3.71544e+04), Accept ratio: 0.47277, 
INFO:root:Epoch  6158, Energy: -1.06346e+02 (-1.08170e+02), Variance: 1.30152e+01 (4.00936e+03), Accept ratio: 0.47090, 
INFO:root:Epoch  6159, Energy: -1.05777e+02 (-9.03130e+01), Variance: 8.18205e+01 (2.44631e+05), Accept ratio: 0.46984, 
INFO:root:Epoch  6160, Energy: -1.06383e+02 (-1.06354e+02), Variance: 1.02781e+01 (1.48978e+01), Accept ratio: 0.46273, 
INFO:root:Epoch  6161, Energy: -1.06377e+02 (-1.03936e+02), Variance: 1.57889e+01 (5.99322e+03), Accept ratio: 0.46749, 
INFO:root:Epoch  6162, Energy: -1.06084e+02 (-1.03004e+02), Variance: 1.84742e+01 (9.70655e+03), Accept ratio: 0.47100, 
INFO:root:Epoch  6163, Energy: -1.06132e+02 (-1.01196e+02), Variance: 2.78498e+01 (2.40938e+04), Accept ratio: 0.47617, 
INFO:root:Epoch  6164, Energy: -1.06082e+02 (-9.43867e+01), Variance: 3.52596e+01 (1.39887e+05), Accept ratio: 0.46919, 
INFO:root:Epoch  6165, Energy: -1.06537e+02 (-1.09980e+02), Variance: 1.41244e+01 (1.33908e+04), Accept ratio: 0.47631, 
INFO:root:Epoch  6166, Energy: -1.06110e+02 (-1.23861e+02), Variance: 6.93649e+01 (3.22149e+05), Accept ratio: 0.47589, 
INFO:root:Epoch  6167, Energy: -1.06084e+02 (-1.04558e+02), Variance: 1.68331e+01 (2.13214e+03), Accept ratio: 0.47020, 
INFO:root:Epoch  6168, Energy: -1.06257e+02 (-1.05936e+02), Variance: 1.15504e+01 (5.63590e+01), Accept ratio: 0.47243, 
INFO:root:Epoch  6169, Energy: -1.06289e+02 (-1.06063e+02), Variance: 1.09788e+01 (6.01963e+01), Accept ratio: 0.47577, 
INFO:root:Epoch  6170, Energy: -1.06222e+02 (-1.05238e+02), Variance: 1.36529e+01 (7.28792e+02), Accept ratio: 0.47095, 
INFO:root:Epoch  6171, Energy: -1.06265e+02 (-1.04284e+02), Variance: 1.38447e+01 (3.47864e+03), Accept ratio: 0.47584, 
INFO:root:Epoch  6172, Energy: -1.06373e+02 (-1.05730e+02), Variance: 1.08927e+01 (2.91484e+02), Accept ratio: 0.47853, 
INFO:root:Epoch  6173, Energy: -1.06268e+02 (-1.05616e+02), Variance: 1.10002e+01 (2.86357e+02), Accept ratio: 0.47392, 
INFO:root:Epoch  6174, Energy: -1.06280e+02 (-1.04760e+02), Variance: 1.40985e+01 (3.01928e+03), Accept ratio: 0.47433, 
INFO:root:Epoch  6175, Energy: -1.06327e+02 (-1.06266e+02), Variance: 1.03055e+01 (1.61971e+02), Accept ratio: 0.46919, 
INFO:root:Epoch  6176, Energy: -1.06278e+02 (-1.06471e+02), Variance: 1.18687e+01 (8.51834e+01), Accept ratio: 0.47735, 
INFO:root:Epoch  6177, Energy: -1.06219e+02 (-1.04126e+02), Variance: 1.74712e+01 (3.86650e+03), Accept ratio: 0.46854, 
INFO:root:Epoch  6178, Energy: -1.06355e+02 (-1.06886e+02), Variance: 1.06395e+01 (6.97256e+02), Accept ratio: 0.47143, 
INFO:root:Epoch  6179, Energy: -1.06399e+02 (-1.06725e+02), Variance: 1.16374e+01 (4.24209e+02), Accept ratio: 0.46594, 
INFO:root:Epoch  6180, Energy: -1.06628e+02 (-1.08234e+02), Variance: 1.48709e+01 (3.07584e+03), Accept ratio: 0.47802, 
INFO:root:Epoch  6181, Energy: -1.06436e+02 (-1.05360e+02), Variance: 1.29146e+01 (1.05213e+03), Accept ratio: 0.46984, 
INFO:root:Epoch  6182, Energy: -1.06400e+02 (-1.05354e+02), Variance: 1.34898e+01 (6.84368e+02), Accept ratio: 0.47062, 
INFO:root:Epoch  6183, Energy: -1.06438e+02 (-1.05755e+02), Variance: 1.21940e+01 (2.38411e+02), Accept ratio: 0.47565, 
INFO:root:Epoch  6184, Energy: -1.06096e+02 (-1.05205e+02), Variance: 1.44777e+01 (6.25651e+02), Accept ratio: 0.46895, 
INFO:root:Epoch  6185, Energy: -1.06400e+02 (-1.05468e+02), Variance: 1.31943e+01 (7.90774e+02), Accept ratio: 0.47488, 
INFO:root:Epoch  6186, Energy: -1.06424e+02 (-1.05077e+02), Variance: 1.46802e+01 (1.33691e+03), Accept ratio: 0.47755, 
INFO:root:Epoch  6187, Energy: -1.06148e+02 (-9.94706e+01), Variance: 4.36074e+01 (4.41953e+04), Accept ratio: 0.46790, 
INFO:root:Epoch  6188, Energy: -1.06380e+02 (-1.05264e+02), Variance: 1.30612e+01 (8.79984e+02), Accept ratio: 0.47460, 
INFO:root:Epoch  6189, Energy: -1.06497e+02 (-1.05552e+02), Variance: 1.19333e+01 (3.05013e+02), Accept ratio: 0.47030, 
INFO:root:Epoch  6190, Energy: -1.06467e+02 (-1.05816e+02), Variance: 1.33202e+01 (2.17557e+02), Accept ratio: 0.47745, 
INFO:root:Epoch  6191, Energy: -1.06364e+02 (-1.06700e+02), Variance: 1.29980e+01 (3.06147e+02), Accept ratio: 0.46599, 
INFO:root:Epoch  6192, Energy: -1.06486e+02 (-1.07250e+02), Variance: 1.33717e+01 (2.18817e+03), Accept ratio: 0.47253, 
INFO:root:Epoch  6193, Energy: -1.06206e+02 (-1.08067e+02), Variance: 1.54851e+01 (3.92412e+03), Accept ratio: 0.47709, 
INFO:root:Epoch  6194, Energy: -1.06116e+02 (-9.67940e+01), Variance: 4.22288e+01 (8.60411e+04), Accept ratio: 0.47096, 
INFO:root:Epoch  6195, Energy: -1.06127e+02 (-1.02183e+02), Variance: 2.68891e+01 (1.38822e+04), Accept ratio: 0.46695, 
INFO:root:Epoch  6196, Energy: -1.06204e+02 (-1.01601e+02), Variance: 3.51155e+01 (2.05487e+04), Accept ratio: 0.47111, 
INFO:root:Epoch  6197, Energy: -1.06381e+02 (-1.03516e+02), Variance: 1.68774e+01 (8.34830e+03), Accept ratio: 0.47416, 
INFO:root:Epoch  6198, Energy: -1.06198e+02 (-1.02835e+02), Variance: 2.02828e+01 (1.11203e+04), Accept ratio: 0.47290, 
INFO:root:Epoch  6199, Energy: -1.06213e+02 (-1.01851e+02), Variance: 2.27499e+01 (1.81723e+04), Accept ratio: 0.47294, 
INFO:root:Epoch  6200, Energy: -1.06431e+02 (-1.04360e+02), Variance: 1.80735e+01 (3.97439e+03), Accept ratio: 0.47405, 
INFO:root:Epoch  6201, Energy: -1.06652e+02 (-1.07547e+02), Variance: 1.12457e+01 (8.63317e+02), Accept ratio: 0.47311, 
INFO:root:Epoch  6202, Energy: -1.06462e+02 (-1.07078e+02), Variance: 1.17865e+01 (4.81686e+02), Accept ratio: 0.47275, 
INFO:root:Epoch  6203, Energy: -1.06413e+02 (-1.10105e+02), Variance: 1.33312e+01 (1.42877e+04), Accept ratio: 0.47458, 
INFO:root:Epoch  6204, Energy: -1.06391e+02 (-1.05601e+02), Variance: 1.40819e+01 (3.02159e+02), Accept ratio: 0.47492, 
INFO:root:Epoch  6205, Energy: -1.06224e+02 (-1.03299e+02), Variance: 1.96380e+01 (7.98983e+03), Accept ratio: 0.47504, 
INFO:root:Epoch  6206, Energy: -1.06462e+02 (-1.05520e+02), Variance: 1.11381e+01 (6.14159e+02), Accept ratio: 0.47189, 
INFO:root:Epoch  6207, Energy: -1.06375e+02 (-1.06571e+02), Variance: 1.04263e+01 (1.02839e+02), Accept ratio: 0.47662, 
INFO:root:Epoch  6208, Energy: -1.06362e+02 (-9.82862e+01), Variance: 3.16480e+01 (6.57013e+04), Accept ratio: 0.48052, 
INFO:root:Epoch  6209, Energy: -1.06339e+02 (-1.08398e+02), Variance: 1.66154e+01 (6.56108e+03), Accept ratio: 0.47325, 
INFO:root:Epoch  6210, Energy: -1.06333e+02 (-1.24376e+02), Variance: 8.07189e+01 (3.34991e+05), Accept ratio: 0.47851, 
INFO:root:Epoch  6211, Energy: -1.05953e+02 (-9.43755e+01), Variance: 6.87942e+01 (1.37010e+05), Accept ratio: 0.47573, 
INFO:root:Epoch  6212, Energy: -1.06289e+02 (-1.09418e+02), Variance: 1.79762e+01 (1.07081e+04), Accept ratio: 0.47327, 
INFO:root:Epoch  6213, Energy: -1.06066e+02 (-9.32466e+01), Variance: 4.17072e+01 (1.68080e+05), Accept ratio: 0.47090, 
INFO:root:Epoch  6214, Energy: -1.06444e+02 (-1.11723e+02), Variance: 2.11659e+01 (2.85276e+04), Accept ratio: 0.47717, 
INFO:root:Epoch  6215, Energy: -1.06331e+02 (-9.72733e+01), Variance: 3.76404e+01 (8.40998e+04), Accept ratio: 0.47100, 
INFO:root:Epoch  6216, Energy: -1.06125e+02 (-9.61868e+01), Variance: 3.16988e+01 (1.01022e+05), Accept ratio: 0.47156, 
INFO:root:Epoch  6217, Energy: -1.06119e+02 (-9.60524e+01), Variance: 3.55896e+01 (1.03652e+05), Accept ratio: 0.48096, 
INFO:root:Epoch  6218, Energy: -1.06251e+02 (-1.05609e+02), Variance: 1.13671e+01 (3.05285e+02), Accept ratio: 0.46780, 
INFO:root:Epoch  6219, Energy: -1.06437e+02 (-1.06127e+02), Variance: 9.02720e+00 (6.70130e+01), Accept ratio: 0.47585, 
INFO:root:Epoch  6220, Energy: -1.06466e+02 (-1.11596e+02), Variance: 2.97333e+01 (2.78522e+04), Accept ratio: 0.47264, 
INFO:root:Epoch  6221, Energy: -1.06383e+02 (-1.01948e+02), Variance: 2.17205e+01 (2.09649e+04), Accept ratio: 0.47552, 
INFO:root:Epoch  6222, Energy: -1.05887e+02 (-9.86823e+01), Variance: 4.78914e+01 (5.84832e+04), Accept ratio: 0.46737, 
INFO:root:Epoch  6223, Energy: -1.06339e+02 (-8.57530e+01), Variance: 1.16418e+02 (4.33396e+05), Accept ratio: 0.47244, 
INFO:root:Epoch  6224, Energy: -1.06370e+02 (-1.05448e+02), Variance: 1.14005e+01 (4.62177e+02), Accept ratio: 0.47561, 
INFO:root:Epoch  6225, Energy: -1.06400e+02 (-1.05867e+02), Variance: 1.05742e+01 (2.59381e+02), Accept ratio: 0.48514, 
INFO:root:Epoch  6226, Energy: -1.06440e+02 (-1.06013e+02), Variance: 9.73132e+00 (1.13145e+02), Accept ratio: 0.46952, 
INFO:root:Epoch  6227, Energy: -1.06413e+02 (-1.00762e+02), Variance: 2.15715e+01 (2.98825e+04), Accept ratio: 0.47724, 
INFO:root:Epoch  6228, Energy: -1.06529e+02 (-1.05474e+02), Variance: 1.19344e+01 (6.26056e+02), Accept ratio: 0.47086, 
INFO:root:Epoch  6229, Energy: -1.06322e+02 (-1.06820e+02), Variance: 1.24821e+01 (5.21255e+02), Accept ratio: 0.47014, 
INFO:root:Epoch  6230, Energy: -1.06265e+02 (-1.05812e+02), Variance: 1.10430e+01 (1.70842e+02), Accept ratio: 0.47145, 
INFO:root:Epoch  6231, Energy: -1.05888e+02 (-8.06005e+01), Variance: 1.73948e+02 (6.48016e+05), Accept ratio: 0.47436, 
INFO:root:Epoch  6232, Energy: -1.06574e+02 (-1.29309e+02), Variance: 8.85242e+01 (5.28463e+05), Accept ratio: 0.47628, 
INFO:root:Epoch  6233, Energy: -1.06458e+02 (-1.06344e+02), Variance: 1.03398e+01 (1.63052e+02), Accept ratio: 0.46761, 
INFO:root:Epoch  6234, Energy: -1.06368e+02 (-1.05917e+02), Variance: 1.14266e+01 (3.07400e+02), Accept ratio: 0.47505, 
INFO:root:Epoch  6235, Energy: -1.06442e+02 (-1.03573e+02), Variance: 1.57074e+01 (8.26330e+03), Accept ratio: 0.47773, 
INFO:root:Epoch  6236, Energy: -1.06593e+02 (-1.13636e+02), Variance: 2.50346e+01 (5.07495e+04), Accept ratio: 0.46550, 
INFO:root:Epoch  6237, Energy: -1.06493e+02 (-1.10607e+02), Variance: 1.80943e+01 (1.73319e+04), Accept ratio: 0.47454, 
INFO:root:Epoch  6238, Energy: -1.06756e+02 (-1.35365e+02), Variance: 1.35825e+02 (8.36932e+05), Accept ratio: 0.47139, 
INFO:root:Epoch  6239, Energy: -1.06242e+02 (-1.03306e+02), Variance: 2.28855e+01 (8.32941e+03), Accept ratio: 0.47053, 
INFO:root:Epoch  6240, Energy: -1.05868e+02 (-6.09605e+01), Variance: 2.91891e+02 (2.06179e+06), Accept ratio: 0.47595, 
INFO:root:Epoch  6241, Energy: -1.06049e+02 (-3.78289e+01), Variance: 6.95541e+02 (4.75811e+06), Accept ratio: 0.47493, 
INFO:root:Epoch  6242, Energy: -1.06457e+02 (-1.05710e+02), Variance: 1.46937e+01 (9.76387e+02), Accept ratio: 0.47360, 
INFO:root:Epoch  6243, Energy: -1.06613e+02 (-1.10144e+02), Variance: 2.17803e+01 (1.48557e+04), Accept ratio: 0.47150, 
INFO:root:Epoch  6244, Energy: -1.06528e+02 (-1.06361e+02), Variance: 1.30927e+01 (1.89270e+02), Accept ratio: 0.47168, 
INFO:root:Epoch  6245, Energy: -1.06351e+02 (-1.05199e+02), Variance: 1.44058e+01 (7.41534e+02), Accept ratio: 0.46915, 
INFO:root:Epoch  6246, Energy: -1.06558e+02 (-1.05416e+02), Variance: 1.52217e+01 (9.77786e+02), Accept ratio: 0.46707, 
INFO:root:Epoch  6247, Energy: -1.06664e+02 (-1.06662e+02), Variance: 1.28959e+01 (6.48728e+01), Accept ratio: 0.47322, 
INFO:root:Epoch  6248, Energy: -1.06454e+02 (-1.06561e+02), Variance: 1.25476e+01 (1.06895e+02), Accept ratio: 0.46870, 
INFO:root:Epoch  6249, Energy: -1.06616e+02 (-1.07950e+02), Variance: 1.44506e+01 (2.35925e+03), Accept ratio: 0.46872, 
INFO:root:Epoch  6250, Energy: -1.06293e+02 (-1.02501e+02), Variance: 2.31436e+01 (1.40032e+04), Accept ratio: 0.47129, 
INFO:root:Epoch  6251, Energy: -1.06594e+02 (-1.06538e+02), Variance: 1.18310e+01 (5.17382e+01), Accept ratio: 0.46174, 
INFO:root:Epoch  6252, Energy: -1.05999e+02 (-7.46247e+01), Variance: 1.39528e+02 (1.00641e+06), Accept ratio: 0.47450, 
INFO:root:Epoch  6253, Energy: -1.06350e+02 (-1.05922e+02), Variance: 1.36862e+01 (1.00283e+02), Accept ratio: 0.47145, 
INFO:root:Epoch  6254, Energy: -1.06276e+02 (-1.05296e+02), Variance: 1.40228e+01 (5.91383e+02), Accept ratio: 0.46941, 
INFO:root:Epoch  6255, Energy: -1.06502e+02 (-1.08359e+02), Variance: 1.53278e+01 (3.79755e+03), Accept ratio: 0.47718, 
INFO:root:Epoch  6256, Energy: -1.06529e+02 (-1.06789e+02), Variance: 1.15418e+01 (6.52556e+01), Accept ratio: 0.47481, 
INFO:root:Epoch  6257, Energy: -1.06375e+02 (-1.02127e+02), Variance: 2.25721e+01 (1.62278e+04), Accept ratio: 0.47787, 
INFO:root:Epoch  6258, Energy: -1.06549e+02 (-1.06369e+02), Variance: 9.72845e+00 (2.18331e+01), Accept ratio: 0.47594, 
INFO:root:Epoch  6259, Energy: -1.06516e+02 (-1.02975e+02), Variance: 2.55463e+01 (1.26863e+04), Accept ratio: 0.47098, 
INFO:root:Epoch  6260, Energy: -1.06602e+02 (-1.08277e+02), Variance: 1.61523e+01 (3.42373e+03), Accept ratio: 0.47272, 
INFO:root:Epoch  6261, Energy: -1.06560e+02 (-1.06345e+02), Variance: 1.10357e+01 (3.60211e+01), Accept ratio: 0.47782, 
INFO:root:Epoch  6262, Energy: -1.06579e+02 (-1.06405e+02), Variance: 1.05038e+01 (2.09017e+01), Accept ratio: 0.47425, 
INFO:root:Epoch  6263, Energy: -1.06254e+02 (-1.05603e+02), Variance: 1.31038e+01 (1.07502e+02), Accept ratio: 0.47308, 
INFO:root:Epoch  6264, Energy: -1.06488e+02 (-1.06286e+02), Variance: 1.21092e+01 (4.42629e+01), Accept ratio: 0.47186, 
INFO:root:Epoch  6265, Energy: -1.06396e+02 (-1.05818e+02), Variance: 1.38492e+01 (1.10787e+02), Accept ratio: 0.46895, 
INFO:root:Epoch  6266, Energy: -1.06379e+02 (-1.05949e+02), Variance: 1.43758e+01 (1.20140e+02), Accept ratio: 0.47352, 
INFO:root:Epoch  6267, Energy: -1.06266e+02 (-1.06011e+02), Variance: 1.30221e+01 (3.55726e+01), Accept ratio: 0.46777, 
INFO:root:Epoch  6268, Energy: -1.06516e+02 (-1.05590e+02), Variance: 1.20560e+01 (5.84870e+02), Accept ratio: 0.47665, 
INFO:root:Epoch  6269, Energy: -1.06102e+02 (-8.51638e+01), Variance: 1.03123e+02 (4.48333e+05), Accept ratio: 0.47092, 
INFO:root:Epoch  6270, Energy: -1.06578e+02 (-1.11115e+02), Variance: 2.75493e+01 (2.17059e+04), Accept ratio: 0.47271, 
INFO:root:Epoch  6271, Energy: -1.06430e+02 (-1.05556e+02), Variance: 1.61897e+01 (7.06057e+02), Accept ratio: 0.48131, 
INFO:root:Epoch  6272, Energy: -1.06356e+02 (-9.98399e+01), Variance: 3.72249e+01 (4.19935e+04), Accept ratio: 0.47084, 
INFO:root:Epoch  6273, Energy: -1.06550e+02 (-1.06399e+02), Variance: 1.07044e+01 (5.27386e+01), Accept ratio: 0.47777, 
INFO:root:Epoch  6274, Energy: -1.05675e+02 (-8.93646e+01), Variance: 1.28834e+02 (2.67778e+05), Accept ratio: 0.47679, 
INFO:root:Epoch  6275, Energy: -1.06246e+02 (-1.05383e+02), Variance: 1.62785e+01 (6.34743e+02), Accept ratio: 0.47089, 
INFO:root:Epoch  6276, Energy: -1.06346e+02 (-1.05785e+02), Variance: 1.11716e+01 (1.15597e+02), Accept ratio: 0.47195, 
INFO:root:Epoch  6277, Energy: -1.06536e+02 (-1.07916e+02), Variance: 1.35760e+01 (3.19757e+03), Accept ratio: 0.46861, 
INFO:root:Epoch  6278, Energy: -1.06487e+02 (-1.06100e+02), Variance: 1.08661e+01 (1.29313e+02), Accept ratio: 0.47261, 
INFO:root:Epoch  6279, Energy: -1.06375e+02 (-1.04126e+02), Variance: 1.39312e+01 (5.09684e+03), Accept ratio: 0.46878, 
INFO:root:Epoch  6280, Energy: -1.06186e+02 (-1.03302e+02), Variance: 2.63459e+01 (8.87222e+03), Accept ratio: 0.47660, 
INFO:root:Epoch  6281, Energy: -1.06291e+02 (-1.00030e+02), Variance: 2.71109e+01 (4.00348e+04), Accept ratio: 0.47725, 
INFO:root:Epoch  6282, Energy: -1.06517e+02 (-1.06083e+02), Variance: 1.05092e+01 (1.06773e+02), Accept ratio: 0.47321, 
INFO:root:Epoch  6283, Energy: -1.06544e+02 (-1.06569e+02), Variance: 1.26273e+01 (4.54487e+01), Accept ratio: 0.47569, 
INFO:root:Epoch  6284, Energy: -1.06508e+02 (-1.04459e+02), Variance: 1.69649e+01 (4.12147e+03), Accept ratio: 0.47535, 
INFO:root:Epoch  6285, Energy: -1.06580e+02 (-1.05903e+02), Variance: 1.34856e+01 (3.89701e+02), Accept ratio: 0.47402, 
INFO:root:Epoch  6286, Energy: -1.06747e+02 (-1.06608e+02), Variance: 9.73112e+00 (2.48467e+01), Accept ratio: 0.47670, 
INFO:root:Epoch  6287, Energy: -1.06638e+02 (-1.06642e+02), Variance: 1.15093e+01 (2.54449e+01), Accept ratio: 0.47317, 
INFO:root:Epoch  6288, Energy: -1.06610e+02 (-1.08112e+02), Variance: 1.40689e+01 (2.40212e+03), Accept ratio: 0.47468, 
INFO:root:Epoch  6289, Energy: -1.06372e+02 (-1.03918e+02), Variance: 1.74025e+01 (6.07670e+03), Accept ratio: 0.47252, 
INFO:root:Epoch  6290, Energy: -1.06484e+02 (-1.05202e+02), Variance: 1.64566e+01 (1.64009e+03), Accept ratio: 0.47018, 
INFO:root:Epoch  6291, Energy: -1.06674e+02 (-1.05734e+02), Variance: 1.52876e+01 (8.91163e+02), Accept ratio: 0.48117, 
INFO:root:Epoch  6292, Energy: -1.06484e+02 (-1.05318e+02), Variance: 1.31577e+01 (8.48192e+02), Accept ratio: 0.47025, 
INFO:root:Epoch  6293, Energy: -1.06594e+02 (-1.05850e+02), Variance: 1.26555e+01 (5.14130e+02), Accept ratio: 0.47380, 
INFO:root:Epoch  6294, Energy: -1.06691e+02 (-1.05936e+02), Variance: 1.26993e+01 (3.74552e+02), Accept ratio: 0.47516, 
INFO:root:Epoch  6295, Energy: -1.06559e+02 (-1.15708e+02), Variance: 3.96667e+01 (8.94354e+04), Accept ratio: 0.46754, 
INFO:root:Epoch  6296, Energy: -1.06566e+02 (-1.05647e+02), Variance: 1.32285e+01 (6.31790e+02), Accept ratio: 0.47264, 
INFO:root:Epoch  6297, Energy: -1.06439e+02 (-1.04811e+02), Variance: 1.44307e+01 (2.05526e+03), Accept ratio: 0.47509, 
INFO:root:Epoch  6298, Energy: -1.06672e+02 (-1.20424e+02), Variance: 4.61739e+01 (1.93394e+05), Accept ratio: 0.47913, 
INFO:root:Epoch  6299, Energy: -1.06464e+02 (-1.05749e+02), Variance: 1.12676e+01 (4.97141e+02), Accept ratio: 0.47253, 
INFO:root:Epoch  6300, Energy: -1.06286e+02 (-1.02678e+02), Variance: 2.37604e+01 (1.33414e+04), Accept ratio: 0.47072, 
INFO:root:Epoch  6301, Energy: -1.06572e+02 (-1.06165e+02), Variance: 1.13671e+01 (1.18470e+02), Accept ratio: 0.46945, 
INFO:root:Epoch  6302, Energy: -1.06395e+02 (-1.05727e+02), Variance: 1.44422e+01 (3.07292e+02), Accept ratio: 0.46940, 
INFO:root:Epoch  6303, Energy: -1.06534e+02 (-1.05906e+02), Variance: 1.04874e+01 (2.95923e+02), Accept ratio: 0.46882, 
INFO:root:Epoch  6304, Energy: -1.06691e+02 (-1.05865e+02), Variance: 1.22863e+01 (6.79189e+02), Accept ratio: 0.47104, 
INFO:root:Epoch  6305, Energy: -1.06560e+02 (-1.06339e+02), Variance: 1.26950e+01 (3.48922e+01), Accept ratio: 0.47347, 
INFO:root:Epoch  6306, Energy: -1.06567e+02 (-1.05144e+02), Variance: 1.50978e+01 (1.94402e+03), Accept ratio: 0.46770, 
INFO:root:Epoch  6307, Energy: -1.06679e+02 (-1.06650e+02), Variance: 1.12802e+01 (2.10447e+01), Accept ratio: 0.47491, 
INFO:root:Epoch  6308, Energy: -1.06673e+02 (-1.06242e+02), Variance: 1.16346e+01 (1.02761e+02), Accept ratio: 0.47185, 
INFO:root:Epoch  6309, Energy: -1.06395e+02 (-1.09772e+02), Variance: 2.27896e+01 (1.49537e+04), Accept ratio: 0.47440, 
INFO:root:Epoch  6310, Energy: -1.06490e+02 (-1.06075e+02), Variance: 1.07783e+01 (1.30740e+02), Accept ratio: 0.47779, 
INFO:root:Epoch  6311, Energy: -1.06451e+02 (-1.05476e+02), Variance: 1.23570e+01 (5.27174e+02), Accept ratio: 0.47040, 
INFO:root:Epoch  6312, Energy: -1.06432e+02 (-1.05941e+02), Variance: 1.30227e+01 (1.19305e+02), Accept ratio: 0.46878, 
INFO:root:Epoch  6313, Energy: -1.06442e+02 (-1.05590e+02), Variance: 1.14945e+01 (4.34184e+02), Accept ratio: 0.46996, 
INFO:root:Epoch  6314, Energy: -1.05980e+02 (-7.73752e+01), Variance: 1.30528e+02 (8.36611e+05), Accept ratio: 0.47199, 
INFO:root:Epoch  6315, Energy: -1.05713e+02 (-4.27145e+01), Variance: 5.70524e+02 (4.05768e+06), Accept ratio: 0.47421, 
INFO:root:Epoch  6316, Energy: -1.06422e+02 (-1.05146e+02), Variance: 1.50226e+01 (1.13638e+03), Accept ratio: 0.47610, 
INFO:root:Epoch  6317, Energy: -1.06551e+02 (-1.05014e+02), Variance: 1.29873e+01 (1.83986e+03), Accept ratio: 0.47663, 
INFO:root:Epoch  6318, Energy: -1.06389e+02 (-1.05110e+02), Variance: 1.55925e+01 (9.25086e+02), Accept ratio: 0.47316, 
INFO:root:Epoch  6319, Energy: -1.06520e+02 (-1.05971e+02), Variance: 1.24987e+01 (2.30559e+02), Accept ratio: 0.47534, 
INFO:root:Epoch  6320, Energy: -1.06513e+02 (-1.06016e+02), Variance: 1.06565e+01 (1.36123e+02), Accept ratio: 0.46862, 
INFO:root:Epoch  6321, Energy: -1.06572e+02 (-1.06288e+02), Variance: 1.08960e+01 (5.51454e+01), Accept ratio: 0.47472, 
INFO:root:Epoch  6322, Energy: -1.06510e+02 (-1.05753e+02), Variance: 1.07418e+01 (3.61232e+02), Accept ratio: 0.46914, 
INFO:root:Epoch  6323, Energy: -1.06705e+02 (-1.06784e+02), Variance: 1.17551e+01 (4.54842e+01), Accept ratio: 0.47350, 
INFO:root:Epoch  6324, Energy: -1.06616e+02 (-1.06651e+02), Variance: 1.03256e+01 (2.89683e+01), Accept ratio: 0.46914, 
INFO:root:Epoch  6325, Energy: -1.06526e+02 (-1.05860e+02), Variance: 1.05249e+01 (3.63743e+02), Accept ratio: 0.47212, 
INFO:root:Epoch  6326, Energy: -1.06575e+02 (-1.07077e+02), Variance: 1.04528e+01 (5.47724e+02), Accept ratio: 0.47262, 
INFO:root:Epoch  6327, Energy: -1.06292e+02 (-9.89877e+01), Variance: 3.01225e+01 (5.46081e+04), Accept ratio: 0.47394, 
INFO:root:Epoch  6328, Energy: -1.06179e+02 (-8.38499e+01), Variance: 8.14865e+01 (5.09798e+05), Accept ratio: 0.47303, 
INFO:root:Epoch  6329, Energy: -1.06513e+02 (-1.05230e+02), Variance: 1.62423e+01 (1.48735e+03), Accept ratio: 0.47009, 
INFO:root:Epoch  6330, Energy: -1.06602e+02 (-1.05842e+02), Variance: 1.29503e+01 (6.08355e+02), Accept ratio: 0.47497, 
INFO:root:Epoch  6331, Energy: -1.06430e+02 (-1.03429e+02), Variance: 1.79026e+01 (9.23577e+03), Accept ratio: 0.47286, 
INFO:root:Epoch  6332, Energy: -1.06518e+02 (-1.05707e+02), Variance: 1.09649e+01 (5.36857e+02), Accept ratio: 0.47562, 
INFO:root:Epoch  6333, Energy: -1.06472e+02 (-1.05385e+02), Variance: 1.42076e+01 (2.22150e+03), Accept ratio: 0.47994, 
INFO:root:Epoch  6334, Energy: -1.06402e+02 (-1.05203e+02), Variance: 1.51481e+01 (8.93403e+02), Accept ratio: 0.47290, 
INFO:root:Epoch  6335, Energy: -1.06508e+02 (-1.04925e+02), Variance: 1.68028e+01 (1.71473e+03), Accept ratio: 0.46893, 
INFO:root:Epoch  6336, Energy: -1.05522e+02 (-5.09314e+01), Variance: 4.96016e+02 (3.04723e+06), Accept ratio: 0.46569, 
INFO:root:Epoch  6337, Energy: -1.06545e+02 (-1.06056e+02), Variance: 1.32587e+01 (1.20914e+02), Accept ratio: 0.47011, 
INFO:root:Epoch  6338, Energy: -1.06421e+02 (-1.01638e+02), Variance: 2.86628e+01 (2.04714e+04), Accept ratio: 0.47256, 
INFO:root:Epoch  6339, Energy: -1.06661e+02 (-1.01639e+02), Variance: 2.92322e+01 (2.59713e+04), Accept ratio: 0.47876, 
INFO:root:Epoch  6340, Energy: -1.06233e+02 (-1.10453e+02), Variance: 2.44952e+01 (1.84626e+04), Accept ratio: 0.47155, 
INFO:root:Epoch  6341, Energy: -1.06399e+02 (-1.00300e+02), Variance: 4.06807e+01 (3.76273e+04), Accept ratio: 0.47510, 
INFO:root:Epoch  6342, Energy: -1.06360e+02 (-1.06242e+02), Variance: 2.64339e+01 (2.06556e+02), Accept ratio: 0.47616, 
INFO:root:Epoch  6343, Energy: -1.04177e+02 (-7.39008e+01), Variance: 4.89132e+02 (9.38055e+05), Accept ratio: 0.48613, 
INFO:root:Epoch  6344, Energy: -9.45592e+01 (-9.00900e+01), Variance: 3.48689e+03 (1.62934e+04), Accept ratio: 0.46830, 
INFO:root:Epoch  6345, Energy: -9.42862e+01 (-8.62686e+01), Variance: 3.76323e+03 (3.78652e+04), Accept ratio: 0.47557, 
INFO:root:Epoch  6346, Energy: -9.76890e+01 (-1.00283e+02), Variance: 3.19877e+03 (4.98091e+04), Accept ratio: 0.47031, 
INFO:root:Epoch  6347, Energy: -8.83452e+01 (-8.21134e+01), Variance: 5.99431e+03 (5.10784e+04), Accept ratio: 0.47274, 
INFO:root:Epoch  6348, Energy: -9.10022e+01 (-7.57976e+01), Variance: 4.90139e+03 (2.06075e+05), Accept ratio: 0.46863, 
INFO:root:Epoch  6349, Energy: -9.17383e+01 (-8.83194e+01), Variance: 3.26707e+03 (1.46592e+04), Accept ratio: 0.47159, 
INFO:root:Epoch  6350, Energy: -8.30748e+01 (-8.24112e+01), Variance: 3.95522e+03 (6.86618e+03), Accept ratio: 0.47106, 
INFO:root:Epoch  6351, Energy: -9.06201e+01 (-8.64622e+01), Variance: 7.18048e+03 (1.01917e+05), Accept ratio: 0.47067, 
INFO:root:Epoch  6352, Energy: -7.51984e+01 (-7.82738e+01), Variance: 1.84753e+04 (1.07393e+06), Accept ratio: 0.47314, 
INFO:root:Epoch  6353, Energy: -6.71057e+01 (-1.49073e+01), Variance: 3.56784e+04 (2.76901e+06), Accept ratio: 0.46740, 
INFO:root:Epoch  6354, Energy: -7.60362e+01 (-6.20297e+01), Variance: 1.74748e+04 (3.80771e+05), Accept ratio: 0.47101, 
INFO:root:Epoch  6355, Energy: -7.11466e+01 (-4.27414e+01), Variance: 2.26311e+04 (3.68301e+05), Accept ratio: 0.45706, 
INFO:root:Epoch  6356, Energy: -7.51647e+01 (-4.29454e+01), Variance: 2.10186e+04 (4.00541e+05), Accept ratio: 0.44986, 
INFO:root:Epoch  6357, Energy: -8.48342e+01 (-8.00893e+01), Variance: 1.70932e+04 (3.67877e+05), Accept ratio: 0.45817, 
INFO:root:Epoch  6358, Energy: -8.20210e+01 (-5.47929e+01), Variance: 1.77245e+04 (7.84194e+05), Accept ratio: 0.46205, 
INFO:root:Epoch  6359, Energy: -7.73571e+01 (-5.63042e+01), Variance: 2.46515e+04 (3.52094e+05), Accept ratio: 0.46218, 
INFO:root:Epoch  6360, Energy: -7.52457e+01 (-6.80397e+01), Variance: 2.69000e+04 (7.09837e+05), Accept ratio: 0.45273, 
INFO:root:Epoch  6361, Energy: -6.93999e+01 (-2.50584e+01), Variance: 2.27036e+04 (2.80157e+05), Accept ratio: 0.45924, 
INFO:root:Epoch  6362, Energy: -8.34908e+01 (-6.97157e+01), Variance: 9.65320e+03 (6.65185e+04), Accept ratio: 0.45167, 
INFO:root:Epoch  6363, Energy: -8.38372e+01 (-8.72912e+01), Variance: 1.36880e+04 (1.68560e+06), Accept ratio: 0.45817, 
INFO:root:Epoch  6364, Energy: -8.50373e+01 (-8.90228e+01), Variance: 1.06033e+04 (5.37918e+05), Accept ratio: 0.45088, 
INFO:root:Epoch  6365, Energy: -8.07515e+01 (-9.76396e+01), Variance: 1.17089e+04 (8.38339e+05), Accept ratio: 0.46096, 
INFO:root:Epoch  6366, Energy: -8.13938e+01 (-5.00061e+01), Variance: 2.49794e+04 (3.79880e+05), Accept ratio: 0.45948, 
INFO:root:Epoch  6367, Energy: -8.00940e+01 (-5.69305e+01), Variance: 1.21359e+04 (1.16449e+05), Accept ratio: 0.45263, 
INFO:root:Epoch  6368, Energy: -7.05191e+01 (-1.83678e+01), Variance: 2.77788e+04 (6.76256e+05), Accept ratio: 0.45578, 
INFO:root:Epoch  6369, Energy: -8.16809e+01 (-4.17682e+01), Variance: 2.00727e+04 (1.27891e+06), Accept ratio: 0.45577, 
INFO:root:Epoch  6370, Energy: -8.88238e+01 (-7.71672e+01), Variance: 8.50260e+03 (1.04464e+05), Accept ratio: 0.45481, 
INFO:root:Epoch  6371, Energy: -9.22817e+01 (-1.00314e+02), Variance: 6.93085e+03 (1.07126e+05), Accept ratio: 0.45318, 
INFO:root:Epoch  6372, Energy: -8.18161e+01 (-6.19777e+01), Variance: 9.05867e+03 (2.71809e+05), Accept ratio: 0.45390, 
INFO:root:Epoch  6373, Energy: -8.08439e+01 (-6.90237e+01), Variance: 9.80512e+03 (1.11057e+05), Accept ratio: 0.44998, 
INFO:root:Epoch  6374, Energy: -8.62102e+01 (-7.92038e+01), Variance: 9.07621e+03 (4.57818e+05), Accept ratio: 0.44446, 
INFO:root:Epoch  6375, Energy: -9.32967e+01 (-9.22165e+01), Variance: 4.25139e+03 (5.03965e+04), Accept ratio: 0.46065, 
INFO:root:Epoch  6376, Energy: -8.85046e+01 (-7.09197e+01), Variance: 6.12910e+03 (1.19782e+05), Accept ratio: 0.45549, 
INFO:root:Epoch  6377, Energy: -8.81268e+01 (-7.85477e+01), Variance: 5.13400e+03 (3.80058e+04), Accept ratio: 0.45444, 
INFO:root:Epoch  6378, Energy: -8.83009e+01 (-7.37576e+01), Variance: 5.41599e+03 (7.31879e+04), Accept ratio: 0.45505, 
INFO:root:Epoch  6379, Energy: -8.73851e+01 (-7.55898e+01), Variance: 5.18726e+03 (3.01628e+04), Accept ratio: 0.45222, 
INFO:root:Epoch  6380, Energy: -8.90738e+01 (-8.46226e+01), Variance: 6.67916e+03 (9.26719e+04), Accept ratio: 0.45563, 
INFO:root:Epoch  6381, Energy: -9.12222e+01 (-8.88493e+01), Variance: 5.98431e+03 (1.48070e+05), Accept ratio: 0.45846, 
INFO:root:Epoch  6382, Energy: -8.88508e+01 (-8.05950e+01), Variance: 4.23933e+03 (1.47497e+05), Accept ratio: 0.45420, 
INFO:root:Epoch  6383, Energy: -8.96148e+01 (-9.15293e+01), Variance: 7.57928e+03 (2.41055e+05), Accept ratio: 0.45503, 
INFO:root:Epoch  6384, Energy: -7.97544e+01 (-6.06972e+01), Variance: 8.14516e+03 (4.14583e+05), Accept ratio: 0.45259, 
INFO:root:Epoch  6385, Energy: -8.86622e+01 (-7.86566e+01), Variance: 6.57265e+03 (1.06337e+05), Accept ratio: 0.45202, 
INFO:root:Epoch  6386, Energy: -8.70440e+01 (-7.20524e+01), Variance: 6.99270e+03 (1.84787e+05), Accept ratio: 0.45178, 
INFO:root:Epoch  6387, Energy: -8.98984e+01 (-7.01203e+01), Variance: 6.38773e+03 (1.74550e+05), Accept ratio: 0.44370, 
INFO:root:Epoch  6388, Energy: -9.24454e+01 (-8.30273e+01), Variance: 4.42147e+03 (4.59753e+04), Accept ratio: 0.45182, 
INFO:root:Epoch  6389, Energy: -8.45423e+01 (-5.77287e+01), Variance: 1.10575e+04 (5.30368e+05), Accept ratio: 0.45430, 
INFO:root:Epoch  6390, Energy: -9.34411e+01 (-9.21759e+01), Variance: 4.16338e+03 (8.94120e+04), Accept ratio: 0.45598, 
INFO:root:Epoch  6391, Energy: -9.21344e+01 (-1.05380e+02), Variance: 5.66994e+03 (3.38633e+05), Accept ratio: 0.44977, 
INFO:root:Epoch  6392, Energy: -9.28866e+01 (-8.05798e+01), Variance: 4.94190e+03 (6.98726e+04), Accept ratio: 0.45324, 
INFO:root:Epoch  6393, Energy: -9.10495e+01 (-8.91609e+01), Variance: 3.80921e+03 (2.74707e+04), Accept ratio: 0.45055, 
INFO:root:Epoch  6394, Energy: -9.30092e+01 (-4.64356e+01), Variance: 1.07063e+04 (1.85303e+06), Accept ratio: 0.44985, 
INFO:root:Epoch  6395, Energy: -9.09574e+01 (-9.06829e+01), Variance: 3.57396e+03 (2.34839e+04), Accept ratio: 0.45112, 
INFO:root:Epoch  6396, Energy: -8.93293e+01 (-7.88428e+01), Variance: 3.97163e+03 (7.28696e+04), Accept ratio: 0.45590, 
INFO:root:Epoch  6397, Energy: -8.84164e+01 (-1.68586e+02), Variance: 1.41264e+04 (6.30652e+06), Accept ratio: 0.45634, 
INFO:root:Epoch  6398, Energy: -8.93236e+01 (-1.35817e+02), Variance: 1.49192e+04 (2.90021e+06), Accept ratio: 0.45716, 
INFO:root:Epoch  6399, Energy: -8.98260e+01 (-8.81784e+01), Variance: 3.60035e+03 (4.70016e+04), Accept ratio: 0.44776, 
INFO:root:Epoch  6400, Energy: -9.03460e+01 (-7.04992e+01), Variance: 6.45468e+03 (1.32010e+05), Accept ratio: 0.46126, 
INFO:root:Epoch  6401, Energy: -9.45324e+01 (-9.97763e+01), Variance: 6.39837e+03 (2.43121e+05), Accept ratio: 0.45650, 
INFO:root:Epoch  6402, Energy: -9.15429e+01 (-8.77293e+01), Variance: 5.33650e+03 (1.05593e+05), Accept ratio: 0.45513, 
INFO:root:Epoch  6403, Energy: -9.30627e+01 (-8.82908e+01), Variance: 8.38336e+03 (2.34851e+05), Accept ratio: 0.45405, 
INFO:root:Epoch  6404, Energy: -9.31432e+01 (-8.60896e+01), Variance: 3.98614e+03 (5.02837e+04), Accept ratio: 0.45598, 
INFO:root:Epoch  6405, Energy: -9.20367e+01 (-1.00435e+02), Variance: 4.55626e+03 (2.66672e+05), Accept ratio: 0.45885, 
INFO:root:Epoch  6406, Energy: -8.84415e+01 (-1.03580e+02), Variance: 1.01125e+04 (9.18257e+05), Accept ratio: 0.45904, 
INFO:root:Epoch  6407, Energy: -9.54698e+01 (-1.18589e+02), Variance: 8.96160e+03 (1.13277e+06), Accept ratio: 0.45762, 
INFO:root:Epoch  6408, Energy: -9.30650e+01 (-8.41594e+01), Variance: 3.67079e+03 (2.56930e+04), Accept ratio: 0.45065, 
INFO:root:Epoch  6409, Energy: -9.16209e+01 (-8.25521e+01), Variance: 4.56796e+03 (6.24311e+04), Accept ratio: 0.45161, 
INFO:root:Epoch  6410, Energy: -9.44012e+01 (-8.58770e+01), Variance: 4.43107e+03 (5.37582e+04), Accept ratio: 0.45439, 
INFO:root:Epoch  6411, Energy: -9.03856e+01 (-8.53458e+01), Variance: 6.03109e+03 (3.27101e+05), Accept ratio: 0.45775, 
INFO:root:Epoch  6412, Energy: -9.36220e+01 (-8.94214e+01), Variance: 3.73498e+03 (3.97157e+04), Accept ratio: 0.46374, 
INFO:root:Epoch  6413, Energy: -8.30797e+01 (-4.85218e+01), Variance: 1.24887e+04 (3.26833e+05), Accept ratio: 0.45328, 
INFO:root:Epoch  6414, Energy: -9.26841e+01 (-8.97486e+01), Variance: 5.00387e+03 (7.35614e+04), Accept ratio: 0.45803, 
INFO:root:Epoch  6415, Energy: -9.04825e+01 (-6.46666e+01), Variance: 8.66275e+03 (3.88936e+05), Accept ratio: 0.45362, 
INFO:root:Epoch  6416, Energy: -9.29049e+01 (-8.17022e+01), Variance: 4.42020e+03 (8.12789e+04), Accept ratio: 0.45795, 
INFO:root:Epoch  6417, Energy: -9.60352e+01 (-9.42397e+01), Variance: 3.61569e+03 (7.45488e+04), Accept ratio: 0.45930, 
INFO:root:Epoch  6418, Energy: -9.18301e+01 (-9.38471e+01), Variance: 5.81382e+03 (2.51862e+05), Accept ratio: 0.45641, 
INFO:root:Epoch  6419, Energy: -9.69905e+01 (-8.31388e+01), Variance: 3.91360e+03 (8.59572e+04), Accept ratio: 0.45588, 
INFO:root:Epoch  6420, Energy: -9.05760e+01 (-7.50585e+01), Variance: 5.74040e+03 (1.27424e+05), Accept ratio: 0.45243, 
INFO:root:Epoch  6421, Energy: -8.01061e+01 (3.16697e+02), Variance: 1.03466e+05 (1.65985e+08), Accept ratio: 0.45687, 
INFO:root:Epoch  6422, Energy: -9.25931e+01 (-8.23006e+01), Variance: 4.02262e+03 (3.97680e+04), Accept ratio: 0.45868, 
INFO:root:Epoch  6423, Energy: -9.34699e+01 (7.44095e+01), Variance: 3.60930e+04 (3.07053e+07), Accept ratio: 0.44532, 
INFO:root:Epoch  6424, Energy: -9.44431e+01 (-9.34900e+01), Variance: 3.24953e+03 (5.83575e+04), Accept ratio: 0.45487, 
INFO:root:Epoch  6425, Energy: -9.15132e+01 (-1.40929e+02), Variance: 1.30884e+04 (4.61363e+06), Accept ratio: 0.46279, 
INFO:root:Epoch  6426, Energy: -9.28776e+01 (-7.83297e+01), Variance: 3.77404e+03 (8.75087e+04), Accept ratio: 0.45835, 
INFO:root:Epoch  6427, Energy: -9.45622e+01 (-8.72925e+01), Variance: 3.18390e+03 (2.36404e+04), Accept ratio: 0.45682, 
INFO:root:Epoch  6428, Energy: -9.50558e+01 (-8.80541e+01), Variance: 3.22241e+03 (3.43214e+04), Accept ratio: 0.44918, 
INFO:root:Epoch  6429, Energy: -9.45398e+01 (-8.27891e+01), Variance: 4.12064e+03 (1.19283e+05), Accept ratio: 0.45657, 
INFO:root:Epoch  6430, Energy: -9.62306e+01 (-8.62078e+01), Variance: 2.75765e+03 (1.28041e+05), Accept ratio: 0.45958, 
INFO:root:Epoch  6431, Energy: -9.62430e+01 (-9.53192e+01), Variance: 2.34213e+03 (2.33732e+04), Accept ratio: 0.45824, 
INFO:root:Epoch  6432, Energy: -9.48463e+01 (-7.05608e+01), Variance: 7.52582e+03 (7.43298e+05), Accept ratio: 0.46193, 
INFO:root:Epoch  6433, Energy: -9.47782e+01 (-9.05330e+01), Variance: 5.31454e+03 (3.66107e+05), Accept ratio: 0.45796, 
INFO:root:Epoch  6434, Energy: -8.91319e+01 (1.65989e+01), Variance: 2.02460e+04 (9.63649e+06), Accept ratio: 0.45284, 
INFO:root:Epoch  6435, Energy: -9.54826e+01 (-9.74110e+01), Variance: 3.59063e+03 (3.00445e+04), Accept ratio: 0.46160, 
INFO:root:Epoch  6436, Energy: -9.25884e+01 (-1.31057e+02), Variance: 1.08274e+04 (1.04028e+06), Accept ratio: 0.45603, 
INFO:root:Epoch  6437, Energy: -9.42436e+01 (-7.82650e+01), Variance: 5.81832e+03 (1.17998e+05), Accept ratio: 0.45698, 
INFO:root:Epoch  6438, Energy: -9.18492e+01 (-2.26913e+01), Variance: 2.71411e+04 (6.63718e+06), Accept ratio: 0.46268, 
INFO:root:Epoch  6439, Energy: -9.50401e+01 (-9.63576e+01), Variance: 4.52200e+03 (9.94410e+04), Accept ratio: 0.45861, 
INFO:root:Epoch  6440, Energy: -8.93340e+01 (3.64877e+01), Variance: 2.21692e+04 (1.55034e+07), Accept ratio: 0.45882, 
INFO:root:Epoch  6441, Energy: -9.19777e+01 (-2.68456e+01), Variance: 1.30289e+04 (2.73036e+06), Accept ratio: 0.45469, 
INFO:root:Epoch  6442, Energy: -9.48466e+01 (-9.24667e+01), Variance: 3.72696e+03 (4.13354e+04), Accept ratio: 0.45964, 
INFO:root:Epoch  6443, Energy: -9.22762e+01 (-7.69189e+01), Variance: 6.67892e+03 (5.40734e+05), Accept ratio: 0.46183, 
INFO:root:Epoch  6444, Energy: -9.42184e+01 (-3.67325e+02), Variance: 5.81589e+04 (7.42719e+07), Accept ratio: 0.44955, 
INFO:root:Epoch  6445, Energy: -8.60664e+01 (4.54132e+01), Variance: 2.41237e+04 (1.37753e+07), Accept ratio: 0.46061, 
INFO:root:Epoch  6446, Energy: -9.16465e+01 (2.25408e+01), Variance: 2.06124e+04 (1.45292e+07), Accept ratio: 0.46458, 
INFO:root:Epoch  6447, Energy: -8.85787e+01 (-3.54776e+01), Variance: 1.88054e+04 (1.36482e+06), Accept ratio: 0.46199, 
INFO:root:Epoch  6448, Energy: -9.60818e+01 (-1.13721e+02), Variance: 7.24700e+03 (1.22220e+05), Accept ratio: 0.45907, 
INFO:root:Epoch  6449, Energy: -9.44293e+01 (-1.18882e+02), Variance: 7.26580e+03 (4.44974e+05), Accept ratio: 0.46032, 
INFO:root:Epoch  6450, Energy: -9.15905e+01 (-9.33329e+01), Variance: 4.99082e+03 (1.79682e+05), Accept ratio: 0.46751, 
INFO:root:Epoch  6451, Energy: -9.49172e+01 (-9.35336e+01), Variance: 5.35433e+03 (2.33086e+05), Accept ratio: 0.45708, 
INFO:root:Epoch  6452, Energy: -9.41170e+01 (-8.16141e+01), Variance: 5.98548e+03 (1.36976e+05), Accept ratio: 0.45717, 
INFO:root:Epoch  6453, Energy: -8.10412e+01 (1.03509e+03), Variance: 4.90434e+05 (1.11928e+09), Accept ratio: 0.45154, 
INFO:root:Epoch  6454, Energy: -9.56337e+01 (-7.66145e+01), Variance: 9.07070e+03 (2.70589e+05), Accept ratio: 0.46545, 
INFO:root:Epoch  6455, Energy: -9.52020e+01 (-1.29164e+02), Variance: 1.09307e+04 (1.60913e+06), Accept ratio: 0.45759, 
INFO:root:Epoch  6456, Energy: -7.81373e+01 (3.45258e+01), Variance: 5.04872e+04 (7.74464e+06), Accept ratio: 0.45786, 
INFO:root:Epoch  6457, Energy: -9.51364e+01 (-7.74760e+01), Variance: 1.12627e+04 (2.96590e+05), Accept ratio: 0.45293, 
INFO:root:Epoch  6458, Energy: -8.62912e+01 (3.94633e+01), Variance: 2.93031e+04 (8.69767e+06), Accept ratio: 0.45965, 
INFO:root:Epoch  6459, Energy: -1.01132e+02 (-1.13950e+02), Variance: 6.20219e+03 (2.41644e+05), Accept ratio: 0.47159, 
INFO:root:Epoch  6460, Energy: -9.52855e+01 (-1.03510e+02), Variance: 6.09336e+03 (1.51225e+05), Accept ratio: 0.46419, 
INFO:root:Epoch  6461, Energy: -9.33765e+01 (-8.48144e+01), Variance: 5.34316e+03 (5.01649e+04), Accept ratio: 0.46342, 
INFO:root:Epoch  6462, Energy: -8.81256e+01 (-5.89800e+01), Variance: 1.37525e+04 (1.10576e+06), Accept ratio: 0.46890, 
INFO:root:Epoch  6463, Energy: -9.86134e+01 (-1.69645e+02), Variance: 1.86958e+04 (2.50331e+06), Accept ratio: 0.45828, 
INFO:root:Epoch  6464, Energy: -9.12586e+01 (-4.24502e+01), Variance: 1.58999e+04 (1.85571e+06), Accept ratio: 0.46345, 
INFO:root:Epoch  6465, Energy: -9.30520e+01 (-9.33276e+01), Variance: 5.56911e+03 (5.95748e+04), Accept ratio: 0.46369, 
INFO:root:Epoch  6466, Energy: -9.89758e+01 (-9.43323e+01), Variance: 4.53366e+03 (5.84844e+04), Accept ratio: 0.46423, 
INFO:root:Epoch  6467, Energy: -9.48393e+01 (-9.33808e+01), Variance: 3.48893e+03 (1.65252e+04), Accept ratio: 0.46239, 
INFO:root:Epoch  6468, Energy: -9.25113e+01 (-6.72342e+01), Variance: 1.31810e+04 (1.44896e+06), Accept ratio: 0.46416, 
INFO:root:Epoch  6469, Energy: -9.01559e+01 (-6.28855e+01), Variance: 9.20459e+03 (3.15114e+05), Accept ratio: 0.45237, 
INFO:root:Epoch  6470, Energy: -9.01020e+01 (-7.54526e+01), Variance: 6.03691e+03 (1.10007e+05), Accept ratio: 0.46482, 
INFO:root:Epoch  6471, Energy: -9.18270e+01 (-1.08174e+02), Variance: 1.26559e+04 (2.91372e+06), Accept ratio: 0.46189, 
INFO:root:Epoch  6472, Energy: -9.44080e+01 (-5.93918e+01), Variance: 1.00594e+04 (1.06185e+06), Accept ratio: 0.45552, 
INFO:root:Epoch  6473, Energy: -9.38336e+01 (-8.33860e+01), Variance: 5.10557e+03 (5.76414e+04), Accept ratio: 0.46027, 
INFO:root:Epoch  6474, Energy: -9.90461e+01 (-9.20550e+01), Variance: 3.24104e+03 (3.08268e+04), Accept ratio: 0.46947, 
INFO:root:Epoch  6475, Energy: -1.00010e+02 (-2.78911e+02), Variance: 3.25900e+04 (3.32070e+07), Accept ratio: 0.46185, 
INFO:root:Epoch  6476, Energy: -9.58550e+01 (-8.89297e+01), Variance: 3.86966e+03 (4.70915e+04), Accept ratio: 0.46169, 
INFO:root:Epoch  6477, Energy: -9.70015e+01 (-2.70775e+02), Variance: 5.06431e+04 (3.38932e+07), Accept ratio: 0.46406, 
INFO:root:Epoch  6478, Energy: -1.00304e+02 (-1.10477e+02), Variance: 6.11339e+03 (4.27588e+05), Accept ratio: 0.45833, 
INFO:root:Epoch  6479, Energy: -7.84877e+01 (2.86229e+02), Variance: 8.75542e+04 (9.26146e+07), Accept ratio: 0.45971, 
INFO:root:Epoch  6480, Energy: -9.84441e+01 (-1.05494e+02), Variance: 4.49998e+03 (1.17565e+05), Accept ratio: 0.46448, 
INFO:root:Epoch  6481, Energy: -9.38610e+01 (-8.10397e+01), Variance: 5.32825e+03 (1.14065e+05), Accept ratio: 0.46042, 
INFO:root:Epoch  6482, Energy: -9.62098e+01 (-7.79584e+01), Variance: 5.43811e+03 (2.00844e+05), Accept ratio: 0.46125, 
INFO:root:Epoch  6483, Energy: -9.33383e+01 (-7.66976e+01), Variance: 6.64155e+03 (1.39633e+05), Accept ratio: 0.45980, 
INFO:root:Epoch  6484, Energy: -8.92940e+01 (5.34056e+01), Variance: 4.81478e+04 (1.73122e+07), Accept ratio: 0.46220, 
INFO:root:Epoch  6485, Energy: -9.85310e+01 (-1.30557e+02), Variance: 1.21630e+04 (1.54704e+06), Accept ratio: 0.45676, 
INFO:root:Epoch  6486, Energy: -9.97117e+01 (-1.05320e+02), Variance: 8.61582e+03 (6.19346e+05), Accept ratio: 0.45830, 
INFO:root:Epoch  6487, Energy: -9.39331e+01 (-5.02209e+01), Variance: 1.07531e+04 (7.73441e+05), Accept ratio: 0.45776, 
INFO:root:Epoch  6488, Energy: -8.36758e+01 (8.58610e+02), Variance: 2.74668e+05 (9.35341e+08), Accept ratio: 0.45524, 
INFO:root:Epoch  6489, Energy: -9.50785e+01 (-7.58393e+01), Variance: 8.01364e+03 (2.77479e+05), Accept ratio: 0.46443, 
INFO:root:Epoch  6490, Energy: -9.60598e+01 (-1.01407e+02), Variance: 3.79306e+03 (1.07725e+05), Accept ratio: 0.46444, 
INFO:root:Epoch  6491, Energy: -9.75120e+01 (-8.65746e+01), Variance: 6.32492e+03 (1.57898e+05), Accept ratio: 0.46079, 
INFO:root:Epoch  6492, Energy: -9.66502e+01 (-1.07231e+02), Variance: 3.89265e+03 (1.40873e+05), Accept ratio: 0.45464, 
INFO:root:Epoch  6493, Energy: -9.18560e+01 (-8.36981e+01), Variance: 4.89611e+03 (3.53012e+04), Accept ratio: 0.45706, 
INFO:root:Epoch  6494, Energy: -9.92322e+01 (-1.34903e+02), Variance: 1.21001e+04 (9.26954e+05), Accept ratio: 0.45668, 
INFO:root:Epoch  6495, Energy: -9.52779e+01 (-6.68552e+01), Variance: 8.60419e+03 (1.03483e+06), Accept ratio: 0.45930, 
INFO:root:Epoch  6496, Energy: -9.31979e+01 (-5.10229e+01), Variance: 1.78910e+04 (2.04838e+06), Accept ratio: 0.45992, 
INFO:root:Epoch  6497, Energy: -1.03792e+02 (-1.03268e+02), Variance: 1.08760e+04 (1.38222e+06), Accept ratio: 0.46339, 
INFO:root:Epoch  6498, Energy: -9.12413e+01 (-6.58626e+01), Variance: 7.37972e+03 (1.05758e+05), Accept ratio: 0.45795, 
INFO:root:Epoch  6499, Energy: -9.33211e+01 (-5.13204e+01), Variance: 1.02992e+04 (1.01544e+06), Accept ratio: 0.46804, 
INFO:root:Epoch  6500, Energy: -8.44815e+01 (1.49992e+02), Variance: 5.20032e+04 (5.05929e+07), Accept ratio: 0.46610, 
INFO:root:Epoch  6501, Energy: -9.82085e+01 (-1.09495e+02), Variance: 6.92248e+03 (7.56548e+05), Accept ratio: 0.46147, 
INFO:root:Epoch  6502, Energy: -9.37346e+01 (-7.45048e+01), Variance: 9.20559e+03 (5.50750e+05), Accept ratio: 0.46841, 
INFO:root:Epoch  6503, Energy: -9.63715e+01 (-8.70462e+01), Variance: 4.39322e+03 (4.50416e+04), Accept ratio: 0.46125, 
INFO:root:Epoch  6504, Energy: -9.64207e+01 (-1.96875e+02), Variance: 1.93010e+04 (1.31358e+07), Accept ratio: 0.46122, 
INFO:root:Epoch  6505, Energy: -9.73449e+01 (-3.90456e+02), Variance: 1.08489e+05 (7.26124e+07), Accept ratio: 0.46556, 
INFO:root:Epoch  6506, Energy: -9.86558e+01 (2.38625e-01), Variance: 3.41152e+04 (9.72068e+06), Accept ratio: 0.46782, 
INFO:root:Epoch  6507, Energy: -9.42457e+01 (-1.07324e+02), Variance: 1.24741e+04 (1.23785e+06), Accept ratio: 0.45874, 
INFO:root:Epoch  6508, Energy: -9.96840e+01 (-9.75761e+01), Variance: 3.41601e+03 (4.13634e+04), Accept ratio: 0.46479, 
INFO:root:Epoch  6509, Energy: -9.60086e+01 (-1.04746e+02), Variance: 1.03149e+04 (2.13253e+06), Accept ratio: 0.46704, 
INFO:root:Epoch  6510, Energy: -9.35268e+01 (-6.73623e+01), Variance: 1.36911e+04 (1.01258e+06), Accept ratio: 0.46183, 
INFO:root:Epoch  6511, Energy: -8.75672e+01 (3.23370e+00), Variance: 3.79493e+04 (6.60415e+06), Accept ratio: 0.45897, 
INFO:root:Epoch  6512, Energy: -9.89523e+01 (-1.03336e+02), Variance: 1.72770e+04 (3.76227e+06), Accept ratio: 0.46824, 
INFO:root:Epoch  6513, Energy: -9.67750e+01 (-2.02365e+02), Variance: 2.99374e+04 (2.49283e+07), Accept ratio: 0.45550, 
INFO:root:Epoch  6514, Energy: -8.95064e+01 (-7.71494e+01), Variance: 7.07611e+03 (4.71344e+05), Accept ratio: 0.47177, 
INFO:root:Epoch  6515, Energy: -9.47147e+01 (-7.66912e+00), Variance: 2.59820e+04 (7.19490e+06), Accept ratio: 0.46357, 
INFO:root:Epoch  6516, Energy: -9.45946e+01 (-9.09348e+01), Variance: 9.81996e+03 (1.90168e+05), Accept ratio: 0.46682, 
INFO:root:Epoch  6517, Energy: -9.77877e+01 (-1.00851e+02), Variance: 1.34741e+04 (1.42382e+06), Accept ratio: 0.46457, 
INFO:root:Epoch  6518, Energy: -9.30656e+01 (-6.38608e+01), Variance: 9.54963e+03 (3.17854e+05), Accept ratio: 0.46280, 
INFO:root:Epoch  6519, Energy: -9.44610e+01 (-7.59401e+01), Variance: 6.90527e+03 (4.79020e+05), Accept ratio: 0.45923, 
INFO:root:Epoch  6520, Energy: -9.19332e+01 (-7.97815e+01), Variance: 8.06704e+03 (2.35950e+05), Accept ratio: 0.46516, 
INFO:root:Epoch  6521, Energy: -9.51556e+01 (-1.56892e+02), Variance: 2.83959e+04 (8.11327e+06), Accept ratio: 0.47102, 
INFO:root:Epoch  6522, Energy: -8.95064e+01 (-1.23873e+02), Variance: 3.14106e+04 (7.22234e+06), Accept ratio: 0.46925, 
INFO:root:Epoch  6523, Energy: -9.70667e+01 (-1.38708e+02), Variance: 1.44489e+04 (1.16697e+06), Accept ratio: 0.46642, 
INFO:root:Epoch  6524, Energy: -9.00394e+01 (-5.83210e+01), Variance: 1.82099e+04 (3.83465e+05), Accept ratio: 0.46768, 
INFO:root:Epoch  6525, Energy: -8.17485e+01 (5.37713e+01), Variance: 5.49305e+04 (1.05197e+07), Accept ratio: 0.46071, 
INFO:root:Epoch  6526, Energy: -9.77153e+01 (-1.45047e+02), Variance: 1.79619e+04 (3.03850e+06), Accept ratio: 0.46865, 
INFO:root:Epoch  6527, Energy: -7.03849e+01 (7.44627e+00), Variance: 1.74051e+05 (1.32441e+07), Accept ratio: 0.43538, 
INFO:root:Epoch  6528, Energy: -3.98322e+01 (2.77867e+02), Variance: 3.93190e+05 (7.92010e+07), Accept ratio: 0.43665, 
INFO:root:Epoch  6529, Energy: -6.31276e+01 (-9.86360e+01), Variance: 1.03789e+05 (2.89543e+06), Accept ratio: 0.43794, 
INFO:root:Epoch  6530, Energy: -5.60219e+01 (-2.08277e+01), Variance: 8.34070e+04 (5.12884e+05), Accept ratio: 0.42954, 
INFO:root:Epoch  6531, Energy: -6.27319e+01 (-4.89814e+01), Variance: 9.31288e+04 (4.42214e+05), Accept ratio: 0.43986, 
INFO:root:Epoch  6532, Energy: -5.86622e+01 (-1.03058e+02), Variance: 1.05216e+05 (4.17855e+06), Accept ratio: 0.43615, 
INFO:root:Epoch  6533, Energy: -6.35799e+01 (-7.07935e+01), Variance: 1.02724e+05 (4.85561e+06), Accept ratio: 0.43863, 
INFO:root:Epoch  6534, Energy: -7.80084e+01 (-1.63969e+02), Variance: 9.73657e+04 (5.94018e+06), Accept ratio: 0.44018, 
INFO:root:Epoch  6535, Energy: -2.86918e+01 (1.16457e+02), Variance: 2.45217e+05 (1.10553e+07), Accept ratio: 0.44316, 
INFO:root:Epoch  6536, Energy: -7.23472e+01 (-1.42811e+02), Variance: 1.13737e+05 (3.89513e+06), Accept ratio: 0.44387, 
INFO:root:Epoch  6537, Energy: -8.60582e+01 (-1.69502e+02), Variance: 1.14107e+05 (4.55849e+06), Accept ratio: 0.44099, 
INFO:root:Epoch  6538, Energy: -4.86668e+01 (3.86805e+01), Variance: 1.93969e+05 (9.36617e+06), Accept ratio: 0.44323, 
INFO:root:Epoch  6539, Energy: -5.14530e+01 (2.45047e+01), Variance: 1.46442e+05 (4.86604e+06), Accept ratio: 0.44171, 
INFO:root:Epoch  6540, Energy: -9.67479e+01 (-3.37626e+02), Variance: 2.96234e+05 (4.00510e+07), Accept ratio: 0.43908, 
INFO:root:Epoch  6541, Energy: -8.98858e+01 (-1.00165e+02), Variance: 1.90758e+05 (1.41360e+07), Accept ratio: 0.48712, 
INFO:root:Epoch  6542, Energy: -8.22331e+01 (-1.61143e+02), Variance: 9.07544e+04 (5.11339e+06), Accept ratio: 0.48027, 
INFO:root:Epoch  6543, Energy: -7.61888e+01 (-7.04394e+01), Variance: 4.94136e+04 (4.84031e+05), Accept ratio: 0.49082, 
INFO:root:Epoch  6544, Energy: -6.75135e+01 (8.49725e+00), Variance: 1.02416e+05 (5.49120e+06), Accept ratio: 0.48261, 
INFO:root:Epoch  6545, Energy: -4.22216e+01 (1.80380e+02), Variance: 2.58031e+05 (2.42574e+07), Accept ratio: 0.49260, 
INFO:root:Epoch  6546, Energy: -7.84557e+01 (-4.21588e+01), Variance: 6.34986e+04 (1.09803e+06), Accept ratio: 0.48564, 
INFO:root:Epoch  6547, Energy: -7.71668e+01 (-1.21353e+02), Variance: 9.38106e+04 (2.10482e+06), Accept ratio: 0.48441, 
INFO:root:Epoch  6548, Energy: -6.27004e+01 (-1.95289e+01), Variance: 9.50733e+04 (3.17615e+06), Accept ratio: 0.48671, 
INFO:root:Epoch  6549, Energy: -1.17698e+02 (-3.28414e+02), Variance: 3.19375e+05 (2.16935e+07), Accept ratio: 0.48625, 
INFO:root:Epoch  6550, Energy: -6.03193e+01 (1.20967e+02), Variance: 3.12236e+05 (2.90254e+07), Accept ratio: 0.48613, 
INFO:root:Epoch  6551, Energy: -8.06926e+01 (-4.64477e+01), Variance: 9.11319e+04 (3.12605e+06), Accept ratio: 0.48866, 
INFO:root:Epoch  6552, Energy: -6.81499e+01 (2.25579e+01), Variance: 1.80791e+05 (1.07949e+07), Accept ratio: 0.48317, 
INFO:root:Epoch  6553, Energy: -6.87634e+01 (-9.80126e+01), Variance: 2.05137e+05 (1.79439e+07), Accept ratio: 0.48650, 
INFO:root:Epoch  6554, Energy: -2.38075e+01 (2.27704e+02), Variance: 5.08798e+05 (4.29790e+07), Accept ratio: 0.49106, 
INFO:root:Epoch  6555, Energy: -7.44830e+01 (-8.78468e+01), Variance: 5.76791e+04 (5.66466e+05), Accept ratio: 0.49242, 
INFO:root:Epoch  6556, Energy: -4.43596e+01 (-3.12677e+02), Variance: 3.62431e+05 (1.33438e+08), Accept ratio: 0.49491, 
INFO:root:Epoch  6557, Energy: -9.14529e+01 (-1.87860e+02), Variance: 1.47086e+05 (5.07833e+06), Accept ratio: 0.48860, 
INFO:root:Epoch  6558, Energy: -7.56690e+01 (-1.23463e+02), Variance: 1.28089e+05 (7.53796e+06), Accept ratio: 0.48876, 
INFO:root:Epoch  6559, Energy: -8.45586e+01 (-4.84735e+01), Variance: 8.99898e+04 (1.82107e+06), Accept ratio: 0.48703, 
INFO:root:Epoch  6560, Energy: -6.69543e+01 (-1.50986e+02), Variance: 1.04125e+05 (4.05323e+06), Accept ratio: 0.48887, 
INFO:root:Epoch  6561, Energy: -6.04403e+01 (-7.52029e+01), Variance: 7.90047e+04 (3.72950e+06), Accept ratio: 0.48268, 
INFO:root:Epoch  6562, Energy: -7.60374e+01 (-1.36451e+01), Variance: 1.27641e+05 (2.68337e+06), Accept ratio: 0.48138, 
INFO:root:Epoch  6563, Energy: -1.02418e+02 (-3.94981e+03), Variance: 8.89301e+06 (1.50562e+10), Accept ratio: 0.48553, 
INFO:root:Epoch  6564, Energy: -5.26825e+01 (1.27951e+02), Variance: 4.80375e+05 (1.41161e+07), Accept ratio: 0.48717, 
INFO:root:Epoch  6565, Energy: -6.44620e+00 (-1.54796e+01), Variance: 6.11454e+05 (1.15719e+07), Accept ratio: 0.49383, 
INFO:root:Epoch  6566, Energy: -1.22520e+01 (-9.71418e+01), Variance: 5.82184e+05 (1.48829e+07), Accept ratio: 0.50744, 
INFO:root:Epoch  6567, Energy: 2.98089e+01 (2.59939e+02), Variance: 9.19418e+05 (3.48941e+07), Accept ratio: 0.49062, 
INFO:root:Epoch  6568, Energy: -5.92825e+00 (1.29895e+02), Variance: 9.30090e+05 (3.23479e+07), Accept ratio: 0.49131, 
INFO:root:Epoch  6569, Energy: 1.78178e+02 (1.62175e+03), Variance: 5.36533e+06 (1.85203e+09), Accept ratio: 0.50056, 
INFO:root:Epoch  6570, Energy: -4.21702e+01 (-6.63909e+01), Variance: 1.25392e+06 (1.79775e+07), Accept ratio: 0.49228, 
INFO:root:Epoch  6571, Energy: 4.99533e+01 (1.97772e+02), Variance: 1.67159e+06 (7.23469e+07), Accept ratio: 0.50199, 
INFO:root:Epoch  6572, Energy: 4.82968e+01 (2.11848e+03), Variance: 6.92594e+06 (4.16217e+09), Accept ratio: 0.48798, 
INFO:root:Epoch  6573, Energy: 2.18137e+02 (1.75314e+03), Variance: 1.04579e+07 (1.06691e+09), Accept ratio: 0.48835, 
INFO:root:Epoch  6574, Energy: 6.37477e+01 (2.72907e+02), Variance: 2.47135e+06 (3.68091e+07), Accept ratio: 0.47915, 
INFO:root:Epoch  6575, Energy: -1.39244e+01 (-1.20120e+02), Variance: 4.34644e+06 (7.37834e+07), Accept ratio: 0.46065, 
INFO:root:Epoch  6576, Energy: 8.35858e+01 (-2.38812e+01), Variance: 1.94191e+06 (2.94609e+07), Accept ratio: 0.45392, 
INFO:root:Epoch  6577, Energy: 6.64402e+01 (1.59102e+03), Variance: 7.98510e+06 (2.63799e+09), Accept ratio: 0.45777, 
INFO:root:Epoch  6578, Energy: 2.75557e+02 (5.96641e+02), Variance: 5.43100e+06 (6.25089e+07), Accept ratio: 0.45068, 
INFO:root:Epoch  6579, Energy: 8.91140e+01 (-9.95813e+02), Variance: 1.53561e+07 (5.01956e+08), Accept ratio: 0.45535, 
INFO:root:Epoch  6580, Energy: 2.18711e+02 (1.25773e+02), Variance: 1.38329e+07 (3.38556e+08), Accept ratio: 0.45072, 
INFO:root:Epoch  6581, Energy: 4.01840e+02 (-3.09293e+02), Variance: 1.66374e+07 (1.64874e+09), Accept ratio: 0.43517, 
INFO:root:Epoch  6582, Energy: 2.54780e+02 (5.42734e+01), Variance: 2.02537e+07 (7.50658e+08), Accept ratio: 0.43793, 
INFO:root:Epoch  6583, Energy: 1.04381e+01 (-6.43692e+03), Variance: 1.58741e+08 (4.21186e+10), Accept ratio: 0.42946, 
INFO:root:Epoch  6584, Energy: 1.98059e+03 (1.02681e+04), Variance: 2.59206e+08 (3.23916e+10), Accept ratio: 0.43880, 
INFO:root:Epoch  6585, Energy: 6.95614e+02 (3.14538e+03), Variance: 6.70145e+07 (4.48840e+09), Accept ratio: 0.43195, 
INFO:root:Epoch  6586, Energy: 2.14348e+03 (7.94818e+03), Variance: 2.76572e+08 (1.75565e+10), Accept ratio: 0.44808, 
INFO:root:Epoch  6587, Energy: -6.62714e+03 (-4.15545e+06), Variance: 3.55374e+12 (1.76008e+16), Accept ratio: 0.42956, 
INFO:root:Epoch  6588, Energy: -3.80243e+07 (-2.86961e+09), Variance: 1.01624e+18 (8.19720e+21), Accept ratio: 0.30552, 
INFO:root:Epoch  6589, Energy: nan (nan), Variance: nan (nan), Accept ratio: nan, , nans ckpt saved
INFO:root:VMC terminated due to Nans! Aborting.
[1;34mwandb[0m: 
[1;34mwandb[0m: You can sync this run to the cloud by running:
[1;34mwandb[0m: [1mwandb sync /global/scratch/users/ren27/wandb/wandb/offline-run-20260923_101614-cmnquuif[0m
[1;34mwandb[0m: Find logs at: [1;35m../wandb/wandb/offline-run-20260923_101614-cmnquuif/logs[0m
E19 done 2026-09-23T11:17:07-07:00
