jax devices: [CudaDevice(id=0)]
E19 arm=ssu_cap0.01 preset=N2_4.0 seed=2 eta=0.002 constrain_norm=True norm_constraint=0.01 nepochs=100000  2026-09-23T10:14:17-07:00
wandb: WARNING Unable to verify login in offline mode.
wandb: Tracking run with wandb version 0.28.1
wandb: W&B syncing is set to `offline` in this directory. Run `wandb online` or set WANDB_MODE=online to enable cloud syncing.
wandb: Run data is saved locally in /global/scratch/users/ren27/wandb/wandb/offline-run-20260923_101614-tgxehxsj
wandb: View this run in the terminal with `wandb leet`
INFO:root:Reload configuration: 
append: true
checkpoint_relative_file_path: best_checkpoint.npz
config_relative_file_path: config.json
logdir: NONE
new_optimizer_state: false
reburn: false
same_logdir: false
use_checkpoint_file: true
use_config_file: true

INFO:root:Running with configuration: 
base_logdir: /global/scratch/users/ren27/vmcnet_logs/phase_e/e19_n2_stretched_normcap
debug_nans: false
distribute: false
dtype: float32
eval:
  nan_safe: false
  nburn: 10000
  nchains: 1000
  nepochs: 20000
  nmoves_per_width_update: 100
  nsteps_per_param_update: 10
  record_amplitudes: false
  record_local_energies: true
  std_move: 0.25
  use_data_from_training: false
initial_seed: 2
logdir: /global/scratch/users/ren27/vmcnet_logs/phase_e/e19_n2_stretched_normcap/e19_N2_4.0_ssu_cap0.01_s2
logging_level: INFO
model:
  backflow:
    activation_fn: tanh
    bias_init_1e_stream:
      type: normal
    bias_init_2e_stream:
      type: normal
    kernel_init_2e_1e_stream:
      scale: 1.0
      type: orthogonal
    kernel_init_2e_2e_stream:
      scale: 2.0
      type: orthogonal
    kernel_init_mixed:
      scale: 1.0
      type: orthogonal
    kernel_init_unmixed:
      scale: 2.0
      type: orthogonal
    ndense_list: !!python/tuple
    - &id001 !!python/tuple
      - 256
      - 16
    - *id001
    - *id001
    - !!python/tuple
      - 256
    one_electron_skip: true
    one_electron_skip_scale: 1.0
    two_electron_skip: true
    two_electron_skip_scale: 1.0
    use_bias: true
  bias_init_orbital_linear:
    type: normal
  envelope_softening: 0.0
  full_det: true
  include_cusp_jastrow: false
  input_streams:
    ee_norm_softening: 0.0
    ei_norm_softening: 0.0
    include_2e_stream: true
    include_ee_norm: true
    include_ei_norm: true
  isotropic_decay: true
  kernel_init_envelope_dim:
    type: ones
  kernel_init_envelope_ion:
    type: ones
  kernel_init_orbital_linear:
    scale: 2.0
    type: orthogonal
  ndeterminants: 16
  orbitals_use_bias: true
  type: ferminet
notes: N2 stretched, bond length 4.0 Bohr (SPRING paper arXiv:2401.10190; absent from
  the PRIME-SR paper). Tuned molecular SPRING eta is 0.002 -- set it explicitly per
  run; the optimizer defaults are NOT molecular-tuned. eval nburn is 10000 for N2
  (SPRING paper Table B.4).
problem:
  ee_softening: 0.0
  ei_softening: 0.0
  ion_charges: !!python/tuple
  - 7.0
  - 7.0
  ion_pos: !!python/tuple
  - !!python/tuple
    - 0.0
    - 0.0
    - -2.0
  - !!python/tuple
    - 0.0
    - 0.0
    - 2.0
  nelec: !!python/tuple
  - 7
  - 7
save_to_current_datetime_subfolder: false
subfolder_name: e19_N2_4.0_ssu_cap0.01_s2
vmc:
  best_checkpoint_every: 100
  check_for_nans: true
  checkpoint_dir: checkpoints
  checkpoint_every: 10000
  checkpoint_variance_scale: 10
  clip_center: mean
  clip_threshold: 5.0
  nan_safe: true
  nburn: 5000
  nchains: 1000
  nepochs: 100000
  nhistory_max: 200
  nmoves_per_width_update: 100
  nsteps_per_param_update: 10
  optimizer:
    adam:
      b1: 0.9
      b2: 0.999
      eps: 1.0e-08
      eps_root: 0.0
      learning_decay_rate: 0.0001
      learning_rate: 0.05
      schedule_type: inverse_time
    gauss_newton:
      E: 0.0
      clip_threshold: 1000.0
      constrain_norm: true
      damping: 0.001
      learning_decay_rate: 0.0001
      learning_rate: 1.0
      norm_constraint: 0.001
      schedule_type: inverse_time
    kfac:
      curvature_ema: 0.95
      damping: 0.001
      estimation_mode: fisher_exact
      inverse_update_period: 1
      l2_reg: 0.0
      learning_decay_rate: 0.0001
      learning_rate: 0.05
      min_damping: 0.0001
      norm_constraint: 0.001
      register_only_generic: false
      schedule_type: inverse_time
    minsr_momentum:
      constrain_norm: true
      damping: 0.001
      learning_decay_rate: 0.0001
      learning_rate: 0.2
      mu: 0.9
      norm_constraint: 0.001
      schedule_type: inverse_time
    prime_sr:
      constrain_norm: true
      damping: 0.001
      learning_decay_rate: 0.0001
      learning_rate: 0.02
      mu_cap: 1.0
      norm_constraint: 0.001
      schedule_type: inverse_time
    same_sampled_spring_unified:
      adaptive_eta: false
      adaptive_probe: false
      constrain_norm: true
      damping: 0.001
      lb_window: 30
      learning_decay_rate: 0.0001
      learning_rate: 0.002
      mu: 0.0
      norm_constraint: 0.01
      probe_damping: 0.001
      probe_lr: -1.0
      schedule_type: inverse_time
    sgd:
      learning_decay_rate: 0.0001
      learning_rate: 0.05
      momentum: 0.0
      nesterov: false
      schedule_type: inverse_time
    spring:
      constrain_norm: true
      damping: 0.001
      learning_decay_rate: 0.0001
      learning_rate: 0.05
      mu: 0.99
      mu_init: 0.0
      mu_ramp_steps: 0
      mu_warmup_steps: 0
      norm_constraint: 0.001
      schedule_type: inverse_time
  optimizer_type: same_sampled_spring_unified
  record_amplitudes: false
  record_param_l1_norm: false
  std_move: 0.25
wandb:
  group: e19-n2-normcap-ssu_cap0.01
  mode: offline
  name: e19_N2_4.0_ssu_cap0.01_s2
  project: vmcnet-phase-e

INFO:jax._src.xla_bridge:Unable to initialize backend 'rocm': module 'jaxlib.xla_extension' has no attribute 'GpuAllocatorConfig'
INFO:jax._src.xla_bridge:Unable to initialize backend 'tpu': INTERNAL: Failed to open libtpu.so: libtpu.so: cannot open shared object file: No such file or directory
E0923 10:17:44.108062  641558 hlo_lexer.cc:443] Failed to parse int literal: 90913411200647734287
INFO:root:Saving to /global/scratch/users/ren27/vmcnet_logs/phase_e/e19_n2_stretched_normcap/e19_N2_4.0_ssu_cap0.01_s2
INFO:root:Burning data for 5000 steps
INFO:root:Epoch     1, Energy: -4.17462e+01 (-4.23400e+01), Variance: 1.51899e+02 (2.84085e+02), Accept ratio: 0.45945, 
INFO:root:Epoch     2, Energy: -4.20968e+01 (-4.24480e+01), Variance: 1.60497e+02 (2.11722e+02), Accept ratio: 0.45499, 
INFO:root:Epoch     3, Energy: -4.17137e+01 (-4.21737e+01), Variance: 1.51620e+02 (2.25833e+02), Accept ratio: 0.45994, 
INFO:root:Epoch     4, Energy: -4.18652e+01 (-4.22214e+01), Variance: 1.74313e+02 (2.34933e+02), Accept ratio: 0.45481, 
INFO:root:Epoch     5, Energy: -4.24252e+01 (-4.26207e+01), Variance: 1.81281e+02 (2.07986e+02), Accept ratio: 0.45061, 
INFO:root:Epoch     6, Energy: -4.16826e+01 (-4.19398e+01), Variance: 1.49804e+02 (1.91244e+02), Accept ratio: 0.45724, 
INFO:root:Epoch     7, Energy: -4.10982e+01 (-4.13159e+01), Variance: 1.47158e+02 (1.73224e+02), Accept ratio: 0.45936, 
INFO:root:Epoch     8, Energy: -4.24858e+01 (-4.28396e+01), Variance: 1.82425e+02 (2.38044e+02), Accept ratio: 0.45793, 
INFO:root:Epoch     9, Energy: -4.18424e+01 (-4.21827e+01), Variance: 1.56391e+02 (2.04763e+02), Accept ratio: 0.45303, 
INFO:root:Epoch    10, Energy: -4.20823e+01 (-4.23236e+01), Variance: 1.60040e+02 (1.95566e+02), Accept ratio: 0.45498, 
INFO:root:Epoch    11, Energy: -4.20919e+01 (-4.24012e+01), Variance: 1.60377e+02 (2.03535e+02), Accept ratio: 0.44776, 
INFO:root:Epoch    12, Energy: -4.22270e+01 (-4.25481e+01), Variance: 1.70203e+02 (2.17273e+02), Accept ratio: 0.45383, 
INFO:root:Epoch    13, Energy: -4.17770e+01 (-4.21281e+01), Variance: 1.67064e+02 (2.17004e+02), Accept ratio: 0.45770, 
INFO:root:Epoch    14, Energy: -4.16386e+01 (-4.21432e+01), Variance: 1.51151e+02 (2.50236e+02), Accept ratio: 0.45469, 
INFO:root:Epoch    15, Energy: -4.16547e+01 (-4.19333e+01), Variance: 1.56371e+02 (1.92345e+02), Accept ratio: 0.44788, 
INFO:root:Epoch    16, Energy: -4.20213e+01 (-4.22407e+01), Variance: 1.60696e+02 (1.91062e+02), Accept ratio: 0.46157, 
INFO:root:Epoch    17, Energy: -4.23705e+01 (-4.27359e+01), Variance: 1.83975e+02 (2.66643e+02), Accept ratio: 0.44904, 
INFO:root:Epoch    18, Energy: -4.18998e+01 (-4.22462e+01), Variance: 1.39936e+02 (1.91471e+02), Accept ratio: 0.44847, 
INFO:root:Epoch    19, Energy: -4.24401e+01 (-4.28957e+01), Variance: 1.61097e+02 (2.69414e+02), Accept ratio: 0.45082, 
INFO:root:Epoch    20, Energy: -4.28767e+01 (-4.32484e+01), Variance: 1.66155e+02 (2.32278e+02), Accept ratio: 0.45125, 
INFO:root:Epoch    21, Energy: -4.30901e+01 (-4.31746e+01), Variance: 1.87791e+02 (2.36502e+02), Accept ratio: 0.45303, 
INFO:root:Epoch    22, Energy: -4.25688e+01 (-4.27909e+01), Variance: 1.52489e+02 (1.85267e+02), Accept ratio: 0.45385, 
INFO:root:Epoch    23, Energy: -4.21497e+01 (-4.26194e+01), Variance: 1.49927e+02 (2.41144e+02), Accept ratio: 0.45360, 
INFO:root:Epoch    24, Energy: -4.27019e+01 (-4.29456e+01), Variance: 1.64640e+02 (1.94385e+02), Accept ratio: 0.45229, 
INFO:root:Epoch    25, Energy: -4.32045e+01 (-4.35355e+01), Variance: 1.84557e+02 (2.32772e+02), Accept ratio: 0.44357, 
INFO:root:Epoch    26, Energy: -4.30680e+01 (-4.33104e+01), Variance: 1.66966e+02 (2.01689e+02), Accept ratio: 0.44566, 
INFO:root:Epoch    27, Energy: -4.24856e+01 (-4.28431e+01), Variance: 1.62612e+02 (2.34058e+02), Accept ratio: 0.45569, 
INFO:root:Epoch    28, Energy: -4.28894e+01 (-4.33047e+01), Variance: 1.72682e+02 (2.57087e+02), Accept ratio: 0.44740, 
INFO:root:Epoch    29, Energy: -4.22920e+01 (-4.30842e+01), Variance: 1.69359e+02 (4.68084e+02), Accept ratio: 0.44873, 
INFO:root:Epoch    30, Energy: -4.24601e+01 (-4.26643e+01), Variance: 1.49339e+02 (1.81854e+02), Accept ratio: 0.45270, 
INFO:root:Epoch    31, Energy: -4.21931e+01 (-4.27100e+01), Variance: 1.55863e+02 (2.69824e+02), Accept ratio: 0.49206, 
INFO:root:Epoch    32, Energy: -4.23689e+01 (-4.26463e+01), Variance: 1.56079e+02 (1.94455e+02), Accept ratio: 0.49724, 
INFO:root:Epoch    33, Energy: -4.24801e+01 (-4.27666e+01), Variance: 1.59917e+02 (1.99404e+02), Accept ratio: 0.48707, 
INFO:root:Epoch    34, Energy: -4.26982e+01 (-4.29294e+01), Variance: 1.43548e+02 (1.73043e+02), Accept ratio: 0.48955, 
INFO:root:Epoch    35, Energy: -4.32334e+01 (-4.44960e+01), Variance: 1.83809e+02 (1.21578e+03), Accept ratio: 0.48849, 
INFO:root:Epoch    36, Energy: -4.28097e+01 (-4.31109e+01), Variance: 1.47484e+02 (1.98467e+02), Accept ratio: 0.49173, 
INFO:root:Epoch    37, Energy: -4.31042e+01 (-4.43543e+01), Variance: 1.54773e+02 (1.45285e+03), Accept ratio: 0.49708, 
INFO:root:Epoch    38, Energy: -4.23991e+01 (-4.26398e+01), Variance: 1.46289e+02 (1.88228e+02), Accept ratio: 0.49259, 
INFO:root:Epoch    39, Energy: -4.25952e+01 (-4.30417e+01), Variance: 1.54791e+02 (2.28464e+02), Accept ratio: 0.48946, 
INFO:root:Epoch    40, Energy: -4.35817e+01 (-4.38099e+01), Variance: 1.68692e+02 (1.98513e+02), Accept ratio: 0.49261, 
INFO:root:Epoch    41, Energy: -4.35317e+01 (-4.41561e+01), Variance: 1.74796e+02 (3.16072e+02), Accept ratio: 0.48890, 
INFO:root:Epoch    42, Energy: -4.38411e+01 (-4.42266e+01), Variance: 1.87629e+02 (2.58271e+02), Accept ratio: 0.48733, 
INFO:root:Epoch    43, Energy: -4.37161e+01 (-4.41125e+01), Variance: 1.99543e+02 (2.65200e+02), Accept ratio: 0.48910, 
INFO:root:Epoch    44, Energy: -4.35513e+01 (-4.41808e+01), Variance: 1.82807e+02 (3.98374e+02), Accept ratio: 0.48362, 
INFO:root:Epoch    45, Energy: -4.31407e+01 (-4.40466e+01), Variance: 1.68968e+02 (6.20146e+02), Accept ratio: 0.48989, 
INFO:root:Epoch    46, Energy: -4.34440e+01 (-4.36788e+01), Variance: 1.84529e+02 (2.16937e+02), Accept ratio: 0.48273, 
INFO:root:Epoch    47, Energy: -4.32267e+01 (-4.34666e+01), Variance: 1.74571e+02 (2.04174e+02), Accept ratio: 0.48943, 
INFO:root:Epoch    48, Energy: -4.32874e+01 (-4.37830e+01), Variance: 1.64033e+02 (2.52487e+02), Accept ratio: 0.48940, 
INFO:root:Epoch    49, Energy: -4.32402e+01 (-4.34010e+01), Variance: 1.60083e+02 (1.84389e+02), Accept ratio: 0.48789, 
INFO:root:Epoch    50, Energy: -4.37233e+01 (-4.40085e+01), Variance: 1.71985e+02 (2.07983e+02), Accept ratio: 0.48383, 
INFO:root:Epoch    51, Energy: -4.37422e+01 (-4.40465e+01), Variance: 1.73136e+02 (2.16252e+02), Accept ratio: 0.48636, 
INFO:root:Epoch    52, Energy: -4.35792e+01 (-4.37665e+01), Variance: 1.81374e+02 (2.04147e+02), Accept ratio: 0.47733, 
INFO:root:Epoch    53, Energy: -4.34471e+01 (-4.37803e+01), Variance: 1.70924e+02 (2.31303e+02), Accept ratio: 0.48195, 
INFO:root:Epoch    54, Energy: -4.41878e+01 (-4.44956e+01), Variance: 1.85802e+02 (2.53739e+02), Accept ratio: 0.48538, 
INFO:root:Epoch    55, Energy: -4.39475e+01 (-4.42455e+01), Variance: 1.70333e+02 (2.16960e+02), Accept ratio: 0.49055, 
INFO:root:Epoch    56, Energy: -4.38728e+01 (-4.41278e+01), Variance: 1.71641e+02 (2.17699e+02), Accept ratio: 0.48361, 
INFO:root:Epoch    57, Energy: -4.42041e+01 (-4.48394e+01), Variance: 2.00661e+02 (3.95917e+02), Accept ratio: 0.48284, 
INFO:root:Epoch    58, Energy: -4.36233e+01 (-4.39247e+01), Variance: 1.73006e+02 (2.13754e+02), Accept ratio: 0.48108, 
INFO:root:Epoch    59, Energy: -4.42670e+01 (-4.46285e+01), Variance: 1.92749e+02 (2.45325e+02), Accept ratio: 0.47972, 
INFO:root:Epoch    60, Energy: -4.46354e+01 (-4.48103e+01), Variance: 2.14889e+02 (2.39770e+02), Accept ratio: 0.48184, 
INFO:root:Epoch    61, Energy: -4.45745e+01 (-4.49139e+01), Variance: 1.79311e+02 (2.42990e+02), Accept ratio: 0.48353, 
INFO:root:Epoch    62, Energy: -4.42089e+01 (-4.44823e+01), Variance: 1.88322e+02 (2.27225e+02), Accept ratio: 0.48257, 
INFO:root:Epoch    63, Energy: -4.48247e+01 (-4.54391e+01), Variance: 2.08338e+02 (3.95034e+02), Accept ratio: 0.48150, 
INFO:root:Epoch    64, Energy: -4.53804e+01 (-4.55833e+01), Variance: 2.08913e+02 (2.37760e+02), Accept ratio: 0.48335, 
INFO:root:Epoch    65, Energy: -4.41649e+01 (-4.44172e+01), Variance: 1.76559e+02 (2.39635e+02), Accept ratio: 0.48530, 
INFO:root:Epoch    66, Energy: -4.50434e+01 (-4.55436e+01), Variance: 1.85074e+02 (2.88759e+02), Accept ratio: 0.48576, 
INFO:root:Epoch    67, Energy: -4.42347e+01 (-4.44603e+01), Variance: 1.76516e+02 (2.11426e+02), Accept ratio: 0.48220, 
INFO:root:Epoch    68, Energy: -4.45318e+01 (-4.49029e+01), Variance: 1.90929e+02 (2.66727e+02), Accept ratio: 0.47674, 
INFO:root:Epoch    69, Energy: -4.42728e+01 (-4.45933e+01), Variance: 1.70609e+02 (2.24208e+02), Accept ratio: 0.48597, 
INFO:root:Epoch    70, Energy: -4.41908e+01 (-4.44696e+01), Variance: 1.60928e+02 (2.19286e+02), Accept ratio: 0.48125, 
INFO:root:Epoch    71, Energy: -4.49051e+01 (-4.61414e+01), Variance: 2.12179e+02 (1.00269e+03), Accept ratio: 0.48187, 
INFO:root:Epoch    72, Energy: -4.50034e+01 (-4.53441e+01), Variance: 1.86858e+02 (2.38636e+02), Accept ratio: 0.47522, 
INFO:root:Epoch    73, Energy: -4.53649e+01 (-4.57666e+01), Variance: 1.93799e+02 (2.53892e+02), Accept ratio: 0.48437, 
INFO:root:Epoch    74, Energy: -4.51435e+01 (-4.53921e+01), Variance: 1.75050e+02 (2.12829e+02), Accept ratio: 0.47928, 
INFO:root:Epoch    75, Energy: -4.54065e+01 (-4.56703e+01), Variance: 1.81984e+02 (2.24030e+02), Accept ratio: 0.48147, 
INFO:root:Epoch    76, Energy: -4.57951e+01 (-4.62658e+01), Variance: 1.89473e+02 (2.87501e+02), Accept ratio: 0.48102, 
INFO:root:Epoch    77, Energy: -4.61767e+01 (-4.71189e+01), Variance: 2.15069e+02 (9.41595e+02), Accept ratio: 0.48168, 
INFO:root:Epoch    78, Energy: -4.65804e+01 (-4.66884e+01), Variance: 2.09884e+02 (2.24438e+02), Accept ratio: 0.47582, 
INFO:root:Epoch    79, Energy: -4.60975e+01 (-4.72409e+01), Variance: 1.99152e+02 (7.37565e+02), Accept ratio: 0.47457, 
INFO:root:Epoch    80, Energy: -4.63696e+01 (-4.63623e+01), Variance: 1.90641e+02 (3.07419e+02), Accept ratio: 0.47871, 
INFO:root:Epoch    81, Energy: -4.60638e+01 (-4.62475e+01), Variance: 1.74337e+02 (1.97224e+02), Accept ratio: 0.47286, 
INFO:root:Epoch    82, Energy: -4.67730e+01 (-4.70294e+01), Variance: 2.10278e+02 (2.53194e+02), Accept ratio: 0.46739, 
INFO:root:Epoch    83, Energy: -4.72927e+01 (-4.74153e+01), Variance: 2.21264e+02 (2.39515e+02), Accept ratio: 0.47942, 
INFO:root:Epoch    84, Energy: -4.71096e+01 (-4.75816e+01), Variance: 2.10831e+02 (3.07065e+02), Accept ratio: 0.47151, 
INFO:root:Epoch    85, Energy: -4.75427e+01 (-4.81377e+01), Variance: 2.23176e+02 (3.71146e+02), Accept ratio: 0.47114, 
INFO:root:Epoch    86, Energy: -4.70626e+01 (-4.73872e+01), Variance: 2.03217e+02 (2.63868e+02), Accept ratio: 0.46865, 
INFO:root:Epoch    87, Energy: -4.79184e+01 (-4.85386e+01), Variance: 2.37290e+02 (4.66471e+02), Accept ratio: 0.46991, 
INFO:root:Epoch    88, Energy: -4.79951e+01 (-4.85332e+01), Variance: 2.28850e+02 (3.69710e+02), Accept ratio: 0.47115, 
INFO:root:Epoch    89, Energy: -4.79836e+01 (-4.81009e+01), Variance: 2.05703e+02 (2.22022e+02), Accept ratio: 0.46422, 
INFO:root:Epoch    90, Energy: -4.88117e+01 (-4.94188e+01), Variance: 2.55876e+02 (4.03304e+02), Accept ratio: 0.46447, 
INFO:root:Epoch    91, Energy: -4.89543e+01 (-4.91790e+01), Variance: 2.36275e+02 (2.69603e+02), Accept ratio: 0.46716, 
INFO:root:Epoch    92, Energy: -4.86885e+01 (-4.93184e+01), Variance: 2.33572e+02 (4.33971e+02), Accept ratio: 0.46480, 
INFO:root:Epoch    93, Energy: -4.88458e+01 (-4.94539e+01), Variance: 2.23540e+02 (3.76608e+02), Accept ratio: 0.46004, 
INFO:root:Epoch    94, Energy: -4.82631e+01 (-4.85238e+01), Variance: 2.03134e+02 (2.54672e+02), Accept ratio: 0.45802, 
INFO:root:Epoch    95, Energy: -4.79548e+01 (-4.80030e+01), Variance: 1.84505e+02 (1.90072e+02), Accept ratio: 0.46133, 
INFO:root:Epoch    96, Energy: -4.90783e+01 (-4.96386e+01), Variance: 2.19216e+02 (3.27609e+02), Accept ratio: 0.45780, 
INFO:root:Epoch    97, Energy: -4.83805e+01 (-4.86796e+01), Variance: 1.97762e+02 (2.51783e+02), Accept ratio: 0.45702, 
INFO:root:Epoch    98, Energy: -4.93403e+01 (-4.95283e+01), Variance: 2.22823e+02 (2.53424e+02), Accept ratio: 0.45158, 
INFO:root:Epoch    99, Energy: -4.98429e+01 (-5.00923e+01), Variance: 2.30475e+02 (2.67604e+02), Accept ratio: 0.45655, 
INFO:root:Epoch   100, Energy: -5.00268e+01 (-5.09118e+01), Variance: 2.72139e+02 (5.15561e+02), Accept ratio: 0.45088, , best weights saved
INFO:root:Epoch   101, Energy: -5.02270e+01 (-5.06003e+01), Variance: 2.13418e+02 (3.06212e+02), Accept ratio: 0.45361, 
INFO:root:Epoch   102, Energy: -5.04719e+01 (-5.06801e+01), Variance: 2.34675e+02 (2.74777e+02), Accept ratio: 0.44864, 
INFO:root:Epoch   103, Energy: -5.09135e+01 (-5.14045e+01), Variance: 2.63951e+02 (4.06856e+02), Accept ratio: 0.44354, 
INFO:root:Epoch   104, Energy: -5.08406e+01 (-5.11611e+01), Variance: 2.57288e+02 (3.10246e+02), Accept ratio: 0.45865, 
INFO:root:Epoch   105, Energy: -5.10761e+01 (-5.13711e+01), Variance: 2.33076e+02 (2.82783e+02), Accept ratio: 0.44820, 
INFO:root:Epoch   106, Energy: -5.14173e+01 (-5.24317e+01), Variance: 2.51319e+02 (8.39271e+02), Accept ratio: 0.44692, 
INFO:root:Epoch   107, Energy: -5.24016e+01 (-5.27289e+01), Variance: 2.77117e+02 (3.40679e+02), Accept ratio: 0.44363, 
INFO:root:Epoch   108, Energy: -5.30727e+01 (-5.35346e+01), Variance: 3.06302e+02 (3.98293e+02), Accept ratio: 0.44162, 
INFO:root:Epoch   109, Energy: -5.20841e+01 (-5.28908e+01), Variance: 2.64358e+02 (7.09660e+02), Accept ratio: 0.43988, 
INFO:root:Epoch   110, Energy: -5.22389e+01 (-5.27497e+01), Variance: 2.61429e+02 (3.57905e+02), Accept ratio: 0.43789, 
INFO:root:Epoch   111, Energy: -5.25448e+01 (-5.30758e+01), Variance: 2.84056e+02 (4.10286e+02), Accept ratio: 0.47842, 
INFO:root:Epoch   112, Energy: -5.24978e+01 (-5.27405e+01), Variance: 2.31879e+02 (2.70526e+02), Accept ratio: 0.47449, 
INFO:root:Epoch   113, Energy: -5.33363e+01 (-5.34297e+01), Variance: 2.43922e+02 (2.57778e+02), Accept ratio: 0.47754, 
INFO:root:Epoch   114, Energy: -5.40789e+01 (-5.45527e+01), Variance: 2.78011e+02 (3.79283e+02), Accept ratio: 0.46726, 
INFO:root:Epoch   115, Energy: -5.52092e+01 (-5.55154e+01), Variance: 3.07849e+02 (3.60139e+02), Accept ratio: 0.47332, 
INFO:root:Epoch   116, Energy: -5.48035e+01 (-5.53434e+01), Variance: 2.91714e+02 (4.00211e+02), Accept ratio: 0.47107, 
INFO:root:Epoch   117, Energy: -5.51010e+01 (-5.55152e+01), Variance: 2.83938e+02 (3.64627e+02), Accept ratio: 0.46971, 
INFO:root:Epoch   118, Energy: -5.57516e+01 (-5.59730e+01), Variance: 2.83019e+02 (3.17918e+02), Accept ratio: 0.46364, 
INFO:root:Epoch   119, Energy: -5.63714e+01 (-5.66258e+01), Variance: 3.08540e+02 (3.56187e+02), Accept ratio: 0.45628, 
INFO:root:Epoch   120, Energy: -5.65945e+01 (-5.68769e+01), Variance: 3.18711e+02 (3.70080e+02), Accept ratio: 0.45528, 
INFO:root:Epoch   121, Energy: -5.68631e+01 (-5.71513e+01), Variance: 3.18316e+02 (3.69512e+02), Accept ratio: 0.45123, 
INFO:root:Epoch   122, Energy: -5.79199e+01 (-5.83383e+01), Variance: 3.70796e+02 (4.68574e+02), Accept ratio: 0.45241, 
INFO:root:Epoch   123, Energy: -5.69323e+01 (-5.70818e+01), Variance: 2.89548e+02 (3.15973e+02), Accept ratio: 0.45433, 
INFO:root:Epoch   124, Energy: -5.72672e+01 (-5.73863e+01), Variance: 2.81619e+02 (3.08916e+02), Accept ratio: 0.45385, 
INFO:root:Epoch   125, Energy: -5.79723e+01 (-5.83341e+01), Variance: 3.24842e+02 (3.94800e+02), Accept ratio: 0.45206, 
INFO:root:Epoch   126, Energy: -5.87017e+01 (-5.89590e+01), Variance: 3.52772e+02 (3.97976e+02), Accept ratio: 0.44318, 
INFO:root:Epoch   127, Energy: -5.93285e+01 (-5.96683e+01), Variance: 3.59518e+02 (4.24139e+02), Accept ratio: 0.43781, 
INFO:root:Epoch   128, Energy: -6.05445e+01 (-6.09461e+01), Variance: 3.83271e+02 (4.73711e+02), Accept ratio: 0.43636, 
INFO:root:Epoch   129, Energy: -6.06809e+01 (-6.11379e+01), Variance: 3.62695e+02 (4.78780e+02), Accept ratio: 0.43460, 
INFO:root:Epoch   130, Energy: -6.07642e+01 (-6.12820e+01), Variance: 3.53571e+02 (4.70212e+02), Accept ratio: 0.42950, 
INFO:root:Epoch   131, Energy: -6.06922e+01 (-6.09971e+01), Variance: 3.49173e+02 (4.01143e+02), Accept ratio: 0.47626, 
INFO:root:Epoch   132, Energy: -6.03617e+01 (-6.08072e+01), Variance: 3.22082e+02 (4.63371e+02), Accept ratio: 0.47724, 
INFO:root:Epoch   133, Energy: -6.14556e+01 (-6.19285e+01), Variance: 3.33060e+02 (4.31526e+02), Accept ratio: 0.47522, 
INFO:root:Epoch   134, Energy: -6.14997e+01 (-6.20606e+01), Variance: 3.21138e+02 (4.94890e+02), Accept ratio: 0.46816, 
INFO:root:Epoch   135, Energy: -6.21314e+01 (-6.26039e+01), Variance: 3.29864e+02 (4.46409e+02), Accept ratio: 0.46098, 
INFO:root:Epoch   136, Energy: -6.33424e+01 (-6.41327e+01), Variance: 3.82470e+02 (5.81714e+02), Accept ratio: 0.45978, 
INFO:root:Epoch   137, Energy: -6.30741e+01 (-6.38922e+01), Variance: 3.35458e+02 (7.32083e+02), Accept ratio: 0.45518, 
INFO:root:Epoch   138, Energy: -6.42225e+01 (-6.47070e+01), Variance: 3.63246e+02 (4.75159e+02), Accept ratio: 0.45255, 
INFO:root:Epoch   139, Energy: -6.58006e+01 (-6.66730e+01), Variance: 4.62055e+02 (7.45040e+02), Accept ratio: 0.45017, 
INFO:root:Epoch   140, Energy: -6.55473e+01 (-6.65507e+01), Variance: 4.36135e+02 (7.69852e+02), Accept ratio: 0.44155, 
INFO:root:Epoch   141, Energy: -6.54043e+01 (-6.60638e+01), Variance: 3.91246e+02 (6.14657e+02), Accept ratio: 0.44246, 
INFO:root:Epoch   142, Energy: -6.62128e+01 (-6.65690e+01), Variance: 4.06368e+02 (4.80537e+02), Accept ratio: 0.43462, 
INFO:root:Epoch   143, Energy: -6.61437e+01 (-6.65554e+01), Variance: 3.69754e+02 (4.57531e+02), Accept ratio: 0.44133, 
INFO:root:Epoch   144, Energy: -6.62604e+01 (-6.67567e+01), Variance: 3.84343e+02 (4.99625e+02), Accept ratio: 0.43567, 
INFO:root:Epoch   145, Energy: -6.63907e+01 (-6.66242e+01), Variance: 3.68095e+02 (4.14110e+02), Accept ratio: 0.42994, 
INFO:root:Epoch   146, Energy: -6.65214e+01 (-6.70444e+01), Variance: 3.56330e+02 (4.78294e+02), Accept ratio: 0.42371, 
INFO:root:Epoch   147, Energy: -6.76502e+01 (-6.83532e+01), Variance: 4.07975e+02 (7.54114e+02), Accept ratio: 0.42107, 
INFO:root:Epoch   148, Energy: -6.89560e+01 (-6.93093e+01), Variance: 4.10889e+02 (4.83052e+02), Accept ratio: 0.42538, 
INFO:root:Epoch   149, Energy: -6.88519e+01 (-6.95366e+01), Variance: 3.96518e+02 (5.98498e+02), Accept ratio: 0.41921, 
INFO:root:Epoch   150, Energy: -7.03110e+01 (-7.09269e+01), Variance: 4.09450e+02 (6.43378e+02), Accept ratio: 0.41417, 
INFO:root:Epoch   151, Energy: -6.99957e+01 (-7.05798e+01), Variance: 3.69062e+02 (4.92170e+02), Accept ratio: 0.45261, 
INFO:root:Epoch   152, Energy: -7.08175e+01 (-7.15354e+01), Variance: 4.15645e+02 (5.93431e+02), Accept ratio: 0.44823, 
INFO:root:Epoch   153, Energy: -7.15680e+01 (-7.18339e+01), Variance: 4.15556e+02 (4.68075e+02), Accept ratio: 0.44798, 
INFO:root:Epoch   154, Energy: -7.18124e+01 (-7.22848e+01), Variance: 3.72330e+02 (5.10279e+02), Accept ratio: 0.43988, 
INFO:root:Epoch   155, Energy: -7.34244e+01 (-7.40047e+01), Variance: 4.47540e+02 (5.99374e+02), Accept ratio: 0.43897, 
INFO:root:Epoch   156, Energy: -7.36264e+01 (-7.41984e+01), Variance: 4.26761e+02 (5.96175e+02), Accept ratio: 0.43036, 
INFO:root:Epoch   157, Energy: -7.44568e+01 (-7.47845e+01), Variance: 4.39335e+02 (5.14330e+02), Accept ratio: 0.41698, 
INFO:root:Epoch   158, Energy: -7.38148e+01 (-7.42260e+01), Variance: 3.77416e+02 (4.91690e+02), Accept ratio: 0.43086, 
INFO:root:Epoch   159, Energy: -7.44257e+01 (-7.48490e+01), Variance: 3.81255e+02 (4.78417e+02), Accept ratio: 0.42088, 
INFO:root:Epoch   160, Energy: -7.48845e+01 (-7.55305e+01), Variance: 3.97960e+02 (5.79203e+02), Accept ratio: 0.41855, 
INFO:root:Epoch   161, Energy: -7.46162e+01 (-7.49233e+01), Variance: 3.51498e+02 (4.10866e+02), Accept ratio: 0.45181, 
INFO:root:Epoch   162, Energy: -7.72542e+01 (-7.76624e+01), Variance: 4.42755e+02 (5.28278e+02), Accept ratio: 0.45634, 
INFO:root:Epoch   163, Energy: -7.70836e+01 (-7.76448e+01), Variance: 3.86448e+02 (5.06595e+02), Accept ratio: 0.44478, 
INFO:root:Epoch   164, Energy: -7.84167e+01 (-7.91031e+01), Variance: 4.38686e+02 (6.39211e+02), Accept ratio: 0.44712, 
INFO:root:Epoch   165, Energy: -7.86584e+01 (-7.90232e+01), Variance: 4.43273e+02 (5.23439e+02), Accept ratio: 0.43236, 
INFO:root:Epoch   166, Energy: -8.01031e+01 (-8.05570e+01), Variance: 4.72531e+02 (5.75411e+02), Accept ratio: 0.43473, 
INFO:root:Epoch   167, Energy: -8.07624e+01 (-8.12099e+01), Variance: 4.75937e+02 (5.80216e+02), Accept ratio: 0.43208, 
INFO:root:Epoch   168, Energy: -8.05387e+01 (-8.12342e+01), Variance: 4.45491e+02 (6.22136e+02), Accept ratio: 0.42091, 
INFO:root:Epoch   169, Energy: -8.20155e+01 (-8.28120e+01), Variance: 4.85103e+02 (7.01168e+02), Accept ratio: 0.41759, 
INFO:root:Epoch   170, Energy: -8.22379e+01 (-8.27794e+01), Variance: 4.16045e+02 (6.07179e+02), Accept ratio: 0.40503, 
INFO:root:Epoch   171, Energy: -8.26086e+01 (-8.33569e+01), Variance: 4.54879e+02 (6.43558e+02), Accept ratio: 0.45541, 
INFO:root:Epoch   172, Energy: -8.26776e+01 (-8.29371e+01), Variance: 3.88823e+02 (4.38886e+02), Accept ratio: 0.45306, 
INFO:root:Epoch   173, Energy: -8.38902e+01 (-8.43562e+01), Variance: 4.23178e+02 (5.27834e+02), Accept ratio: 0.44600, 
INFO:root:Epoch   174, Energy: -8.38388e+01 (-8.43221e+01), Variance: 3.72951e+02 (5.05399e+02), Accept ratio: 0.44239, 
INFO:root:Epoch   175, Energy: -8.54756e+01 (-8.58966e+01), Variance: 4.17230e+02 (5.12317e+02), Accept ratio: 0.43412, 
INFO:root:Epoch   176, Energy: -8.49989e+01 (-8.56011e+01), Variance: 3.56231e+02 (5.27277e+02), Accept ratio: 0.43036, 
INFO:root:Epoch   177, Energy: -8.64732e+01 (-8.70893e+01), Variance: 4.00586e+02 (5.77475e+02), Accept ratio: 0.43296, 
INFO:root:Epoch   178, Energy: -8.72351e+01 (-8.78313e+01), Variance: 4.21602e+02 (5.79880e+02), Accept ratio: 0.42586, 
INFO:root:Epoch   179, Energy: -8.71596e+01 (-8.74351e+01), Variance: 3.66979e+02 (4.18071e+02), Accept ratio: 0.41685, 
INFO:root:Epoch   180, Energy: -8.73541e+01 (-8.75119e+01), Variance: 3.39424e+02 (3.68640e+02), Accept ratio: 0.41575, 
INFO:root:Epoch   181, Energy: -8.77309e+01 (-8.83978e+01), Variance: 3.58783e+02 (6.30366e+02), Accept ratio: 0.45816, 
INFO:root:Epoch   182, Energy: -8.82447e+01 (-8.83748e+01), Variance: 3.30531e+02 (3.52908e+02), Accept ratio: 0.45645, 
INFO:root:Epoch   183, Energy: -8.85296e+01 (-8.87153e+01), Variance: 3.31882e+02 (3.62532e+02), Accept ratio: 0.44959, 
INFO:root:Epoch   184, Energy: -8.99929e+01 (-9.15450e+01), Variance: 3.55505e+02 (1.15702e+03), Accept ratio: 0.44322, 
INFO:root:Epoch   185, Energy: -9.02937e+01 (-9.04072e+01), Variance: 3.36058e+02 (3.53272e+02), Accept ratio: 0.43356, 
INFO:root:Epoch   186, Energy: -9.05190e+01 (-9.08880e+01), Variance: 3.22317e+02 (3.98830e+02), Accept ratio: 0.43851, 
INFO:root:Epoch   187, Energy: -9.08645e+01 (-9.09441e+01), Variance: 2.96037e+02 (3.13059e+02), Accept ratio: 0.43237, 
INFO:root:Epoch   188, Energy: -9.16565e+01 (-9.19371e+01), Variance: 3.05691e+02 (4.20198e+02), Accept ratio: 0.42317, 
INFO:root:Epoch   189, Energy: -9.20135e+01 (-9.23856e+01), Variance: 2.99414e+02 (3.68507e+02), Accept ratio: 0.42046, 
INFO:root:Epoch   190, Energy: -9.29558e+01 (-9.33138e+01), Variance: 3.18925e+02 (3.88712e+02), Accept ratio: 0.41931, 
INFO:root:Epoch   191, Energy: -9.31100e+01 (-9.34532e+01), Variance: 3.01562e+02 (3.72303e+02), Accept ratio: 0.45598, 
INFO:root:Epoch   192, Energy: -9.28682e+01 (-9.28938e+01), Variance: 2.59834e+02 (2.67703e+02), Accept ratio: 0.45291, 
INFO:root:Epoch   193, Energy: -9.38263e+01 (-9.39188e+01), Variance: 2.72044e+02 (4.34951e+02), Accept ratio: 0.44865, 
INFO:root:Epoch   194, Energy: -9.35363e+01 (-9.34030e+01), Variance: 2.38399e+02 (3.25836e+02), Accept ratio: 0.44906, 
INFO:root:Epoch   195, Energy: -9.39155e+01 (-9.36777e+01), Variance: 2.16492e+02 (2.97694e+02), Accept ratio: 0.44381, 
INFO:root:Epoch   196, Energy: -9.46980e+01 (-9.53648e+01), Variance: 2.35287e+02 (4.99007e+02), Accept ratio: 0.44287, 
INFO:root:Epoch   197, Energy: -9.47369e+01 (-9.47612e+01), Variance: 2.36060e+02 (2.43625e+02), Accept ratio: 0.44169, 
INFO:root:Epoch   198, Energy: -9.52427e+01 (-9.55292e+01), Variance: 2.45013e+02 (3.19627e+02), Accept ratio: 0.43399, 
INFO:root:Epoch   199, Energy: -9.55736e+01 (-9.58017e+01), Variance: 2.71603e+02 (3.30978e+02), Accept ratio: 0.43174, 
INFO:root:Epoch   200, Energy: -9.55492e+01 (-9.56794e+01), Variance: 2.33259e+02 (2.63109e+02), Accept ratio: 0.43037, , best weights saved
INFO:root:Epoch   201, Energy: -9.64339e+01 (-9.66590e+01), Variance: 2.32696e+02 (2.98985e+02), Accept ratio: 0.47087, 
INFO:root:Epoch   202, Energy: -9.62224e+01 (-9.65830e+01), Variance: 2.19637e+02 (2.94436e+02), Accept ratio: 0.47098, 
INFO:root:Epoch   203, Energy: -9.63083e+01 (-9.64329e+01), Variance: 2.22764e+02 (2.45345e+02), Accept ratio: 0.47461, 
INFO:root:Epoch   204, Energy: -9.65382e+01 (-9.65373e+01), Variance: 2.10759e+02 (2.20416e+02), Accept ratio: 0.46869, 
INFO:root:Epoch   205, Energy: -9.74328e+01 (-9.70751e+01), Variance: 2.25709e+02 (3.71966e+02), Accept ratio: 0.46359, 
INFO:root:Epoch   206, Energy: -9.75593e+01 (-9.76943e+01), Variance: 2.36759e+02 (3.05905e+02), Accept ratio: 0.45759, 
INFO:root:Epoch   207, Energy: -9.70867e+01 (-9.70585e+01), Variance: 2.01320e+02 (2.38268e+02), Accept ratio: 0.46130, 
INFO:root:Epoch   208, Energy: -9.77578e+01 (-9.76881e+01), Variance: 1.87198e+02 (2.01941e+02), Accept ratio: 0.45972, 
INFO:root:Epoch   209, Energy: -9.81570e+01 (-9.80581e+01), Variance: 1.90800e+02 (2.22767e+02), Accept ratio: 0.45693, 
INFO:root:Epoch   210, Energy: -9.79954e+01 (-9.77995e+01), Variance: 1.80761e+02 (2.09525e+02), Accept ratio: 0.45464, 
INFO:root:Epoch   211, Energy: -9.79452e+01 (-9.79282e+01), Variance: 1.80047e+02 (2.16731e+02), Accept ratio: 0.45145, 
INFO:root:Epoch   212, Energy: -9.87850e+01 (-9.88898e+01), Variance: 1.86987e+02 (2.25473e+02), Accept ratio: 0.45296, 
INFO:root:Epoch   213, Energy: -9.86814e+01 (-9.85712e+01), Variance: 1.67992e+02 (1.88816e+02), Accept ratio: 0.45063, 
INFO:root:Epoch   214, Energy: -9.92710e+01 (-9.92181e+01), Variance: 1.74609e+02 (1.96042e+02), Accept ratio: 0.44216, 
INFO:root:Epoch   215, Energy: -9.92896e+01 (-9.91900e+01), Variance: 1.93017e+02 (2.70608e+02), Accept ratio: 0.44517, 
INFO:root:Epoch   216, Energy: -9.93590e+01 (-9.95491e+01), Variance: 1.72596e+02 (2.30183e+02), Accept ratio: 0.43684, 
INFO:root:Epoch   217, Energy: -9.92070e+01 (-9.90438e+01), Variance: 1.56490e+02 (1.98816e+02), Accept ratio: 0.44111, 
INFO:root:Epoch   218, Energy: -9.95725e+01 (-9.95428e+01), Variance: 1.84058e+02 (2.54379e+02), Accept ratio: 0.43884, 
INFO:root:Epoch   219, Energy: -9.97281e+01 (-9.95305e+01), Variance: 1.58697e+02 (2.12252e+02), Accept ratio: 0.43711, 
INFO:root:Epoch   220, Energy: -9.97354e+01 (-1.00096e+02), Variance: 1.65307e+02 (2.67452e+02), Accept ratio: 0.43326, 
INFO:root:Epoch   221, Energy: -9.99796e+01 (-9.99747e+01), Variance: 1.49615e+02 (1.67594e+02), Accept ratio: 0.47825, 
INFO:root:Epoch   222, Energy: -1.00192e+02 (-1.00754e+02), Variance: 1.64350e+02 (3.94307e+02), Accept ratio: 0.47846, 
INFO:root:Epoch   223, Energy: -1.00495e+02 (-1.00669e+02), Variance: 1.51237e+02 (2.30987e+02), Accept ratio: 0.47560, 
INFO:root:Epoch   224, Energy: -1.00403e+02 (-1.00335e+02), Variance: 1.29006e+02 (1.77243e+02), Accept ratio: 0.47422, 
INFO:root:Epoch   225, Energy: -1.00285e+02 (-1.00407e+02), Variance: 1.38416e+02 (1.98608e+02), Accept ratio: 0.47529, 
INFO:root:Epoch   226, Energy: -1.00284e+02 (-1.00027e+02), Variance: 1.18360e+02 (1.51709e+02), Accept ratio: 0.47931, 
INFO:root:Epoch   227, Energy: -1.00714e+02 (-1.00280e+02), Variance: 1.39099e+02 (2.47951e+02), Accept ratio: 0.46843, 
INFO:root:Epoch   228, Energy: -1.00987e+02 (-1.01004e+02), Variance: 1.40306e+02 (1.70269e+02), Accept ratio: 0.47140, 
INFO:root:Epoch   229, Energy: -1.01339e+02 (-1.01339e+02), Variance: 1.32251e+02 (1.69087e+02), Accept ratio: 0.47053, 
INFO:root:Epoch   230, Energy: -1.01591e+02 (-1.01714e+02), Variance: 1.25954e+02 (1.86946e+02), Accept ratio: 0.47332, 
INFO:root:Epoch   231, Energy: -1.01371e+02 (-1.01297e+02), Variance: 1.22281e+02 (1.34985e+02), Accept ratio: 0.47010, 
INFO:root:Epoch   232, Energy: -1.01514e+02 (-1.01346e+02), Variance: 1.21313e+02 (1.52732e+02), Accept ratio: 0.46826, 
INFO:root:Epoch   233, Energy: -1.02069e+02 (-1.01880e+02), Variance: 1.05515e+02 (1.25024e+02), Accept ratio: 0.46730, 
INFO:root:Epoch   234, Energy: -1.02095e+02 (-1.02045e+02), Variance: 1.30636e+02 (2.30924e+02), Accept ratio: 0.45965, 
INFO:root:Epoch   235, Energy: -1.02044e+02 (-1.01924e+02), Variance: 1.08772e+02 (1.51534e+02), Accept ratio: 0.46113, 
INFO:root:Epoch   236, Energy: -1.01529e+02 (-1.01176e+02), Variance: 1.18055e+02 (2.04830e+02), Accept ratio: 0.46414, 
INFO:root:Epoch   237, Energy: -1.02090e+02 (-1.01926e+02), Variance: 1.04679e+02 (1.23226e+02), Accept ratio: 0.46398, 
INFO:root:Epoch   238, Energy: -1.02455e+02 (-1.02396e+02), Variance: 1.14932e+02 (1.35229e+02), Accept ratio: 0.46209, 
INFO:root:Epoch   239, Energy: -1.02536e+02 (-1.02468e+02), Variance: 1.08404e+02 (2.59318e+02), Accept ratio: 0.46113, 
INFO:root:Epoch   240, Energy: -1.02178e+02 (-1.01813e+02), Variance: 9.95502e+01 (2.44571e+02), Accept ratio: 0.45993, 
INFO:root:Epoch   241, Energy: -1.03050e+02 (-1.03222e+02), Variance: 1.05688e+02 (2.21954e+02), Accept ratio: 0.46126, 
INFO:root:Epoch   242, Energy: -1.02647e+02 (-1.02416e+02), Variance: 1.06264e+02 (1.37712e+02), Accept ratio: 0.45689, 
INFO:root:Epoch   243, Energy: -1.02584e+02 (-1.02472e+02), Variance: 1.16312e+02 (1.46439e+02), Accept ratio: 0.45011, 
INFO:root:Epoch   244, Energy: -1.02671e+02 (-1.02163e+02), Variance: 1.18531e+02 (3.38570e+02), Accept ratio: 0.45880, 
INFO:root:Epoch   245, Energy: -1.03037e+02 (-1.02980e+02), Variance: 9.94414e+01 (1.23160e+02), Accept ratio: 0.46300, 
INFO:root:Epoch   246, Energy: -1.03208e+02 (-1.03335e+02), Variance: 9.94710e+01 (1.32611e+02), Accept ratio: 0.46188, 
INFO:root:Epoch   247, Energy: -1.02864e+02 (-1.03406e+02), Variance: 1.02859e+02 (2.62617e+02), Accept ratio: 0.45612, 
INFO:root:Epoch   248, Energy: -1.03184e+02 (-1.03231e+02), Variance: 9.28318e+01 (1.25344e+02), Accept ratio: 0.45472, 
INFO:root:Epoch   249, Energy: -1.03126e+02 (-1.02996e+02), Variance: 8.03553e+01 (9.25604e+01), Accept ratio: 0.45909, 
INFO:root:Epoch   250, Energy: -1.03324e+02 (-1.03317e+02), Variance: 9.44108e+01 (1.44213e+02), Accept ratio: 0.45904, 
INFO:root:Epoch   251, Energy: -1.03162e+02 (-1.03080e+02), Variance: 1.04794e+02 (2.23745e+02), Accept ratio: 0.46265, 
INFO:root:Epoch   252, Energy: -1.03563e+02 (-1.03822e+02), Variance: 9.15229e+01 (4.16426e+02), Accept ratio: 0.45272, 
INFO:root:Epoch   253, Energy: -1.03617e+02 (-1.03559e+02), Variance: 8.33189e+01 (1.05376e+02), Accept ratio: 0.45109, 
INFO:root:Epoch   254, Energy: -1.03228e+02 (-1.03186e+02), Variance: 8.23626e+01 (1.11295e+02), Accept ratio: 0.46052, 
INFO:root:Epoch   255, Energy: -1.03689e+02 (-1.03570e+02), Variance: 8.48771e+01 (1.15933e+02), Accept ratio: 0.45238, 
INFO:root:Epoch   256, Energy: -1.03512e+02 (-1.03425e+02), Variance: 7.41928e+01 (9.12800e+01), Accept ratio: 0.45104, 
INFO:root:Epoch   257, Energy: -1.03740e+02 (-1.03127e+02), Variance: 8.49625e+01 (6.88402e+02), Accept ratio: 0.45061, 
INFO:root:Epoch   258, Energy: -1.03773e+02 (-1.03694e+02), Variance: 7.26459e+01 (8.46244e+01), Accept ratio: 0.45548, 
INFO:root:Epoch   259, Energy: -1.03860e+02 (-1.03902e+02), Variance: 8.26527e+01 (1.86311e+02), Accept ratio: 0.45432, 
INFO:root:Epoch   260, Energy: -1.03983e+02 (-1.03753e+02), Variance: 7.61551e+01 (2.14762e+02), Accept ratio: 0.45151, 
INFO:root:Epoch   261, Energy: -1.03983e+02 (-1.03768e+02), Variance: 8.07338e+01 (1.42611e+02), Accept ratio: 0.45507, 
INFO:root:Epoch   262, Energy: -1.03667e+02 (-1.03232e+02), Variance: 7.55611e+01 (1.72962e+02), Accept ratio: 0.45415, 
INFO:root:Epoch   263, Energy: -1.04029e+02 (-1.04013e+02), Variance: 7.45237e+01 (8.49634e+01), Accept ratio: 0.44953, 
INFO:root:Epoch   264, Energy: -1.04309e+02 (-1.04232e+02), Variance: 8.23331e+01 (1.29075e+02), Accept ratio: 0.45093, 
INFO:root:Epoch   265, Energy: -1.04303e+02 (-1.04750e+02), Variance: 7.95865e+01 (2.79153e+02), Accept ratio: 0.44883, 
INFO:root:Epoch   266, Energy: -1.04233e+02 (-1.04270e+02), Variance: 6.85167e+01 (1.02888e+02), Accept ratio: 0.45672, 
INFO:root:Epoch   267, Energy: -1.04385e+02 (-1.03813e+02), Variance: 6.46711e+01 (4.04636e+02), Accept ratio: 0.45119, 
INFO:root:Epoch   268, Energy: -1.04571e+02 (-1.04278e+02), Variance: 6.52126e+01 (1.22295e+02), Accept ratio: 0.44755, 
INFO:root:Epoch   269, Energy: -1.04511e+02 (-1.04422e+02), Variance: 6.28389e+01 (8.24302e+01), Accept ratio: 0.44335, 
INFO:root:Epoch   270, Energy: -1.04544e+02 (-1.04537e+02), Variance: 6.66848e+01 (9.00703e+01), Accept ratio: 0.44977, 
INFO:root:Epoch   271, Energy: -1.04475e+02 (-1.04353e+02), Variance: 6.06250e+01 (8.01069e+01), Accept ratio: 0.44734, 
INFO:root:Epoch   272, Energy: -1.04518e+02 (-1.04429e+02), Variance: 6.28489e+01 (7.92377e+01), Accept ratio: 0.45002, 
INFO:root:Epoch   273, Energy: -1.04705e+02 (-1.04672e+02), Variance: 5.89065e+01 (8.85943e+01), Accept ratio: 0.44637, 
INFO:root:Epoch   274, Energy: -1.04800e+02 (-1.04787e+02), Variance: 6.37013e+01 (8.71622e+01), Accept ratio: 0.44640, 
INFO:root:Epoch   275, Energy: -1.04867e+02 (-1.04784e+02), Variance: 5.12721e+01 (7.93327e+01), Accept ratio: 0.44902, 
INFO:root:Epoch   276, Energy: -1.04522e+02 (-1.04315e+02), Variance: 5.91870e+01 (1.20235e+02), Accept ratio: 0.44469, 
INFO:root:Epoch   277, Energy: -1.04852e+02 (-1.04886e+02), Variance: 5.00496e+01 (7.88668e+01), Accept ratio: 0.44724, 
INFO:root:Epoch   278, Energy: -1.04919e+02 (-1.04824e+02), Variance: 5.06504e+01 (5.83710e+01), Accept ratio: 0.44694, 
INFO:root:Epoch   279, Energy: -1.04903e+02 (-1.04784e+02), Variance: 5.23265e+01 (1.01649e+02), Accept ratio: 0.44949, 
INFO:root:Epoch   280, Energy: -1.04914e+02 (-1.05027e+02), Variance: 4.94893e+01 (1.51807e+02), Accept ratio: 0.44675, 
INFO:root:Epoch   281, Energy: -1.04911e+02 (-1.04925e+02), Variance: 5.25312e+01 (9.14579e+01), Accept ratio: 0.49493, 
INFO:root:Epoch   282, Energy: -1.04961e+02 (-1.04751e+02), Variance: 4.98576e+01 (7.38786e+01), Accept ratio: 0.48723, 
INFO:root:Epoch   283, Energy: -1.05280e+02 (-1.04986e+02), Variance: 5.17349e+01 (8.38440e+01), Accept ratio: 0.48994, 
INFO:root:Epoch   284, Energy: -1.05111e+02 (-1.04842e+02), Variance: 4.78368e+01 (8.41605e+01), Accept ratio: 0.48438, 
INFO:root:Epoch   285, Energy: -1.05290e+02 (-1.05242e+02), Variance: 5.16077e+01 (6.73523e+01), Accept ratio: 0.48489, 
INFO:root:Epoch   286, Energy: -1.05223e+02 (-1.05161e+02), Variance: 4.40918e+01 (6.20770e+01), Accept ratio: 0.49557, 
INFO:root:Epoch   287, Energy: -1.05285e+02 (-1.05178e+02), Variance: 4.86556e+01 (6.07508e+01), Accept ratio: 0.49021, 
INFO:root:Epoch   288, Energy: -1.05296e+02 (-1.05122e+02), Variance: 4.78927e+01 (8.14951e+01), Accept ratio: 0.48397, 
INFO:root:Epoch   289, Energy: -1.05373e+02 (-1.05200e+02), Variance: 4.32163e+01 (5.86516e+01), Accept ratio: 0.48499, 
INFO:root:Epoch   290, Energy: -1.05069e+02 (-1.04821e+02), Variance: 5.17623e+01 (9.28031e+01), Accept ratio: 0.49306, 
INFO:root:Epoch   291, Energy: -1.04972e+02 (-1.04882e+02), Variance: 5.02270e+01 (6.35071e+01), Accept ratio: 0.48774, 
INFO:root:Epoch   292, Energy: -1.04989e+02 (-1.04887e+02), Variance: 4.85729e+01 (7.33222e+01), Accept ratio: 0.48102, 
INFO:root:Epoch   293, Energy: -1.05319e+02 (-1.05247e+02), Variance: 4.76727e+01 (7.50242e+01), Accept ratio: 0.49135, 
INFO:root:Epoch   294, Energy: -1.05202e+02 (-1.05187e+02), Variance: 5.55523e+01 (1.07202e+02), Accept ratio: 0.48937, 
INFO:root:Epoch   295, Energy: -1.05019e+02 (-1.04673e+02), Variance: 4.86276e+01 (9.17600e+01), Accept ratio: 0.49040, 
INFO:root:Epoch   296, Energy: -1.05433e+02 (-1.05458e+02), Variance: 4.34756e+01 (5.94879e+01), Accept ratio: 0.49292, 
INFO:root:Epoch   297, Energy: -1.05084e+02 (-1.04991e+02), Variance: 4.41339e+01 (5.89068e+01), Accept ratio: 0.48360, 
INFO:root:Epoch   298, Energy: -1.05254e+02 (-1.05322e+02), Variance: 4.21651e+01 (8.32169e+01), Accept ratio: 0.49056, 
INFO:root:Epoch   299, Energy: -1.05147e+02 (-1.05118e+02), Variance: 4.47650e+01 (9.38822e+01), Accept ratio: 0.49148, 
INFO:root:Epoch   300, Energy: -1.05138e+02 (-1.05056e+02), Variance: 4.34203e+01 (5.42311e+01), Accept ratio: 0.48463, , best weights saved
INFO:root:Epoch   301, Energy: -1.05284e+02 (-1.05278e+02), Variance: 4.00008e+01 (6.41871e+01), Accept ratio: 0.48958, 
INFO:root:Epoch   302, Energy: -1.05495e+02 (-1.05333e+02), Variance: 3.74659e+01 (5.84735e+01), Accept ratio: 0.48621, 
INFO:root:Epoch   303, Energy: -1.05424e+02 (-1.05340e+02), Variance: 3.75184e+01 (1.21508e+02), Accept ratio: 0.49291, 
INFO:root:Epoch   304, Energy: -1.05567e+02 (-1.05471e+02), Variance: 3.93222e+01 (7.52883e+01), Accept ratio: 0.48840, 
INFO:root:Epoch   305, Energy: -1.05474e+02 (-1.05266e+02), Variance: 3.70889e+01 (8.16509e+01), Accept ratio: 0.48488, 
INFO:root:Epoch   306, Energy: -1.05593e+02 (-1.05575e+02), Variance: 3.72868e+01 (5.65380e+01), Accept ratio: 0.48687, 
INFO:root:Epoch   307, Energy: -1.05288e+02 (-1.05181e+02), Variance: 4.03892e+01 (7.22361e+01), Accept ratio: 0.49084, 
INFO:root:Epoch   308, Energy: -1.05215e+02 (-1.05082e+02), Variance: 4.08559e+01 (6.23316e+01), Accept ratio: 0.48894, 
INFO:root:Epoch   309, Energy: -1.05301e+02 (-1.05195e+02), Variance: 4.13696e+01 (5.82960e+01), Accept ratio: 0.48710, 
INFO:root:Epoch   310, Energy: -1.05461e+02 (-1.05404e+02), Variance: 3.95148e+01 (6.98060e+01), Accept ratio: 0.49025, 
INFO:root:Epoch   311, Energy: -1.05570e+02 (-1.05436e+02), Variance: 3.65158e+01 (6.97172e+01), Accept ratio: 0.48517, 
INFO:root:Epoch   312, Energy: -1.05641e+02 (-1.05550e+02), Variance: 3.43179e+01 (4.24461e+01), Accept ratio: 0.49275, 
INFO:root:Epoch   313, Energy: -1.05629e+02 (-1.05393e+02), Variance: 3.07170e+01 (5.57011e+01), Accept ratio: 0.48829, 
INFO:root:Epoch   314, Energy: -1.05629e+02 (-1.05423e+02), Variance: 3.54210e+01 (6.60404e+01), Accept ratio: 0.48871, 
INFO:root:Epoch   315, Energy: -1.05782e+02 (-1.05380e+02), Variance: 3.63939e+01 (1.56716e+02), Accept ratio: 0.48846, 
INFO:root:Epoch   316, Energy: -1.05674e+02 (-1.05579e+02), Variance: 3.49496e+01 (6.01975e+01), Accept ratio: 0.48249, 
INFO:root:Epoch   317, Energy: -1.05846e+02 (-1.05738e+02), Variance: 2.86095e+01 (3.60774e+01), Accept ratio: 0.49359, 
INFO:root:Epoch   318, Energy: -1.05669e+02 (-1.05495e+02), Variance: 3.33881e+01 (4.64957e+01), Accept ratio: 0.49176, 
INFO:root:Epoch   319, Energy: -1.05830e+02 (-1.05481e+02), Variance: 3.35776e+01 (1.89822e+02), Accept ratio: 0.48656, 
INFO:root:Epoch   320, Energy: -1.05380e+02 (-1.05152e+02), Variance: 3.63937e+01 (5.81272e+01), Accept ratio: 0.48779, 
INFO:root:Epoch   321, Energy: -1.05771e+02 (-1.05569e+02), Variance: 3.48485e+01 (8.11784e+01), Accept ratio: 0.48529, 
INFO:root:Epoch   322, Energy: -1.05947e+02 (-1.05822e+02), Variance: 3.16933e+01 (4.27493e+01), Accept ratio: 0.48114, 
INFO:root:Epoch   323, Energy: -1.05747e+02 (-1.05596e+02), Variance: 3.05689e+01 (4.49351e+01), Accept ratio: 0.48594, 
INFO:root:Epoch   324, Energy: -1.05595e+02 (-1.05487e+02), Variance: 3.35236e+01 (4.91096e+01), Accept ratio: 0.48409, 
INFO:root:Epoch   325, Energy: -1.05848e+02 (-1.05714e+02), Variance: 3.05272e+01 (3.97550e+01), Accept ratio: 0.47900, 
INFO:root:Epoch   326, Energy: -1.06080e+02 (-1.05984e+02), Variance: 3.33220e+01 (5.29566e+01), Accept ratio: 0.47999, 
INFO:root:Epoch   327, Energy: -1.06143e+02 (-1.06007e+02), Variance: 3.52498e+01 (6.59307e+01), Accept ratio: 0.48453, 
INFO:root:Epoch   328, Energy: -1.06216e+02 (-1.06026e+02), Variance: 3.43909e+01 (9.15731e+01), Accept ratio: 0.48473, 
INFO:root:Epoch   329, Energy: -1.06022e+02 (-1.05682e+02), Variance: 3.24659e+01 (9.64970e+01), Accept ratio: 0.48430, 
INFO:root:Epoch   330, Energy: -1.06171e+02 (-1.06013e+02), Variance: 3.62039e+01 (6.42775e+01), Accept ratio: 0.47494, 
INFO:root:Epoch   331, Energy: -1.06203e+02 (-1.05962e+02), Variance: 2.92501e+01 (5.53142e+01), Accept ratio: 0.47957, 
INFO:root:Epoch   332, Energy: -1.06020e+02 (-1.05991e+02), Variance: 3.42544e+01 (5.81861e+01), Accept ratio: 0.48484, 
INFO:root:Epoch   333, Energy: -1.06100e+02 (-1.05847e+02), Variance: 3.27867e+01 (1.02396e+02), Accept ratio: 0.48073, 
INFO:root:Epoch   334, Energy: -1.05927e+02 (-1.06924e+02), Variance: 3.44295e+01 (1.52933e+03), Accept ratio: 0.48183, 
INFO:root:Epoch   335, Energy: -1.06023e+02 (-1.07036e+02), Variance: 3.45025e+01 (1.27845e+03), Accept ratio: 0.48607, 
INFO:root:Epoch   336, Energy: -1.06321e+02 (-1.06249e+02), Variance: 3.02747e+01 (4.48858e+01), Accept ratio: 0.47410, 
INFO:root:Epoch   337, Energy: -1.06339e+02 (-1.06174e+02), Variance: 2.58380e+01 (3.77501e+01), Accept ratio: 0.47771, 
INFO:root:Epoch   338, Energy: -1.06239e+02 (-1.06106e+02), Variance: 2.78028e+01 (4.00458e+01), Accept ratio: 0.47867, 
INFO:root:Epoch   339, Energy: -1.06254e+02 (-1.06237e+02), Variance: 2.85338e+01 (5.16093e+01), Accept ratio: 0.47800, 
INFO:root:Epoch   340, Energy: -1.06183e+02 (-1.06068e+02), Variance: 2.59280e+01 (3.32865e+01), Accept ratio: 0.47790, 
INFO:root:Epoch   341, Energy: -1.06300e+02 (-1.06210e+02), Variance: 2.59654e+01 (3.64010e+01), Accept ratio: 0.48036, 
INFO:root:Epoch   342, Energy: -1.06372e+02 (-1.06281e+02), Variance: 2.58101e+01 (3.69462e+01), Accept ratio: 0.48421, 
INFO:root:Epoch   343, Energy: -1.06249e+02 (-1.06140e+02), Variance: 2.71023e+01 (4.98332e+01), Accept ratio: 0.48221, 
INFO:root:Epoch   344, Energy: -1.06338e+02 (-1.05912e+02), Variance: 2.99505e+01 (1.83818e+02), Accept ratio: 0.48007, 
INFO:root:Epoch   345, Energy: -1.06504e+02 (-1.06343e+02), Variance: 2.48644e+01 (3.89907e+01), Accept ratio: 0.48614, 
INFO:root:Epoch   346, Energy: -1.06511e+02 (-1.06434e+02), Variance: 2.27436e+01 (3.10718e+01), Accept ratio: 0.48128, 
INFO:root:Epoch   347, Energy: -1.06450e+02 (-1.06358e+02), Variance: 2.34046e+01 (3.63524e+01), Accept ratio: 0.48438, 
INFO:root:Epoch   348, Energy: -1.06552e+02 (-1.06447e+02), Variance: 2.20874e+01 (3.92108e+01), Accept ratio: 0.48858, 
INFO:root:Epoch   349, Energy: -1.06561e+02 (-1.06678e+02), Variance: 2.35084e+01 (5.66225e+01), Accept ratio: 0.48116, 
INFO:root:Epoch   350, Energy: -1.06521e+02 (-1.06462e+02), Variance: 1.99327e+01 (3.02208e+01), Accept ratio: 0.48440, 
INFO:root:Epoch   351, Energy: -1.06539e+02 (-1.06307e+02), Variance: 2.38683e+01 (5.42700e+01), Accept ratio: 0.48690, 
INFO:root:Epoch   352, Energy: -1.06417e+02 (-1.06252e+02), Variance: 2.15122e+01 (3.65336e+01), Accept ratio: 0.48695, 
INFO:root:Epoch   353, Energy: -1.06440e+02 (-1.06274e+02), Variance: 2.31926e+01 (3.82267e+01), Accept ratio: 0.48840, 
INFO:root:Epoch   354, Energy: -1.06566e+02 (-1.06716e+02), Variance: 2.51586e+01 (6.42727e+01), Accept ratio: 0.47739, 
INFO:root:Epoch   355, Energy: -1.06576e+02 (-1.06882e+02), Variance: 2.38742e+01 (7.35781e+01), Accept ratio: 0.48524, 
INFO:root:Epoch   356, Energy: -1.06542e+02 (-1.06371e+02), Variance: 2.17617e+01 (3.18660e+01), Accept ratio: 0.48256, 
INFO:root:Epoch   357, Energy: -1.06554e+02 (-1.06525e+02), Variance: 2.21917e+01 (3.45999e+01), Accept ratio: 0.48170, 
INFO:root:Epoch   358, Energy: -1.06431e+02 (-1.06273e+02), Variance: 2.29489e+01 (3.63421e+01), Accept ratio: 0.48744, 
INFO:root:Epoch   359, Energy: -1.06476e+02 (-1.06252e+02), Variance: 2.12937e+01 (3.47113e+01), Accept ratio: 0.48729, 
INFO:root:Epoch   360, Energy: -1.06642e+02 (-1.06538e+02), Variance: 2.30729e+01 (3.34983e+01), Accept ratio: 0.48420, 
INFO:root:Epoch   361, Energy: -1.06807e+02 (-1.06694e+02), Variance: 2.15053e+01 (3.39170e+01), Accept ratio: 0.48224, 
INFO:root:Epoch   362, Energy: -1.06550e+02 (-1.06173e+02), Variance: 2.18701e+01 (1.17100e+02), Accept ratio: 0.48129, 
INFO:root:Epoch   363, Energy: -1.06636e+02 (-1.06550e+02), Variance: 1.79935e+01 (3.37213e+01), Accept ratio: 0.47303, 
INFO:root:Epoch   364, Energy: -1.06648e+02 (-1.06476e+02), Variance: 1.89624e+01 (3.08098e+01), Accept ratio: 0.47768, 
INFO:root:Epoch   365, Energy: -1.06711e+02 (-1.06673e+02), Variance: 1.87938e+01 (3.20180e+01), Accept ratio: 0.47928, 
INFO:root:Epoch   366, Energy: -1.06676e+02 (-1.06583e+02), Variance: 1.84689e+01 (3.64594e+01), Accept ratio: 0.48031, 
INFO:root:Epoch   367, Energy: -1.06689e+02 (-1.06505e+02), Variance: 2.04881e+01 (4.50372e+01), Accept ratio: 0.47929, 
INFO:root:Epoch   368, Energy: -1.06720e+02 (-1.06518e+02), Variance: 2.03724e+01 (5.34446e+01), Accept ratio: 0.47740, 
INFO:root:Epoch   369, Energy: -1.06786e+02 (-1.06681e+02), Variance: 1.78097e+01 (2.67587e+01), Accept ratio: 0.48135, 
INFO:root:Epoch   370, Energy: -1.06894e+02 (-1.06640e+02), Variance: 1.62774e+01 (4.06370e+01), Accept ratio: 0.48001, 
INFO:root:Epoch   371, Energy: -1.06838e+02 (-1.06463e+02), Variance: 2.07211e+01 (1.54740e+02), Accept ratio: 0.47474, 
INFO:root:Epoch   372, Energy: -1.06964e+02 (-1.06895e+02), Variance: 1.85992e+01 (2.96608e+01), Accept ratio: 0.47819, 
INFO:root:Epoch   373, Energy: -1.06743e+02 (-1.06578e+02), Variance: 1.92888e+01 (3.45778e+01), Accept ratio: 0.47524, 
INFO:root:Epoch   374, Energy: -1.06758e+02 (-1.06643e+02), Variance: 1.66787e+01 (2.60399e+01), Accept ratio: 0.47626, 
INFO:root:Epoch   375, Energy: -1.06866e+02 (-1.06674e+02), Variance: 1.73418e+01 (2.80830e+01), Accept ratio: 0.46946, 
INFO:root:Epoch   376, Energy: -1.06851e+02 (-1.06926e+02), Variance: 1.68633e+01 (7.12084e+01), Accept ratio: 0.47238, 
INFO:root:Epoch   377, Energy: -1.06963e+02 (-1.06840e+02), Variance: 1.63459e+01 (3.52314e+01), Accept ratio: 0.47688, 
INFO:root:Epoch   378, Energy: -1.06848e+02 (-1.06685e+02), Variance: 1.42760e+01 (2.35402e+01), Accept ratio: 0.48036, 
INFO:root:Epoch   379, Energy: -1.06896e+02 (-1.06816e+02), Variance: 1.51049e+01 (2.31765e+01), Accept ratio: 0.48149, 
INFO:root:Epoch   380, Energy: -1.07024e+02 (-1.07161e+02), Variance: 1.67715e+01 (7.69100e+01), Accept ratio: 0.47285, 
INFO:root:Epoch   381, Energy: -1.07080e+02 (-1.07077e+02), Variance: 1.78850e+01 (3.35213e+01), Accept ratio: 0.48632, 
INFO:root:Epoch   382, Energy: -1.07003e+02 (-1.06871e+02), Variance: 1.61936e+01 (3.00022e+01), Accept ratio: 0.47310, 
INFO:root:Epoch   383, Energy: -1.06847e+02 (-1.06727e+02), Variance: 1.73513e+01 (4.72724e+01), Accept ratio: 0.48431, 
INFO:root:Epoch   384, Energy: -1.06971e+02 (-1.06863e+02), Variance: 1.40450e+01 (2.10391e+01), Accept ratio: 0.48213, 
INFO:root:Epoch   385, Energy: -1.06963e+02 (-1.06849e+02), Variance: 1.75852e+01 (3.02359e+01), Accept ratio: 0.47256, 
INFO:root:Epoch   386, Energy: -1.07083e+02 (-1.06853e+02), Variance: 1.91265e+01 (4.70201e+01), Accept ratio: 0.48620, 
INFO:root:Epoch   387, Energy: -1.06999e+02 (-1.06803e+02), Variance: 1.60551e+01 (3.23367e+01), Accept ratio: 0.47635, 
INFO:root:Epoch   388, Energy: -1.06886e+02 (-1.06663e+02), Variance: 1.46603e+01 (3.36843e+01), Accept ratio: 0.48046, 
INFO:root:Epoch   389, Energy: -1.07036e+02 (-1.06986e+02), Variance: 1.60969e+01 (2.78564e+01), Accept ratio: 0.47895, 
INFO:root:Epoch   390, Energy: -1.07033e+02 (-1.06903e+02), Variance: 1.46549e+01 (2.78149e+01), Accept ratio: 0.47670, 
INFO:root:Epoch   391, Energy: -1.07163e+02 (-1.06948e+02), Variance: 1.48633e+01 (3.72842e+01), Accept ratio: 0.48475, 
INFO:root:Epoch   392, Energy: -1.07100e+02 (-1.07054e+02), Variance: 1.51923e+01 (2.08570e+01), Accept ratio: 0.47879, 
INFO:root:Epoch   393, Energy: -1.07074e+02 (-1.07075e+02), Variance: 1.42816e+01 (2.40617e+01), Accept ratio: 0.47716, 
INFO:root:Epoch   394, Energy: -1.07047e+02 (-1.06839e+02), Variance: 1.45022e+01 (2.56933e+01), Accept ratio: 0.48021, 
INFO:root:Epoch   395, Energy: -1.07068e+02 (-1.07085e+02), Variance: 1.94422e+01 (9.28995e+01), Accept ratio: 0.48307, 
INFO:root:Epoch   396, Energy: -1.07244e+02 (-1.07255e+02), Variance: 1.44951e+01 (2.33901e+01), Accept ratio: 0.47803, 
INFO:root:Epoch   397, Energy: -1.07136e+02 (-1.07043e+02), Variance: 1.38243e+01 (2.75079e+01), Accept ratio: 0.48078, 
INFO:root:Epoch   398, Energy: -1.06997e+02 (-1.06858e+02), Variance: 1.23665e+01 (1.85661e+01), Accept ratio: 0.48148, 
INFO:root:Epoch   399, Energy: -1.06877e+02 (-1.06653e+02), Variance: 1.43461e+01 (2.98094e+01), Accept ratio: 0.47616, 
INFO:root:Epoch   400, Energy: -1.07107e+02 (-1.07052e+02), Variance: 1.28969e+01 (2.35524e+01), Accept ratio: 0.48172, , best weights saved
INFO:root:Epoch   401, Energy: -1.07197e+02 (-1.06950e+02), Variance: 1.29954e+01 (2.99129e+01), Accept ratio: 0.47700, 
INFO:root:Epoch   402, Energy: -1.07130e+02 (-1.06949e+02), Variance: 1.40958e+01 (3.33185e+01), Accept ratio: 0.48562, 
INFO:root:Epoch   403, Energy: -1.07138e+02 (-1.07108e+02), Variance: 1.50738e+01 (2.90611e+01), Accept ratio: 0.47635, 
INFO:root:Epoch   404, Energy: -1.07148e+02 (-1.06989e+02), Variance: 1.27721e+01 (2.23472e+01), Accept ratio: 0.47746, 
INFO:root:Epoch   405, Energy: -1.07144e+02 (-1.06935e+02), Variance: 1.41645e+01 (3.04496e+01), Accept ratio: 0.47540, 
INFO:root:Epoch   406, Energy: -1.07058e+02 (-1.06938e+02), Variance: 1.44042e+01 (3.54376e+01), Accept ratio: 0.48332, 
INFO:root:Epoch   407, Energy: -1.07153e+02 (-1.07059e+02), Variance: 1.36679e+01 (2.07057e+01), Accept ratio: 0.47751, 
INFO:root:Epoch   408, Energy: -1.07130e+02 (-1.06934e+02), Variance: 1.48850e+01 (3.70338e+01), Accept ratio: 0.48408, 
INFO:root:Epoch   409, Energy: -1.07069e+02 (-1.06888e+02), Variance: 1.42550e+01 (2.70733e+01), Accept ratio: 0.48239, 
INFO:root:Epoch   410, Energy: -1.07324e+02 (-1.07216e+02), Variance: 1.32883e+01 (2.17679e+01), Accept ratio: 0.47073, 
INFO:root:Epoch   411, Energy: -1.06995e+02 (-1.06833e+02), Variance: 1.33309e+01 (2.66737e+01), Accept ratio: 0.48130, 
INFO:root:Epoch   412, Energy: -1.07023e+02 (-1.06845e+02), Variance: 1.32860e+01 (3.74193e+01), Accept ratio: 0.47812, 
INFO:root:Epoch   413, Energy: -1.07129e+02 (-1.07071e+02), Variance: 1.55286e+01 (3.05791e+01), Accept ratio: 0.47219, 
INFO:root:Epoch   414, Energy: -1.06846e+02 (-1.06289e+02), Variance: 1.53713e+01 (1.88618e+02), Accept ratio: 0.47985, 
INFO:root:Epoch   415, Energy: -1.07119e+02 (-1.07093e+02), Variance: 1.37948e+01 (2.14761e+01), Accept ratio: 0.48119, 
INFO:root:Epoch   416, Energy: -1.07259e+02 (-1.06931e+02), Variance: 1.53731e+01 (1.06621e+02), Accept ratio: 0.47652, 
INFO:root:Epoch   417, Energy: -1.07447e+02 (-1.07417e+02), Variance: 1.24854e+01 (1.78512e+01), Accept ratio: 0.46833, 
INFO:root:Epoch   418, Energy: -1.07190e+02 (-1.07059e+02), Variance: 1.32182e+01 (2.49563e+01), Accept ratio: 0.47188, 
INFO:root:Epoch   419, Energy: -1.07095e+02 (-1.06953e+02), Variance: 1.26643e+01 (2.08296e+01), Accept ratio: 0.48021, 
INFO:root:Epoch   420, Energy: -1.07191e+02 (-1.07197e+02), Variance: 1.25187e+01 (4.00066e+01), Accept ratio: 0.47610, 
INFO:root:Epoch   421, Energy: -1.07156e+02 (-1.06979e+02), Variance: 1.36588e+01 (3.05691e+01), Accept ratio: 0.48315, 
INFO:root:Epoch   422, Energy: -1.07212e+02 (-1.07089e+02), Variance: 1.28095e+01 (2.76167e+01), Accept ratio: 0.47934, 
INFO:root:Epoch   423, Energy: -1.07215e+02 (-1.07161e+02), Variance: 1.28456e+01 (1.97422e+01), Accept ratio: 0.47421, 
INFO:root:Epoch   424, Energy: -1.07218e+02 (-1.07092e+02), Variance: 1.23819e+01 (2.04665e+01), Accept ratio: 0.47743, 
INFO:root:Epoch   425, Energy: -1.07222e+02 (-1.07057e+02), Variance: 1.04216e+01 (2.12602e+01), Accept ratio: 0.48343, 
INFO:root:Epoch   426, Energy: -1.07421e+02 (-1.07156e+02), Variance: 1.15785e+01 (3.78858e+01), Accept ratio: 0.47684, 
INFO:root:Epoch   427, Energy: -1.07498e+02 (-1.07323e+02), Variance: 1.13051e+01 (3.38116e+01), Accept ratio: 0.47601, 
INFO:root:Epoch   428, Energy: -1.07343e+02 (-1.07194e+02), Variance: 1.03492e+01 (1.81181e+01), Accept ratio: 0.48448, 
INFO:root:Epoch   429, Energy: -1.07493e+02 (-1.07441e+02), Variance: 1.17134e+01 (2.08041e+01), Accept ratio: 0.48097, 
INFO:root:Epoch   430, Energy: -1.07550e+02 (-1.07467e+02), Variance: 1.06452e+01 (1.79788e+01), Accept ratio: 0.48188, 
INFO:root:Epoch   431, Energy: -1.07289e+02 (-1.07111e+02), Variance: 1.03994e+01 (2.17134e+01), Accept ratio: 0.47238, 
INFO:root:Epoch   432, Energy: -1.07332e+02 (-1.07272e+02), Variance: 9.65230e+00 (1.33213e+01), Accept ratio: 0.48224, 
INFO:root:Epoch   433, Energy: -1.07522e+02 (-1.07563e+02), Variance: 9.52237e+00 (3.61502e+01), Accept ratio: 0.48372, 
INFO:root:Epoch   434, Energy: -1.07310e+02 (-1.07158e+02), Variance: 1.11865e+01 (1.80558e+01), Accept ratio: 0.47737, 
INFO:root:Epoch   435, Energy: -1.07513e+02 (-1.07380e+02), Variance: 1.11232e+01 (1.94843e+01), Accept ratio: 0.48371, 
INFO:root:Epoch   436, Energy: -1.07368e+02 (-1.07296e+02), Variance: 9.96315e+00 (1.47780e+01), Accept ratio: 0.47415, 
INFO:root:Epoch   437, Energy: -1.07414e+02 (-1.07323e+02), Variance: 1.02568e+01 (1.69393e+01), Accept ratio: 0.47483, 
INFO:root:Epoch   438, Energy: -1.07256e+02 (-1.07056e+02), Variance: 1.04478e+01 (2.45003e+01), Accept ratio: 0.47824, 
INFO:root:Epoch   439, Energy: -1.07390e+02 (-1.07262e+02), Variance: 1.06136e+01 (2.31275e+01), Accept ratio: 0.48173, 
INFO:root:Epoch   440, Energy: -1.07372e+02 (-1.07222e+02), Variance: 1.11294e+01 (1.93260e+01), Accept ratio: 0.48351, 
INFO:root:Epoch   441, Energy: -1.07363e+02 (-1.07208e+02), Variance: 1.00462e+01 (1.73827e+01), Accept ratio: 0.47649, 
INFO:root:Epoch   442, Energy: -1.07537e+02 (-1.07447e+02), Variance: 1.04988e+01 (1.83702e+01), Accept ratio: 0.48373, 
INFO:root:Epoch   443, Energy: -1.07270e+02 (-1.06901e+02), Variance: 1.21396e+01 (7.95291e+01), Accept ratio: 0.47553, 
INFO:root:Epoch   444, Energy: -1.07442e+02 (-1.07287e+02), Variance: 9.95571e+00 (1.73972e+01), Accept ratio: 0.47870, 
INFO:root:Epoch   445, Energy: -1.07269e+02 (-1.07175e+02), Variance: 1.04674e+01 (1.98597e+01), Accept ratio: 0.48069, 
INFO:root:Epoch   446, Energy: -1.07472e+02 (-1.07327e+02), Variance: 1.07162e+01 (2.66860e+01), Accept ratio: 0.47744, 
INFO:root:Epoch   447, Energy: -1.07334e+02 (-1.07144e+02), Variance: 1.10151e+01 (2.78816e+01), Accept ratio: 0.47929, 
INFO:root:Epoch   448, Energy: -1.07431e+02 (-1.07259e+02), Variance: 1.15126e+01 (2.94002e+01), Accept ratio: 0.48238, 
INFO:root:Epoch   449, Energy: -1.07438e+02 (-1.07376e+02), Variance: 1.02423e+01 (1.44922e+01), Accept ratio: 0.48223, 
INFO:root:Epoch   450, Energy: -1.07588e+02 (-1.07331e+02), Variance: 8.79660e+00 (4.89044e+01), Accept ratio: 0.47198, 
INFO:root:Epoch   451, Energy: -1.07552e+02 (-1.07323e+02), Variance: 9.20557e+00 (4.87595e+01), Accept ratio: 0.47898, 
INFO:root:Epoch   452, Energy: -1.07409e+02 (-1.07298e+02), Variance: 1.12036e+01 (2.45063e+01), Accept ratio: 0.48222, 
INFO:root:Epoch   453, Energy: -1.07459e+02 (-1.07336e+02), Variance: 9.24999e+00 (1.53227e+01), Accept ratio: 0.47813, 
INFO:root:Epoch   454, Energy: -1.07515e+02 (-1.07424e+02), Variance: 1.04689e+01 (2.38098e+01), Accept ratio: 0.48044, 
INFO:root:Epoch   455, Energy: -1.07423e+02 (-1.07228e+02), Variance: 9.04472e+00 (1.96840e+01), Accept ratio: 0.47783, 
INFO:root:Epoch   456, Energy: -1.07639e+02 (-1.07513e+02), Variance: 9.14132e+00 (1.84945e+01), Accept ratio: 0.46232, 
INFO:root:Epoch   457, Energy: -1.07472e+02 (-1.07303e+02), Variance: 1.04297e+01 (2.02001e+01), Accept ratio: 0.47930, 
INFO:root:Epoch   458, Energy: -1.07590e+02 (-1.07622e+02), Variance: 9.63833e+00 (2.34036e+01), Accept ratio: 0.47345, 
INFO:root:Epoch   459, Energy: -1.07580e+02 (-1.07467e+02), Variance: 8.79735e+00 (1.50004e+01), Accept ratio: 0.47107, 
INFO:root:Epoch   460, Energy: -1.07439e+02 (-1.07266e+02), Variance: 7.75498e+00 (1.52128e+01), Accept ratio: 0.47586, 
INFO:root:Epoch   461, Energy: -1.07452e+02 (-1.07360e+02), Variance: 9.06868e+00 (1.56334e+01), Accept ratio: 0.48619, 
INFO:root:Epoch   462, Energy: -1.07390e+02 (-1.07201e+02), Variance: 9.67755e+00 (2.21090e+01), Accept ratio: 0.47509, 
INFO:root:Epoch   463, Energy: -1.07566e+02 (-1.07490e+02), Variance: 8.95574e+00 (1.86677e+01), Accept ratio: 0.48199, 
INFO:root:Epoch   464, Energy: -1.07580e+02 (-1.07486e+02), Variance: 8.10535e+00 (1.20738e+01), Accept ratio: 0.47540, 
INFO:root:Epoch   465, Energy: -1.07533e+02 (-1.07439e+02), Variance: 7.51575e+00 (1.34152e+01), Accept ratio: 0.47734, 
INFO:root:Epoch   466, Energy: -1.07440e+02 (-1.07334e+02), Variance: 7.69217e+00 (1.44557e+01), Accept ratio: 0.48049, 
INFO:root:Epoch   467, Energy: -1.07476e+02 (-1.07321e+02), Variance: 8.85560e+00 (1.61529e+01), Accept ratio: 0.47938, 
INFO:root:Epoch   468, Energy: -1.07643e+02 (-1.07593e+02), Variance: 7.95458e+00 (1.44341e+01), Accept ratio: 0.48358, 
INFO:root:Epoch   469, Energy: -1.07407e+02 (-1.07284e+02), Variance: 8.96244e+00 (1.93853e+01), Accept ratio: 0.48203, 
INFO:root:Epoch   470, Energy: -1.07508e+02 (-1.07387e+02), Variance: 8.28865e+00 (1.53931e+01), Accept ratio: 0.47785, 
INFO:root:Epoch   471, Energy: -1.07628e+02 (-1.07468e+02), Variance: 8.06649e+00 (2.34075e+01), Accept ratio: 0.47670, 
INFO:root:Epoch   472, Energy: -1.07677e+02 (-1.07470e+02), Variance: 7.68184e+00 (6.16916e+01), Accept ratio: 0.47945, 
INFO:root:Epoch   473, Energy: -1.07659e+02 (-1.07584e+02), Variance: 8.44613e+00 (3.96142e+01), Accept ratio: 0.47968, 
INFO:root:Epoch   474, Energy: -1.07664e+02 (-1.07594e+02), Variance: 6.50235e+00 (1.20488e+01), Accept ratio: 0.48371, 
INFO:root:Epoch   475, Energy: -1.07673e+02 (-1.07683e+02), Variance: 7.72298e+00 (1.52048e+01), Accept ratio: 0.48234, 
INFO:root:Epoch   476, Energy: -1.07639e+02 (-1.07504e+02), Variance: 7.58974e+00 (1.25408e+01), Accept ratio: 0.48326, 
INFO:root:Epoch   477, Energy: -1.07645e+02 (-1.07669e+02), Variance: 6.72995e+00 (3.49630e+01), Accept ratio: 0.47655, 
INFO:root:Epoch   478, Energy: -1.07668e+02 (-1.07567e+02), Variance: 6.79684e+00 (1.11144e+01), Accept ratio: 0.48101, 
INFO:root:Epoch   479, Energy: -1.07710e+02 (-1.07571e+02), Variance: 6.37102e+00 (1.32130e+01), Accept ratio: 0.47973, 
INFO:root:Epoch   480, Energy: -1.07579e+02 (-1.07475e+02), Variance: 6.79340e+00 (1.56245e+01), Accept ratio: 0.48095, 
INFO:root:Epoch   481, Energy: -1.07625e+02 (-1.07518e+02), Variance: 7.05887e+00 (1.59696e+01), Accept ratio: 0.47764, 
INFO:root:Epoch   482, Energy: -1.07610e+02 (-1.07505e+02), Variance: 6.74635e+00 (1.27490e+01), Accept ratio: 0.47684, 
INFO:root:Epoch   483, Energy: -1.07621e+02 (-1.07496e+02), Variance: 9.31241e+00 (2.46776e+01), Accept ratio: 0.48140, 
INFO:root:Epoch   484, Energy: -1.07707e+02 (-1.07537e+02), Variance: 8.39857e+00 (2.14129e+01), Accept ratio: 0.47513, 
INFO:root:Epoch   485, Energy: -1.07641e+02 (-1.07609e+02), Variance: 7.81778e+00 (1.43939e+01), Accept ratio: 0.47241, 
INFO:root:Epoch   486, Energy: -1.07680e+02 (-1.07588e+02), Variance: 7.08972e+00 (1.32947e+01), Accept ratio: 0.47516, 
INFO:root:Epoch   487, Energy: -1.07642e+02 (-1.07591e+02), Variance: 8.44322e+00 (1.56230e+01), Accept ratio: 0.47241, 
INFO:root:Epoch   488, Energy: -1.07650e+02 (-1.07607e+02), Variance: 7.52797e+00 (1.19255e+01), Accept ratio: 0.48075, 
INFO:root:Epoch   489, Energy: -1.07703e+02 (-1.07618e+02), Variance: 6.87461e+00 (1.07578e+01), Accept ratio: 0.47442, 
INFO:root:Epoch   490, Energy: -1.07608e+02 (-1.07569e+02), Variance: 6.66625e+00 (1.84560e+01), Accept ratio: 0.47854, 
INFO:root:Epoch   491, Energy: -1.07747e+02 (-1.07668e+02), Variance: 6.30789e+00 (9.76285e+00), Accept ratio: 0.48229, 
INFO:root:Epoch   492, Energy: -1.07740e+02 (-1.07639e+02), Variance: 6.75997e+00 (1.17728e+01), Accept ratio: 0.48066, 
INFO:root:Epoch   493, Energy: -1.07650e+02 (-1.07544e+02), Variance: 6.49633e+00 (1.17576e+01), Accept ratio: 0.47457, 
INFO:root:Epoch   494, Energy: -1.07669e+02 (-1.07655e+02), Variance: 6.73183e+00 (1.66706e+01), Accept ratio: 0.47511, 
INFO:root:Epoch   495, Energy: -1.07619e+02 (-1.07425e+02), Variance: 7.07670e+00 (1.61077e+01), Accept ratio: 0.47697, 
INFO:root:Epoch   496, Energy: -1.07692e+02 (-1.07610e+02), Variance: 7.00967e+00 (1.38145e+01), Accept ratio: 0.47089, 
INFO:root:Epoch   497, Energy: -1.07752e+02 (-1.07786e+02), Variance: 6.08964e+00 (3.25528e+01), Accept ratio: 0.48002, 
INFO:root:Epoch   498, Energy: -1.07607e+02 (-1.07463e+02), Variance: 7.13714e+00 (1.52367e+01), Accept ratio: 0.47753, 
INFO:root:Epoch   499, Energy: -1.07680e+02 (-1.07524e+02), Variance: 6.85042e+00 (1.43411e+01), Accept ratio: 0.46977, 
INFO:root:Epoch   500, Energy: -1.07716e+02 (-1.07549e+02), Variance: 7.89669e+00 (1.78691e+01), Accept ratio: 0.47806, , best weights saved
INFO:root:Epoch   501, Energy: -1.07712e+02 (-1.07529e+02), Variance: 7.81075e+00 (2.17967e+01), Accept ratio: 0.47884, 
INFO:root:Epoch   502, Energy: -1.07746e+02 (-1.07521e+02), Variance: 8.06299e+00 (4.71857e+01), Accept ratio: 0.47951, 
INFO:root:Epoch   503, Energy: -1.07648e+02 (-1.07493e+02), Variance: 6.83396e+00 (1.37660e+01), Accept ratio: 0.48035, 
INFO:root:Epoch   504, Energy: -1.07564e+02 (-1.07453e+02), Variance: 7.15165e+00 (1.17405e+01), Accept ratio: 0.48503, 
INFO:root:Epoch   505, Energy: -1.07569e+02 (-1.07238e+02), Variance: 9.40718e+00 (7.71092e+01), Accept ratio: 0.47257, 
INFO:root:Epoch   506, Energy: -1.07596e+02 (-1.07582e+02), Variance: 6.96388e+00 (1.95601e+01), Accept ratio: 0.47673, 
INFO:root:Epoch   507, Energy: -1.07681e+02 (-1.07682e+02), Variance: 7.46065e+00 (1.88656e+01), Accept ratio: 0.48015, 
INFO:root:Epoch   508, Energy: -1.07617e+02 (-1.07505e+02), Variance: 6.87860e+00 (1.12816e+01), Accept ratio: 0.47801, 
INFO:root:Epoch   509, Energy: -1.07633e+02 (-1.07451e+02), Variance: 7.57614e+00 (3.22584e+01), Accept ratio: 0.47567, 
INFO:root:Epoch   510, Energy: -1.07613e+02 (-1.07525e+02), Variance: 6.78521e+00 (1.40198e+01), Accept ratio: 0.47425, 
INFO:root:Epoch   511, Energy: -1.07649e+02 (-1.07553e+02), Variance: 7.25335e+00 (1.33762e+01), Accept ratio: 0.47770, 
INFO:root:Epoch   512, Energy: -1.07598e+02 (-1.07445e+02), Variance: 7.44562e+00 (1.32841e+01), Accept ratio: 0.48085, 
INFO:root:Epoch   513, Energy: -1.07595e+02 (-1.07505e+02), Variance: 7.48707e+00 (1.75044e+01), Accept ratio: 0.47948, 
INFO:root:Epoch   514, Energy: -1.07723e+02 (-1.07733e+02), Variance: 7.43651e+00 (1.71241e+01), Accept ratio: 0.47819, 
INFO:root:Epoch   515, Energy: -1.07615e+02 (-1.07535e+02), Variance: 7.63910e+00 (1.53367e+01), Accept ratio: 0.47750, 
INFO:root:Epoch   516, Energy: -1.07816e+02 (-1.07802e+02), Variance: 6.92680e+00 (1.39877e+01), Accept ratio: 0.48647, 
INFO:root:Epoch   517, Energy: -1.07863e+02 (-1.07725e+02), Variance: 6.53286e+00 (1.90930e+01), Accept ratio: 0.47536, 
INFO:root:Epoch   518, Energy: -1.07843e+02 (-1.08059e+02), Variance: 8.73208e+00 (4.24054e+01), Accept ratio: 0.48239, 
INFO:root:Epoch   519, Energy: -1.07771e+02 (-1.07622e+02), Variance: 6.71968e+00 (1.55888e+01), Accept ratio: 0.48114, 
INFO:root:Epoch   520, Energy: -1.07804e+02 (-1.07661e+02), Variance: 6.67088e+00 (1.33756e+01), Accept ratio: 0.48068, 
INFO:root:Epoch   521, Energy: -1.07848e+02 (-1.07767e+02), Variance: 6.47863e+00 (1.32315e+01), Accept ratio: 0.48470, 
INFO:root:Epoch   522, Energy: -1.07785e+02 (-1.07699e+02), Variance: 6.27485e+00 (1.37331e+01), Accept ratio: 0.48217, 
INFO:root:Epoch   523, Energy: -1.07699e+02 (-1.07577e+02), Variance: 6.43959e+00 (1.11636e+01), Accept ratio: 0.47198, 
INFO:root:Epoch   524, Energy: -1.07796e+02 (-1.07724e+02), Variance: 6.31662e+00 (1.04104e+01), Accept ratio: 0.48145, 
INFO:root:Epoch   525, Energy: -1.07778e+02 (-1.07652e+02), Variance: 6.00604e+00 (1.22251e+01), Accept ratio: 0.47770, 
INFO:root:Epoch   526, Energy: -1.07805e+02 (-1.07637e+02), Variance: 6.00831e+00 (1.37362e+01), Accept ratio: 0.48016, 
INFO:root:Epoch   527, Energy: -1.07840e+02 (-1.07767e+02), Variance: 5.99845e+00 (1.11592e+01), Accept ratio: 0.47592, 
INFO:root:Epoch   528, Energy: -1.07750e+02 (-1.07649e+02), Variance: 5.54647e+00 (1.26302e+01), Accept ratio: 0.47620, 
INFO:root:Epoch   529, Energy: -1.07833e+02 (-1.07712e+02), Variance: 5.68453e+00 (1.19922e+01), Accept ratio: 0.48046, 
INFO:root:Epoch   530, Energy: -1.07699e+02 (-1.07388e+02), Variance: 5.68047e+00 (4.10643e+01), Accept ratio: 0.48011, 
INFO:root:Epoch   531, Energy: -1.07786e+02 (-1.07703e+02), Variance: 5.90571e+00 (1.77674e+01), Accept ratio: 0.46789, 
INFO:root:Epoch   532, Energy: -1.07800e+02 (-1.07815e+02), Variance: 6.56085e+00 (2.45331e+01), Accept ratio: 0.47729, 
INFO:root:Epoch   533, Energy: -1.07808e+02 (-1.07783e+02), Variance: 6.14519e+00 (2.02070e+01), Accept ratio: 0.47877, 
INFO:root:Epoch   534, Energy: -1.07797e+02 (-1.07711e+02), Variance: 7.16905e+00 (1.37678e+01), Accept ratio: 0.47130, 
INFO:root:Epoch   535, Energy: -1.07787e+02 (-1.07706e+02), Variance: 6.63536e+00 (1.23944e+01), Accept ratio: 0.46836, 
INFO:root:Epoch   536, Energy: -1.07832e+02 (-1.07765e+02), Variance: 6.83065e+00 (1.31218e+01), Accept ratio: 0.47374, 
INFO:root:Epoch   537, Energy: -1.07797e+02 (-1.07733e+02), Variance: 6.17899e+00 (1.11977e+01), Accept ratio: 0.47049, 
INFO:root:Epoch   538, Energy: -1.07788e+02 (-1.07707e+02), Variance: 6.21187e+00 (1.33909e+01), Accept ratio: 0.47360, 
INFO:root:Epoch   539, Energy: -1.07857e+02 (-1.07676e+02), Variance: 6.63289e+00 (2.26749e+01), Accept ratio: 0.47324, 
INFO:root:Epoch   540, Energy: -1.07821e+02 (-1.07498e+02), Variance: 7.64246e+00 (6.76604e+01), Accept ratio: 0.47589, 
INFO:root:Epoch   541, Energy: -1.07845e+02 (-1.07675e+02), Variance: 6.52092e+00 (1.98874e+01), Accept ratio: 0.47444, 
INFO:root:Epoch   542, Energy: -1.07870e+02 (-1.07786e+02), Variance: 5.47708e+00 (1.15866e+01), Accept ratio: 0.47886, 
INFO:root:Epoch   543, Energy: -1.07770e+02 (-1.07707e+02), Variance: 6.01182e+00 (1.38353e+01), Accept ratio: 0.47867, 
INFO:root:Epoch   544, Energy: -1.07746e+02 (-1.07514e+02), Variance: 5.81790e+00 (2.08457e+01), Accept ratio: 0.47843, 
INFO:root:Epoch   545, Energy: -1.07743e+02 (-1.07599e+02), Variance: 5.74849e+00 (1.22817e+01), Accept ratio: 0.47889, 
INFO:root:Epoch   546, Energy: -1.07808e+02 (-1.07727e+02), Variance: 5.02399e+00 (1.14950e+01), Accept ratio: 0.47597, 
INFO:root:Epoch   547, Energy: -1.07794e+02 (-1.07736e+02), Variance: 5.22213e+00 (1.00278e+01), Accept ratio: 0.47347, 
INFO:root:Epoch   548, Energy: -1.07919e+02 (-1.07891e+02), Variance: 6.19983e+00 (1.23111e+01), Accept ratio: 0.47509, 
INFO:root:Epoch   549, Energy: -1.07908e+02 (-1.07853e+02), Variance: 5.84629e+00 (1.22683e+01), Accept ratio: 0.47513, 
INFO:root:Epoch   550, Energy: -1.07964e+02 (-1.07854e+02), Variance: 5.08015e+00 (1.00142e+01), Accept ratio: 0.47211, 
INFO:root:Epoch   551, Energy: -1.07839e+02 (-1.07636e+02), Variance: 5.81042e+00 (1.61644e+01), Accept ratio: 0.47679, 
INFO:root:Epoch   552, Energy: -1.07890e+02 (-1.07656e+02), Variance: 5.73023e+00 (1.94213e+01), Accept ratio: 0.47144, 
INFO:root:Epoch   553, Energy: -1.07895e+02 (-1.07712e+02), Variance: 5.44782e+00 (1.64731e+01), Accept ratio: 0.47359, 
INFO:root:Epoch   554, Energy: -1.07881e+02 (-1.07880e+02), Variance: 6.17869e+00 (2.29477e+01), Accept ratio: 0.47917, 
INFO:root:Epoch   555, Energy: -1.08021e+02 (-1.07958e+02), Variance: 5.80867e+00 (9.11122e+00), Accept ratio: 0.47462, 
INFO:root:Epoch   556, Energy: -1.07991e+02 (-1.07940e+02), Variance: 5.52290e+00 (8.71930e+00), Accept ratio: 0.47589, 
INFO:root:Epoch   557, Energy: -1.07954e+02 (-1.07835e+02), Variance: 5.10702e+00 (1.03974e+01), Accept ratio: 0.47508, 
INFO:root:Epoch   558, Energy: -1.07916e+02 (-1.07774e+02), Variance: 5.59525e+00 (3.16904e+01), Accept ratio: 0.47644, 
INFO:root:Epoch   559, Energy: -1.07935e+02 (-1.07935e+02), Variance: 5.15451e+00 (1.33707e+01), Accept ratio: 0.47237, 
INFO:root:Epoch   560, Energy: -1.07966e+02 (-1.07913e+02), Variance: 4.90492e+00 (8.45911e+00), Accept ratio: 0.48082, 
INFO:root:Epoch   561, Energy: -1.07999e+02 (-1.07932e+02), Variance: 4.47358e+00 (6.65268e+00), Accept ratio: 0.47652, 
INFO:root:Epoch   562, Energy: -1.07945e+02 (-1.07865e+02), Variance: 4.68846e+00 (6.92962e+00), Accept ratio: 0.47947, 
INFO:root:Epoch   563, Energy: -1.07932e+02 (-1.07843e+02), Variance: 4.95585e+00 (1.18720e+01), Accept ratio: 0.47802, 
INFO:root:Epoch   564, Energy: -1.08019e+02 (-1.08088e+02), Variance: 4.83739e+00 (2.07307e+01), Accept ratio: 0.48490, 
INFO:root:Epoch   565, Energy: -1.07976e+02 (-1.07935e+02), Variance: 4.50172e+00 (7.18861e+00), Accept ratio: 0.47449, 
INFO:root:Epoch   566, Energy: -1.07801e+02 (-1.07710e+02), Variance: 4.72445e+00 (8.40063e+00), Accept ratio: 0.47487, 
INFO:root:Epoch   567, Energy: -1.07999e+02 (-1.07920e+02), Variance: 4.74389e+00 (9.20935e+00), Accept ratio: 0.47387, 
INFO:root:Epoch   568, Energy: -1.07965e+02 (-1.07942e+02), Variance: 5.46916e+00 (1.23796e+01), Accept ratio: 0.46931, 
INFO:root:Epoch   569, Energy: -1.07987e+02 (-1.07981e+02), Variance: 5.05822e+00 (1.26506e+01), Accept ratio: 0.47601, 
INFO:root:Epoch   570, Energy: -1.07932e+02 (-1.07847e+02), Variance: 4.85506e+00 (9.72123e+00), Accept ratio: 0.47478, 
INFO:root:Epoch   571, Energy: -1.07941e+02 (-1.07867e+02), Variance: 4.68868e+00 (9.52235e+00), Accept ratio: 0.47509, 
INFO:root:Epoch   572, Energy: -1.08015e+02 (-1.07965e+02), Variance: 5.08450e+00 (1.08920e+01), Accept ratio: 0.47697, 
INFO:root:Epoch   573, Energy: -1.07914e+02 (-1.07874e+02), Variance: 5.13697e+00 (1.21420e+01), Accept ratio: 0.47470, 
INFO:root:Epoch   574, Energy: -1.07922e+02 (-1.07923e+02), Variance: 5.37562e+00 (1.06846e+01), Accept ratio: 0.48080, 
INFO:root:Epoch   575, Energy: -1.08064e+02 (-1.08216e+02), Variance: 4.75276e+00 (3.30072e+01), Accept ratio: 0.47562, 
INFO:root:Epoch   576, Energy: -1.08085e+02 (-1.08008e+02), Variance: 4.37150e+00 (8.29499e+00), Accept ratio: 0.47083, 
INFO:root:Epoch   577, Energy: -1.07976e+02 (-1.07860e+02), Variance: 4.64923e+00 (1.10837e+01), Accept ratio: 0.47945, 
INFO:root:Epoch   578, Energy: -1.08163e+02 (-1.08154e+02), Variance: 4.54479e+00 (6.69639e+00), Accept ratio: 0.47319, 
INFO:root:Epoch   579, Energy: -1.08073e+02 (-1.08050e+02), Variance: 4.31423e+00 (9.53682e+00), Accept ratio: 0.48030, 
INFO:root:Epoch   580, Energy: -1.08026e+02 (-1.07970e+02), Variance: 4.53896e+00 (7.64608e+00), Accept ratio: 0.47811, 
INFO:root:Epoch   581, Energy: -1.08142e+02 (-1.08119e+02), Variance: 3.93633e+00 (5.02629e+00), Accept ratio: 0.47983, 
INFO:root:Epoch   582, Energy: -1.08088e+02 (-1.08059e+02), Variance: 3.91407e+00 (4.88782e+00), Accept ratio: 0.47841, 
INFO:root:Epoch   583, Energy: -1.07956e+02 (-1.07902e+02), Variance: 4.55621e+00 (6.33919e+00), Accept ratio: 0.48565, 
INFO:root:Epoch   584, Energy: -1.08064e+02 (-1.08046e+02), Variance: 4.06917e+00 (5.55060e+00), Accept ratio: 0.48637, 
INFO:root:Epoch   585, Energy: -1.08052e+02 (-1.08010e+02), Variance: 4.42022e+00 (6.73912e+00), Accept ratio: 0.48060, 
INFO:root:Epoch   586, Energy: -1.08015e+02 (-1.07976e+02), Variance: 4.63649e+00 (1.40526e+01), Accept ratio: 0.48203, 
INFO:root:Epoch   587, Energy: -1.07942e+02 (-1.07863e+02), Variance: 4.54196e+00 (7.10550e+00), Accept ratio: 0.48013, 
INFO:root:Epoch   588, Energy: -1.08079e+02 (-1.08054e+02), Variance: 3.95839e+00 (5.93347e+00), Accept ratio: 0.47813, 
INFO:root:Epoch   589, Energy: -1.07960e+02 (-1.07974e+02), Variance: 4.76902e+00 (7.48836e+00), Accept ratio: 0.47606, 
INFO:root:Epoch   590, Energy: -1.08013e+02 (-1.08020e+02), Variance: 4.14924e+00 (6.77778e+00), Accept ratio: 0.47894, 
INFO:root:Epoch   591, Energy: -1.08117e+02 (-1.08121e+02), Variance: 4.18511e+00 (6.27546e+00), Accept ratio: 0.47817, 
INFO:root:Epoch   592, Energy: -1.08056e+02 (-1.08145e+02), Variance: 4.19831e+00 (1.62388e+01), Accept ratio: 0.47492, 
INFO:root:Epoch   593, Energy: -1.08028e+02 (-1.08013e+02), Variance: 4.01473e+00 (5.92086e+00), Accept ratio: 0.46766, 
INFO:root:Epoch   594, Energy: -1.08049e+02 (-1.08064e+02), Variance: 4.38897e+00 (1.20004e+01), Accept ratio: 0.47340, 
INFO:root:Epoch   595, Energy: -1.08147e+02 (-1.08076e+02), Variance: 4.39056e+00 (7.22811e+00), Accept ratio: 0.47538, 
INFO:root:Epoch   596, Energy: -1.08061e+02 (-1.07983e+02), Variance: 4.63248e+00 (7.08058e+00), Accept ratio: 0.47667, 
INFO:root:Epoch   597, Energy: -1.08058e+02 (-1.07881e+02), Variance: 4.56913e+00 (1.95489e+01), Accept ratio: 0.47398, 
INFO:root:Epoch   598, Energy: -1.08182e+02 (-1.08165e+02), Variance: 4.73277e+00 (7.33294e+00), Accept ratio: 0.47423, 
INFO:root:Epoch   599, Energy: -1.08141e+02 (-1.08059e+02), Variance: 4.57108e+00 (1.00853e+01), Accept ratio: 0.47609, 
INFO:root:Epoch   600, Energy: -1.08162e+02 (-1.08137e+02), Variance: 4.72012e+00 (7.05044e+00), Accept ratio: 0.47848, , best weights saved
INFO:root:Epoch   601, Energy: -1.08135e+02 (-1.08107e+02), Variance: 4.53214e+00 (6.65993e+00), Accept ratio: 0.48131, 
INFO:root:Epoch   602, Energy: -1.08120e+02 (-1.08101e+02), Variance: 3.98682e+00 (7.15107e+00), Accept ratio: 0.47807, 
INFO:root:Epoch   603, Energy: -1.08053e+02 (-1.07989e+02), Variance: 4.25511e+00 (9.30982e+00), Accept ratio: 0.47837, 
INFO:root:Epoch   604, Energy: -1.08220e+02 (-1.08173e+02), Variance: 3.81972e+00 (7.01627e+00), Accept ratio: 0.47481, 
INFO:root:Epoch   605, Energy: -1.08132e+02 (-1.08064e+02), Variance: 4.20879e+00 (6.93755e+00), Accept ratio: 0.47330, 
INFO:root:Epoch   606, Energy: -1.08225e+02 (-1.08187e+02), Variance: 4.03712e+00 (5.69969e+00), Accept ratio: 0.47700, 
INFO:root:Epoch   607, Energy: -1.08140e+02 (-1.08085e+02), Variance: 3.98091e+00 (7.66607e+00), Accept ratio: 0.47837, 
INFO:root:Epoch   608, Energy: -1.08076e+02 (-1.07974e+02), Variance: 4.73040e+00 (1.18670e+01), Accept ratio: 0.47522, 
INFO:root:Epoch   609, Energy: -1.08155e+02 (-1.08095e+02), Variance: 3.97219e+00 (6.03573e+00), Accept ratio: 0.47101, 
INFO:root:Epoch   610, Energy: -1.08149e+02 (-1.07987e+02), Variance: 4.10921e+00 (1.62783e+01), Accept ratio: 0.47509, 
INFO:root:Epoch   611, Energy: -1.08150e+02 (-1.08086e+02), Variance: 4.50895e+00 (6.85813e+00), Accept ratio: 0.48369, 
INFO:root:Epoch   612, Energy: -1.08065e+02 (-1.08016e+02), Variance: 4.56924e+00 (6.61923e+00), Accept ratio: 0.47678, 
INFO:root:Epoch   613, Energy: -1.08107e+02 (-1.08022e+02), Variance: 5.09250e+00 (1.07739e+01), Accept ratio: 0.48004, 
INFO:root:Epoch   614, Energy: -1.08122e+02 (-1.08090e+02), Variance: 4.26148e+00 (6.04998e+00), Accept ratio: 0.47602, 
INFO:root:Epoch   615, Energy: -1.08116e+02 (-1.08038e+02), Variance: 5.13611e+00 (9.28078e+00), Accept ratio: 0.48144, 
INFO:root:Epoch   616, Energy: -1.08194e+02 (-1.08192e+02), Variance: 4.66565e+00 (9.05327e+00), Accept ratio: 0.47127, 
INFO:root:Epoch   617, Energy: -1.08178e+02 (-1.08060e+02), Variance: 5.04907e+00 (1.35731e+01), Accept ratio: 0.47431, 
INFO:root:Epoch   618, Energy: -1.08132e+02 (-1.08091e+02), Variance: 4.23550e+00 (7.21367e+00), Accept ratio: 0.47433, 
INFO:root:Epoch   619, Energy: -1.08128e+02 (-1.08088e+02), Variance: 4.52226e+00 (7.64522e+00), Accept ratio: 0.47060, 
INFO:root:Epoch   620, Energy: -1.08056e+02 (-1.08025e+02), Variance: 3.93356e+00 (7.41855e+00), Accept ratio: 0.46925, 
INFO:root:Epoch   621, Energy: -1.08172e+02 (-1.08187e+02), Variance: 4.31350e+00 (1.03321e+01), Accept ratio: 0.47262, 
INFO:root:Epoch   622, Energy: -1.08046e+02 (-1.08015e+02), Variance: 4.60004e+00 (8.22271e+00), Accept ratio: 0.47345, 
INFO:root:Epoch   623, Energy: -1.08215e+02 (-1.08191e+02), Variance: 3.62429e+00 (5.70572e+00), Accept ratio: 0.47754, 
INFO:root:Epoch   624, Energy: -1.08340e+02 (-1.08273e+02), Variance: 4.54396e+00 (8.27073e+00), Accept ratio: 0.47689, 
INFO:root:Epoch   625, Energy: -1.08221e+02 (-1.08174e+02), Variance: 3.53944e+00 (5.85861e+00), Accept ratio: 0.47462, 
INFO:root:Epoch   626, Energy: -1.08247e+02 (-1.08223e+02), Variance: 3.89983e+00 (7.65937e+00), Accept ratio: 0.47386, 
INFO:root:Epoch   627, Energy: -1.08176e+02 (-1.08151e+02), Variance: 4.19475e+00 (6.81147e+00), Accept ratio: 0.47380, 
INFO:root:Epoch   628, Energy: -1.08206e+02 (-1.08211e+02), Variance: 3.96496e+00 (1.23601e+01), Accept ratio: 0.47050, 
INFO:root:Epoch   629, Energy: -1.08189e+02 (-1.08152e+02), Variance: 4.27110e+00 (7.66153e+00), Accept ratio: 0.47814, 
INFO:root:Epoch   630, Energy: -1.08180e+02 (-1.08162e+02), Variance: 4.36472e+00 (1.55044e+01), Accept ratio: 0.47464, 
INFO:root:Epoch   631, Energy: -1.08188e+02 (-1.08140e+02), Variance: 3.53796e+00 (6.02670e+00), Accept ratio: 0.47982, 
INFO:root:Epoch   632, Energy: -1.08177e+02 (-1.08050e+02), Variance: 3.79664e+00 (1.23105e+01), Accept ratio: 0.46727, 
INFO:root:Epoch   633, Energy: -1.08225e+02 (-1.08159e+02), Variance: 3.89151e+00 (7.65689e+00), Accept ratio: 0.47703, 
INFO:root:Epoch   634, Energy: -1.08239e+02 (-1.08180e+02), Variance: 3.62050e+00 (8.92192e+00), Accept ratio: 0.46978, 
INFO:root:Epoch   635, Energy: -1.08178e+02 (-1.08011e+02), Variance: 4.24849e+00 (2.51206e+01), Accept ratio: 0.46838, 
INFO:root:Epoch   636, Energy: -1.08260e+02 (-1.08005e+02), Variance: 4.41041e+00 (5.97818e+01), Accept ratio: 0.47348, 
INFO:root:Epoch   637, Energy: -1.08218e+02 (-1.07970e+02), Variance: 4.02353e+00 (5.70761e+01), Accept ratio: 0.47764, 
INFO:root:Epoch   638, Energy: -1.08204e+02 (-1.08139e+02), Variance: 4.84800e+00 (3.01435e+01), Accept ratio: 0.47394, 
INFO:root:Epoch   639, Energy: -1.08119e+02 (-1.08034e+02), Variance: 3.87786e+00 (1.02938e+01), Accept ratio: 0.47856, 
INFO:root:Epoch   640, Energy: -1.08122e+02 (-1.08015e+02), Variance: 3.79120e+00 (8.09504e+00), Accept ratio: 0.47108, 
INFO:root:Epoch   641, Energy: -1.08126e+02 (-1.08014e+02), Variance: 4.14770e+00 (1.14848e+01), Accept ratio: 0.46698, 
INFO:root:Epoch   642, Energy: -1.08180e+02 (-1.08107e+02), Variance: 4.10452e+00 (6.93819e+00), Accept ratio: 0.47425, 
INFO:root:Epoch   643, Energy: -1.08073e+02 (-1.07979e+02), Variance: 4.22712e+00 (9.15605e+00), Accept ratio: 0.47484, 
INFO:root:Epoch   644, Energy: -1.08301e+02 (-1.08396e+02), Variance: 4.41593e+00 (1.19759e+01), Accept ratio: 0.46662, 
INFO:root:Epoch   645, Energy: -1.08248e+02 (-1.08361e+02), Variance: 4.15715e+00 (2.68561e+01), Accept ratio: 0.47010, 
INFO:root:Epoch   646, Energy: -1.08263e+02 (-1.08178e+02), Variance: 4.53913e+00 (9.30661e+00), Accept ratio: 0.47046, 
INFO:root:Epoch   647, Energy: -1.08329e+02 (-1.08335e+02), Variance: 4.04260e+00 (7.59184e+00), Accept ratio: 0.47394, 
INFO:root:Epoch   648, Energy: -1.08304e+02 (-1.08263e+02), Variance: 4.07134e+00 (5.87754e+00), Accept ratio: 0.47608, 
INFO:root:Epoch   649, Energy: -1.08219e+02 (-1.08162e+02), Variance: 3.82660e+00 (6.74145e+00), Accept ratio: 0.47335, 
INFO:root:Epoch   650, Energy: -1.08282e+02 (-1.08257e+02), Variance: 3.92348e+00 (5.85714e+00), Accept ratio: 0.47327, 
INFO:root:Epoch   651, Energy: -1.08358e+02 (-1.08388e+02), Variance: 4.06629e+00 (7.15768e+00), Accept ratio: 0.46922, 
INFO:root:Epoch   652, Energy: -1.08246e+02 (-1.08279e+02), Variance: 4.00372e+00 (7.66089e+00), Accept ratio: 0.47474, 
INFO:root:Epoch   653, Energy: -1.08188e+02 (-1.08156e+02), Variance: 3.83545e+00 (7.76023e+00), Accept ratio: 0.47808, 
INFO:root:Epoch   654, Energy: -1.08109e+02 (-1.08061e+02), Variance: 3.94660e+00 (6.33583e+00), Accept ratio: 0.46891, 
INFO:root:Epoch   655, Energy: -1.08234e+02 (-1.08218e+02), Variance: 3.87410e+00 (5.84109e+00), Accept ratio: 0.47635, 
INFO:root:Epoch   656, Energy: -1.08204e+02 (-1.08175e+02), Variance: 3.47868e+00 (4.80526e+00), Accept ratio: 0.47364, 
INFO:root:Epoch   657, Energy: -1.08318e+02 (-1.08338e+02), Variance: 3.88967e+00 (7.29018e+00), Accept ratio: 0.46724, 
INFO:root:Epoch   658, Energy: -1.08254e+02 (-1.08229e+02), Variance: 3.58215e+00 (4.55637e+00), Accept ratio: 0.47353, 
INFO:root:Epoch   659, Energy: -1.08215e+02 (-1.08190e+02), Variance: 4.11543e+00 (5.56896e+00), Accept ratio: 0.48028, 
INFO:root:Epoch   660, Energy: -1.08348e+02 (-1.08336e+02), Variance: 3.54698e+00 (5.95471e+00), Accept ratio: 0.47932, 
INFO:root:Epoch   661, Energy: -1.08296e+02 (-1.08149e+02), Variance: 3.72275e+00 (1.88199e+01), Accept ratio: 0.47131, 
INFO:root:Epoch   662, Energy: -1.08307e+02 (-1.08324e+02), Variance: 3.06275e+00 (6.80867e+00), Accept ratio: 0.47425, 
INFO:root:Epoch   663, Energy: -1.08274e+02 (-1.08247e+02), Variance: 3.05810e+00 (3.94912e+00), Accept ratio: 0.47953, 
INFO:root:Epoch   664, Energy: -1.08366e+02 (-1.08292e+02), Variance: 3.47555e+00 (7.35872e+00), Accept ratio: 0.47301, 
INFO:root:Epoch   665, Energy: -1.08265e+02 (-1.08287e+02), Variance: 3.56541e+00 (8.34723e+00), Accept ratio: 0.47216, 
INFO:root:Epoch   666, Energy: -1.08291e+02 (-1.08321e+02), Variance: 3.53755e+00 (6.37029e+00), Accept ratio: 0.47581, 
INFO:root:Epoch   667, Energy: -1.08181e+02 (-1.08096e+02), Variance: 3.69504e+00 (8.53241e+00), Accept ratio: 0.46942, 
INFO:root:Epoch   668, Energy: -1.08194e+02 (-1.08191e+02), Variance: 3.50073e+00 (1.04058e+01), Accept ratio: 0.47723, 
INFO:root:Epoch   669, Energy: -1.08193e+02 (-1.08138e+02), Variance: 3.18185e+00 (8.90619e+00), Accept ratio: 0.46931, 
INFO:root:Epoch   670, Energy: -1.08263e+02 (-1.08217e+02), Variance: 2.98497e+00 (4.73262e+00), Accept ratio: 0.46598, 
INFO:root:Epoch   671, Energy: -1.08243e+02 (-1.08248e+02), Variance: 2.86809e+00 (1.18693e+01), Accept ratio: 0.47870, 
INFO:root:Epoch   672, Energy: -1.08230e+02 (-1.08161e+02), Variance: 3.41355e+00 (1.15681e+01), Accept ratio: 0.47682, 
INFO:root:Epoch   673, Energy: -1.08260e+02 (-1.08241e+02), Variance: 3.60716e+00 (6.32588e+00), Accept ratio: 0.46996, 
INFO:root:Epoch   674, Energy: -1.08274e+02 (-1.08208e+02), Variance: 3.16245e+00 (6.30412e+00), Accept ratio: 0.47723, 
INFO:root:Epoch   675, Energy: -1.08293e+02 (-1.08277e+02), Variance: 2.94058e+00 (4.29866e+00), Accept ratio: 0.47508, 
INFO:root:Epoch   676, Energy: -1.08223e+02 (-1.08135e+02), Variance: 3.38122e+00 (7.02026e+00), Accept ratio: 0.47640, 
INFO:root:Epoch   677, Energy: -1.08245e+02 (-1.08237e+02), Variance: 2.88479e+00 (4.86517e+00), Accept ratio: 0.47441, 
INFO:root:Epoch   678, Energy: -1.08252e+02 (-1.08243e+02), Variance: 2.81753e+00 (4.58540e+00), Accept ratio: 0.47436, 
INFO:root:Epoch   679, Energy: -1.08257e+02 (-1.08239e+02), Variance: 3.34280e+00 (4.56837e+00), Accept ratio: 0.48080, 
INFO:root:Epoch   680, Energy: -1.08312e+02 (-1.08250e+02), Variance: 3.59897e+00 (6.09754e+00), Accept ratio: 0.47253, 
INFO:root:Epoch   681, Energy: -1.08317e+02 (-1.08364e+02), Variance: 3.73396e+00 (2.42775e+01), Accept ratio: 0.46964, 
INFO:root:Epoch   682, Energy: -1.08386e+02 (-1.08495e+02), Variance: 3.23354e+00 (2.73333e+01), Accept ratio: 0.46738, 
INFO:root:Epoch   683, Energy: -1.08301e+02 (-1.08305e+02), Variance: 3.22595e+00 (8.28845e+00), Accept ratio: 0.47830, 
INFO:root:Epoch   684, Energy: -1.08391e+02 (-1.08389e+02), Variance: 3.33458e+00 (5.01367e+00), Accept ratio: 0.47168, 
INFO:root:Epoch   685, Energy: -1.08350e+02 (-1.08316e+02), Variance: 2.88595e+00 (5.82974e+00), Accept ratio: 0.47725, 
INFO:root:Epoch   686, Energy: -1.08302e+02 (-1.08201e+02), Variance: 3.04329e+00 (6.89144e+00), Accept ratio: 0.47209, 
INFO:root:Epoch   687, Energy: -1.08373e+02 (-1.08292e+02), Variance: 2.79227e+00 (5.67215e+00), Accept ratio: 0.47023, 
INFO:root:Epoch   688, Energy: -1.08301e+02 (-1.08267e+02), Variance: 2.92469e+00 (4.67260e+00), Accept ratio: 0.47077, 
INFO:root:Epoch   689, Energy: -1.08305e+02 (-1.08260e+02), Variance: 2.71560e+00 (4.05751e+00), Accept ratio: 0.47292, 
INFO:root:Epoch   690, Energy: -1.08261e+02 (-1.08242e+02), Variance: 2.80850e+00 (3.56021e+00), Accept ratio: 0.47620, 
INFO:root:Epoch   691, Energy: -1.08356e+02 (-1.08295e+02), Variance: 2.94098e+00 (6.06928e+00), Accept ratio: 0.47710, 
INFO:root:Epoch   692, Energy: -1.08304e+02 (-1.08298e+02), Variance: 2.88625e+00 (3.69069e+00), Accept ratio: 0.47350, 
INFO:root:Epoch   693, Energy: -1.08356e+02 (-1.08368e+02), Variance: 2.90735e+00 (4.53175e+00), Accept ratio: 0.47445, 
INFO:root:Epoch   694, Energy: -1.08402e+02 (-1.08427e+02), Variance: 3.29181e+00 (6.15468e+00), Accept ratio: 0.47290, 
INFO:root:Epoch   695, Energy: -1.08475e+02 (-1.08478e+02), Variance: 2.67067e+00 (3.30134e+00), Accept ratio: 0.46863, 
INFO:root:Epoch   696, Energy: -1.08344e+02 (-1.08325e+02), Variance: 2.76337e+00 (3.32848e+00), Accept ratio: 0.47248, 
INFO:root:Epoch   697, Energy: -1.08382e+02 (-1.08323e+02), Variance: 2.93705e+00 (5.13548e+00), Accept ratio: 0.47722, 
INFO:root:Epoch   698, Energy: -1.08364e+02 (-1.08377e+02), Variance: 2.91624e+00 (3.29668e+00), Accept ratio: 0.47480, 
INFO:root:Epoch   699, Energy: -1.08402e+02 (-1.08399e+02), Variance: 2.77881e+00 (3.39396e+00), Accept ratio: 0.47889, 
INFO:root:Epoch   700, Energy: -1.08340e+02 (-1.08342e+02), Variance: 2.89038e+00 (5.10793e+00), Accept ratio: 0.47210, , best weights saved
INFO:root:Epoch   701, Energy: -1.08440e+02 (-1.08474e+02), Variance: 2.61651e+00 (6.65659e+00), Accept ratio: 0.47367, 
INFO:root:Epoch   702, Energy: -1.08418e+02 (-1.08479e+02), Variance: 2.70142e+00 (1.76354e+01), Accept ratio: 0.47180, 
INFO:root:Epoch   703, Energy: -1.08420e+02 (-1.08386e+02), Variance: 2.93533e+00 (3.82642e+00), Accept ratio: 0.46742, 
INFO:root:Epoch   704, Energy: -1.08429e+02 (-1.08427e+02), Variance: 2.91315e+00 (3.39317e+00), Accept ratio: 0.46878, 
INFO:root:Epoch   705, Energy: -1.08406e+02 (-1.08391e+02), Variance: 3.06485e+00 (4.04035e+00), Accept ratio: 0.47489, 
INFO:root:Epoch   706, Energy: -1.08415e+02 (-1.08467e+02), Variance: 2.82378e+00 (5.75320e+00), Accept ratio: 0.47218, 
INFO:root:Epoch   707, Energy: -1.08447e+02 (-1.08468e+02), Variance: 2.74078e+00 (3.51538e+00), Accept ratio: 0.46752, 
INFO:root:Epoch   708, Energy: -1.08384e+02 (-1.08393e+02), Variance: 2.67155e+00 (3.21502e+00), Accept ratio: 0.47623, 
INFO:root:Epoch   709, Energy: -1.08490e+02 (-1.08488e+02), Variance: 2.90653e+00 (3.78376e+00), Accept ratio: 0.47251, 
INFO:root:Epoch   710, Energy: -1.08450e+02 (-1.08457e+02), Variance: 2.70810e+00 (3.21777e+00), Accept ratio: 0.47578, 
INFO:root:Epoch   711, Energy: -1.08443e+02 (-1.08419e+02), Variance: 3.06437e+00 (4.36160e+00), Accept ratio: 0.47286, 
INFO:root:Epoch   712, Energy: -1.08374e+02 (-1.08363e+02), Variance: 3.03499e+00 (4.38552e+00), Accept ratio: 0.47841, 
INFO:root:Epoch   713, Energy: -1.08406e+02 (-1.08354e+02), Variance: 2.85907e+00 (5.37162e+00), Accept ratio: 0.47606, 
INFO:root:Epoch   714, Energy: -1.08327e+02 (-1.08272e+02), Variance: 3.04784e+00 (6.36173e+00), Accept ratio: 0.47352, 
INFO:root:Epoch   715, Energy: -1.08416e+02 (-1.08448e+02), Variance: 2.54108e+00 (3.76602e+00), Accept ratio: 0.47728, 
INFO:root:Epoch   716, Energy: -1.08511e+02 (-1.08498e+02), Variance: 2.60716e+00 (5.44890e+00), Accept ratio: 0.47844, 
INFO:root:Epoch   717, Energy: -1.08495e+02 (-1.08410e+02), Variance: 2.75396e+00 (1.09911e+01), Accept ratio: 0.47649, 
INFO:root:Epoch   718, Energy: -1.08497e+02 (-1.08524e+02), Variance: 2.64275e+00 (3.65129e+00), Accept ratio: 0.48237, 
INFO:root:Epoch   719, Energy: -1.08478e+02 (-1.08472e+02), Variance: 2.68498e+00 (3.95575e+00), Accept ratio: 0.47305, 
INFO:root:Epoch   720, Energy: -1.08435e+02 (-1.08331e+02), Variance: 2.89967e+00 (8.78204e+00), Accept ratio: 0.47414, 
INFO:root:Epoch   721, Energy: -1.08398e+02 (-1.08423e+02), Variance: 2.72905e+00 (4.10797e+00), Accept ratio: 0.47882, 
INFO:root:Epoch   722, Energy: -1.08389e+02 (-1.08396e+02), Variance: 2.81561e+00 (4.60195e+00), Accept ratio: 0.47016, 
INFO:root:Epoch   723, Energy: -1.08401e+02 (-1.08391e+02), Variance: 2.83514e+00 (3.81001e+00), Accept ratio: 0.47249, 
INFO:root:Epoch   724, Energy: -1.08473e+02 (-1.08484e+02), Variance: 2.48061e+00 (3.80179e+00), Accept ratio: 0.47456, 
INFO:root:Epoch   725, Energy: -1.08457e+02 (-1.08442e+02), Variance: 2.59860e+00 (2.97903e+00), Accept ratio: 0.47950, 
INFO:root:Epoch   726, Energy: -1.08386e+02 (-1.08295e+02), Variance: 2.49186e+00 (1.24768e+01), Accept ratio: 0.48492, 
INFO:root:Epoch   727, Energy: -1.08427e+02 (-1.08428e+02), Variance: 2.90387e+00 (5.91373e+00), Accept ratio: 0.47897, 
INFO:root:Epoch   728, Energy: -1.08478e+02 (-1.08523e+02), Variance: 2.83870e+00 (4.10688e+00), Accept ratio: 0.47054, 
INFO:root:Epoch   729, Energy: -1.08512e+02 (-1.08579e+02), Variance: 2.80719e+00 (6.10417e+00), Accept ratio: 0.47371, 
INFO:root:Epoch   730, Energy: -1.08459e+02 (-1.08523e+02), Variance: 2.73440e+00 (5.52672e+00), Accept ratio: 0.47379, 
INFO:root:Epoch   731, Energy: -1.08422e+02 (-1.08492e+02), Variance: 3.10555e+00 (8.25054e+00), Accept ratio: 0.46970, 
INFO:root:Epoch   732, Energy: -1.08363e+02 (-1.08340e+02), Variance: 2.56486e+00 (4.52792e+00), Accept ratio: 0.47843, 
INFO:root:Epoch   733, Energy: -1.08405e+02 (-1.08374e+02), Variance: 2.86579e+00 (4.77913e+00), Accept ratio: 0.47437, 
INFO:root:Epoch   734, Energy: -1.08368e+02 (-1.08384e+02), Variance: 3.03776e+00 (4.66636e+00), Accept ratio: 0.46841, 
INFO:root:Epoch   735, Energy: -1.08383e+02 (-1.08219e+02), Variance: 2.96002e+00 (5.15658e+01), Accept ratio: 0.47370, 
INFO:root:Epoch   736, Energy: -1.08384e+02 (-1.08367e+02), Variance: 2.93952e+00 (4.21911e+00), Accept ratio: 0.47498, 
INFO:root:Epoch   737, Energy: -1.08377e+02 (-1.08311e+02), Variance: 2.79859e+00 (1.29695e+01), Accept ratio: 0.47166, 
INFO:root:Epoch   738, Energy: -1.08423e+02 (-1.08499e+02), Variance: 2.83445e+00 (8.51562e+00), Accept ratio: 0.47158, 
INFO:root:Epoch   739, Energy: -1.08455e+02 (-1.08434e+02), Variance: 2.93588e+00 (3.95070e+00), Accept ratio: 0.47474, 
INFO:root:Epoch   740, Energy: -1.08408e+02 (-1.08397e+02), Variance: 2.54860e+00 (3.52038e+00), Accept ratio: 0.46935, 
INFO:root:Epoch   741, Energy: -1.08472e+02 (-1.08457e+02), Variance: 2.74767e+00 (3.12234e+00), Accept ratio: 0.47654, 
INFO:root:Epoch   742, Energy: -1.08439e+02 (-1.08449e+02), Variance: 3.25303e+00 (5.11140e+00), Accept ratio: 0.46762, 
INFO:root:Epoch   743, Energy: -1.08514e+02 (-1.08511e+02), Variance: 2.80787e+00 (3.85056e+00), Accept ratio: 0.47238, 
INFO:root:Epoch   744, Energy: -1.08422e+02 (-1.08433e+02), Variance: 3.29782e+00 (6.80390e+00), Accept ratio: 0.47100, 
INFO:root:Epoch   745, Energy: -1.08472e+02 (-1.08428e+02), Variance: 3.02264e+00 (7.83422e+00), Accept ratio: 0.47013, 
INFO:root:Epoch   746, Energy: -1.08498e+02 (-1.08494e+02), Variance: 2.61027e+00 (2.85884e+00), Accept ratio: 0.46365, 
INFO:root:Epoch   747, Energy: -1.08441e+02 (-1.07877e+02), Variance: 2.73757e+00 (3.42024e+02), Accept ratio: 0.47145, 
INFO:root:Epoch   748, Energy: -1.08417e+02 (-1.08409e+02), Variance: 2.71618e+00 (3.34134e+00), Accept ratio: 0.47712, 
INFO:root:Epoch   749, Energy: -1.08471e+02 (-1.08473e+02), Variance: 2.62883e+00 (2.92290e+00), Accept ratio: 0.47477, 
INFO:root:Epoch   750, Energy: -1.08463e+02 (-1.08442e+02), Variance: 2.54008e+00 (4.97103e+00), Accept ratio: 0.47463, 
INFO:root:Epoch   751, Energy: -1.08446e+02 (-1.07748e+02), Variance: 3.32807e+00 (5.20484e+02), Accept ratio: 0.47113, 
INFO:root:Epoch   752, Energy: -1.08438e+02 (-1.08391e+02), Variance: 2.68130e+00 (4.49703e+00), Accept ratio: 0.46691, 
INFO:root:Epoch   753, Energy: -1.08450e+02 (-1.08362e+02), Variance: 2.59054e+00 (7.89203e+00), Accept ratio: 0.47340, 
INFO:root:Epoch   754, Energy: -1.08503e+02 (-1.08494e+02), Variance: 2.43002e+00 (3.13922e+00), Accept ratio: 0.46649, 
INFO:root:Epoch   755, Energy: -1.08453e+02 (-1.08433e+02), Variance: 2.45710e+00 (3.06451e+00), Accept ratio: 0.47827, 
INFO:root:Epoch   756, Energy: -1.08482e+02 (-1.08424e+02), Variance: 2.42674e+00 (5.08535e+00), Accept ratio: 0.47023, 
INFO:root:Epoch   757, Energy: -1.08492e+02 (-1.08456e+02), Variance: 2.70538e+00 (3.65549e+00), Accept ratio: 0.47510, 
INFO:root:Epoch   758, Energy: -1.08500e+02 (-1.08482e+02), Variance: 2.56791e+00 (3.74121e+00), Accept ratio: 0.46965, 
INFO:root:Epoch   759, Energy: -1.08443e+02 (-1.08443e+02), Variance: 2.25146e+00 (4.16741e+00), Accept ratio: 0.47393, 
INFO:root:Epoch   760, Energy: -1.08536e+02 (-1.08497e+02), Variance: 2.23470e+00 (5.43666e+00), Accept ratio: 0.47496, 
INFO:root:Epoch   761, Energy: -1.08488e+02 (-1.08506e+02), Variance: 2.27086e+00 (4.98676e+00), Accept ratio: 0.47442, 
INFO:root:Epoch   762, Energy: -1.08553e+02 (-1.08504e+02), Variance: 2.43682e+00 (6.52006e+00), Accept ratio: 0.47006, 
INFO:root:Epoch   763, Energy: -1.08558e+02 (-1.08553e+02), Variance: 2.49757e+00 (5.17677e+00), Accept ratio: 0.47761, 
INFO:root:Epoch   764, Energy: -1.08445e+02 (-1.08401e+02), Variance: 2.84607e+00 (5.90612e+00), Accept ratio: 0.47648, 
INFO:root:Epoch   765, Energy: -1.08472e+02 (-1.08475e+02), Variance: 2.68854e+00 (4.12978e+00), Accept ratio: 0.47789, 
INFO:root:Epoch   766, Energy: -1.08499e+02 (-1.08543e+02), Variance: 2.76550e+00 (5.43776e+00), Accept ratio: 0.47893, 
INFO:root:Epoch   767, Energy: -1.08469e+02 (-1.08482e+02), Variance: 2.45808e+00 (4.17660e+00), Accept ratio: 0.47309, 
INFO:root:Epoch   768, Energy: -1.08519e+02 (-1.08482e+02), Variance: 2.75774e+00 (5.24342e+00), Accept ratio: 0.47150, 
INFO:root:Epoch   769, Energy: -1.08522e+02 (-1.08549e+02), Variance: 2.49131e+00 (3.72081e+00), Accept ratio: 0.46895, 
INFO:root:Epoch   770, Energy: -1.08579e+02 (-1.08593e+02), Variance: 2.52324e+00 (3.92953e+00), Accept ratio: 0.46938, 
INFO:root:Epoch   771, Energy: -1.08446e+02 (-1.08393e+02), Variance: 2.43880e+00 (4.64937e+00), Accept ratio: 0.47164, 
INFO:root:Epoch   772, Energy: -1.08432e+02 (-1.08421e+02), Variance: 2.24660e+00 (2.80064e+00), Accept ratio: 0.47254, 
INFO:root:Epoch   773, Energy: -1.08455e+02 (-1.08488e+02), Variance: 2.48664e+00 (5.89308e+00), Accept ratio: 0.46874, 
INFO:root:Epoch   774, Energy: -1.08545e+02 (-1.08561e+02), Variance: 2.78718e+00 (4.12057e+00), Accept ratio: 0.47234, 
INFO:root:Epoch   775, Energy: -1.08404e+02 (-1.08454e+02), Variance: 2.66951e+00 (4.72849e+00), Accept ratio: 0.47066, 
INFO:root:Epoch   776, Energy: -1.08370e+02 (-1.08373e+02), Variance: 2.44762e+00 (2.92837e+00), Accept ratio: 0.46916, 
INFO:root:Epoch   777, Energy: -1.08419e+02 (-1.08386e+02), Variance: 2.46550e+00 (3.97394e+00), Accept ratio: 0.47710, 
INFO:root:Epoch   778, Energy: -1.08477e+02 (-1.08509e+02), Variance: 2.78687e+00 (4.47738e+00), Accept ratio: 0.47388, 
INFO:root:Epoch   779, Energy: -1.08465e+02 (-1.08491e+02), Variance: 2.37715e+00 (4.30733e+00), Accept ratio: 0.47366, 
INFO:root:Epoch   780, Energy: -1.08503e+02 (-1.08517e+02), Variance: 2.07487e+00 (2.83267e+00), Accept ratio: 0.47100, 
INFO:root:Epoch   781, Energy: -1.08485e+02 (-1.08490e+02), Variance: 2.38769e+00 (3.43285e+00), Accept ratio: 0.47295, 
INFO:root:Epoch   782, Energy: -1.08413e+02 (-1.08375e+02), Variance: 2.30195e+00 (4.81032e+00), Accept ratio: 0.46868, 
INFO:root:Epoch   783, Energy: -1.08497e+02 (-1.08374e+02), Variance: 2.62258e+00 (1.02737e+01), Accept ratio: 0.47209, 
INFO:root:Epoch   784, Energy: -1.08450e+02 (-1.08401e+02), Variance: 2.48082e+00 (3.59903e+00), Accept ratio: 0.47349, 
INFO:root:Epoch   785, Energy: -1.08469e+02 (-1.08517e+02), Variance: 2.61053e+00 (9.94685e+00), Accept ratio: 0.47135, 
INFO:root:Epoch   786, Energy: -1.08501e+02 (-1.08520e+02), Variance: 2.36356e+00 (5.11332e+00), Accept ratio: 0.46534, 
INFO:root:Epoch   787, Energy: -1.08445e+02 (-1.08347e+02), Variance: 3.06624e+00 (1.46078e+01), Accept ratio: 0.47069, 
INFO:root:Epoch   788, Energy: -1.08467e+02 (-1.08548e+02), Variance: 2.76149e+00 (1.71758e+01), Accept ratio: 0.47019, 
INFO:root:Epoch   789, Energy: -1.08468e+02 (-1.08452e+02), Variance: 2.15491e+00 (2.73136e+00), Accept ratio: 0.46938, 
INFO:root:Epoch   790, Energy: -1.08516e+02 (-1.08508e+02), Variance: 2.17278e+00 (5.43407e+00), Accept ratio: 0.47710, 
INFO:root:Epoch   791, Energy: -1.08482e+02 (-1.08451e+02), Variance: 2.30438e+00 (3.89974e+00), Accept ratio: 0.47442, 
INFO:root:Epoch   792, Energy: -1.08497e+02 (-1.08478e+02), Variance: 2.59458e+00 (3.84285e+00), Accept ratio: 0.47183, 
INFO:root:Epoch   793, Energy: -1.08457e+02 (-1.08452e+02), Variance: 2.54701e+00 (3.22077e+00), Accept ratio: 0.47550, 
INFO:root:Epoch   794, Energy: -1.08483e+02 (-1.08492e+02), Variance: 2.33505e+00 (2.82362e+00), Accept ratio: 0.47012, 
INFO:root:Epoch   795, Energy: -1.08500e+02 (-1.08502e+02), Variance: 2.35467e+00 (2.75864e+00), Accept ratio: 0.47352, 
INFO:root:Epoch   796, Energy: -1.08480e+02 (-1.08475e+02), Variance: 2.34454e+00 (3.99291e+00), Accept ratio: 0.47866, 
INFO:root:Epoch   797, Energy: -1.08479e+02 (-1.08485e+02), Variance: 2.28687e+00 (3.21347e+00), Accept ratio: 0.46988, 
INFO:root:Epoch   798, Energy: -1.08548e+02 (-1.08540e+02), Variance: 2.24629e+00 (2.79300e+00), Accept ratio: 0.47109, 
INFO:root:Epoch   799, Energy: -1.08582e+02 (-1.08600e+02), Variance: 2.54081e+00 (8.49668e+00), Accept ratio: 0.48061, 
INFO:root:Epoch   800, Energy: -1.08598e+02 (-1.08550e+02), Variance: 2.06455e+00 (6.92721e+00), Accept ratio: 0.47639, , best weights saved
INFO:root:Epoch   801, Energy: -1.08575e+02 (-1.08616e+02), Variance: 2.33665e+00 (3.65719e+00), Accept ratio: 0.46809, 
INFO:root:Epoch   802, Energy: -1.08549e+02 (-1.08548e+02), Variance: 2.58409e+00 (4.38647e+00), Accept ratio: 0.47124, 
INFO:root:Epoch   803, Energy: -1.08511e+02 (-1.08511e+02), Variance: 2.47350e+00 (2.94900e+00), Accept ratio: 0.47293, 
INFO:root:Epoch   804, Energy: -1.08548e+02 (-1.08519e+02), Variance: 2.59740e+00 (4.47049e+00), Accept ratio: 0.47118, 
INFO:root:Epoch   805, Energy: -1.08563e+02 (-1.08528e+02), Variance: 2.25127e+00 (5.96595e+00), Accept ratio: 0.46956, 
INFO:root:Epoch   806, Energy: -1.08552e+02 (-1.08544e+02), Variance: 2.52520e+00 (5.15388e+00), Accept ratio: 0.47223, 
INFO:root:Epoch   807, Energy: -1.08568e+02 (-1.08533e+02), Variance: 2.09146e+00 (3.17398e+00), Accept ratio: 0.47204, 
INFO:root:Epoch   808, Energy: -1.08557e+02 (-1.08524e+02), Variance: 2.20205e+00 (3.64634e+00), Accept ratio: 0.47028, 
INFO:root:Epoch   809, Energy: -1.08506e+02 (-1.08388e+02), Variance: 2.39509e+00 (1.24567e+01), Accept ratio: 0.47780, 
INFO:root:Epoch   810, Energy: -1.08495e+02 (-1.08516e+02), Variance: 2.58164e+00 (4.71646e+00), Accept ratio: 0.47789, 
INFO:root:Epoch   811, Energy: -1.08564e+02 (-1.08544e+02), Variance: 2.38964e+00 (3.13862e+00), Accept ratio: 0.47622, 
INFO:root:Epoch   812, Energy: -1.08570e+02 (-1.08476e+02), Variance: 2.69285e+00 (1.23273e+01), Accept ratio: 0.47026, 
INFO:root:Epoch   813, Energy: -1.08515e+02 (-1.08503e+02), Variance: 2.36932e+00 (3.05683e+00), Accept ratio: 0.46612, 
INFO:root:Epoch   814, Energy: -1.08544e+02 (-1.08547e+02), Variance: 2.20637e+00 (2.98798e+00), Accept ratio: 0.47333, 
INFO:root:Epoch   815, Energy: -1.08556e+02 (-1.08552e+02), Variance: 2.66199e+00 (3.89517e+00), Accept ratio: 0.47152, 
INFO:root:Epoch   816, Energy: -1.08562e+02 (-1.08564e+02), Variance: 2.73484e+00 (3.87817e+00), Accept ratio: 0.46859, 
INFO:root:Epoch   817, Energy: -1.08628e+02 (-1.08640e+02), Variance: 1.85663e+00 (2.99937e+00), Accept ratio: 0.46778, 
INFO:root:Epoch   818, Energy: -1.08633e+02 (-1.08752e+02), Variance: 2.37068e+00 (1.00467e+01), Accept ratio: 0.47093, 
INFO:root:Epoch   819, Energy: -1.08633e+02 (-1.08684e+02), Variance: 2.36333e+00 (5.51715e+00), Accept ratio: 0.46574, 
INFO:root:Epoch   820, Energy: -1.08573e+02 (-1.08643e+02), Variance: 2.41291e+00 (8.65404e+00), Accept ratio: 0.47020, 
INFO:root:Epoch   821, Energy: -1.08610e+02 (-1.08570e+02), Variance: 2.11799e+00 (4.24214e+00), Accept ratio: 0.46933, 
INFO:root:Epoch   822, Energy: -1.08590e+02 (-1.08565e+02), Variance: 2.03048e+00 (2.93017e+00), Accept ratio: 0.46919, 
INFO:root:Epoch   823, Energy: -1.08603e+02 (-1.08638e+02), Variance: 2.53149e+00 (5.00230e+00), Accept ratio: 0.46786, 
INFO:root:Epoch   824, Energy: -1.08634e+02 (-1.08620e+02), Variance: 2.36562e+00 (3.47149e+00), Accept ratio: 0.46651, 
INFO:root:Epoch   825, Energy: -1.08649e+02 (-1.08694e+02), Variance: 2.58588e+00 (5.88308e+00), Accept ratio: 0.46797, 
INFO:root:Epoch   826, Energy: -1.08551e+02 (-1.08515e+02), Variance: 2.31547e+00 (3.44182e+00), Accept ratio: 0.47044, 
INFO:root:Epoch   827, Energy: -1.08534e+02 (-1.08536e+02), Variance: 2.35976e+00 (3.11758e+00), Accept ratio: 0.47327, 
INFO:root:Epoch   828, Energy: -1.08533e+02 (-1.08532e+02), Variance: 2.19385e+00 (2.81030e+00), Accept ratio: 0.47490, 
INFO:root:Epoch   829, Energy: -1.08595e+02 (-1.08617e+02), Variance: 2.16098e+00 (3.14906e+00), Accept ratio: 0.47321, 
INFO:root:Epoch   830, Energy: -1.08578e+02 (-1.08578e+02), Variance: 2.29977e+00 (3.00862e+00), Accept ratio: 0.48058, 
INFO:root:Epoch   831, Energy: -1.08591e+02 (-1.08716e+02), Variance: 2.53449e+00 (1.31410e+01), Accept ratio: 0.47998, 
INFO:root:Epoch   832, Energy: -1.08595e+02 (-1.08787e+02), Variance: 2.46714e+00 (4.94197e+01), Accept ratio: 0.47962, 
INFO:root:Epoch   833, Energy: -1.08562e+02 (-1.08551e+02), Variance: 2.17213e+00 (2.64156e+00), Accept ratio: 0.47047, 
INFO:root:Epoch   834, Energy: -1.08606e+02 (-1.08668e+02), Variance: 2.80050e+00 (5.84072e+00), Accept ratio: 0.47357, 
INFO:root:Epoch   835, Energy: -1.08592e+02 (-1.08620e+02), Variance: 2.53193e+00 (4.23371e+00), Accept ratio: 0.46991, 
INFO:root:Epoch   836, Energy: -1.08607e+02 (-1.08608e+02), Variance: 2.14885e+00 (2.69593e+00), Accept ratio: 0.47858, 
INFO:root:Epoch   837, Energy: -1.08531e+02 (-1.08507e+02), Variance: 2.13844e+00 (3.14986e+00), Accept ratio: 0.47069, 
INFO:root:Epoch   838, Energy: -1.08523e+02 (-1.08521e+02), Variance: 2.12306e+00 (2.69337e+00), Accept ratio: 0.47301, 
INFO:root:Epoch   839, Energy: -1.08592e+02 (-1.08595e+02), Variance: 2.34123e+00 (3.16799e+00), Accept ratio: 0.47637, 
INFO:root:Epoch   840, Energy: -1.08489e+02 (-1.08442e+02), Variance: 2.27273e+00 (1.01741e+01), Accept ratio: 0.47482, 
INFO:root:Epoch   841, Energy: -1.08553e+02 (-1.08531e+02), Variance: 2.08489e+00 (3.12946e+00), Accept ratio: 0.47442, 
INFO:root:Epoch   842, Energy: -1.08598e+02 (-1.08614e+02), Variance: 2.15815e+00 (3.05573e+00), Accept ratio: 0.46420, 
INFO:root:Epoch   843, Energy: -1.08585e+02 (-1.08585e+02), Variance: 2.36722e+00 (3.14831e+00), Accept ratio: 0.47740, 
INFO:root:Epoch   844, Energy: -1.08543e+02 (-1.08560e+02), Variance: 2.23354e+00 (3.66598e+00), Accept ratio: 0.47229, 
INFO:root:Epoch   845, Energy: -1.08509e+02 (-1.08508e+02), Variance: 1.91487e+00 (3.10611e+00), Accept ratio: 0.47511, 
INFO:root:Epoch   846, Energy: -1.08530e+02 (-1.08534e+02), Variance: 2.15647e+00 (2.87676e+00), Accept ratio: 0.47574, 
INFO:root:Epoch   847, Energy: -1.08488e+02 (-1.08465e+02), Variance: 2.10726e+00 (2.67234e+00), Accept ratio: 0.47780, 
INFO:root:Epoch   848, Energy: -1.08501e+02 (-1.08500e+02), Variance: 2.54160e+00 (4.40165e+00), Accept ratio: 0.47676, 
INFO:root:Epoch   849, Energy: -1.08591e+02 (-1.08580e+02), Variance: 2.37136e+00 (3.56426e+00), Accept ratio: 0.47803, 
INFO:root:Epoch   850, Energy: -1.08505e+02 (-1.08495e+02), Variance: 2.36948e+00 (3.24691e+00), Accept ratio: 0.46825, 
INFO:root:Epoch   851, Energy: -1.08550e+02 (-1.08607e+02), Variance: 2.43719e+00 (4.59814e+00), Accept ratio: 0.47103, 
INFO:root:Epoch   852, Energy: -1.08547e+02 (-1.08562e+02), Variance: 2.12673e+00 (4.70351e+00), Accept ratio: 0.47320, 
INFO:root:Epoch   853, Energy: -1.08461e+02 (-1.08408e+02), Variance: 2.04242e+00 (4.29933e+00), Accept ratio: 0.48135, 
INFO:root:Epoch   854, Energy: -1.08506e+02 (-1.08515e+02), Variance: 2.04977e+00 (2.35723e+00), Accept ratio: 0.47572, 
INFO:root:Epoch   855, Energy: -1.08502e+02 (-1.08471e+02), Variance: 2.28719e+00 (3.92455e+00), Accept ratio: 0.47033, 
INFO:root:Epoch   856, Energy: -1.08498e+02 (-1.08512e+02), Variance: 2.68973e+00 (6.30739e+00), Accept ratio: 0.47184, 
INFO:root:Epoch   857, Energy: -1.08519e+02 (-1.08533e+02), Variance: 2.08341e+00 (2.98788e+00), Accept ratio: 0.48220, 
INFO:root:Epoch   858, Energy: -1.08539e+02 (-1.08564e+02), Variance: 2.42751e+00 (4.95628e+00), Accept ratio: 0.47101, 
INFO:root:Epoch   859, Energy: -1.08490e+02 (-1.08481e+02), Variance: 2.22639e+00 (2.80652e+00), Accept ratio: 0.47473, 
INFO:root:Epoch   860, Energy: -1.08584e+02 (-1.08610e+02), Variance: 2.06083e+00 (2.88946e+00), Accept ratio: 0.47003, 
INFO:root:Epoch   861, Energy: -1.08591e+02 (-1.08620e+02), Variance: 1.95309e+00 (2.93169e+00), Accept ratio: 0.47170, 
INFO:root:Epoch   862, Energy: -1.08646e+02 (-1.08665e+02), Variance: 2.24622e+00 (3.26936e+00), Accept ratio: 0.47071, 
INFO:root:Epoch   863, Energy: -1.08625e+02 (-1.08625e+02), Variance: 2.08086e+00 (2.51116e+00), Accept ratio: 0.47517, 
INFO:root:Epoch   864, Energy: -1.08558e+02 (-1.08532e+02), Variance: 1.95548e+00 (2.95542e+00), Accept ratio: 0.46903, 
INFO:root:Epoch   865, Energy: -1.08537e+02 (-1.08518e+02), Variance: 2.24653e+00 (2.98197e+00), Accept ratio: 0.47520, 
INFO:root:Epoch   866, Energy: -1.08584e+02 (-1.08588e+02), Variance: 2.16972e+00 (2.46991e+00), Accept ratio: 0.47425, 
INFO:root:Epoch   867, Energy: -1.08593e+02 (-1.08568e+02), Variance: 1.90805e+00 (2.50354e+00), Accept ratio: 0.46707, 
INFO:root:Epoch   868, Energy: -1.08569e+02 (-1.08551e+02), Variance: 1.98297e+00 (2.97234e+00), Accept ratio: 0.47075, 
INFO:root:Epoch   869, Energy: -1.08597e+02 (-1.08578e+02), Variance: 2.49551e+00 (3.43895e+00), Accept ratio: 0.47256, 
INFO:root:Epoch   870, Energy: -1.08562e+02 (-1.08550e+02), Variance: 2.14005e+00 (2.40631e+00), Accept ratio: 0.46895, 
INFO:root:Epoch   871, Energy: -1.08574e+02 (-1.08556e+02), Variance: 1.98353e+00 (2.37572e+00), Accept ratio: 0.46958, 
INFO:root:Epoch   872, Energy: -1.08590e+02 (-1.08582e+02), Variance: 2.01264e+00 (2.58993e+00), Accept ratio: 0.47267, 
INFO:root:Epoch   873, Energy: -1.08568e+02 (-1.08519e+02), Variance: 2.27350e+00 (4.61364e+00), Accept ratio: 0.47194, 
INFO:root:Epoch   874, Energy: -1.08568e+02 (-1.08584e+02), Variance: 2.47259e+00 (3.13907e+00), Accept ratio: 0.47244, 
INFO:root:Epoch   875, Energy: -1.08589e+02 (-1.08570e+02), Variance: 2.28238e+00 (3.50378e+00), Accept ratio: 0.46563, 
INFO:root:Epoch   876, Energy: -1.08591e+02 (-1.08581e+02), Variance: 1.96578e+00 (2.16858e+00), Accept ratio: 0.46334, 
INFO:root:Epoch   877, Energy: -1.08638e+02 (-1.08648e+02), Variance: 2.08099e+00 (2.57852e+00), Accept ratio: 0.46920, 
INFO:root:Epoch   878, Energy: -1.08623e+02 (-1.08636e+02), Variance: 1.93152e+00 (2.99348e+00), Accept ratio: 0.47657, 
INFO:root:Epoch   879, Energy: -1.08606e+02 (-1.08628e+02), Variance: 2.08663e+00 (3.60521e+00), Accept ratio: 0.47012, 
INFO:root:Epoch   880, Energy: -1.08626e+02 (-1.08661e+02), Variance: 2.39259e+00 (3.61374e+00), Accept ratio: 0.47000, 
INFO:root:Epoch   881, Energy: -1.08610e+02 (-1.08879e+02), Variance: 2.77115e+00 (7.49209e+01), Accept ratio: 0.47546, 
INFO:root:Epoch   882, Energy: -1.08567e+02 (-1.08574e+02), Variance: 2.40065e+00 (7.01600e+00), Accept ratio: 0.46618, 
INFO:root:Epoch   883, Energy: -1.08653e+02 (-1.08644e+02), Variance: 2.43810e+00 (3.83133e+00), Accept ratio: 0.47575, 
INFO:root:Epoch   884, Energy: -1.08662e+02 (-1.08740e+02), Variance: 2.07432e+00 (4.79046e+00), Accept ratio: 0.47110, 
INFO:root:Epoch   885, Energy: -1.08681e+02 (-1.08780e+02), Variance: 2.25147e+00 (9.41207e+00), Accept ratio: 0.47195, 
INFO:root:Epoch   886, Energy: -1.08605e+02 (-1.08571e+02), Variance: 2.32545e+00 (4.26249e+00), Accept ratio: 0.46709, 
INFO:root:Epoch   887, Energy: -1.08535e+02 (-1.08526e+02), Variance: 1.92973e+00 (2.55432e+00), Accept ratio: 0.47252, 
INFO:root:Epoch   888, Energy: -1.08555e+02 (-1.08535e+02), Variance: 1.96882e+00 (2.60512e+00), Accept ratio: 0.48102, 
INFO:root:Epoch   889, Energy: -1.08613e+02 (-1.08611e+02), Variance: 2.11837e+00 (2.76931e+00), Accept ratio: 0.47259, 
INFO:root:Epoch   890, Energy: -1.08598e+02 (-1.08596e+02), Variance: 2.06822e+00 (2.48156e+00), Accept ratio: 0.46558, 
INFO:root:Epoch   891, Energy: -1.08652e+02 (-1.08714e+02), Variance: 2.23555e+00 (6.07360e+00), Accept ratio: 0.47638, 
INFO:root:Epoch   892, Energy: -1.08579e+02 (-1.08577e+02), Variance: 2.06083e+00 (4.13246e+00), Accept ratio: 0.47292, 
INFO:root:Epoch   893, Energy: -1.08615e+02 (-1.08629e+02), Variance: 2.19597e+00 (3.12135e+00), Accept ratio: 0.47201, 
INFO:root:Epoch   894, Energy: -1.08634e+02 (-1.08587e+02), Variance: 1.95744e+00 (3.36103e+00), Accept ratio: 0.46740, 
INFO:root:Epoch   895, Energy: -1.08594e+02 (-1.08563e+02), Variance: 1.93964e+00 (3.14159e+00), Accept ratio: 0.47436, 
INFO:root:Epoch   896, Energy: -1.08573e+02 (-1.08605e+02), Variance: 2.22874e+00 (3.69745e+00), Accept ratio: 0.47410, 
INFO:root:Epoch   897, Energy: -1.08554e+02 (-1.08585e+02), Variance: 1.97794e+00 (3.22320e+00), Accept ratio: 0.47886, 
INFO:root:Epoch   898, Energy: -1.08567e+02 (-1.08553e+02), Variance: 1.99902e+00 (2.44342e+00), Accept ratio: 0.46548, 
INFO:root:Epoch   899, Energy: -1.08593e+02 (-1.08541e+02), Variance: 1.89362e+00 (4.70228e+00), Accept ratio: 0.47286, 
INFO:root:Epoch   900, Energy: -1.08604e+02 (-1.08758e+02), Variance: 2.12290e+00 (2.36099e+01), Accept ratio: 0.46328, , best weights saved
INFO:root:Epoch   901, Energy: -1.08575e+02 (-1.08593e+02), Variance: 2.26445e+00 (5.02795e+00), Accept ratio: 0.46897, 
INFO:root:Epoch   902, Energy: -1.08576e+02 (-1.08597e+02), Variance: 1.81759e+00 (3.17707e+00), Accept ratio: 0.46918, 
INFO:root:Epoch   903, Energy: -1.08604e+02 (-1.08606e+02), Variance: 2.07504e+00 (3.66265e+00), Accept ratio: 0.46729, 
INFO:root:Epoch   904, Energy: -1.08573e+02 (-1.08573e+02), Variance: 2.07152e+00 (2.62574e+00), Accept ratio: 0.47636, 
INFO:root:Epoch   905, Energy: -1.08565e+02 (-1.08560e+02), Variance: 2.14322e+00 (2.71531e+00), Accept ratio: 0.47807, 
INFO:root:Epoch   906, Energy: -1.08625e+02 (-1.08651e+02), Variance: 1.86936e+00 (2.74099e+00), Accept ratio: 0.47278, 
INFO:root:Epoch   907, Energy: -1.08665e+02 (-1.08643e+02), Variance: 2.00925e+00 (2.83343e+00), Accept ratio: 0.46744, 
INFO:root:Epoch   908, Energy: -1.08697e+02 (-1.08742e+02), Variance: 1.86481e+00 (3.90651e+00), Accept ratio: 0.46889, 
INFO:root:Epoch   909, Energy: -1.08638e+02 (-1.08632e+02), Variance: 1.89668e+00 (2.33103e+00), Accept ratio: 0.47463, 
INFO:root:Epoch   910, Energy: -1.08610e+02 (-1.08552e+02), Variance: 2.01213e+00 (4.81231e+00), Accept ratio: 0.48007, 
INFO:root:Epoch   911, Energy: -1.08598e+02 (-1.08610e+02), Variance: 2.08772e+00 (2.97403e+00), Accept ratio: 0.47366, 
INFO:root:Epoch   912, Energy: -1.08619e+02 (-1.08622e+02), Variance: 2.04896e+00 (3.79572e+00), Accept ratio: 0.47409, 
INFO:root:Epoch   913, Energy: -1.08590e+02 (-1.08599e+02), Variance: 1.98409e+00 (2.94837e+00), Accept ratio: 0.47322, 
INFO:root:Epoch   914, Energy: -1.08618e+02 (-1.08658e+02), Variance: 2.02611e+00 (4.70665e+00), Accept ratio: 0.47088, 
INFO:root:Epoch   915, Energy: -1.08630e+02 (-1.08613e+02), Variance: 1.85786e+00 (3.30346e+00), Accept ratio: 0.47037, 
INFO:root:Epoch   916, Energy: -1.08602e+02 (-1.08643e+02), Variance: 1.76056e+00 (4.45073e+00), Accept ratio: 0.47915, 
INFO:root:Epoch   917, Energy: -1.08625e+02 (-1.08664e+02), Variance: 2.01005e+00 (3.43185e+00), Accept ratio: 0.47208, 
INFO:root:Epoch   918, Energy: -1.08628e+02 (-1.08637e+02), Variance: 1.89005e+00 (2.30181e+00), Accept ratio: 0.48209, 
INFO:root:Epoch   919, Energy: -1.08651e+02 (-1.08675e+02), Variance: 1.99958e+00 (5.78395e+00), Accept ratio: 0.47047, 
INFO:root:Epoch   920, Energy: -1.08590e+02 (-1.08600e+02), Variance: 1.96484e+00 (2.82486e+00), Accept ratio: 0.46597, 
INFO:root:Epoch   921, Energy: -1.08568e+02 (-1.08598e+02), Variance: 2.03616e+00 (4.03010e+00), Accept ratio: 0.47253, 
INFO:root:Epoch   922, Energy: -1.08601e+02 (-1.08618e+02), Variance: 2.17229e+00 (4.39934e+00), Accept ratio: 0.46958, 
INFO:root:Epoch   923, Energy: -1.08568e+02 (-1.08580e+02), Variance: 1.98867e+00 (3.27185e+00), Accept ratio: 0.47284, 
INFO:root:Epoch   924, Energy: -1.08613e+02 (-1.08608e+02), Variance: 1.94707e+00 (3.61196e+00), Accept ratio: 0.47598, 
INFO:root:Epoch   925, Energy: -1.08601e+02 (-1.08582e+02), Variance: 1.80134e+00 (2.46513e+00), Accept ratio: 0.46918, 
INFO:root:Epoch   926, Energy: -1.08615e+02 (-1.08597e+02), Variance: 1.91891e+00 (3.19835e+00), Accept ratio: 0.47357, 
INFO:root:Epoch   927, Energy: -1.08630e+02 (-1.08650e+02), Variance: 2.25035e+00 (2.82418e+00), Accept ratio: 0.47494, 
INFO:root:Epoch   928, Energy: -1.08628e+02 (-1.08613e+02), Variance: 2.05133e+00 (3.20251e+00), Accept ratio: 0.47536, 
INFO:root:Epoch   929, Energy: -1.08593e+02 (-1.08580e+02), Variance: 1.73627e+00 (2.00581e+00), Accept ratio: 0.46805, 
INFO:root:Epoch   930, Energy: -1.08626e+02 (-1.08508e+02), Variance: 2.04984e+00 (9.80003e+00), Accept ratio: 0.47130, 
INFO:root:Epoch   931, Energy: -1.08649e+02 (-1.08676e+02), Variance: 1.95156e+00 (2.56420e+00), Accept ratio: 0.47746, 
INFO:root:Epoch   932, Energy: -1.08689e+02 (-1.08722e+02), Variance: 2.05443e+00 (2.97097e+00), Accept ratio: 0.47286, 
INFO:root:Epoch   933, Energy: -1.08625e+02 (-1.08620e+02), Variance: 2.07086e+00 (2.79094e+00), Accept ratio: 0.47466, 
INFO:root:Epoch   934, Energy: -1.08730e+02 (-1.08854e+02), Variance: 2.03508e+00 (1.79787e+01), Accept ratio: 0.46763, 
INFO:root:Epoch   935, Energy: -1.08712e+02 (-1.08722e+02), Variance: 1.79912e+00 (2.44919e+00), Accept ratio: 0.47574, 
INFO:root:Epoch   936, Energy: -1.08685e+02 (-1.08670e+02), Variance: 1.87489e+00 (3.32495e+00), Accept ratio: 0.47216, 
INFO:root:Epoch   937, Energy: -1.08736e+02 (-1.08720e+02), Variance: 1.77698e+00 (2.62284e+00), Accept ratio: 0.47200, 
INFO:root:Epoch   938, Energy: -1.08699e+02 (-1.08714e+02), Variance: 1.84073e+00 (2.90935e+00), Accept ratio: 0.46981, 
INFO:root:Epoch   939, Energy: -1.08691e+02 (-1.08862e+02), Variance: 2.06811e+00 (3.26539e+01), Accept ratio: 0.47284, 
INFO:root:Epoch   940, Energy: -1.08690e+02 (-1.08698e+02), Variance: 1.95700e+00 (2.36778e+00), Accept ratio: 0.47104, 
INFO:root:Epoch   941, Energy: -1.08634e+02 (-1.08630e+02), Variance: 1.87569e+00 (2.17274e+00), Accept ratio: 0.46996, 
INFO:root:Epoch   942, Energy: -1.08604e+02 (-1.08619e+02), Variance: 1.60789e+00 (1.92145e+00), Accept ratio: 0.47320, 
INFO:root:Epoch   943, Energy: -1.08706e+02 (-1.08688e+02), Variance: 1.90353e+00 (5.14173e+00), Accept ratio: 0.46498, 
INFO:root:Epoch   944, Energy: -1.08617e+02 (-1.08649e+02), Variance: 1.82452e+00 (3.69147e+00), Accept ratio: 0.47777, 
INFO:root:Epoch   945, Energy: -1.08627e+02 (-1.08621e+02), Variance: 1.91889e+00 (2.24636e+00), Accept ratio: 0.47030, 
INFO:root:Epoch   946, Energy: -1.08573e+02 (-1.08558e+02), Variance: 2.00190e+00 (2.64897e+00), Accept ratio: 0.46484, 
INFO:root:Epoch   947, Energy: -1.08648e+02 (-1.08665e+02), Variance: 2.01357e+00 (2.72480e+00), Accept ratio: 0.46986, 
INFO:root:Epoch   948, Energy: -1.08612e+02 (-1.08572e+02), Variance: 2.06549e+00 (3.58616e+00), Accept ratio: 0.47339, 
INFO:root:Epoch   949, Energy: -1.08611e+02 (-1.08623e+02), Variance: 2.00466e+00 (2.59047e+00), Accept ratio: 0.47039, 
INFO:root:Epoch   950, Energy: -1.08623e+02 (-1.09062e+02), Variance: 2.61544e+00 (2.27904e+02), Accept ratio: 0.46836, 
INFO:root:Epoch   951, Energy: -1.08647e+02 (-1.08658e+02), Variance: 2.04283e+00 (2.39540e+00), Accept ratio: 0.47281, 
INFO:root:Epoch   952, Energy: -1.08636e+02 (-1.08665e+02), Variance: 2.07657e+00 (3.18578e+00), Accept ratio: 0.47230, 
INFO:root:Epoch   953, Energy: -1.08648e+02 (-1.08639e+02), Variance: 1.97473e+00 (2.77189e+00), Accept ratio: 0.46806, 
INFO:root:Epoch   954, Energy: -1.08683e+02 (-1.08639e+02), Variance: 1.74088e+00 (4.63515e+00), Accept ratio: 0.47613, 
INFO:root:Epoch   955, Energy: -1.08660e+02 (-1.08666e+02), Variance: 1.93438e+00 (2.62557e+00), Accept ratio: 0.47218, 
INFO:root:Epoch   956, Energy: -1.08694e+02 (-1.08650e+02), Variance: 1.84242e+00 (4.04068e+00), Accept ratio: 0.47704, 
INFO:root:Epoch   957, Energy: -1.08619e+02 (-1.08651e+02), Variance: 1.66468e+00 (3.67790e+00), Accept ratio: 0.47781, 
INFO:root:Epoch   958, Energy: -1.08668e+02 (-1.08702e+02), Variance: 2.08120e+00 (3.69682e+00), Accept ratio: 0.47429, 
INFO:root:Epoch   959, Energy: -1.08698e+02 (-1.08692e+02), Variance: 1.92009e+00 (3.95707e+00), Accept ratio: 0.47719, 
INFO:root:Epoch   960, Energy: -1.08747e+02 (-1.08766e+02), Variance: 1.85274e+00 (2.88456e+00), Accept ratio: 0.47396, 
INFO:root:Epoch   961, Energy: -1.08696e+02 (-1.08711e+02), Variance: 2.28888e+00 (4.58959e+00), Accept ratio: 0.47097, 
INFO:root:Epoch   962, Energy: -1.08715e+02 (-1.08806e+02), Variance: 1.95852e+00 (1.81898e+01), Accept ratio: 0.47141, 
INFO:root:Epoch   963, Energy: -1.08745e+02 (-1.08778e+02), Variance: 2.04630e+00 (4.54325e+00), Accept ratio: 0.46923, 
INFO:root:Epoch   964, Energy: -1.08718e+02 (-1.08707e+02), Variance: 1.88868e+00 (2.53754e+00), Accept ratio: 0.47458, 
INFO:root:Epoch   965, Energy: -1.08698e+02 (-1.08680e+02), Variance: 1.84504e+00 (3.38914e+00), Accept ratio: 0.46762, 
INFO:root:Epoch   966, Energy: -1.08694e+02 (-1.08691e+02), Variance: 1.90921e+00 (5.13540e+00), Accept ratio: 0.47345, 
INFO:root:Epoch   967, Energy: -1.08718e+02 (-1.08732e+02), Variance: 1.77586e+00 (2.10978e+00), Accept ratio: 0.47745, 
INFO:root:Epoch   968, Energy: -1.08662e+02 (-1.08656e+02), Variance: 1.91525e+00 (2.47510e+00), Accept ratio: 0.46981, 
INFO:root:Epoch   969, Energy: -1.08618e+02 (-1.08608e+02), Variance: 1.86792e+00 (2.35721e+00), Accept ratio: 0.47105, 
INFO:root:Epoch   970, Energy: -1.08704e+02 (-1.08701e+02), Variance: 1.97435e+00 (2.24480e+00), Accept ratio: 0.47654, 
INFO:root:Epoch   971, Energy: -1.08635e+02 (-1.08612e+02), Variance: 1.79060e+00 (2.71747e+00), Accept ratio: 0.47166, 
INFO:root:Epoch   972, Energy: -1.08630e+02 (-1.08620e+02), Variance: 1.88957e+00 (4.37379e+00), Accept ratio: 0.47565, 
INFO:root:Epoch   973, Energy: -1.08577e+02 (-1.08499e+02), Variance: 1.77073e+00 (5.60749e+00), Accept ratio: 0.47434, 
INFO:root:Epoch   974, Energy: -1.08655e+02 (-1.08659e+02), Variance: 1.65709e+00 (2.30177e+00), Accept ratio: 0.47796, 
INFO:root:Epoch   975, Energy: -1.08629e+02 (-1.08677e+02), Variance: 1.90898e+00 (3.27694e+00), Accept ratio: 0.47402, 
INFO:root:Epoch   976, Energy: -1.08658e+02 (-1.08646e+02), Variance: 1.77395e+00 (2.26983e+00), Accept ratio: 0.47042, 
INFO:root:Epoch   977, Energy: -1.08687e+02 (-1.08746e+02), Variance: 1.75623e+00 (7.21471e+00), Accept ratio: 0.46559, 
INFO:root:Epoch   978, Energy: -1.08647e+02 (-1.08633e+02), Variance: 1.67713e+00 (2.95299e+00), Accept ratio: 0.48062, 
INFO:root:Epoch   979, Energy: -1.08681e+02 (-1.08677e+02), Variance: 1.60052e+00 (2.66906e+00), Accept ratio: 0.47471, 
INFO:root:Epoch   980, Energy: -1.08608e+02 (-1.08581e+02), Variance: 1.61491e+00 (3.33321e+00), Accept ratio: 0.47702, 
INFO:root:Epoch   981, Energy: -1.08714e+02 (-1.08754e+02), Variance: 1.65085e+00 (2.89423e+00), Accept ratio: 0.47260, 
INFO:root:Epoch   982, Energy: -1.08747e+02 (-1.08737e+02), Variance: 1.53863e+00 (1.78867e+00), Accept ratio: 0.47233, 
INFO:root:Epoch   983, Energy: -1.08675e+02 (-1.08682e+02), Variance: 1.74876e+00 (2.31937e+00), Accept ratio: 0.47767, 
INFO:root:Epoch   984, Energy: -1.08633e+02 (-1.08620e+02), Variance: 1.88360e+00 (3.57774e+00), Accept ratio: 0.47333, 
INFO:root:Epoch   985, Energy: -1.08646e+02 (-1.08616e+02), Variance: 1.89908e+00 (5.33977e+00), Accept ratio: 0.47092, 
INFO:root:Epoch   986, Energy: -1.08646e+02 (-1.08658e+02), Variance: 1.94527e+00 (3.03417e+00), Accept ratio: 0.47784, 
INFO:root:Epoch   987, Energy: -1.08633e+02 (-1.08832e+02), Variance: 1.91326e+00 (4.34638e+01), Accept ratio: 0.47950, 
INFO:root:Epoch   988, Energy: -1.08747e+02 (-1.08739e+02), Variance: 1.65646e+00 (2.69026e+00), Accept ratio: 0.47506, 
INFO:root:Epoch   989, Energy: -1.08691e+02 (-1.08688e+02), Variance: 1.93033e+00 (4.27004e+00), Accept ratio: 0.46861, 
INFO:root:Epoch   990, Energy: -1.08700e+02 (-1.08754e+02), Variance: 1.84245e+00 (3.71747e+00), Accept ratio: 0.46835, 
INFO:root:Epoch   991, Energy: -1.08647e+02 (-1.08658e+02), Variance: 1.94909e+00 (2.50288e+00), Accept ratio: 0.47283, 
INFO:root:Epoch   992, Energy: -1.08639e+02 (-1.08641e+02), Variance: 1.63737e+00 (2.37823e+00), Accept ratio: 0.47738, 
INFO:root:Epoch   993, Energy: -1.08562e+02 (-1.08540e+02), Variance: 1.78083e+00 (2.44643e+00), Accept ratio: 0.47290, 
INFO:root:Epoch   994, Energy: -1.08650e+02 (-1.08657e+02), Variance: 1.84270e+00 (2.61516e+00), Accept ratio: 0.46842, 
INFO:root:Epoch   995, Energy: -1.08644e+02 (-1.08643e+02), Variance: 1.55722e+00 (1.82723e+00), Accept ratio: 0.47722, 
INFO:root:Epoch   996, Energy: -1.08675e+02 (-1.08674e+02), Variance: 1.43411e+00 (1.49837e+00), Accept ratio: 0.46720, 
INFO:root:Epoch   997, Energy: -1.08699e+02 (-1.08684e+02), Variance: 1.68021e+00 (3.02024e+00), Accept ratio: 0.47211, 
INFO:root:Epoch   998, Energy: -1.08725e+02 (-1.08701e+02), Variance: 1.79084e+00 (2.58003e+00), Accept ratio: 0.47357, 
INFO:root:Epoch   999, Energy: -1.08702e+02 (-1.08739e+02), Variance: 1.84157e+00 (3.39960e+00), Accept ratio: 0.47124, 
INFO:root:Epoch  1000, Energy: -1.08706e+02 (-1.08687e+02), Variance: 1.49052e+00 (2.14682e+00), Accept ratio: 0.47273, , best weights saved
INFO:root:Epoch  1001, Energy: -1.08697e+02 (-1.08745e+02), Variance: 1.76582e+00 (4.22445e+00), Accept ratio: 0.47118, 
INFO:root:Epoch  1002, Energy: -1.08727e+02 (-1.08743e+02), Variance: 1.80891e+00 (2.53045e+00), Accept ratio: 0.46902, 
INFO:root:Epoch  1003, Energy: -1.08676e+02 (-1.08643e+02), Variance: 1.90629e+00 (2.66789e+00), Accept ratio: 0.46367, 
INFO:root:Epoch  1004, Energy: -1.08716e+02 (-1.08754e+02), Variance: 1.86498e+00 (8.96947e+00), Accept ratio: 0.46777, 
INFO:root:Epoch  1005, Energy: -1.08755e+02 (-1.08889e+02), Variance: 1.87355e+00 (1.45979e+01), Accept ratio: 0.47441, 
INFO:root:Epoch  1006, Energy: -1.08768e+02 (-1.08793e+02), Variance: 2.04360e+00 (3.24194e+00), Accept ratio: 0.46154, 
INFO:root:Epoch  1007, Energy: -1.08699e+02 (-1.08689e+02), Variance: 1.62528e+00 (2.08952e+00), Accept ratio: 0.47486, 
INFO:root:Epoch  1008, Energy: -1.08698e+02 (-1.08718e+02), Variance: 1.69855e+00 (2.77364e+00), Accept ratio: 0.47882, 
INFO:root:Epoch  1009, Energy: -1.08643e+02 (-1.08642e+02), Variance: 1.80186e+00 (3.80704e+00), Accept ratio: 0.47383, 
INFO:root:Epoch  1010, Energy: -1.08650e+02 (-1.08666e+02), Variance: 1.46848e+00 (1.91181e+00), Accept ratio: 0.46821, 
INFO:root:Epoch  1011, Energy: -1.08695e+02 (-1.08704e+02), Variance: 1.58379e+00 (3.83285e+00), Accept ratio: 0.46872, 
INFO:root:Epoch  1012, Energy: -1.08607e+02 (-1.08591e+02), Variance: 1.74542e+00 (2.24108e+00), Accept ratio: 0.46461, 
INFO:root:Epoch  1013, Energy: -1.08685e+02 (-1.08685e+02), Variance: 1.53958e+00 (1.82624e+00), Accept ratio: 0.46674, 
INFO:root:Epoch  1014, Energy: -1.08760e+02 (-1.08775e+02), Variance: 1.76616e+00 (2.66391e+00), Accept ratio: 0.47049, 
INFO:root:Epoch  1015, Energy: -1.08692e+02 (-1.08658e+02), Variance: 2.05619e+00 (3.23825e+00), Accept ratio: 0.46827, 
INFO:root:Epoch  1016, Energy: -1.08641e+02 (-1.08621e+02), Variance: 1.79509e+00 (2.17875e+00), Accept ratio: 0.46793, 
INFO:root:Epoch  1017, Energy: -1.08688e+02 (-1.08659e+02), Variance: 1.69920e+00 (2.89155e+00), Accept ratio: 0.47471, 
INFO:root:Epoch  1018, Energy: -1.08718e+02 (-1.08706e+02), Variance: 1.53092e+00 (3.39650e+00), Accept ratio: 0.47269, 
INFO:root:Epoch  1019, Energy: -1.08643e+02 (-1.08632e+02), Variance: 1.70756e+00 (2.31150e+00), Accept ratio: 0.47241, 
INFO:root:Epoch  1020, Energy: -1.08679e+02 (-1.08673e+02), Variance: 1.76989e+00 (2.26066e+00), Accept ratio: 0.47163, 
INFO:root:Epoch  1021, Energy: -1.08679e+02 (-1.08666e+02), Variance: 1.76220e+00 (2.17681e+00), Accept ratio: 0.47466, 
INFO:root:Epoch  1022, Energy: -1.08691e+02 (-1.08655e+02), Variance: 1.79129e+00 (3.64788e+00), Accept ratio: 0.47112, 
INFO:root:Epoch  1023, Energy: -1.08722e+02 (-1.08664e+02), Variance: 1.74444e+00 (4.21607e+00), Accept ratio: 0.47152, 
INFO:root:Epoch  1024, Energy: -1.08633e+02 (-1.08640e+02), Variance: 1.83515e+00 (3.36878e+00), Accept ratio: 0.47278, 
INFO:root:Epoch  1025, Energy: -1.08742e+02 (-1.08760e+02), Variance: 1.98248e+00 (3.01226e+00), Accept ratio: 0.47381, 
INFO:root:Epoch  1026, Energy: -1.08676e+02 (-1.08709e+02), Variance: 1.61768e+00 (5.56153e+00), Accept ratio: 0.46772, 
INFO:root:Epoch  1027, Energy: -1.08674e+02 (-1.08742e+02), Variance: 1.74515e+00 (6.01236e+00), Accept ratio: 0.47529, 
INFO:root:Epoch  1028, Energy: -1.08659e+02 (-1.08664e+02), Variance: 1.54370e+00 (1.91029e+00), Accept ratio: 0.47638, 
INFO:root:Epoch  1029, Energy: -1.08692e+02 (-1.08696e+02), Variance: 1.44730e+00 (1.60901e+00), Accept ratio: 0.47258, 
INFO:root:Epoch  1030, Energy: -1.08681e+02 (-1.08642e+02), Variance: 1.50219e+00 (3.93784e+00), Accept ratio: 0.46838, 
INFO:root:Epoch  1031, Energy: -1.08712e+02 (-1.08718e+02), Variance: 1.59661e+00 (2.04381e+00), Accept ratio: 0.46863, 
INFO:root:Epoch  1032, Energy: -1.08652e+02 (-1.08560e+02), Variance: 1.75549e+00 (1.02086e+01), Accept ratio: 0.47072, 
INFO:root:Epoch  1033, Energy: -1.08653e+02 (-1.08659e+02), Variance: 1.63902e+00 (2.56360e+00), Accept ratio: 0.47253, 
INFO:root:Epoch  1034, Energy: -1.08710e+02 (-1.08706e+02), Variance: 1.62849e+00 (2.32622e+00), Accept ratio: 0.46960, 
INFO:root:Epoch  1035, Energy: -1.08701e+02 (-1.08696e+02), Variance: 1.47936e+00 (1.99889e+00), Accept ratio: 0.47340, 
INFO:root:Epoch  1036, Energy: -1.08695e+02 (-1.08711e+02), Variance: 1.57475e+00 (2.41393e+00), Accept ratio: 0.46706, 
INFO:root:Epoch  1037, Energy: -1.08662e+02 (-1.08671e+02), Variance: 1.57715e+00 (1.77317e+00), Accept ratio: 0.47197, 
INFO:root:Epoch  1038, Energy: -1.08610e+02 (-1.08621e+02), Variance: 1.48040e+00 (1.93913e+00), Accept ratio: 0.48206, 
INFO:root:Epoch  1039, Energy: -1.08616e+02 (-1.08629e+02), Variance: 1.84484e+00 (4.05396e+00), Accept ratio: 0.47946, 
INFO:root:Epoch  1040, Energy: -1.08692e+02 (-1.08648e+02), Variance: 1.71167e+00 (2.95196e+00), Accept ratio: 0.47337, 
INFO:root:Epoch  1041, Energy: -1.08737e+02 (-1.08755e+02), Variance: 1.64791e+00 (2.51836e+00), Accept ratio: 0.47299, 
INFO:root:Epoch  1042, Energy: -1.08793e+02 (-1.08835e+02), Variance: 1.62339e+00 (3.77750e+00), Accept ratio: 0.47363, 
INFO:root:Epoch  1043, Energy: -1.08711e+02 (-1.08710e+02), Variance: 1.47234e+00 (1.86238e+00), Accept ratio: 0.47994, 
INFO:root:Epoch  1044, Energy: -1.08644e+02 (-1.08629e+02), Variance: 1.60091e+00 (1.87627e+00), Accept ratio: 0.47205, 
INFO:root:Epoch  1045, Energy: -1.08677e+02 (-1.08672e+02), Variance: 1.30092e+00 (1.46900e+00), Accept ratio: 0.46864, 
INFO:root:Epoch  1046, Energy: -1.08739e+02 (-1.08737e+02), Variance: 1.74146e+00 (2.63513e+00), Accept ratio: 0.46876, 
INFO:root:Epoch  1047, Energy: -1.08734e+02 (-1.08744e+02), Variance: 1.59664e+00 (2.20255e+00), Accept ratio: 0.46792, 
INFO:root:Epoch  1048, Energy: -1.08761e+02 (-1.08760e+02), Variance: 1.54160e+00 (1.84039e+00), Accept ratio: 0.47550, 
INFO:root:Epoch  1049, Energy: -1.08682e+02 (-1.08682e+02), Variance: 1.77376e+00 (2.49256e+00), Accept ratio: 0.47150, 
INFO:root:Epoch  1050, Energy: -1.08672e+02 (-1.08623e+02), Variance: 1.57926e+00 (2.80206e+00), Accept ratio: 0.46073, 
INFO:root:Epoch  1051, Energy: -1.08694e+02 (-1.08729e+02), Variance: 1.54904e+00 (2.56155e+00), Accept ratio: 0.46343, 
INFO:root:Epoch  1052, Energy: -1.08707e+02 (-1.08712e+02), Variance: 1.49854e+00 (2.12138e+00), Accept ratio: 0.46873, 
INFO:root:Epoch  1053, Energy: -1.08696e+02 (-1.08655e+02), Variance: 1.39485e+00 (3.28771e+00), Accept ratio: 0.47062, 
INFO:root:Epoch  1054, Energy: -1.08693e+02 (-1.08701e+02), Variance: 1.52200e+00 (1.99656e+00), Accept ratio: 0.47243, 
INFO:root:Epoch  1055, Energy: -1.08731e+02 (-1.08738e+02), Variance: 1.36486e+00 (1.62866e+00), Accept ratio: 0.46318, 
INFO:root:Epoch  1056, Energy: -1.08701e+02 (-1.08711e+02), Variance: 1.48796e+00 (1.86803e+00), Accept ratio: 0.46918, 
INFO:root:Epoch  1057, Energy: -1.08699e+02 (-1.08684e+02), Variance: 1.45712e+00 (2.14092e+00), Accept ratio: 0.46653, 
INFO:root:Epoch  1058, Energy: -1.08686e+02 (-1.08672e+02), Variance: 1.52005e+00 (1.97615e+00), Accept ratio: 0.46797, 
INFO:root:Epoch  1059, Energy: -1.08723e+02 (-1.08710e+02), Variance: 1.64481e+00 (2.40679e+00), Accept ratio: 0.46679, 
INFO:root:Epoch  1060, Energy: -1.08768e+02 (-1.08742e+02), Variance: 1.46342e+00 (2.70405e+00), Accept ratio: 0.47491, 
INFO:root:Epoch  1061, Energy: -1.08720e+02 (-1.08764e+02), Variance: 1.77494e+00 (1.03610e+01), Accept ratio: 0.47226, 
INFO:root:Epoch  1062, Energy: -1.08786e+02 (-1.08772e+02), Variance: 1.64576e+00 (5.53271e+00), Accept ratio: 0.47162, 
INFO:root:Epoch  1063, Energy: -1.08729e+02 (-1.08746e+02), Variance: 1.67982e+00 (4.14363e+00), Accept ratio: 0.47061, 
INFO:root:Epoch  1064, Energy: -1.08816e+02 (-1.08821e+02), Variance: 1.49120e+00 (1.87235e+00), Accept ratio: 0.46623, 
INFO:root:Epoch  1065, Energy: -1.08732e+02 (-1.08738e+02), Variance: 1.58267e+00 (2.36466e+00), Accept ratio: 0.46733, 
INFO:root:Epoch  1066, Energy: -1.08720e+02 (-1.08697e+02), Variance: 1.72160e+00 (2.61900e+00), Accept ratio: 0.46630, 
INFO:root:Epoch  1067, Energy: -1.08749e+02 (-1.08758e+02), Variance: 1.48592e+00 (1.77105e+00), Accept ratio: 0.47133, 
INFO:root:Epoch  1068, Energy: -1.08800e+02 (-1.08800e+02), Variance: 1.51400e+00 (1.82273e+00), Accept ratio: 0.47096, 
INFO:root:Epoch  1069, Energy: -1.08730e+02 (-1.08712e+02), Variance: 1.78687e+00 (2.68382e+00), Accept ratio: 0.47576, 
INFO:root:Epoch  1070, Energy: -1.08768e+02 (-1.08773e+02), Variance: 1.71359e+00 (2.63420e+00), Accept ratio: 0.47336, 
INFO:root:Epoch  1071, Energy: -1.08676e+02 (-1.08651e+02), Variance: 1.47805e+00 (3.20928e+00), Accept ratio: 0.47024, 
INFO:root:Epoch  1072, Energy: -1.08642e+02 (-1.08628e+02), Variance: 1.54250e+00 (3.19677e+00), Accept ratio: 0.47538, 
INFO:root:Epoch  1073, Energy: -1.08735e+02 (-1.08715e+02), Variance: 1.58419e+00 (2.08259e+00), Accept ratio: 0.47907, 
INFO:root:Epoch  1074, Energy: -1.08675e+02 (-1.08663e+02), Variance: 1.39981e+00 (1.74346e+00), Accept ratio: 0.47151, 
INFO:root:Epoch  1075, Energy: -1.08659e+02 (-1.08612e+02), Variance: 1.71188e+00 (2.83298e+00), Accept ratio: 0.46759, 
INFO:root:Epoch  1076, Energy: -1.08730e+02 (-1.08750e+02), Variance: 1.75408e+00 (2.47858e+00), Accept ratio: 0.47507, 
INFO:root:Epoch  1077, Energy: -1.08718e+02 (-1.08687e+02), Variance: 1.75065e+00 (3.04732e+00), Accept ratio: 0.46930, 
INFO:root:Epoch  1078, Energy: -1.08696e+02 (-1.08683e+02), Variance: 1.52525e+00 (1.78978e+00), Accept ratio: 0.47051, 
INFO:root:Epoch  1079, Energy: -1.08708e+02 (-1.08697e+02), Variance: 1.62618e+00 (1.92220e+00), Accept ratio: 0.47712, 
INFO:root:Epoch  1080, Energy: -1.08744e+02 (-1.08757e+02), Variance: 1.70212e+00 (2.26962e+00), Accept ratio: 0.48236, 
INFO:root:Epoch  1081, Energy: -1.08780e+02 (-1.08811e+02), Variance: 1.54546e+00 (2.40376e+00), Accept ratio: 0.47000, 
INFO:root:Epoch  1082, Energy: -1.08743e+02 (-1.08732e+02), Variance: 1.66858e+00 (2.30832e+00), Accept ratio: 0.46628, 
INFO:root:Epoch  1083, Energy: -1.08744e+02 (-1.08795e+02), Variance: 1.55033e+00 (3.90775e+00), Accept ratio: 0.47672, 
INFO:root:Epoch  1084, Energy: -1.08724e+02 (-1.08737e+02), Variance: 1.41359e+00 (2.05009e+00), Accept ratio: 0.46921, 
INFO:root:Epoch  1085, Energy: -1.08709e+02 (-1.08710e+02), Variance: 1.38182e+00 (2.28646e+00), Accept ratio: 0.46811, 
INFO:root:Epoch  1086, Energy: -1.08764e+02 (-1.08769e+02), Variance: 1.42259e+00 (1.79918e+00), Accept ratio: 0.47477, 
INFO:root:Epoch  1087, Energy: -1.08720e+02 (-1.08683e+02), Variance: 1.37758e+00 (2.57821e+00), Accept ratio: 0.47854, 
INFO:root:Epoch  1088, Energy: -1.08700e+02 (-1.08710e+02), Variance: 1.84893e+00 (2.30967e+00), Accept ratio: 0.47173, 
INFO:root:Epoch  1089, Energy: -1.08736e+02 (-1.08772e+02), Variance: 1.66657e+00 (3.88940e+00), Accept ratio: 0.47040, 
INFO:root:Epoch  1090, Energy: -1.08729e+02 (-1.08744e+02), Variance: 1.45908e+00 (1.88409e+00), Accept ratio: 0.47250, 
INFO:root:Epoch  1091, Energy: -1.08771e+02 (-1.08772e+02), Variance: 1.69577e+00 (2.19235e+00), Accept ratio: 0.46415, 
INFO:root:Epoch  1092, Energy: -1.08746e+02 (-1.08758e+02), Variance: 1.52907e+00 (1.97160e+00), Accept ratio: 0.47792, 
INFO:root:Epoch  1093, Energy: -1.08767e+02 (-1.08778e+02), Variance: 1.55657e+00 (2.21841e+00), Accept ratio: 0.47325, 
INFO:root:Epoch  1094, Energy: -1.08740e+02 (-1.08759e+02), Variance: 1.51130e+00 (2.68037e+00), Accept ratio: 0.47386, 
INFO:root:Epoch  1095, Energy: -1.08709e+02 (-1.08694e+02), Variance: 1.40706e+00 (1.81826e+00), Accept ratio: 0.47062, 
INFO:root:Epoch  1096, Energy: -1.08742e+02 (-1.08738e+02), Variance: 1.40991e+00 (2.44715e+00), Accept ratio: 0.47261, 
INFO:root:Epoch  1097, Energy: -1.08769e+02 (-1.08789e+02), Variance: 1.44209e+00 (4.60520e+00), Accept ratio: 0.46796, 
INFO:root:Epoch  1098, Energy: -1.08789e+02 (-1.08861e+02), Variance: 1.47344e+00 (3.96852e+00), Accept ratio: 0.48259, 
INFO:root:Epoch  1099, Energy: -1.08743e+02 (-1.08813e+02), Variance: 1.37313e+00 (1.40966e+01), Accept ratio: 0.47611, 
INFO:root:Epoch  1100, Energy: -1.08784e+02 (-1.08798e+02), Variance: 1.17896e+00 (1.58730e+00), Accept ratio: 0.47620, , best weights saved
INFO:root:Epoch  1101, Energy: -1.08744e+02 (-1.08757e+02), Variance: 1.28635e+00 (1.62914e+00), Accept ratio: 0.47023, 
INFO:root:Epoch  1102, Energy: -1.08754e+02 (-1.08786e+02), Variance: 1.49086e+00 (3.09455e+00), Accept ratio: 0.47711, 
INFO:root:Epoch  1103, Energy: -1.08758e+02 (-1.08755e+02), Variance: 1.52587e+00 (1.96856e+00), Accept ratio: 0.46933, 
INFO:root:Epoch  1104, Energy: -1.08771e+02 (-1.08772e+02), Variance: 1.28437e+00 (1.55430e+00), Accept ratio: 0.47478, 
INFO:root:Epoch  1105, Energy: -1.08745e+02 (-1.08804e+02), Variance: 1.70710e+00 (3.86002e+00), Accept ratio: 0.47943, 
INFO:root:Epoch  1106, Energy: -1.08818e+02 (-1.08825e+02), Variance: 1.44975e+00 (1.63449e+00), Accept ratio: 0.47341, 
INFO:root:Epoch  1107, Energy: -1.08805e+02 (-1.08825e+02), Variance: 1.80547e+00 (2.13092e+00), Accept ratio: 0.46677, 
INFO:root:Epoch  1108, Energy: -1.08746e+02 (-1.08570e+02), Variance: 1.68846e+00 (1.95738e+01), Accept ratio: 0.46768, 
INFO:root:Epoch  1109, Energy: -1.08813e+02 (-1.08804e+02), Variance: 1.63409e+00 (2.36141e+01), Accept ratio: 0.47576, 
INFO:root:Epoch  1110, Energy: -1.08810e+02 (-1.08807e+02), Variance: 1.69273e+00 (2.02494e+00), Accept ratio: 0.47084, 
INFO:root:Epoch  1111, Energy: -1.08680e+02 (-1.08672e+02), Variance: 1.73766e+00 (2.47539e+00), Accept ratio: 0.46696, 
INFO:root:Epoch  1112, Energy: -1.08719e+02 (-1.08708e+02), Variance: 1.37772e+00 (5.87219e+00), Accept ratio: 0.47076, 
INFO:root:Epoch  1113, Energy: -1.08758e+02 (-1.08819e+02), Variance: 1.56410e+00 (6.10851e+00), Accept ratio: 0.47838, 
INFO:root:Epoch  1114, Energy: -1.08733e+02 (-1.08767e+02), Variance: 1.48037e+00 (2.86088e+00), Accept ratio: 0.47164, 
INFO:root:Epoch  1115, Energy: -1.08717e+02 (-1.08732e+02), Variance: 1.43566e+00 (3.27978e+00), Accept ratio: 0.47280, 
INFO:root:Epoch  1116, Energy: -1.08799e+02 (-1.08803e+02), Variance: 1.39110e+00 (1.56309e+00), Accept ratio: 0.47306, 
INFO:root:Epoch  1117, Energy: -1.08746e+02 (-1.08732e+02), Variance: 1.51491e+00 (2.79662e+00), Accept ratio: 0.47234, 
INFO:root:Epoch  1118, Energy: -1.08730e+02 (-1.08736e+02), Variance: 1.25578e+00 (1.97543e+00), Accept ratio: 0.47280, 
INFO:root:Epoch  1119, Energy: -1.08689e+02 (-1.08675e+02), Variance: 1.34594e+00 (2.39536e+00), Accept ratio: 0.47085, 
INFO:root:Epoch  1120, Energy: -1.08725e+02 (-1.08727e+02), Variance: 1.33055e+00 (1.85681e+00), Accept ratio: 0.46803, 
INFO:root:Epoch  1121, Energy: -1.08770e+02 (-1.08761e+02), Variance: 1.82933e+00 (4.38933e+00), Accept ratio: 0.47080, 
INFO:root:Epoch  1122, Energy: -1.08735e+02 (-1.08663e+02), Variance: 1.73272e+00 (1.05374e+01), Accept ratio: 0.47122, 
INFO:root:Epoch  1123, Energy: -1.08727e+02 (-1.08703e+02), Variance: 1.33527e+00 (3.48113e+00), Accept ratio: 0.47738, 
INFO:root:Epoch  1124, Energy: -1.08784e+02 (-1.08811e+02), Variance: 1.52039e+00 (2.40413e+00), Accept ratio: 0.46902, 
INFO:root:Epoch  1125, Energy: -1.08738e+02 (-1.08778e+02), Variance: 1.48578e+00 (3.18926e+00), Accept ratio: 0.47646, 
INFO:root:Epoch  1126, Energy: -1.08758e+02 (-1.08777e+02), Variance: 1.45816e+00 (2.22884e+00), Accept ratio: 0.47387, 
INFO:root:Epoch  1127, Energy: -1.08786e+02 (-1.08773e+02), Variance: 1.55434e+00 (2.50324e+00), Accept ratio: 0.46973, 
INFO:root:Epoch  1128, Energy: -1.08805e+02 (-1.08865e+02), Variance: 1.32483e+00 (2.58472e+00), Accept ratio: 0.47025, 
INFO:root:Epoch  1129, Energy: -1.08758e+02 (-1.08736e+02), Variance: 1.35802e+00 (1.74089e+00), Accept ratio: 0.46797, 
INFO:root:Epoch  1130, Energy: -1.08739e+02 (-1.08779e+02), Variance: 1.55172e+00 (3.38156e+00), Accept ratio: 0.46821, 
INFO:root:Epoch  1131, Energy: -1.08707e+02 (-1.08659e+02), Variance: 1.40950e+00 (2.86514e+00), Accept ratio: 0.46598, 
INFO:root:Epoch  1132, Energy: -1.08715e+02 (-1.08692e+02), Variance: 1.60824e+00 (4.26202e+00), Accept ratio: 0.47234, 
INFO:root:Epoch  1133, Energy: -1.08698e+02 (-1.08700e+02), Variance: 1.41975e+00 (2.61988e+00), Accept ratio: 0.46688, 
INFO:root:Epoch  1134, Energy: -1.08779e+02 (-1.08791e+02), Variance: 1.42436e+00 (1.80725e+00), Accept ratio: 0.46975, 
INFO:root:Epoch  1135, Energy: -1.08752e+02 (-1.08723e+02), Variance: 1.57768e+00 (2.57098e+00), Accept ratio: 0.46527, 
INFO:root:Epoch  1136, Energy: -1.08779e+02 (-1.08793e+02), Variance: 1.35855e+00 (1.68328e+00), Accept ratio: 0.47660, 
INFO:root:Epoch  1137, Energy: -1.08754e+02 (-1.08804e+02), Variance: 1.50790e+00 (4.02807e+00), Accept ratio: 0.46887, 
INFO:root:Epoch  1138, Energy: -1.08783e+02 (-1.08790e+02), Variance: 1.37435e+00 (1.69120e+00), Accept ratio: 0.46771, 
INFO:root:Epoch  1139, Energy: -1.08784e+02 (-1.08787e+02), Variance: 1.75810e+00 (2.00264e+00), Accept ratio: 0.46767, 
INFO:root:Epoch  1140, Energy: -1.08826e+02 (-1.08836e+02), Variance: 1.41190e+00 (2.13677e+00), Accept ratio: 0.46888, 
INFO:root:Epoch  1141, Energy: -1.08712e+02 (-1.08646e+02), Variance: 1.47118e+00 (4.77376e+00), Accept ratio: 0.47447, 
INFO:root:Epoch  1142, Energy: -1.08749e+02 (-1.08734e+02), Variance: 1.53032e+00 (2.15627e+00), Accept ratio: 0.48006, 
INFO:root:Epoch  1143, Energy: -1.08752e+02 (-1.08777e+02), Variance: 1.29150e+00 (2.10750e+00), Accept ratio: 0.47744, 
INFO:root:Epoch  1144, Energy: -1.08750e+02 (-1.08739e+02), Variance: 1.43997e+00 (2.19296e+00), Accept ratio: 0.47351, 
INFO:root:Epoch  1145, Energy: -1.08771e+02 (-1.08738e+02), Variance: 1.37028e+00 (1.97637e+00), Accept ratio: 0.47010, 
INFO:root:Epoch  1146, Energy: -1.08794e+02 (-1.08760e+02), Variance: 1.63871e+00 (2.87887e+00), Accept ratio: 0.46444, 
INFO:root:Epoch  1147, Energy: -1.08745e+02 (-1.08727e+02), Variance: 1.67906e+00 (2.18609e+00), Accept ratio: 0.46907, 
INFO:root:Epoch  1148, Energy: -1.08775e+02 (-1.08774e+02), Variance: 1.65167e+00 (2.75609e+00), Accept ratio: 0.47184, 
INFO:root:Epoch  1149, Energy: -1.08796e+02 (-1.08868e+02), Variance: 1.61371e+00 (3.50168e+00), Accept ratio: 0.45923, 
INFO:root:Epoch  1150, Energy: -1.08829e+02 (-1.08814e+02), Variance: 1.71242e+00 (2.77880e+00), Accept ratio: 0.46753, 
INFO:root:Epoch  1151, Energy: -1.08800e+02 (-1.08780e+02), Variance: 1.61158e+00 (4.27651e+00), Accept ratio: 0.47037, 
INFO:root:Epoch  1152, Energy: -1.08837e+02 (-1.08796e+02), Variance: 1.65379e+00 (7.14873e+00), Accept ratio: 0.46990, 
INFO:root:Epoch  1153, Energy: -1.08845e+02 (-1.08840e+02), Variance: 1.49511e+00 (1.70216e+00), Accept ratio: 0.45817, 
INFO:root:Epoch  1154, Energy: -1.08774e+02 (-1.08718e+02), Variance: 1.41983e+00 (3.99435e+00), Accept ratio: 0.46754, 
INFO:root:Epoch  1155, Energy: -1.08846e+02 (-1.08854e+02), Variance: 1.46468e+00 (2.77254e+00), Accept ratio: 0.47505, 
INFO:root:Epoch  1156, Energy: -1.08809e+02 (-1.08854e+02), Variance: 1.39965e+00 (3.36362e+00), Accept ratio: 0.47554, 
INFO:root:Epoch  1157, Energy: -1.08785e+02 (-1.08781e+02), Variance: 1.47644e+00 (1.76279e+00), Accept ratio: 0.47207, 
INFO:root:Epoch  1158, Energy: -1.08795e+02 (-1.08802e+02), Variance: 1.35300e+00 (1.82584e+00), Accept ratio: 0.47322, 
INFO:root:Epoch  1159, Energy: -1.08741e+02 (-1.08731e+02), Variance: 1.36380e+00 (1.84742e+00), Accept ratio: 0.46635, 
INFO:root:Epoch  1160, Energy: -1.08788e+02 (-1.08792e+02), Variance: 1.27568e+00 (1.70947e+00), Accept ratio: 0.46966, 
INFO:root:Epoch  1161, Energy: -1.08842e+02 (-1.08853e+02), Variance: 1.47337e+00 (1.70428e+00), Accept ratio: 0.47441, 
INFO:root:Epoch  1162, Energy: -1.08823e+02 (-1.08836e+02), Variance: 1.31611e+00 (1.91037e+00), Accept ratio: 0.47452, 
INFO:root:Epoch  1163, Energy: -1.08762e+02 (-1.08745e+02), Variance: 1.23165e+00 (1.58649e+00), Accept ratio: 0.47194, 
INFO:root:Epoch  1164, Energy: -1.08768e+02 (-1.08737e+02), Variance: 1.44044e+00 (3.53835e+00), Accept ratio: 0.45999, 
INFO:root:Epoch  1165, Energy: -1.08781e+02 (-1.08787e+02), Variance: 1.34564e+00 (1.70208e+00), Accept ratio: 0.46544, 
INFO:root:Epoch  1166, Energy: -1.08837e+02 (-1.08841e+02), Variance: 1.35155e+00 (1.77505e+00), Accept ratio: 0.47627, 
INFO:root:Epoch  1167, Energy: -1.08797e+02 (-1.08783e+02), Variance: 1.37411e+00 (1.92931e+00), Accept ratio: 0.46442, 
INFO:root:Epoch  1168, Energy: -1.08790e+02 (-1.08788e+02), Variance: 1.31546e+00 (1.59215e+00), Accept ratio: 0.47202, 
INFO:root:Epoch  1169, Energy: -1.08773e+02 (-1.08744e+02), Variance: 1.27595e+00 (1.83952e+00), Accept ratio: 0.47136, 
INFO:root:Epoch  1170, Energy: -1.08808e+02 (-1.08795e+02), Variance: 1.41700e+00 (1.75835e+00), Accept ratio: 0.47149, 
INFO:root:Epoch  1171, Energy: -1.08751e+02 (-1.08712e+02), Variance: 1.26394e+00 (3.48079e+00), Accept ratio: 0.47195, 
INFO:root:Epoch  1172, Energy: -1.08763e+02 (-1.08767e+02), Variance: 1.44183e+00 (2.88483e+00), Accept ratio: 0.46900, 
INFO:root:Epoch  1173, Energy: -1.08737e+02 (-1.08679e+02), Variance: 1.39556e+00 (6.46692e+00), Accept ratio: 0.47330, 
INFO:root:Epoch  1174, Energy: -1.08726e+02 (-1.08705e+02), Variance: 1.51528e+00 (3.04589e+00), Accept ratio: 0.47301, 
INFO:root:Epoch  1175, Energy: -1.08686e+02 (-1.08550e+02), Variance: 1.46932e+00 (2.60443e+01), Accept ratio: 0.47864, 
INFO:root:Epoch  1176, Energy: -1.08697e+02 (-1.08688e+02), Variance: 1.45581e+00 (2.48237e+00), Accept ratio: 0.46992, 
INFO:root:Epoch  1177, Energy: -1.08761e+02 (-1.08750e+02), Variance: 1.43562e+00 (2.18619e+00), Accept ratio: 0.46639, 
INFO:root:Epoch  1178, Energy: -1.08759e+02 (-1.08759e+02), Variance: 1.50325e+00 (1.86975e+00), Accept ratio: 0.46552, 
INFO:root:Epoch  1179, Energy: -1.08799e+02 (-1.08842e+02), Variance: 1.23521e+00 (2.20131e+00), Accept ratio: 0.47111, 
INFO:root:Epoch  1180, Energy: -1.08741e+02 (-1.08810e+02), Variance: 1.39750e+00 (4.76199e+00), Accept ratio: 0.46450, 
INFO:root:Epoch  1181, Energy: -1.08762e+02 (-1.08764e+02), Variance: 1.38732e+00 (3.33176e+00), Accept ratio: 0.47269, 
INFO:root:Epoch  1182, Energy: -1.08717e+02 (-1.08716e+02), Variance: 1.46435e+00 (1.59795e+00), Accept ratio: 0.46561, 
INFO:root:Epoch  1183, Energy: -1.08707e+02 (-1.08698e+02), Variance: 1.59330e+00 (2.60816e+00), Accept ratio: 0.46851, 
INFO:root:Epoch  1184, Energy: -1.08827e+02 (-1.08837e+02), Variance: 1.36822e+00 (1.76357e+00), Accept ratio: 0.46951, 
INFO:root:Epoch  1185, Energy: -1.08796e+02 (-1.08799e+02), Variance: 1.59077e+00 (2.11041e+00), Accept ratio: 0.46835, 
INFO:root:Epoch  1186, Energy: -1.08806e+02 (-1.08822e+02), Variance: 1.40644e+00 (1.89055e+00), Accept ratio: 0.46130, 
INFO:root:Epoch  1187, Energy: -1.08756e+02 (-1.08752e+02), Variance: 1.50206e+00 (2.27808e+00), Accept ratio: 0.47249, 
INFO:root:Epoch  1188, Energy: -1.08728e+02 (-1.08778e+02), Variance: 1.41228e+00 (6.25227e+00), Accept ratio: 0.47440, 
INFO:root:Epoch  1189, Energy: -1.08692e+02 (-1.08651e+02), Variance: 1.42334e+00 (2.70031e+00), Accept ratio: 0.47098, 
INFO:root:Epoch  1190, Energy: -1.08760e+02 (-1.08746e+02), Variance: 1.16295e+00 (1.73697e+00), Accept ratio: 0.47681, 
INFO:root:Epoch  1191, Energy: -1.08724e+02 (-1.08750e+02), Variance: 1.26648e+00 (2.41272e+00), Accept ratio: 0.46887, 
INFO:root:Epoch  1192, Energy: -1.08702e+02 (-1.08681e+02), Variance: 1.32060e+00 (1.80888e+00), Accept ratio: 0.46594, 
INFO:root:Epoch  1193, Energy: -1.08708e+02 (-1.08726e+02), Variance: 1.19264e+00 (1.95653e+00), Accept ratio: 0.47620, 
INFO:root:Epoch  1194, Energy: -1.08799e+02 (-1.08795e+02), Variance: 1.30753e+00 (1.73457e+00), Accept ratio: 0.47046, 
INFO:root:Epoch  1195, Energy: -1.08816e+02 (-1.08828e+02), Variance: 1.27506e+00 (1.58821e+00), Accept ratio: 0.46882, 
INFO:root:Epoch  1196, Energy: -1.08722e+02 (-1.08715e+02), Variance: 1.21732e+00 (1.61209e+00), Accept ratio: 0.46278, 
INFO:root:Epoch  1197, Energy: -1.08759e+02 (-1.08754e+02), Variance: 1.19872e+00 (1.40870e+00), Accept ratio: 0.47445, 
INFO:root:Epoch  1198, Energy: -1.08786e+02 (-1.08764e+02), Variance: 1.34240e+00 (1.85243e+00), Accept ratio: 0.47553, 
INFO:root:Epoch  1199, Energy: -1.08796e+02 (-1.08760e+02), Variance: 1.31262e+00 (2.63547e+00), Accept ratio: 0.46950, 
INFO:root:Epoch  1200, Energy: -1.08769e+02 (-1.08748e+02), Variance: 1.48464e+00 (3.17108e+00), Accept ratio: 0.46511, , best weights saved
INFO:root:Epoch  1201, Energy: -1.08752e+02 (-1.08678e+02), Variance: 1.53937e+00 (6.22868e+00), Accept ratio: 0.46837, 
INFO:root:Epoch  1202, Energy: -1.08739e+02 (-1.08673e+02), Variance: 1.45663e+00 (5.86492e+00), Accept ratio: 0.47001, 
INFO:root:Epoch  1203, Energy: -1.08852e+02 (-1.08784e+02), Variance: 1.34251e+00 (6.16893e+00), Accept ratio: 0.47394, 
INFO:root:Epoch  1204, Energy: -1.08813e+02 (-1.08815e+02), Variance: 1.36437e+00 (2.11864e+00), Accept ratio: 0.46748, 
INFO:root:Epoch  1205, Energy: -1.08867e+02 (-1.08867e+02), Variance: 1.35550e+00 (1.53515e+00), Accept ratio: 0.47037, 
INFO:root:Epoch  1206, Energy: -1.08818e+02 (-1.08808e+02), Variance: 1.34621e+00 (1.64280e+00), Accept ratio: 0.46566, 
INFO:root:Epoch  1207, Energy: -1.08873e+02 (-1.08923e+02), Variance: 1.35723e+00 (3.44215e+00), Accept ratio: 0.46677, 
INFO:root:Epoch  1208, Energy: -1.08787e+02 (-1.08719e+02), Variance: 1.36895e+00 (5.04971e+00), Accept ratio: 0.46858, 
INFO:root:Epoch  1209, Energy: -1.08781e+02 (-1.08776e+02), Variance: 1.41349e+00 (2.02826e+00), Accept ratio: 0.47220, 
INFO:root:Epoch  1210, Energy: -1.08803e+02 (-1.08794e+02), Variance: 1.39193e+00 (1.55317e+00), Accept ratio: 0.47181, 
INFO:root:Epoch  1211, Energy: -1.08819e+02 (-1.08829e+02), Variance: 1.56439e+00 (2.64989e+00), Accept ratio: 0.47045, 
INFO:root:Epoch  1212, Energy: -1.08806e+02 (-1.08827e+02), Variance: 1.36260e+00 (1.88271e+00), Accept ratio: 0.47356, 
INFO:root:Epoch  1213, Energy: -1.08798e+02 (-1.08803e+02), Variance: 1.28629e+00 (1.67041e+00), Accept ratio: 0.46710, 
INFO:root:Epoch  1214, Energy: -1.08798e+02 (-1.08778e+02), Variance: 1.25100e+00 (1.82519e+00), Accept ratio: 0.47240, 
INFO:root:Epoch  1215, Energy: -1.08778e+02 (-1.08773e+02), Variance: 1.20678e+00 (1.31048e+00), Accept ratio: 0.47255, 
INFO:root:Epoch  1216, Energy: -1.08781e+02 (-1.08777e+02), Variance: 1.41731e+00 (1.64822e+00), Accept ratio: 0.46968, 
INFO:root:Epoch  1217, Energy: -1.08748e+02 (-1.08708e+02), Variance: 1.16023e+00 (2.40868e+00), Accept ratio: 0.47678, 
INFO:root:Epoch  1218, Energy: -1.08768e+02 (-1.08778e+02), Variance: 1.22593e+00 (1.86552e+00), Accept ratio: 0.47131, 
INFO:root:Epoch  1219, Energy: -1.08805e+02 (-1.08805e+02), Variance: 1.31497e+00 (1.42142e+00), Accept ratio: 0.47396, 
INFO:root:Epoch  1220, Energy: -1.08797e+02 (-1.08799e+02), Variance: 1.31214e+00 (1.43589e+00), Accept ratio: 0.46754, 
INFO:root:Epoch  1221, Energy: -1.08790e+02 (-1.08788e+02), Variance: 1.30362e+00 (1.93451e+00), Accept ratio: 0.46923, 
INFO:root:Epoch  1222, Energy: -1.08813e+02 (-1.08805e+02), Variance: 1.42593e+00 (2.07726e+00), Accept ratio: 0.47253, 
INFO:root:Epoch  1223, Energy: -1.08787e+02 (-1.08769e+02), Variance: 1.27536e+00 (1.82078e+00), Accept ratio: 0.46712, 
INFO:root:Epoch  1224, Energy: -1.08831e+02 (-1.08806e+02), Variance: 1.13225e+00 (1.88604e+00), Accept ratio: 0.47432, 
INFO:root:Epoch  1225, Energy: -1.08778e+02 (-1.08771e+02), Variance: 1.18421e+00 (1.37380e+00), Accept ratio: 0.47623, 
INFO:root:Epoch  1226, Energy: -1.08780e+02 (-1.08759e+02), Variance: 1.19736e+00 (1.57378e+00), Accept ratio: 0.47576, 
INFO:root:Epoch  1227, Energy: -1.08779e+02 (-1.08769e+02), Variance: 1.17009e+00 (1.47022e+00), Accept ratio: 0.47369, 
INFO:root:Epoch  1228, Energy: -1.08787e+02 (-1.08744e+02), Variance: 1.27124e+00 (5.07087e+00), Accept ratio: 0.46490, 
INFO:root:Epoch  1229, Energy: -1.08797e+02 (-1.08809e+02), Variance: 1.25671e+00 (2.42022e+00), Accept ratio: 0.47653, 
INFO:root:Epoch  1230, Energy: -1.08801e+02 (-1.08781e+02), Variance: 1.08447e+00 (1.81904e+00), Accept ratio: 0.48037, 
INFO:root:Epoch  1231, Energy: -1.08796e+02 (-1.08798e+02), Variance: 1.29864e+00 (1.34536e+00), Accept ratio: 0.47373, 
INFO:root:Epoch  1232, Energy: -1.08800e+02 (-1.08799e+02), Variance: 1.23205e+00 (1.42295e+00), Accept ratio: 0.47025, 
INFO:root:Epoch  1233, Energy: -1.08758e+02 (-1.08679e+02), Variance: 1.20903e+00 (8.90902e+00), Accept ratio: 0.46852, 
INFO:root:Epoch  1234, Energy: -1.08779e+02 (-1.08768e+02), Variance: 1.23784e+00 (1.54211e+00), Accept ratio: 0.47579, 
INFO:root:Epoch  1235, Energy: -1.08746e+02 (-1.08730e+02), Variance: 1.24299e+00 (2.80834e+00), Accept ratio: 0.47156, 
INFO:root:Epoch  1236, Energy: -1.08768e+02 (-1.08758e+02), Variance: 1.26424e+00 (1.38901e+00), Accept ratio: 0.47431, 
INFO:root:Epoch  1237, Energy: -1.08864e+02 (-1.08883e+02), Variance: 1.30349e+00 (1.75699e+00), Accept ratio: 0.47401, 
INFO:root:Epoch  1238, Energy: -1.08831e+02 (-1.08825e+02), Variance: 1.16994e+00 (1.92015e+00), Accept ratio: 0.47314, 
INFO:root:Epoch  1239, Energy: -1.08799e+02 (-1.08777e+02), Variance: 1.12786e+00 (1.62750e+00), Accept ratio: 0.46898, 
INFO:root:Epoch  1240, Energy: -1.08759e+02 (-1.08744e+02), Variance: 1.32164e+00 (1.72810e+00), Accept ratio: 0.46926, 
INFO:root:Epoch  1241, Energy: -1.08797e+02 (-1.08760e+02), Variance: 1.51724e+00 (2.53176e+00), Accept ratio: 0.47220, 
INFO:root:Epoch  1242, Energy: -1.08781e+02 (-1.08813e+02), Variance: 1.19570e+00 (3.50916e+00), Accept ratio: 0.47561, 
INFO:root:Epoch  1243, Energy: -1.08828e+02 (-1.08817e+02), Variance: 1.07780e+00 (1.22811e+00), Accept ratio: 0.47514, 
INFO:root:Epoch  1244, Energy: -1.08818e+02 (-1.08827e+02), Variance: 1.23500e+00 (1.66257e+00), Accept ratio: 0.48176, 
INFO:root:Epoch  1245, Energy: -1.08822e+02 (-1.08815e+02), Variance: 1.28715e+00 (1.65114e+00), Accept ratio: 0.46694, 
INFO:root:Epoch  1246, Energy: -1.08768e+02 (-1.08731e+02), Variance: 1.37337e+00 (2.39600e+00), Accept ratio: 0.47106, 
INFO:root:Epoch  1247, Energy: -1.08736e+02 (-1.08702e+02), Variance: 1.11350e+00 (2.17326e+00), Accept ratio: 0.47296, 
INFO:root:Epoch  1248, Energy: -1.08791e+02 (-1.08796e+02), Variance: 1.17154e+00 (1.36171e+00), Accept ratio: 0.47653, 
INFO:root:Epoch  1249, Energy: -1.08844e+02 (-1.08833e+02), Variance: 1.45466e+00 (2.61456e+00), Accept ratio: 0.47362, 
INFO:root:Epoch  1250, Energy: -1.08801e+02 (-1.08830e+02), Variance: 1.23573e+00 (2.63122e+00), Accept ratio: 0.46586, 
INFO:root:Epoch  1251, Energy: -1.08812e+02 (-1.08810e+02), Variance: 1.34053e+00 (2.15620e+00), Accept ratio: 0.47492, 
INFO:root:Epoch  1252, Energy: -1.08844e+02 (-1.08864e+02), Variance: 1.21093e+00 (1.95630e+00), Accept ratio: 0.47189, 
INFO:root:Epoch  1253, Energy: -1.08830e+02 (-1.08815e+02), Variance: 1.31802e+00 (2.79168e+00), Accept ratio: 0.47290, 
INFO:root:Epoch  1254, Energy: -1.08830e+02 (-1.08838e+02), Variance: 1.32179e+00 (1.81552e+00), Accept ratio: 0.47398, 
INFO:root:Epoch  1255, Energy: -1.08812e+02 (-1.08828e+02), Variance: 1.46831e+00 (1.98890e+00), Accept ratio: 0.46869, 
INFO:root:Epoch  1256, Energy: -1.08781e+02 (-1.08796e+02), Variance: 1.25916e+00 (1.94910e+00), Accept ratio: 0.46874, 
INFO:root:Epoch  1257, Energy: -1.08814e+02 (-1.08802e+02), Variance: 1.09183e+00 (1.24056e+00), Accept ratio: 0.47667, 
INFO:root:Epoch  1258, Energy: -1.08846e+02 (-1.08848e+02), Variance: 1.17970e+00 (2.30461e+00), Accept ratio: 0.46933, 
INFO:root:Epoch  1259, Energy: -1.08854e+02 (-1.08857e+02), Variance: 1.24231e+00 (1.58639e+00), Accept ratio: 0.47377, 
INFO:root:Epoch  1260, Energy: -1.08824e+02 (-1.08820e+02), Variance: 1.17044e+00 (1.37298e+00), Accept ratio: 0.47593, 
INFO:root:Epoch  1261, Energy: -1.08814e+02 (-1.08827e+02), Variance: 1.19942e+00 (1.41152e+00), Accept ratio: 0.47119, 
INFO:root:Epoch  1262, Energy: -1.08807e+02 (-1.08815e+02), Variance: 1.42263e+00 (2.05826e+00), Accept ratio: 0.46997, 
INFO:root:Epoch  1263, Energy: -1.08763e+02 (-1.08747e+02), Variance: 1.26830e+00 (2.00760e+00), Accept ratio: 0.47684, 
INFO:root:Epoch  1264, Energy: -1.08831e+02 (-1.08845e+02), Variance: 1.47509e+00 (2.74428e+00), Accept ratio: 0.47228, 
INFO:root:Epoch  1265, Energy: -1.08835e+02 (-1.08820e+02), Variance: 1.24730e+00 (1.50629e+00), Accept ratio: 0.47668, 
INFO:root:Epoch  1266, Energy: -1.08822e+02 (-1.08826e+02), Variance: 1.53347e+00 (2.57055e+00), Accept ratio: 0.47161, 
INFO:root:Epoch  1267, Energy: -1.08807e+02 (-1.08768e+02), Variance: 1.25220e+00 (3.31707e+00), Accept ratio: 0.47631, 
INFO:root:Epoch  1268, Energy: -1.08814e+02 (-1.08842e+02), Variance: 1.25112e+00 (1.90870e+00), Accept ratio: 0.47642, 
INFO:root:Epoch  1269, Energy: -1.08829e+02 (-1.08837e+02), Variance: 1.27698e+00 (1.63374e+00), Accept ratio: 0.47201, 
INFO:root:Epoch  1270, Energy: -1.08821e+02 (-1.08821e+02), Variance: 1.27726e+00 (1.92644e+00), Accept ratio: 0.47169, 
INFO:root:Epoch  1271, Energy: -1.08807e+02 (-1.08815e+02), Variance: 1.39779e+00 (1.87205e+00), Accept ratio: 0.46567, 
INFO:root:Epoch  1272, Energy: -1.08769e+02 (-1.08780e+02), Variance: 1.22698e+00 (1.55526e+00), Accept ratio: 0.46989, 
INFO:root:Epoch  1273, Energy: -1.08816e+02 (-1.08831e+02), Variance: 1.25498e+00 (1.84336e+00), Accept ratio: 0.46854, 
INFO:root:Epoch  1274, Energy: -1.08715e+02 (-1.08711e+02), Variance: 1.31913e+00 (1.69838e+00), Accept ratio: 0.46947, 
INFO:root:Epoch  1275, Energy: -1.08791e+02 (-1.08759e+02), Variance: 1.15356e+00 (2.03063e+00), Accept ratio: 0.47571, 
INFO:root:Epoch  1276, Energy: -1.08788e+02 (-1.08781e+02), Variance: 1.14386e+00 (1.44454e+00), Accept ratio: 0.47140, 
INFO:root:Epoch  1277, Energy: -1.08777e+02 (-1.08796e+02), Variance: 1.48212e+00 (3.23796e+00), Accept ratio: 0.46919, 
INFO:root:Epoch  1278, Energy: -1.08790e+02 (-1.08827e+02), Variance: 1.41955e+00 (2.36701e+00), Accept ratio: 0.46875, 
INFO:root:Epoch  1279, Energy: -1.08764e+02 (-1.08730e+02), Variance: 1.35947e+00 (2.52036e+00), Accept ratio: 0.47140, 
INFO:root:Epoch  1280, Energy: -1.08792e+02 (-1.08775e+02), Variance: 1.29415e+00 (2.74959e+00), Accept ratio: 0.47058, 
INFO:root:Epoch  1281, Energy: -1.08789e+02 (-1.08819e+02), Variance: 1.27107e+00 (2.84878e+00), Accept ratio: 0.46856, 
INFO:root:Epoch  1282, Energy: -1.08791e+02 (-1.08784e+02), Variance: 1.49804e+00 (3.16540e+00), Accept ratio: 0.46682, 
INFO:root:Epoch  1283, Energy: -1.08870e+02 (-1.08893e+02), Variance: 1.36350e+00 (1.95839e+00), Accept ratio: 0.46727, 
INFO:root:Epoch  1284, Energy: -1.08809e+02 (-1.08808e+02), Variance: 1.05800e+00 (1.30967e+00), Accept ratio: 0.46375, 
INFO:root:Epoch  1285, Energy: -1.08810e+02 (-1.08803e+02), Variance: 1.20575e+00 (1.80739e+00), Accept ratio: 0.46939, 
INFO:root:Epoch  1286, Energy: -1.08874e+02 (-1.08884e+02), Variance: 1.34740e+00 (1.81122e+00), Accept ratio: 0.46656, 
INFO:root:Epoch  1287, Energy: -1.08846e+02 (-1.08855e+02), Variance: 1.19460e+00 (1.50241e+00), Accept ratio: 0.46846, 
INFO:root:Epoch  1288, Energy: -1.08867e+02 (-1.08862e+02), Variance: 1.29839e+00 (1.59330e+00), Accept ratio: 0.46603, 
INFO:root:Epoch  1289, Energy: -1.08802e+02 (-1.08784e+02), Variance: 1.32518e+00 (1.70833e+00), Accept ratio: 0.46902, 
INFO:root:Epoch  1290, Energy: -1.08795e+02 (-1.08811e+02), Variance: 1.25126e+00 (1.64779e+00), Accept ratio: 0.46098, 
INFO:root:Epoch  1291, Energy: -1.08831e+02 (-1.08824e+02), Variance: 1.39797e+00 (1.58666e+00), Accept ratio: 0.47283, 
INFO:root:Epoch  1292, Energy: -1.08825e+02 (-1.08823e+02), Variance: 1.32010e+00 (1.58586e+00), Accept ratio: 0.46878, 
INFO:root:Epoch  1293, Energy: -1.08802e+02 (-1.08793e+02), Variance: 1.45320e+00 (2.51776e+00), Accept ratio: 0.47403, 
INFO:root:Epoch  1294, Energy: -1.08843e+02 (-1.08831e+02), Variance: 1.16051e+00 (1.59703e+00), Accept ratio: 0.46809, 
INFO:root:Epoch  1295, Energy: -1.08871e+02 (-1.08885e+02), Variance: 1.38931e+00 (2.11984e+00), Accept ratio: 0.47100, 
INFO:root:Epoch  1296, Energy: -1.08825e+02 (-1.08825e+02), Variance: 1.23243e+00 (1.54245e+00), Accept ratio: 0.46648, 
INFO:root:Epoch  1297, Energy: -1.08808e+02 (-1.08731e+02), Variance: 1.19139e+00 (8.86085e+00), Accept ratio: 0.47348, 
INFO:root:Epoch  1298, Energy: -1.08767e+02 (-1.08805e+02), Variance: 1.18709e+00 (4.85732e+00), Accept ratio: 0.47484, 
INFO:root:Epoch  1299, Energy: -1.08844e+02 (-1.08839e+02), Variance: 1.29999e+00 (1.51307e+00), Accept ratio: 0.47645, 
INFO:root:Epoch  1300, Energy: -1.08826e+02 (-1.08812e+02), Variance: 1.39817e+00 (2.55476e+00), Accept ratio: 0.46765, , best weights saved
INFO:root:Epoch  1301, Energy: -1.08793e+02 (-1.08731e+02), Variance: 1.43141e+00 (6.89541e+00), Accept ratio: 0.46654, 
INFO:root:Epoch  1302, Energy: -1.08822e+02 (-1.08817e+02), Variance: 1.23663e+00 (1.77116e+00), Accept ratio: 0.47330, 
INFO:root:Epoch  1303, Energy: -1.08861e+02 (-1.08872e+02), Variance: 1.28019e+00 (1.47833e+00), Accept ratio: 0.47765, 
INFO:root:Epoch  1304, Energy: -1.08818e+02 (-1.08843e+02), Variance: 1.38449e+00 (3.97631e+00), Accept ratio: 0.47098, 
INFO:root:Epoch  1305, Energy: -1.08752e+02 (-1.08752e+02), Variance: 1.31540e+00 (2.14071e+00), Accept ratio: 0.47321, 
INFO:root:Epoch  1306, Energy: -1.08806e+02 (-1.08813e+02), Variance: 1.18438e+00 (2.86908e+00), Accept ratio: 0.47086, 
INFO:root:Epoch  1307, Energy: -1.08761e+02 (-1.08735e+02), Variance: 1.31958e+00 (3.52098e+00), Accept ratio: 0.46973, 
INFO:root:Epoch  1308, Energy: -1.08757e+02 (-1.08735e+02), Variance: 1.33731e+00 (2.39357e+00), Accept ratio: 0.47614, 
INFO:root:Epoch  1309, Energy: -1.08826e+02 (-1.08826e+02), Variance: 1.06996e+00 (1.26491e+00), Accept ratio: 0.47307, 
INFO:root:Epoch  1310, Energy: -1.08795e+02 (-1.08784e+02), Variance: 1.20400e+00 (1.47882e+00), Accept ratio: 0.46592, 
INFO:root:Epoch  1311, Energy: -1.08838e+02 (-1.08832e+02), Variance: 1.08877e+00 (1.21381e+00), Accept ratio: 0.46952, 
INFO:root:Epoch  1312, Energy: -1.08785e+02 (-1.08781e+02), Variance: 1.21498e+00 (2.00738e+00), Accept ratio: 0.48230, 
INFO:root:Epoch  1313, Energy: -1.08768e+02 (-1.08767e+02), Variance: 1.10704e+00 (1.27585e+00), Accept ratio: 0.46627, 
INFO:root:Epoch  1314, Energy: -1.08757e+02 (-1.08743e+02), Variance: 1.11081e+00 (1.45703e+00), Accept ratio: 0.46819, 
INFO:root:Epoch  1315, Energy: -1.08769e+02 (-1.08679e+02), Variance: 1.24845e+00 (7.30386e+00), Accept ratio: 0.47208, 
INFO:root:Epoch  1316, Energy: -1.08818e+02 (-1.08814e+02), Variance: 1.19206e+00 (1.23805e+00), Accept ratio: 0.46623, 
INFO:root:Epoch  1317, Energy: -1.08837e+02 (-1.08830e+02), Variance: 1.20174e+00 (2.35412e+00), Accept ratio: 0.47554, 
INFO:root:Epoch  1318, Energy: -1.08820e+02 (-1.08815e+02), Variance: 1.14104e+00 (1.35243e+00), Accept ratio: 0.47499, 
INFO:root:Epoch  1319, Energy: -1.08817e+02 (-1.08808e+02), Variance: 1.23992e+00 (1.63413e+00), Accept ratio: 0.47057, 
INFO:root:Epoch  1320, Energy: -1.08806e+02 (-1.08811e+02), Variance: 1.17496e+00 (1.44679e+00), Accept ratio: 0.47024, 
INFO:root:Epoch  1321, Energy: -1.08770e+02 (-1.08756e+02), Variance: 1.39603e+00 (3.02781e+00), Accept ratio: 0.47341, 
INFO:root:Epoch  1322, Energy: -1.08785e+02 (-1.08848e+02), Variance: 1.27547e+00 (4.49630e+00), Accept ratio: 0.46582, 
INFO:root:Epoch  1323, Energy: -1.08813e+02 (-1.08808e+02), Variance: 1.29084e+00 (2.83866e+00), Accept ratio: 0.46718, 
INFO:root:Epoch  1324, Energy: -1.08865e+02 (-1.08936e+02), Variance: 1.33291e+00 (6.05367e+00), Accept ratio: 0.46989, 
INFO:root:Epoch  1325, Energy: -1.08856e+02 (-1.08848e+02), Variance: 1.29855e+00 (1.79001e+00), Accept ratio: 0.46350, 
INFO:root:Epoch  1326, Energy: -1.08808e+02 (-1.08816e+02), Variance: 1.16781e+00 (1.50333e+00), Accept ratio: 0.47085, 
INFO:root:Epoch  1327, Energy: -1.08868e+02 (-1.08854e+02), Variance: 1.39932e+00 (1.82907e+00), Accept ratio: 0.46635, 
INFO:root:Epoch  1328, Energy: -1.08840e+02 (-1.08851e+02), Variance: 1.28843e+00 (2.47959e+00), Accept ratio: 0.47386, 
INFO:root:Epoch  1329, Energy: -1.08786e+02 (-1.08786e+02), Variance: 1.21053e+00 (1.66613e+00), Accept ratio: 0.46895, 
INFO:root:Epoch  1330, Energy: -1.08826e+02 (-1.08867e+02), Variance: 1.27697e+00 (3.02590e+00), Accept ratio: 0.47077, 
INFO:root:Epoch  1331, Energy: -1.08854e+02 (-1.08853e+02), Variance: 1.11833e+00 (2.08923e+00), Accept ratio: 0.46887, 
INFO:root:Epoch  1332, Energy: -1.08846e+02 (-1.08847e+02), Variance: 1.18006e+00 (1.45865e+00), Accept ratio: 0.46821, 
INFO:root:Epoch  1333, Energy: -1.08824e+02 (-1.08758e+02), Variance: 1.28821e+00 (4.54691e+00), Accept ratio: 0.46762, 
INFO:root:Epoch  1334, Energy: -1.08831e+02 (-1.08813e+02), Variance: 1.39542e+00 (1.87601e+00), Accept ratio: 0.47510, 
INFO:root:Epoch  1335, Energy: -1.08793e+02 (-1.08774e+02), Variance: 1.28427e+00 (2.26320e+00), Accept ratio: 0.47000, 
INFO:root:Epoch  1336, Energy: -1.08821e+02 (-1.08834e+02), Variance: 1.12340e+00 (1.60000e+00), Accept ratio: 0.46862, 
INFO:root:Epoch  1337, Energy: -1.08854e+02 (-1.08862e+02), Variance: 1.09283e+00 (1.55236e+00), Accept ratio: 0.46871, 
INFO:root:Epoch  1338, Energy: -1.08809e+02 (-1.08807e+02), Variance: 1.19388e+00 (1.70519e+00), Accept ratio: 0.47292, 
INFO:root:Epoch  1339, Energy: -1.08787e+02 (-1.08780e+02), Variance: 1.27000e+00 (1.59019e+00), Accept ratio: 0.47068, 
INFO:root:Epoch  1340, Energy: -1.08801e+02 (-1.08792e+02), Variance: 1.37824e+00 (2.35312e+00), Accept ratio: 0.46862, 
INFO:root:Epoch  1341, Energy: -1.08810e+02 (-1.08797e+02), Variance: 1.32371e+00 (1.86394e+00), Accept ratio: 0.47491, 
INFO:root:Epoch  1342, Energy: -1.08847e+02 (-1.08867e+02), Variance: 1.34472e+00 (1.84310e+00), Accept ratio: 0.47183, 
INFO:root:Epoch  1343, Energy: -1.08815e+02 (-1.08817e+02), Variance: 1.32066e+00 (1.56238e+00), Accept ratio: 0.47185, 
INFO:root:Epoch  1344, Energy: -1.08841e+02 (-1.08850e+02), Variance: 1.13187e+00 (1.29158e+00), Accept ratio: 0.46697, 
INFO:root:Epoch  1345, Energy: -1.08822e+02 (-1.08807e+02), Variance: 1.13396e+00 (1.57933e+00), Accept ratio: 0.46945, 
INFO:root:Epoch  1346, Energy: -1.08830e+02 (-1.08829e+02), Variance: 1.17679e+00 (1.58483e+00), Accept ratio: 0.47421, 
INFO:root:Epoch  1347, Energy: -1.08810e+02 (-1.08766e+02), Variance: 1.14802e+00 (4.93578e+00), Accept ratio: 0.46893, 
INFO:root:Epoch  1348, Energy: -1.08801e+02 (-1.08775e+02), Variance: 1.07762e+00 (2.00212e+00), Accept ratio: 0.47307, 
INFO:root:Epoch  1349, Energy: -1.08856e+02 (-1.08860e+02), Variance: 1.08962e+00 (1.23190e+00), Accept ratio: 0.46698, 
INFO:root:Epoch  1350, Energy: -1.08828e+02 (-1.08835e+02), Variance: 1.33172e+00 (1.79929e+00), Accept ratio: 0.47193, 
INFO:root:Epoch  1351, Energy: -1.08849e+02 (-1.08861e+02), Variance: 1.27865e+00 (1.68511e+00), Accept ratio: 0.46733, 
INFO:root:Epoch  1352, Energy: -1.08799e+02 (-1.08849e+02), Variance: 1.26329e+00 (5.47139e+00), Accept ratio: 0.47389, 
INFO:root:Epoch  1353, Energy: -1.08854e+02 (-1.08844e+02), Variance: 1.24643e+00 (1.60535e+00), Accept ratio: 0.46499, 
INFO:root:Epoch  1354, Energy: -1.08860e+02 (-1.08870e+02), Variance: 1.11294e+00 (1.25212e+00), Accept ratio: 0.46349, 
INFO:root:Epoch  1355, Energy: -1.08847e+02 (-1.08861e+02), Variance: 1.20940e+00 (3.25436e+00), Accept ratio: 0.46984, 
INFO:root:Epoch  1356, Energy: -1.08820e+02 (-1.08805e+02), Variance: 1.26567e+00 (1.89234e+00), Accept ratio: 0.47137, 
INFO:root:Epoch  1357, Energy: -1.08829e+02 (-1.08843e+02), Variance: 1.20436e+00 (1.79853e+00), Accept ratio: 0.47395, 
INFO:root:Epoch  1358, Energy: -1.08813e+02 (-1.08812e+02), Variance: 1.07963e+00 (1.32978e+00), Accept ratio: 0.47052, 
INFO:root:Epoch  1359, Energy: -1.08798e+02 (-1.08790e+02), Variance: 1.25237e+00 (1.40916e+00), Accept ratio: 0.47437, 
INFO:root:Epoch  1360, Energy: -1.08821e+02 (-1.08819e+02), Variance: 1.20730e+00 (1.35984e+00), Accept ratio: 0.46737, 
INFO:root:Epoch  1361, Energy: -1.08862e+02 (-1.08859e+02), Variance: 1.14781e+00 (1.37545e+00), Accept ratio: 0.47066, 
INFO:root:Epoch  1362, Energy: -1.08880e+02 (-1.08864e+02), Variance: 1.06292e+00 (1.48817e+00), Accept ratio: 0.46862, 
INFO:root:Epoch  1363, Energy: -1.08897e+02 (-1.08888e+02), Variance: 1.24312e+00 (1.65109e+00), Accept ratio: 0.46593, 
INFO:root:Epoch  1364, Energy: -1.08808e+02 (-1.08795e+02), Variance: 1.13037e+00 (1.68426e+00), Accept ratio: 0.47046, 
INFO:root:Epoch  1365, Energy: -1.08853e+02 (-1.08840e+02), Variance: 1.15549e+00 (1.43039e+00), Accept ratio: 0.46720, 
INFO:root:Epoch  1366, Energy: -1.08871e+02 (-1.08866e+02), Variance: 1.16268e+00 (1.50252e+00), Accept ratio: 0.47006, 
INFO:root:Epoch  1367, Energy: -1.08882e+02 (-1.08863e+02), Variance: 1.28870e+00 (2.26719e+00), Accept ratio: 0.47028, 
INFO:root:Epoch  1368, Energy: -1.08846e+02 (-1.08842e+02), Variance: 1.21002e+00 (1.45729e+00), Accept ratio: 0.46721, 
INFO:root:Epoch  1369, Energy: -1.08843e+02 (-1.08841e+02), Variance: 1.08014e+00 (1.25970e+00), Accept ratio: 0.46990, 
INFO:root:Epoch  1370, Energy: -1.08848e+02 (-1.08856e+02), Variance: 1.14324e+00 (1.39969e+00), Accept ratio: 0.47455, 
INFO:root:Epoch  1371, Energy: -1.08896e+02 (-1.08890e+02), Variance: 1.15676e+00 (1.46778e+00), Accept ratio: 0.46863, 
INFO:root:Epoch  1372, Energy: -1.08855e+02 (-1.08845e+02), Variance: 1.16894e+00 (1.64571e+00), Accept ratio: 0.47634, 
INFO:root:Epoch  1373, Energy: -1.08918e+02 (-1.08935e+02), Variance: 1.05834e+00 (1.29310e+00), Accept ratio: 0.47561, 
INFO:root:Epoch  1374, Energy: -1.08789e+02 (-1.08798e+02), Variance: 1.20602e+00 (2.11493e+00), Accept ratio: 0.47414, 
INFO:root:Epoch  1375, Energy: -1.08833e+02 (-1.08836e+02), Variance: 1.21127e+00 (1.72174e+00), Accept ratio: 0.46972, 
INFO:root:Epoch  1376, Energy: -1.08816e+02 (-1.08807e+02), Variance: 1.23659e+00 (1.80275e+00), Accept ratio: 0.46576, 
INFO:root:Epoch  1377, Energy: -1.08841e+02 (-1.08836e+02), Variance: 1.23703e+00 (1.57458e+00), Accept ratio: 0.47591, 
INFO:root:Epoch  1378, Energy: -1.08804e+02 (-1.08797e+02), Variance: 1.28349e+00 (2.32964e+00), Accept ratio: 0.47041, 
INFO:root:Epoch  1379, Energy: -1.08856e+02 (-1.08883e+02), Variance: 1.28220e+00 (2.16419e+00), Accept ratio: 0.47449, 
INFO:root:Epoch  1380, Energy: -1.08840e+02 (-1.08853e+02), Variance: 1.12333e+00 (1.58577e+00), Accept ratio: 0.46920, 
INFO:root:Epoch  1381, Energy: -1.08845e+02 (-1.08813e+02), Variance: 1.14075e+00 (2.59357e+00), Accept ratio: 0.46507, 
INFO:root:Epoch  1382, Energy: -1.08812e+02 (-1.08801e+02), Variance: 1.05789e+00 (1.68399e+00), Accept ratio: 0.46755, 
INFO:root:Epoch  1383, Energy: -1.08840e+02 (-1.08822e+02), Variance: 1.20411e+00 (1.88195e+00), Accept ratio: 0.47346, 
INFO:root:Epoch  1384, Energy: -1.08888e+02 (-1.08821e+02), Variance: 1.25008e+00 (3.22415e+00), Accept ratio: 0.47254, 
INFO:root:Epoch  1385, Energy: -1.08866e+02 (-1.08875e+02), Variance: 1.27056e+00 (1.93175e+00), Accept ratio: 0.46897, 
INFO:root:Epoch  1386, Energy: -1.08880e+02 (-1.08848e+02), Variance: 1.20468e+00 (1.97368e+00), Accept ratio: 0.47253, 
INFO:root:Epoch  1387, Energy: -1.08879e+02 (-1.08849e+02), Variance: 1.27715e+00 (2.17607e+00), Accept ratio: 0.47332, 
INFO:root:Epoch  1388, Energy: -1.08884e+02 (-1.08875e+02), Variance: 1.19489e+00 (2.04260e+00), Accept ratio: 0.46329, 
INFO:root:Epoch  1389, Energy: -1.08876e+02 (-1.08858e+02), Variance: 1.14790e+00 (1.51456e+00), Accept ratio: 0.47088, 
INFO:root:Epoch  1390, Energy: -1.08903e+02 (-1.08917e+02), Variance: 1.16814e+00 (1.64655e+00), Accept ratio: 0.47386, 
INFO:root:Epoch  1391, Energy: -1.08863e+02 (-1.08850e+02), Variance: 1.24484e+00 (1.56774e+00), Accept ratio: 0.46997, 
INFO:root:Epoch  1392, Energy: -1.08867e+02 (-1.08881e+02), Variance: 1.12025e+00 (1.39574e+00), Accept ratio: 0.47464, 
INFO:root:Epoch  1393, Energy: -1.08876e+02 (-1.08867e+02), Variance: 1.23218e+00 (1.63042e+00), Accept ratio: 0.46622, 
INFO:root:Epoch  1394, Energy: -1.08901e+02 (-1.08900e+02), Variance: 1.10163e+00 (1.31448e+00), Accept ratio: 0.47159, 
INFO:root:Epoch  1395, Energy: -1.08878e+02 (-1.08877e+02), Variance: 1.21226e+00 (2.12741e+00), Accept ratio: 0.47267, 
INFO:root:Epoch  1396, Energy: -1.08874e+02 (-1.08862e+02), Variance: 1.10033e+00 (1.63672e+00), Accept ratio: 0.46654, 
INFO:root:Epoch  1397, Energy: -1.08868e+02 (-1.08848e+02), Variance: 9.84985e-01 (1.45847e+00), Accept ratio: 0.45904, 
INFO:root:Epoch  1398, Energy: -1.08834e+02 (-1.08821e+02), Variance: 1.02239e+00 (1.25460e+00), Accept ratio: 0.47204, 
INFO:root:Epoch  1399, Energy: -1.08879e+02 (-1.08878e+02), Variance: 1.14354e+00 (1.44853e+00), Accept ratio: 0.47661, 
INFO:root:Epoch  1400, Energy: -1.08939e+02 (-1.08945e+02), Variance: 1.13837e+00 (1.53789e+00), Accept ratio: 0.46828, , best weights saved
INFO:root:Epoch  1401, Energy: -1.08870e+02 (-1.08843e+02), Variance: 1.11103e+00 (1.67077e+00), Accept ratio: 0.47212, 
INFO:root:Epoch  1402, Energy: -1.08905e+02 (-1.08901e+02), Variance: 1.21590e+00 (1.38642e+00), Accept ratio: 0.47042, 
INFO:root:Epoch  1403, Energy: -1.08940e+02 (-1.08937e+02), Variance: 1.37452e+00 (1.83968e+00), Accept ratio: 0.46555, 
INFO:root:Epoch  1404, Energy: -1.08945e+02 (-1.08943e+02), Variance: 1.23263e+00 (1.69703e+00), Accept ratio: 0.46798, 
INFO:root:Epoch  1405, Energy: -1.08895e+02 (-1.08885e+02), Variance: 1.14820e+00 (1.40574e+00), Accept ratio: 0.46943, 
INFO:root:Epoch  1406, Energy: -1.08867e+02 (-1.08880e+02), Variance: 1.09370e+00 (1.38857e+00), Accept ratio: 0.46636, 
INFO:root:Epoch  1407, Energy: -1.08880e+02 (-1.08864e+02), Variance: 1.26628e+00 (1.76893e+00), Accept ratio: 0.46675, 
INFO:root:Epoch  1408, Energy: -1.08831e+02 (-1.08877e+02), Variance: 1.18948e+00 (3.00283e+00), Accept ratio: 0.46070, 
INFO:root:Epoch  1409, Energy: -1.08863e+02 (-1.08868e+02), Variance: 1.38077e+00 (1.82395e+00), Accept ratio: 0.47124, 
INFO:root:Epoch  1410, Energy: -1.08813e+02 (-1.08798e+02), Variance: 1.18155e+00 (1.44690e+00), Accept ratio: 0.47306, 
INFO:root:Epoch  1411, Energy: -1.08899e+02 (-1.08897e+02), Variance: 1.20224e+00 (1.63833e+00), Accept ratio: 0.47289, 
INFO:root:Epoch  1412, Energy: -1.08857e+02 (-1.08846e+02), Variance: 1.24353e+00 (1.57763e+00), Accept ratio: 0.47949, 
INFO:root:Epoch  1413, Energy: -1.08895e+02 (-1.08849e+02), Variance: 1.16842e+00 (3.55506e+00), Accept ratio: 0.47402, 
INFO:root:Epoch  1414, Energy: -1.08813e+02 (-1.08821e+02), Variance: 1.18101e+00 (1.63615e+00), Accept ratio: 0.46017, 
INFO:root:Epoch  1415, Energy: -1.08828e+02 (-1.08821e+02), Variance: 1.09173e+00 (1.38919e+00), Accept ratio: 0.46182, 
INFO:root:Epoch  1416, Energy: -1.08796e+02 (-1.08789e+02), Variance: 1.10366e+00 (1.26371e+00), Accept ratio: 0.46347, 
INFO:root:Epoch  1417, Energy: -1.08830e+02 (-1.08831e+02), Variance: 1.21822e+00 (1.43931e+00), Accept ratio: 0.47240, 
INFO:root:Epoch  1418, Energy: -1.08846e+02 (-1.08873e+02), Variance: 1.22230e+00 (4.30336e+00), Accept ratio: 0.46548, 
INFO:root:Epoch  1419, Energy: -1.08807e+02 (-1.08803e+02), Variance: 1.09584e+00 (1.52084e+00), Accept ratio: 0.47291, 
INFO:root:Epoch  1420, Energy: -1.08868e+02 (-1.08880e+02), Variance: 1.16882e+00 (1.53850e+00), Accept ratio: 0.47344, 
INFO:root:Epoch  1421, Energy: -1.08866e+02 (-1.08852e+02), Variance: 1.14996e+00 (1.52443e+00), Accept ratio: 0.47761, 
INFO:root:Epoch  1422, Energy: -1.08787e+02 (-1.08776e+02), Variance: 1.08947e+00 (1.53554e+00), Accept ratio: 0.47403, 
INFO:root:Epoch  1423, Energy: -1.08835e+02 (-1.08843e+02), Variance: 1.21989e+00 (1.69179e+00), Accept ratio: 0.46889, 
INFO:root:Epoch  1424, Energy: -1.08844e+02 (-1.08846e+02), Variance: 1.30254e+00 (1.37670e+00), Accept ratio: 0.46968, 
INFO:root:Epoch  1425, Energy: -1.08765e+02 (-1.08731e+02), Variance: 1.23186e+00 (1.99960e+00), Accept ratio: 0.46684, 
INFO:root:Epoch  1426, Energy: -1.08818e+02 (-1.08825e+02), Variance: 1.09781e+00 (1.28369e+00), Accept ratio: 0.47756, 
INFO:root:Epoch  1427, Energy: -1.08819e+02 (-1.08817e+02), Variance: 1.16182e+00 (1.70490e+00), Accept ratio: 0.46795, 
INFO:root:Epoch  1428, Energy: -1.08785e+02 (-1.08793e+02), Variance: 1.19842e+00 (1.57541e+00), Accept ratio: 0.47297, 
INFO:root:Epoch  1429, Energy: -1.08856e+02 (-1.08865e+02), Variance: 1.07121e+00 (1.42291e+00), Accept ratio: 0.47315, 
INFO:root:Epoch  1430, Energy: -1.08789e+02 (-1.08775e+02), Variance: 1.14856e+00 (1.38446e+00), Accept ratio: 0.47114, 
INFO:root:Epoch  1431, Energy: -1.08812e+02 (-1.08780e+02), Variance: 1.46736e+00 (2.58571e+00), Accept ratio: 0.46434, 
INFO:root:Epoch  1432, Energy: -1.08846e+02 (-1.08863e+02), Variance: 1.26677e+00 (1.61564e+00), Accept ratio: 0.47027, 
INFO:root:Epoch  1433, Energy: -1.08866e+02 (-1.08869e+02), Variance: 1.14269e+00 (1.53452e+00), Accept ratio: 0.47109, 
INFO:root:Epoch  1434, Energy: -1.08876e+02 (-1.08879e+02), Variance: 1.08085e+00 (1.60055e+00), Accept ratio: 0.47043, 
INFO:root:Epoch  1435, Energy: -1.08911e+02 (-1.08919e+02), Variance: 1.19861e+00 (1.61782e+00), Accept ratio: 0.47176, 
INFO:root:Epoch  1436, Energy: -1.08870e+02 (-1.08888e+02), Variance: 1.19639e+00 (1.50604e+00), Accept ratio: 0.47293, 
INFO:root:Epoch  1437, Energy: -1.08846e+02 (-1.08823e+02), Variance: 1.24161e+00 (2.01878e+00), Accept ratio: 0.46730, 
INFO:root:Epoch  1438, Energy: -1.08858e+02 (-1.08831e+02), Variance: 1.26226e+00 (2.79106e+00), Accept ratio: 0.46504, 
INFO:root:Epoch  1439, Energy: -1.08887e+02 (-1.08911e+02), Variance: 1.33255e+00 (2.08593e+00), Accept ratio: 0.46317, 
INFO:root:Epoch  1440, Energy: -1.08907e+02 (-1.08930e+02), Variance: 1.15280e+00 (2.63544e+00), Accept ratio: 0.46995, 
INFO:root:Epoch  1441, Energy: -1.08831e+02 (-1.08843e+02), Variance: 1.20981e+00 (1.85520e+00), Accept ratio: 0.46664, 
INFO:root:Epoch  1442, Energy: -1.08825e+02 (-1.08815e+02), Variance: 1.18557e+00 (1.51117e+00), Accept ratio: 0.46719, 
INFO:root:Epoch  1443, Energy: -1.08901e+02 (-1.08905e+02), Variance: 1.14167e+00 (1.25212e+00), Accept ratio: 0.46710, 
INFO:root:Epoch  1444, Energy: -1.08876e+02 (-1.08890e+02), Variance: 1.25613e+00 (1.76478e+00), Accept ratio: 0.46741, 
INFO:root:Epoch  1445, Energy: -1.08904e+02 (-1.08919e+02), Variance: 1.15526e+00 (1.46860e+00), Accept ratio: 0.46490, 
INFO:root:Epoch  1446, Energy: -1.08957e+02 (-1.08985e+02), Variance: 1.14220e+00 (1.85412e+00), Accept ratio: 0.47480, 
INFO:root:Epoch  1447, Energy: -1.08894e+02 (-1.08903e+02), Variance: 1.14417e+00 (1.47703e+00), Accept ratio: 0.46819, 
INFO:root:Epoch  1448, Energy: -1.08835e+02 (-1.08848e+02), Variance: 1.20151e+00 (1.86670e+00), Accept ratio: 0.47303, 
INFO:root:Epoch  1449, Energy: -1.08785e+02 (-1.08766e+02), Variance: 1.21170e+00 (1.67526e+00), Accept ratio: 0.47040, 
INFO:root:Epoch  1450, Energy: -1.08872e+02 (-1.08874e+02), Variance: 1.28539e+00 (1.76372e+00), Accept ratio: 0.47148, 
INFO:root:Epoch  1451, Energy: -1.08833e+02 (-1.08793e+02), Variance: 1.14003e+00 (2.99782e+00), Accept ratio: 0.46574, 
INFO:root:Epoch  1452, Energy: -1.08864e+02 (-1.08866e+02), Variance: 1.26888e+00 (1.85241e+00), Accept ratio: 0.46762, 
INFO:root:Epoch  1453, Energy: -1.08869e+02 (-1.08895e+02), Variance: 1.08070e+00 (1.43635e+00), Accept ratio: 0.46977, 
INFO:root:Epoch  1454, Energy: -1.08855e+02 (-1.08858e+02), Variance: 1.08254e+00 (1.42275e+00), Accept ratio: 0.46505, 
INFO:root:Epoch  1455, Energy: -1.08820e+02 (-1.08794e+02), Variance: 9.60122e-01 (1.52777e+00), Accept ratio: 0.47193, 
INFO:root:Epoch  1456, Energy: -1.08852e+02 (-1.08762e+02), Variance: 1.06987e+00 (9.30580e+00), Accept ratio: 0.47175, 
INFO:root:Epoch  1457, Energy: -1.08882e+02 (-1.08813e+02), Variance: 1.09105e+00 (9.72021e+00), Accept ratio: 0.47331, 
INFO:root:Epoch  1458, Energy: -1.08842e+02 (-1.08849e+02), Variance: 1.09882e+00 (1.28441e+00), Accept ratio: 0.46877, 
INFO:root:Epoch  1459, Energy: -1.08874e+02 (-1.08879e+02), Variance: 1.31723e+00 (1.53780e+00), Accept ratio: 0.47180, 
INFO:root:Epoch  1460, Energy: -1.08896e+02 (-1.08881e+02), Variance: 1.17256e+00 (1.40911e+00), Accept ratio: 0.47047, 
INFO:root:Epoch  1461, Energy: -1.08853e+02 (-1.08853e+02), Variance: 1.25923e+00 (1.96250e+00), Accept ratio: 0.46687, 
INFO:root:Epoch  1462, Energy: -1.08886e+02 (-1.08871e+02), Variance: 1.27043e+00 (2.00504e+00), Accept ratio: 0.47393, 
INFO:root:Epoch  1463, Energy: -1.08883e+02 (-1.08861e+02), Variance: 1.18003e+00 (1.77554e+00), Accept ratio: 0.47615, 
INFO:root:Epoch  1464, Energy: -1.08891e+02 (-1.08899e+02), Variance: 1.18852e+00 (1.46725e+00), Accept ratio: 0.46945, 
INFO:root:Epoch  1465, Energy: -1.08852e+02 (-1.08862e+02), Variance: 9.83532e-01 (1.26670e+00), Accept ratio: 0.46743, 
INFO:root:Epoch  1466, Energy: -1.08800e+02 (-1.08765e+02), Variance: 1.04151e+00 (1.92486e+00), Accept ratio: 0.46388, 
INFO:root:Epoch  1467, Energy: -1.08831e+02 (-1.08811e+02), Variance: 1.18126e+00 (1.50622e+00), Accept ratio: 0.47276, 
INFO:root:Epoch  1468, Energy: -1.08876e+02 (-1.08868e+02), Variance: 1.12167e+00 (1.67955e+00), Accept ratio: 0.47031, 
INFO:root:Epoch  1469, Energy: -1.08873e+02 (-1.08916e+02), Variance: 1.16614e+00 (3.17537e+00), Accept ratio: 0.46996, 
INFO:root:Epoch  1470, Energy: -1.08882e+02 (-1.08882e+02), Variance: 1.12637e+00 (1.44760e+00), Accept ratio: 0.47489, 
INFO:root:Epoch  1471, Energy: -1.08817e+02 (-1.08815e+02), Variance: 1.01556e+00 (1.17543e+00), Accept ratio: 0.46713, 
INFO:root:Epoch  1472, Energy: -1.08875e+02 (-1.08891e+02), Variance: 1.19822e+00 (1.79882e+00), Accept ratio: 0.47022, 
INFO:root:Epoch  1473, Energy: -1.08881e+02 (-1.08886e+02), Variance: 1.04985e+00 (1.20564e+00), Accept ratio: 0.47206, 
INFO:root:Epoch  1474, Energy: -1.08873e+02 (-1.08866e+02), Variance: 1.14790e+00 (1.37215e+00), Accept ratio: 0.47077, 
INFO:root:Epoch  1475, Energy: -1.08886e+02 (-1.08897e+02), Variance: 1.26553e+00 (1.68767e+00), Accept ratio: 0.46522, 
INFO:root:Epoch  1476, Energy: -1.08890e+02 (-1.08879e+02), Variance: 1.10889e+00 (1.27916e+00), Accept ratio: 0.47304, 
INFO:root:Epoch  1477, Energy: -1.08875e+02 (-1.08858e+02), Variance: 1.21981e+00 (2.12323e+00), Accept ratio: 0.47773, 
INFO:root:Epoch  1478, Energy: -1.08838e+02 (-1.08837e+02), Variance: 1.16759e+00 (1.75581e+00), Accept ratio: 0.47332, 
INFO:root:Epoch  1479, Energy: -1.08852e+02 (-1.08861e+02), Variance: 1.16249e+00 (1.48562e+00), Accept ratio: 0.46754, 
INFO:root:Epoch  1480, Energy: -1.08857e+02 (-1.08855e+02), Variance: 1.16837e+00 (1.69722e+00), Accept ratio: 0.47254, 
INFO:root:Epoch  1481, Energy: -1.08846e+02 (-1.08862e+02), Variance: 1.12771e+00 (1.80418e+00), Accept ratio: 0.46861, 
INFO:root:Epoch  1482, Energy: -1.08832e+02 (-1.08826e+02), Variance: 1.18248e+00 (1.86680e+00), Accept ratio: 0.47885, 
INFO:root:Epoch  1483, Energy: -1.08932e+02 (-1.08965e+02), Variance: 1.20098e+00 (2.47702e+00), Accept ratio: 0.48012, 
INFO:root:Epoch  1484, Energy: -1.08855e+02 (-1.08876e+02), Variance: 1.24932e+00 (2.46018e+00), Accept ratio: 0.46450, 
INFO:root:Epoch  1485, Energy: -1.08833e+02 (-1.08817e+02), Variance: 1.09556e+00 (1.42808e+00), Accept ratio: 0.47641, 
INFO:root:Epoch  1486, Energy: -1.08825e+02 (-1.08812e+02), Variance: 1.09590e+00 (1.35124e+00), Accept ratio: 0.47054, 
INFO:root:Epoch  1487, Energy: -1.08826e+02 (-1.08822e+02), Variance: 1.13947e+00 (2.35620e+00), Accept ratio: 0.47269, 
INFO:root:Epoch  1488, Energy: -1.08885e+02 (-1.08867e+02), Variance: 1.00668e+00 (1.39049e+00), Accept ratio: 0.47165, 
INFO:root:Epoch  1489, Energy: -1.08896e+02 (-1.08894e+02), Variance: 1.12053e+00 (1.49665e+00), Accept ratio: 0.47410, 
INFO:root:Epoch  1490, Energy: -1.08923e+02 (-1.08936e+02), Variance: 1.01796e+00 (1.78011e+00), Accept ratio: 0.46085, 
INFO:root:Epoch  1491, Energy: -1.08919e+02 (-1.08924e+02), Variance: 9.91761e-01 (1.30207e+00), Accept ratio: 0.46650, 
INFO:root:Epoch  1492, Energy: -1.08877e+02 (-1.08846e+02), Variance: 1.17672e+00 (3.00462e+00), Accept ratio: 0.47132, 
INFO:root:Epoch  1493, Energy: -1.08932e+02 (-1.08942e+02), Variance: 1.05372e+00 (1.15350e+00), Accept ratio: 0.47319, 
INFO:root:Epoch  1494, Energy: -1.08857e+02 (-1.08868e+02), Variance: 1.16058e+00 (1.40264e+00), Accept ratio: 0.47638, 
INFO:root:Epoch  1495, Energy: -1.08860e+02 (-1.08827e+02), Variance: 1.03256e+00 (2.51098e+00), Accept ratio: 0.46924, 
INFO:root:Epoch  1496, Energy: -1.08911e+02 (-1.08929e+02), Variance: 1.15800e+00 (1.44967e+00), Accept ratio: 0.47563, 
INFO:root:Epoch  1497, Energy: -1.08903e+02 (-1.08895e+02), Variance: 1.01310e+00 (1.35059e+00), Accept ratio: 0.47543, 
INFO:root:Epoch  1498, Energy: -1.08903e+02 (-1.08901e+02), Variance: 1.18398e+00 (1.54171e+00), Accept ratio: 0.46922, 
INFO:root:Epoch  1499, Energy: -1.08954e+02 (-1.08972e+02), Variance: 1.11263e+00 (1.49142e+00), Accept ratio: 0.47375, 
INFO:root:Epoch  1500, Energy: -1.08904e+02 (-1.08919e+02), Variance: 1.05795e+00 (1.32652e+00), Accept ratio: 0.46951, , best weights saved
INFO:root:Epoch  1501, Energy: -1.08869e+02 (-1.08861e+02), Variance: 1.13558e+00 (1.88159e+00), Accept ratio: 0.46680, 
INFO:root:Epoch  1502, Energy: -1.08869e+02 (-1.08825e+02), Variance: 1.11286e+00 (2.37915e+00), Accept ratio: 0.46972, 
INFO:root:Epoch  1503, Energy: -1.08880e+02 (-1.08851e+02), Variance: 1.09538e+00 (1.94941e+00), Accept ratio: 0.46850, 
INFO:root:Epoch  1504, Energy: -1.08897e+02 (-1.08920e+02), Variance: 1.17404e+00 (2.35142e+00), Accept ratio: 0.46820, 
INFO:root:Epoch  1505, Energy: -1.08894e+02 (-1.08888e+02), Variance: 9.99816e-01 (1.37693e+00), Accept ratio: 0.47423, 
INFO:root:Epoch  1506, Energy: -1.08935e+02 (-1.08933e+02), Variance: 1.09754e+00 (1.28281e+00), Accept ratio: 0.47186, 
INFO:root:Epoch  1507, Energy: -1.08869e+02 (-1.08845e+02), Variance: 1.00420e+00 (1.84170e+00), Accept ratio: 0.47773, 
INFO:root:Epoch  1508, Energy: -1.08955e+02 (-1.08960e+02), Variance: 9.59028e-01 (1.42507e+00), Accept ratio: 0.47334, 
INFO:root:Epoch  1509, Energy: -1.08917e+02 (-1.08913e+02), Variance: 1.07194e+00 (1.32800e+00), Accept ratio: 0.47677, 
INFO:root:Epoch  1510, Energy: -1.08959e+02 (-1.08959e+02), Variance: 1.10222e+00 (1.37242e+00), Accept ratio: 0.46713, 
INFO:root:Epoch  1511, Energy: -1.08854e+02 (-1.08839e+02), Variance: 1.15544e+00 (1.43521e+00), Accept ratio: 0.46973, 
INFO:root:Epoch  1512, Energy: -1.08921e+02 (-1.08952e+02), Variance: 1.17804e+00 (2.18029e+00), Accept ratio: 0.46932, 
INFO:root:Epoch  1513, Energy: -1.08937e+02 (-1.08937e+02), Variance: 1.07941e+00 (1.21711e+00), Accept ratio: 0.47354, 
INFO:root:Epoch  1514, Energy: -1.08883e+02 (-1.08872e+02), Variance: 1.11663e+00 (1.35566e+00), Accept ratio: 0.47254, 
INFO:root:Epoch  1515, Energy: -1.08891e+02 (-1.08918e+02), Variance: 1.15057e+00 (1.73975e+00), Accept ratio: 0.46801, 
INFO:root:Epoch  1516, Energy: -1.08886e+02 (-1.08882e+02), Variance: 1.03392e+00 (1.46117e+00), Accept ratio: 0.47656, 
INFO:root:Epoch  1517, Energy: -1.08867e+02 (-1.08868e+02), Variance: 9.44983e-01 (1.11382e+00), Accept ratio: 0.47063, 
INFO:root:Epoch  1518, Energy: -1.08892e+02 (-1.08855e+02), Variance: 1.11351e+00 (1.83492e+00), Accept ratio: 0.46537, 
INFO:root:Epoch  1519, Energy: -1.08879e+02 (-1.08863e+02), Variance: 1.09065e+00 (1.44404e+00), Accept ratio: 0.46437, 
INFO:root:Epoch  1520, Energy: -1.08875e+02 (-1.08864e+02), Variance: 9.83049e-01 (1.35486e+00), Accept ratio: 0.46708, 
INFO:root:Epoch  1521, Energy: -1.08888e+02 (-1.08863e+02), Variance: 9.59358e-01 (1.67031e+00), Accept ratio: 0.46911, 
INFO:root:Epoch  1522, Energy: -1.08923e+02 (-1.08907e+02), Variance: 9.52331e-01 (1.74784e+00), Accept ratio: 0.47479, 
INFO:root:Epoch  1523, Energy: -1.08863e+02 (-1.08845e+02), Variance: 1.03359e+00 (1.82240e+00), Accept ratio: 0.47360, 
INFO:root:Epoch  1524, Energy: -1.08853e+02 (-1.08866e+02), Variance: 1.14080e+00 (2.71096e+00), Accept ratio: 0.47551, 
INFO:root:Epoch  1525, Energy: -1.08869e+02 (-1.08873e+02), Variance: 1.05863e+00 (1.38364e+00), Accept ratio: 0.46955, 
INFO:root:Epoch  1526, Energy: -1.08886e+02 (-1.08897e+02), Variance: 1.13356e+00 (1.40366e+00), Accept ratio: 0.46754, 
INFO:root:Epoch  1527, Energy: -1.08869e+02 (-1.08854e+02), Variance: 1.05779e+00 (1.79576e+00), Accept ratio: 0.47031, 
INFO:root:Epoch  1528, Energy: -1.08903e+02 (-1.08883e+02), Variance: 1.04192e+00 (1.62958e+00), Accept ratio: 0.46677, 
INFO:root:Epoch  1529, Energy: -1.08883e+02 (-1.08875e+02), Variance: 1.11597e+00 (1.83811e+00), Accept ratio: 0.47123, 
INFO:root:Epoch  1530, Energy: -1.08878e+02 (-1.08852e+02), Variance: 1.11305e+00 (1.59381e+00), Accept ratio: 0.47187, 
INFO:root:Epoch  1531, Energy: -1.08849e+02 (-1.08822e+02), Variance: 1.08678e+00 (2.14504e+00), Accept ratio: 0.47009, 
INFO:root:Epoch  1532, Energy: -1.08854e+02 (-1.08828e+02), Variance: 1.13788e+00 (3.50785e+00), Accept ratio: 0.46383, 
INFO:root:Epoch  1533, Energy: -1.08831e+02 (-1.08790e+02), Variance: 1.03558e+00 (2.35299e+00), Accept ratio: 0.47334, 
INFO:root:Epoch  1534, Energy: -1.08833e+02 (-1.08816e+02), Variance: 1.12484e+00 (1.78633e+00), Accept ratio: 0.47029, 
INFO:root:Epoch  1535, Energy: -1.08866e+02 (-1.08863e+02), Variance: 1.07768e+00 (1.69891e+00), Accept ratio: 0.47095, 
INFO:root:Epoch  1536, Energy: -1.08916e+02 (-1.08919e+02), Variance: 1.04125e+00 (1.83389e+00), Accept ratio: 0.47159, 
INFO:root:Epoch  1537, Energy: -1.08899e+02 (-1.08897e+02), Variance: 1.04997e+00 (1.54774e+00), Accept ratio: 0.46652, 
INFO:root:Epoch  1538, Energy: -1.08906e+02 (-1.08878e+02), Variance: 1.28309e+00 (1.92564e+00), Accept ratio: 0.47213, 
INFO:root:Epoch  1539, Energy: -1.08874e+02 (-1.08887e+02), Variance: 1.23371e+00 (1.97504e+00), Accept ratio: 0.47129, 
INFO:root:Epoch  1540, Energy: -1.08913e+02 (-1.08909e+02), Variance: 1.19348e+00 (1.66087e+00), Accept ratio: 0.46408, 
INFO:root:Epoch  1541, Energy: -1.08913e+02 (-1.08896e+02), Variance: 1.12435e+00 (1.93437e+00), Accept ratio: 0.47231, 
INFO:root:Epoch  1542, Energy: -1.08874e+02 (-1.08854e+02), Variance: 9.70448e-01 (1.45561e+00), Accept ratio: 0.46246, 
INFO:root:Epoch  1543, Energy: -1.08868e+02 (-1.08853e+02), Variance: 1.11064e+00 (1.45373e+00), Accept ratio: 0.47145, 
INFO:root:Epoch  1544, Energy: -1.08847e+02 (-1.08817e+02), Variance: 1.22650e+00 (2.19284e+00), Accept ratio: 0.47227, 
INFO:root:Epoch  1545, Energy: -1.08904e+02 (-1.08911e+02), Variance: 1.06001e+00 (1.51409e+00), Accept ratio: 0.46923, 
INFO:root:Epoch  1546, Energy: -1.08895e+02 (-1.08885e+02), Variance: 1.03446e+00 (1.37346e+00), Accept ratio: 0.46449, 
INFO:root:Epoch  1547, Energy: -1.08899e+02 (-1.08901e+02), Variance: 1.11221e+00 (1.61731e+00), Accept ratio: 0.47708, 
INFO:root:Epoch  1548, Energy: -1.08901e+02 (-1.08872e+02), Variance: 1.07392e+00 (1.58612e+00), Accept ratio: 0.48166, 
INFO:root:Epoch  1549, Energy: -1.08911e+02 (-1.08921e+02), Variance: 1.17230e+00 (2.20142e+00), Accept ratio: 0.46526, 
INFO:root:Epoch  1550, Energy: -1.08859e+02 (-1.08847e+02), Variance: 1.01176e+00 (1.51554e+00), Accept ratio: 0.46871, 
INFO:root:Epoch  1551, Energy: -1.08916e+02 (-1.08907e+02), Variance: 1.08028e+00 (1.41461e+00), Accept ratio: 0.47472, 
INFO:root:Epoch  1552, Energy: -1.08895e+02 (-1.08882e+02), Variance: 1.05855e+00 (1.47299e+00), Accept ratio: 0.47077, 
INFO:root:Epoch  1553, Energy: -1.08834e+02 (-1.08820e+02), Variance: 1.08852e+00 (1.50589e+00), Accept ratio: 0.46228, 
INFO:root:Epoch  1554, Energy: -1.08862e+02 (-1.08840e+02), Variance: 1.00348e+00 (1.48833e+00), Accept ratio: 0.47480, 
INFO:root:Epoch  1555, Energy: -1.08865e+02 (-1.08847e+02), Variance: 9.98554e-01 (2.00261e+00), Accept ratio: 0.47352, 
INFO:root:Epoch  1556, Energy: -1.08881e+02 (-1.08883e+02), Variance: 1.18416e+00 (2.31864e+00), Accept ratio: 0.46584, 
INFO:root:Epoch  1557, Energy: -1.08881e+02 (-1.08872e+02), Variance: 1.14259e+00 (1.60756e+00), Accept ratio: 0.47072, 
INFO:root:Epoch  1558, Energy: -1.08937e+02 (-1.08923e+02), Variance: 9.39469e-01 (1.33828e+00), Accept ratio: 0.47197, 
INFO:root:Epoch  1559, Energy: -1.08908e+02 (-1.08775e+02), Variance: 1.15460e+00 (1.16950e+01), Accept ratio: 0.46653, 
INFO:root:Epoch  1560, Energy: -1.08892e+02 (-1.08859e+02), Variance: 1.12811e+00 (2.81435e+00), Accept ratio: 0.47006, 
INFO:root:Epoch  1561, Energy: -1.08939e+02 (-1.08919e+02), Variance: 1.05532e+00 (1.73426e+00), Accept ratio: 0.47510, 
INFO:root:Epoch  1562, Energy: -1.08873e+02 (-1.08819e+02), Variance: 1.20685e+00 (3.59076e+00), Accept ratio: 0.46796, 
INFO:root:Epoch  1563, Energy: -1.08929e+02 (-1.08899e+02), Variance: 1.10732e+00 (2.73390e+00), Accept ratio: 0.47314, 
INFO:root:Epoch  1564, Energy: -1.08912e+02 (-1.08911e+02), Variance: 1.09213e+00 (1.64658e+00), Accept ratio: 0.47150, 
INFO:root:Epoch  1565, Energy: -1.08923e+02 (-1.08915e+02), Variance: 1.22054e+00 (1.90472e+00), Accept ratio: 0.46719, 
INFO:root:Epoch  1566, Energy: -1.08847e+02 (-1.08813e+02), Variance: 1.15033e+00 (1.81459e+00), Accept ratio: 0.47166, 
INFO:root:Epoch  1567, Energy: -1.08893e+02 (-1.08904e+02), Variance: 1.08736e+00 (2.86496e+00), Accept ratio: 0.47369, 
INFO:root:Epoch  1568, Energy: -1.08873e+02 (-1.08806e+02), Variance: 1.16150e+00 (3.93632e+00), Accept ratio: 0.46946, 
INFO:root:Epoch  1569, Energy: -1.08847e+02 (-1.08830e+02), Variance: 1.04349e+00 (1.45217e+00), Accept ratio: 0.47607, 
INFO:root:Epoch  1570, Energy: -1.08827e+02 (-1.08843e+02), Variance: 1.16360e+00 (3.24438e+00), Accept ratio: 0.47121, 
INFO:root:Epoch  1571, Energy: -1.08872e+02 (-1.08863e+02), Variance: 1.10808e+00 (1.72197e+00), Accept ratio: 0.46895, 
INFO:root:Epoch  1572, Energy: -1.08785e+02 (-1.08747e+02), Variance: 1.07931e+00 (1.75582e+00), Accept ratio: 0.47110, 
INFO:root:Epoch  1573, Energy: -1.08916e+02 (-1.08914e+02), Variance: 1.21507e+00 (2.06694e+00), Accept ratio: 0.46760, 
INFO:root:Epoch  1574, Energy: -1.08866e+02 (-1.08864e+02), Variance: 1.26918e+00 (2.54718e+00), Accept ratio: 0.46651, 
INFO:root:Epoch  1575, Energy: -1.08846e+02 (-1.08822e+02), Variance: 9.98775e-01 (1.51358e+00), Accept ratio: 0.47177, 
INFO:root:Epoch  1576, Energy: -1.08844e+02 (-1.08812e+02), Variance: 1.16579e+00 (2.23782e+00), Accept ratio: 0.46916, 
INFO:root:Epoch  1577, Energy: -1.08876e+02 (-1.08853e+02), Variance: 1.13390e+00 (1.65734e+00), Accept ratio: 0.46248, 
INFO:root:Epoch  1578, Energy: -1.08878e+02 (-1.08861e+02), Variance: 1.19672e+00 (1.76472e+00), Accept ratio: 0.47042, 
INFO:root:Epoch  1579, Energy: -1.08922e+02 (-1.08921e+02), Variance: 1.17848e+00 (2.42697e+00), Accept ratio: 0.47167, 
INFO:root:Epoch  1580, Energy: -1.08896e+02 (-1.08889e+02), Variance: 1.14204e+00 (2.04488e+00), Accept ratio: 0.47544, 
INFO:root:Epoch  1581, Energy: -1.08855e+02 (-1.08851e+02), Variance: 9.74025e-01 (1.07020e+00), Accept ratio: 0.47225, 
INFO:root:Epoch  1582, Energy: -1.08899e+02 (-1.08910e+02), Variance: 1.18778e+00 (1.44075e+00), Accept ratio: 0.47853, 
INFO:root:Epoch  1583, Energy: -1.08859e+02 (-1.08847e+02), Variance: 1.18576e+00 (1.53762e+00), Accept ratio: 0.46637, 
INFO:root:Epoch  1584, Energy: -1.08838e+02 (-1.08839e+02), Variance: 1.11784e+00 (1.22610e+00), Accept ratio: 0.47509, 
INFO:root:Epoch  1585, Energy: -1.08814e+02 (-1.08666e+02), Variance: 1.17908e+00 (1.62947e+01), Accept ratio: 0.47122, 
INFO:root:Epoch  1586, Energy: -1.08899e+02 (-1.08912e+02), Variance: 1.16452e+00 (2.03847e+00), Accept ratio: 0.48063, 
INFO:root:Epoch  1587, Energy: -1.08835e+02 (-1.08835e+02), Variance: 1.14458e+00 (1.35504e+00), Accept ratio: 0.46848, 
INFO:root:Epoch  1588, Energy: -1.08877e+02 (-1.08863e+02), Variance: 1.11404e+00 (1.34985e+00), Accept ratio: 0.47053, 
INFO:root:Epoch  1589, Energy: -1.08871e+02 (-1.08862e+02), Variance: 1.00354e+00 (1.13715e+00), Accept ratio: 0.46934, 
INFO:root:Epoch  1590, Energy: -1.08838e+02 (-1.08842e+02), Variance: 1.13965e+00 (1.38221e+00), Accept ratio: 0.46988, 
INFO:root:Epoch  1591, Energy: -1.08860e+02 (-1.08867e+02), Variance: 1.05969e+00 (1.29876e+00), Accept ratio: 0.46810, 
INFO:root:Epoch  1592, Energy: -1.08827e+02 (-1.08811e+02), Variance: 9.52556e-01 (1.29470e+00), Accept ratio: 0.46833, 
INFO:root:Epoch  1593, Energy: -1.08904e+02 (-1.08894e+02), Variance: 9.56371e-01 (1.07628e+00), Accept ratio: 0.46291, 
INFO:root:Epoch  1594, Energy: -1.08923e+02 (-1.08917e+02), Variance: 1.02054e+00 (1.19607e+00), Accept ratio: 0.48246, 
INFO:root:Epoch  1595, Energy: -1.08895e+02 (-1.08877e+02), Variance: 1.07028e+00 (1.46399e+00), Accept ratio: 0.47332, 
INFO:root:Epoch  1596, Energy: -1.08844e+02 (-1.08824e+02), Variance: 1.21821e+00 (1.55682e+00), Accept ratio: 0.46826, 
INFO:root:Epoch  1597, Energy: -1.08910e+02 (-1.08914e+02), Variance: 1.17618e+00 (1.52965e+00), Accept ratio: 0.47281, 
INFO:root:Epoch  1598, Energy: -1.08922e+02 (-1.08903e+02), Variance: 1.05727e+00 (1.49834e+00), Accept ratio: 0.47016, 
INFO:root:Epoch  1599, Energy: -1.08888e+02 (-1.08884e+02), Variance: 1.04987e+00 (1.10834e+00), Accept ratio: 0.46700, 
INFO:root:Epoch  1600, Energy: -1.08869e+02 (-1.08870e+02), Variance: 1.22389e+00 (1.45145e+00), Accept ratio: 0.47197, , best weights saved
INFO:root:Epoch  1601, Energy: -1.08880e+02 (-1.08972e+02), Variance: 1.25283e+00 (1.10609e+01), Accept ratio: 0.47416, 
INFO:root:Epoch  1602, Energy: -1.08876e+02 (-1.08879e+02), Variance: 1.05162e+00 (1.44544e+00), Accept ratio: 0.46879, 
INFO:root:Epoch  1603, Energy: -1.08909e+02 (-1.08913e+02), Variance: 1.03495e+00 (1.39914e+00), Accept ratio: 0.46929, 
INFO:root:Epoch  1604, Energy: -1.08872e+02 (-1.08880e+02), Variance: 1.00447e+00 (1.23951e+00), Accept ratio: 0.47284, 
INFO:root:Epoch  1605, Energy: -1.08893e+02 (-1.08886e+02), Variance: 1.14033e+00 (1.30786e+00), Accept ratio: 0.47266, 
INFO:root:Epoch  1606, Energy: -1.08904e+02 (-1.08913e+02), Variance: 1.07341e+00 (1.26045e+00), Accept ratio: 0.47050, 
INFO:root:Epoch  1607, Energy: -1.08880e+02 (-1.08864e+02), Variance: 1.19490e+00 (1.70495e+00), Accept ratio: 0.46899, 
INFO:root:Epoch  1608, Energy: -1.08864e+02 (-1.08869e+02), Variance: 1.01629e+00 (1.19444e+00), Accept ratio: 0.47046, 
INFO:root:Epoch  1609, Energy: -1.08904e+02 (-1.08910e+02), Variance: 9.87563e-01 (1.13020e+00), Accept ratio: 0.47012, 
INFO:root:Epoch  1610, Energy: -1.08896e+02 (-1.08900e+02), Variance: 9.95457e-01 (1.05062e+00), Accept ratio: 0.46810, 
INFO:root:Epoch  1611, Energy: -1.08858e+02 (-1.08872e+02), Variance: 9.51953e-01 (1.43466e+00), Accept ratio: 0.46191, 
INFO:root:Epoch  1612, Energy: -1.08877e+02 (-1.08916e+02), Variance: 1.23527e+00 (3.29925e+00), Accept ratio: 0.46383, 
INFO:root:Epoch  1613, Energy: -1.08848e+02 (-1.08846e+02), Variance: 1.05659e+00 (1.07221e+00), Accept ratio: 0.46454, 
INFO:root:Epoch  1614, Energy: -1.08868e+02 (-1.08768e+02), Variance: 1.02188e+00 (8.83418e+00), Accept ratio: 0.46804, 
INFO:root:Epoch  1615, Energy: -1.08892e+02 (-1.08887e+02), Variance: 1.00071e+00 (1.32149e+00), Accept ratio: 0.47263, 
INFO:root:Epoch  1616, Energy: -1.08879e+02 (-1.08892e+02), Variance: 9.46429e-01 (1.40970e+00), Accept ratio: 0.46453, 
INFO:root:Epoch  1617, Energy: -1.08880e+02 (-1.08877e+02), Variance: 1.02216e+00 (1.32205e+00), Accept ratio: 0.46866, 
INFO:root:Epoch  1618, Energy: -1.08947e+02 (-1.08944e+02), Variance: 1.09401e+00 (1.67493e+00), Accept ratio: 0.46964, 
INFO:root:Epoch  1619, Energy: -1.08905e+02 (-1.08893e+02), Variance: 9.14127e-01 (1.24842e+00), Accept ratio: 0.46932, 
INFO:root:Epoch  1620, Energy: -1.08941e+02 (-1.08904e+02), Variance: 1.10833e+00 (2.03337e+00), Accept ratio: 0.47026, 
INFO:root:Epoch  1621, Energy: -1.08841e+02 (-1.08817e+02), Variance: 1.12665e+00 (1.62780e+00), Accept ratio: 0.47063, 
INFO:root:Epoch  1622, Energy: -1.08850e+02 (-1.08812e+02), Variance: 1.03879e+00 (2.42000e+00), Accept ratio: 0.47315, 
INFO:root:Epoch  1623, Energy: -1.08929e+02 (-1.08913e+02), Variance: 9.73073e-01 (2.43478e+00), Accept ratio: 0.47402, 
INFO:root:Epoch  1624, Energy: -1.08937e+02 (-1.08939e+02), Variance: 1.02723e+00 (1.14230e+00), Accept ratio: 0.47416, 
INFO:root:Epoch  1625, Energy: -1.08905e+02 (-1.08923e+02), Variance: 1.10085e+00 (1.40617e+00), Accept ratio: 0.47446, 
INFO:root:Epoch  1626, Energy: -1.08868e+02 (-1.08852e+02), Variance: 1.11107e+00 (1.44200e+00), Accept ratio: 0.46980, 
INFO:root:Epoch  1627, Energy: -1.08876e+02 (-1.08893e+02), Variance: 1.02292e+00 (1.25457e+00), Accept ratio: 0.46905, 
INFO:root:Epoch  1628, Energy: -1.08867e+02 (-1.08850e+02), Variance: 1.18231e+00 (1.53978e+00), Accept ratio: 0.46970, 
INFO:root:Epoch  1629, Energy: -1.08859e+02 (-1.08845e+02), Variance: 9.52979e-01 (1.19408e+00), Accept ratio: 0.46382, 
INFO:root:Epoch  1630, Energy: -1.08857e+02 (-1.08849e+02), Variance: 9.54353e-01 (1.12888e+00), Accept ratio: 0.46686, 
INFO:root:Epoch  1631, Energy: -1.08885e+02 (-1.08877e+02), Variance: 1.01023e+00 (1.14411e+00), Accept ratio: 0.47090, 
INFO:root:Epoch  1632, Energy: -1.08875e+02 (-1.08877e+02), Variance: 1.09043e+00 (1.66897e+00), Accept ratio: 0.47121, 
INFO:root:Epoch  1633, Energy: -1.08872e+02 (-1.08866e+02), Variance: 9.72016e-01 (1.17079e+00), Accept ratio: 0.47203, 
INFO:root:Epoch  1634, Energy: -1.08919e+02 (-1.08923e+02), Variance: 1.06009e+00 (2.03918e+00), Accept ratio: 0.47597, 
INFO:root:Epoch  1635, Energy: -1.08863e+02 (-1.08877e+02), Variance: 1.08690e+00 (2.23827e+00), Accept ratio: 0.47860, 
INFO:root:Epoch  1636, Energy: -1.08907e+02 (-1.08857e+02), Variance: 1.05180e+00 (3.26888e+00), Accept ratio: 0.47347, 
INFO:root:Epoch  1637, Energy: -1.08854e+02 (-1.08858e+02), Variance: 9.77887e-01 (1.24729e+00), Accept ratio: 0.47388, 
INFO:root:Epoch  1638, Energy: -1.08892e+02 (-1.08879e+02), Variance: 9.82045e-01 (1.45365e+00), Accept ratio: 0.47741, 
INFO:root:Epoch  1639, Energy: -1.08872e+02 (-1.08869e+02), Variance: 9.80448e-01 (1.03423e+00), Accept ratio: 0.46154, 
INFO:root:Epoch  1640, Energy: -1.08939e+02 (-1.08943e+02), Variance: 1.03996e+00 (1.16554e+00), Accept ratio: 0.46871, 
INFO:root:Epoch  1641, Energy: -1.08941e+02 (-1.08950e+02), Variance: 1.02506e+00 (1.41366e+00), Accept ratio: 0.46781, 
INFO:root:Epoch  1642, Energy: -1.08892e+02 (-1.08880e+02), Variance: 1.13870e+00 (1.51704e+00), Accept ratio: 0.47304, 
INFO:root:Epoch  1643, Energy: -1.08885e+02 (-1.08890e+02), Variance: 1.08055e+00 (1.22330e+00), Accept ratio: 0.47544, 
INFO:root:Epoch  1644, Energy: -1.08877e+02 (-1.08879e+02), Variance: 1.03537e+00 (1.30580e+00), Accept ratio: 0.46847, 
INFO:root:Epoch  1645, Energy: -1.08876e+02 (-1.08876e+02), Variance: 1.01375e+00 (1.50884e+00), Accept ratio: 0.47237, 
INFO:root:Epoch  1646, Energy: -1.08891e+02 (-1.08909e+02), Variance: 1.20234e+00 (1.67216e+00), Accept ratio: 0.47295, 
INFO:root:Epoch  1647, Energy: -1.08883e+02 (-1.08913e+02), Variance: 1.09437e+00 (1.83421e+00), Accept ratio: 0.47301, 
INFO:root:Epoch  1648, Energy: -1.08869e+02 (-1.08870e+02), Variance: 1.05571e+00 (1.23241e+00), Accept ratio: 0.47122, 
INFO:root:Epoch  1649, Energy: -1.08848e+02 (-1.08868e+02), Variance: 1.00899e+00 (1.43430e+00), Accept ratio: 0.47484, 
INFO:root:Epoch  1650, Energy: -1.08850e+02 (-1.08852e+02), Variance: 1.05862e+00 (1.33566e+00), Accept ratio: 0.46878, 
INFO:root:Epoch  1651, Energy: -1.08893e+02 (-1.08879e+02), Variance: 1.11789e+00 (1.98399e+00), Accept ratio: 0.47606, 
INFO:root:Epoch  1652, Energy: -1.08916e+02 (-1.08920e+02), Variance: 9.77944e-01 (1.35671e+00), Accept ratio: 0.46373, 
INFO:root:Epoch  1653, Energy: -1.08948e+02 (-1.08970e+02), Variance: 9.48919e-01 (1.35188e+00), Accept ratio: 0.46573, 
INFO:root:Epoch  1654, Energy: -1.08956e+02 (-1.08927e+02), Variance: 9.99811e-01 (1.69503e+00), Accept ratio: 0.47797, 
INFO:root:Epoch  1655, Energy: -1.08961e+02 (-1.08956e+02), Variance: 9.38428e-01 (1.02780e+00), Accept ratio: 0.47496, 
INFO:root:Epoch  1656, Energy: -1.08872e+02 (-1.08866e+02), Variance: 9.73711e-01 (1.39822e+00), Accept ratio: 0.46992, 
INFO:root:Epoch  1657, Energy: -1.08918e+02 (-1.08929e+02), Variance: 1.07442e+00 (1.29556e+00), Accept ratio: 0.46831, 
INFO:root:Epoch  1658, Energy: -1.08976e+02 (-1.08978e+02), Variance: 9.76770e-01 (1.19426e+00), Accept ratio: 0.47251, 
INFO:root:Epoch  1659, Energy: -1.08853e+02 (-1.08855e+02), Variance: 1.09420e+00 (1.56309e+00), Accept ratio: 0.46727, 
INFO:root:Epoch  1660, Energy: -1.08875e+02 (-1.08867e+02), Variance: 1.01699e+00 (1.60299e+00), Accept ratio: 0.47188, 
INFO:root:Epoch  1661, Energy: -1.08870e+02 (-1.08950e+02), Variance: 1.23649e+00 (9.09842e+00), Accept ratio: 0.46174, 
INFO:root:Epoch  1662, Energy: -1.08887e+02 (-1.08906e+02), Variance: 1.03996e+00 (1.66051e+00), Accept ratio: 0.47285, 
INFO:root:Epoch  1663, Energy: -1.08914e+02 (-1.08929e+02), Variance: 1.15131e+00 (1.41424e+00), Accept ratio: 0.47500, 
INFO:root:Epoch  1664, Energy: -1.08859e+02 (-1.08857e+02), Variance: 1.11706e+00 (1.52951e+00), Accept ratio: 0.47010, 
INFO:root:Epoch  1665, Energy: -1.08909e+02 (-1.08931e+02), Variance: 1.04719e+00 (1.50950e+00), Accept ratio: 0.46993, 
INFO:root:Epoch  1666, Energy: -1.08882e+02 (-1.08895e+02), Variance: 9.86432e-01 (1.28777e+00), Accept ratio: 0.46800, 
INFO:root:Epoch  1667, Energy: -1.08912e+02 (-1.08917e+02), Variance: 1.09472e+00 (1.26728e+00), Accept ratio: 0.47133, 
INFO:root:Epoch  1668, Energy: -1.08886e+02 (-1.08887e+02), Variance: 9.06948e-01 (9.59637e-01), Accept ratio: 0.47238, 
INFO:root:Epoch  1669, Energy: -1.08906e+02 (-1.08896e+02), Variance: 9.76513e-01 (1.15337e+00), Accept ratio: 0.47005, 
INFO:root:Epoch  1670, Energy: -1.08870e+02 (-1.08874e+02), Variance: 1.01932e+00 (1.21951e+00), Accept ratio: 0.47197, 
INFO:root:Epoch  1671, Energy: -1.08825e+02 (-1.08826e+02), Variance: 1.08135e+00 (1.15330e+00), Accept ratio: 0.46981, 
INFO:root:Epoch  1672, Energy: -1.08879e+02 (-1.08875e+02), Variance: 1.04452e+00 (1.16760e+00), Accept ratio: 0.46572, 
INFO:root:Epoch  1673, Energy: -1.08880e+02 (-1.08876e+02), Variance: 1.04367e+00 (1.34045e+00), Accept ratio: 0.46646, 
INFO:root:Epoch  1674, Energy: -1.08882e+02 (-1.08871e+02), Variance: 1.05576e+00 (1.83152e+00), Accept ratio: 0.46371, 
INFO:root:Epoch  1675, Energy: -1.08899e+02 (-1.08907e+02), Variance: 1.06432e+00 (1.47938e+00), Accept ratio: 0.46516, 
INFO:root:Epoch  1676, Energy: -1.08923e+02 (-1.08925e+02), Variance: 1.10736e+00 (1.41832e+00), Accept ratio: 0.47214, 
INFO:root:Epoch  1677, Energy: -1.08869e+02 (-1.08868e+02), Variance: 1.15119e+00 (1.96181e+00), Accept ratio: 0.47481, 
INFO:root:Epoch  1678, Energy: -1.08925e+02 (-1.08907e+02), Variance: 1.09046e+00 (1.65560e+00), Accept ratio: 0.47363, 
INFO:root:Epoch  1679, Energy: -1.08910e+02 (-1.08910e+02), Variance: 1.01142e+00 (1.21979e+00), Accept ratio: 0.46728, 
INFO:root:Epoch  1680, Energy: -1.08940e+02 (-1.08967e+02), Variance: 1.08676e+00 (1.64544e+00), Accept ratio: 0.46444, 
INFO:root:Epoch  1681, Energy: -1.08924e+02 (-1.08917e+02), Variance: 1.08263e+00 (1.28965e+00), Accept ratio: 0.47066, 
INFO:root:Epoch  1682, Energy: -1.08925e+02 (-1.08924e+02), Variance: 1.02101e+00 (1.13166e+00), Accept ratio: 0.46763, 
INFO:root:Epoch  1683, Energy: -1.08881e+02 (-1.08864e+02), Variance: 1.07833e+00 (1.62566e+00), Accept ratio: 0.47501, 
INFO:root:Epoch  1684, Energy: -1.08938e+02 (-1.08951e+02), Variance: 9.46623e-01 (1.41632e+00), Accept ratio: 0.47280, 
INFO:root:Epoch  1685, Energy: -1.08959e+02 (-1.08968e+02), Variance: 9.28988e-01 (1.25229e+00), Accept ratio: 0.47375, 
INFO:root:Epoch  1686, Energy: -1.08842e+02 (-1.08821e+02), Variance: 1.05175e+00 (1.47175e+00), Accept ratio: 0.47315, 
INFO:root:Epoch  1687, Energy: -1.08883e+02 (-1.08886e+02), Variance: 1.11516e+00 (1.29270e+00), Accept ratio: 0.47305, 
INFO:root:Epoch  1688, Energy: -1.08915e+02 (-1.08918e+02), Variance: 9.46680e-01 (1.01690e+00), Accept ratio: 0.47132, 
INFO:root:Epoch  1689, Energy: -1.08903e+02 (-1.08886e+02), Variance: 9.67385e-01 (1.19798e+00), Accept ratio: 0.46193, 
INFO:root:Epoch  1690, Energy: -1.08933e+02 (-1.08919e+02), Variance: 1.02785e+00 (1.26469e+00), Accept ratio: 0.47591, 
INFO:root:Epoch  1691, Energy: -1.08983e+02 (-1.08993e+02), Variance: 1.09834e+00 (1.30721e+00), Accept ratio: 0.47596, 
INFO:root:Epoch  1692, Energy: -1.08954e+02 (-1.09004e+02), Variance: 1.16917e+00 (4.22510e+00), Accept ratio: 0.47491, 
INFO:root:Epoch  1693, Energy: -1.08979e+02 (-1.08982e+02), Variance: 9.43402e-01 (1.09603e+00), Accept ratio: 0.46593, 
INFO:root:Epoch  1694, Energy: -1.08900e+02 (-1.08903e+02), Variance: 9.45764e-01 (1.08049e+00), Accept ratio: 0.47386, 
INFO:root:Epoch  1695, Energy: -1.08898e+02 (-1.08885e+02), Variance: 1.05948e+00 (1.24929e+00), Accept ratio: 0.46580, 
INFO:root:Epoch  1696, Energy: -1.08970e+02 (-1.08972e+02), Variance: 1.05575e+00 (1.10417e+00), Accept ratio: 0.47265, 
INFO:root:Epoch  1697, Energy: -1.08958e+02 (-1.08943e+02), Variance: 1.02579e+00 (1.21432e+00), Accept ratio: 0.46411, 
INFO:root:Epoch  1698, Energy: -1.08938e+02 (-1.08931e+02), Variance: 9.76448e-01 (1.30725e+00), Accept ratio: 0.47120, 
INFO:root:Epoch  1699, Energy: -1.08919e+02 (-1.08922e+02), Variance: 1.19450e+00 (1.60989e+00), Accept ratio: 0.46610, 
INFO:root:Epoch  1700, Energy: -1.08922e+02 (-1.08907e+02), Variance: 1.00789e+00 (1.19228e+00), Accept ratio: 0.46626, , best weights saved
INFO:root:Epoch  1701, Energy: -1.08949e+02 (-1.08962e+02), Variance: 8.08737e-01 (1.39895e+00), Accept ratio: 0.46274, 
INFO:root:Epoch  1702, Energy: -1.08947e+02 (-1.08946e+02), Variance: 1.07911e+00 (1.36871e+00), Accept ratio: 0.46848, 
INFO:root:Epoch  1703, Energy: -1.08944e+02 (-1.08921e+02), Variance: 1.04582e+00 (1.39322e+00), Accept ratio: 0.46784, 
INFO:root:Epoch  1704, Energy: -1.08952e+02 (-1.08950e+02), Variance: 9.46545e-01 (1.13175e+00), Accept ratio: 0.47131, 
INFO:root:Epoch  1705, Energy: -1.08925e+02 (-1.08933e+02), Variance: 1.00834e+00 (1.37063e+00), Accept ratio: 0.47110, 
INFO:root:Epoch  1706, Energy: -1.08937e+02 (-1.08926e+02), Variance: 9.53588e-01 (1.13309e+00), Accept ratio: 0.46837, 
INFO:root:Epoch  1707, Energy: -1.08947e+02 (-1.08970e+02), Variance: 1.01689e+00 (1.84792e+00), Accept ratio: 0.46959, 
INFO:root:Epoch  1708, Energy: -1.08898e+02 (-1.08888e+02), Variance: 9.84879e-01 (1.29092e+00), Accept ratio: 0.47076, 
INFO:root:Epoch  1709, Energy: -1.08895e+02 (-1.08896e+02), Variance: 1.10262e+00 (1.52334e+00), Accept ratio: 0.46946, 
INFO:root:Epoch  1710, Energy: -1.08918e+02 (-1.08925e+02), Variance: 9.42842e-01 (1.21644e+00), Accept ratio: 0.47394, 
INFO:root:Epoch  1711, Energy: -1.08861e+02 (-1.09016e+02), Variance: 1.24421e+00 (2.19195e+01), Accept ratio: 0.47554, 
INFO:root:Epoch  1712, Energy: -1.08896e+02 (-1.08912e+02), Variance: 9.29624e-01 (1.94545e+00), Accept ratio: 0.47155, 
INFO:root:Epoch  1713, Energy: -1.08898e+02 (-1.08899e+02), Variance: 1.03483e+00 (2.03214e+00), Accept ratio: 0.46267, 
INFO:root:Epoch  1714, Energy: -1.08927e+02 (-1.08913e+02), Variance: 9.63209e-01 (1.21126e+00), Accept ratio: 0.47340, 
INFO:root:Epoch  1715, Energy: -1.08894e+02 (-1.08914e+02), Variance: 9.63604e-01 (1.32383e+00), Accept ratio: 0.47552, 
INFO:root:Epoch  1716, Energy: -1.08921e+02 (-1.08930e+02), Variance: 9.63302e-01 (1.23109e+00), Accept ratio: 0.47575, 
INFO:root:Epoch  1717, Energy: -1.08933e+02 (-1.08879e+02), Variance: 8.95026e-01 (6.70153e+00), Accept ratio: 0.46768, 
INFO:root:Epoch  1718, Energy: -1.08859e+02 (-1.08769e+02), Variance: 9.83521e-01 (5.46971e+00), Accept ratio: 0.47038, 
INFO:root:Epoch  1719, Energy: -1.08932e+02 (-1.09024e+02), Variance: 1.02717e+00 (1.03045e+01), Accept ratio: 0.48081, 
INFO:root:Epoch  1720, Energy: -1.08896e+02 (-1.08901e+02), Variance: 1.11649e+00 (1.43206e+00), Accept ratio: 0.47087, 
INFO:root:Epoch  1721, Energy: -1.08913e+02 (-1.08897e+02), Variance: 8.89475e-01 (1.21703e+00), Accept ratio: 0.46550, 
INFO:root:Epoch  1722, Energy: -1.08939e+02 (-1.08934e+02), Variance: 9.09578e-01 (1.32421e+00), Accept ratio: 0.46799, 
INFO:root:Epoch  1723, Energy: -1.08916e+02 (-1.08926e+02), Variance: 9.81243e-01 (1.21220e+00), Accept ratio: 0.47172, 
INFO:root:Epoch  1724, Energy: -1.08939e+02 (-1.08941e+02), Variance: 1.04779e+00 (1.36746e+00), Accept ratio: 0.47072, 
INFO:root:Epoch  1725, Energy: -1.08932e+02 (-1.08932e+02), Variance: 9.49325e-01 (1.21208e+00), Accept ratio: 0.47090, 
INFO:root:Epoch  1726, Energy: -1.08931e+02 (-1.08935e+02), Variance: 1.06568e+00 (1.91851e+00), Accept ratio: 0.47646, 
INFO:root:Epoch  1727, Energy: -1.08928e+02 (-1.08919e+02), Variance: 1.08596e+00 (1.39326e+00), Accept ratio: 0.46733, 
INFO:root:Epoch  1728, Energy: -1.08938e+02 (-1.08960e+02), Variance: 1.02971e+00 (1.40318e+00), Accept ratio: 0.47618, 
INFO:root:Epoch  1729, Energy: -1.08964e+02 (-1.08998e+02), Variance: 1.03890e+00 (1.86450e+00), Accept ratio: 0.47083, 
INFO:root:Epoch  1730, Energy: -1.08862e+02 (-1.08873e+02), Variance: 1.00790e+00 (1.66703e+00), Accept ratio: 0.46606, 
INFO:root:Epoch  1731, Energy: -1.08873e+02 (-1.08882e+02), Variance: 1.04242e+00 (1.22789e+00), Accept ratio: 0.47290, 
INFO:root:Epoch  1732, Energy: -1.08846e+02 (-1.08828e+02), Variance: 1.02943e+00 (1.37003e+00), Accept ratio: 0.46919, 
INFO:root:Epoch  1733, Energy: -1.08849e+02 (-1.08843e+02), Variance: 9.65600e-01 (1.06422e+00), Accept ratio: 0.46860, 
INFO:root:Epoch  1734, Energy: -1.08871e+02 (-1.08845e+02), Variance: 9.30104e-01 (1.46890e+00), Accept ratio: 0.46836, 
INFO:root:Epoch  1735, Energy: -1.08900e+02 (-1.08881e+02), Variance: 8.59019e-01 (1.34116e+00), Accept ratio: 0.47440, 
INFO:root:Epoch  1736, Energy: -1.08867e+02 (-1.08853e+02), Variance: 9.18255e-01 (1.05393e+00), Accept ratio: 0.47180, 
INFO:root:Epoch  1737, Energy: -1.08958e+02 (-1.08959e+02), Variance: 9.82613e-01 (1.12171e+00), Accept ratio: 0.47091, 
INFO:root:Epoch  1738, Energy: -1.08932e+02 (-1.08912e+02), Variance: 9.74806e-01 (1.51542e+00), Accept ratio: 0.47130, 
INFO:root:Epoch  1739, Energy: -1.08977e+02 (-1.09022e+02), Variance: 1.19036e+00 (2.87774e+00), Accept ratio: 0.47013, 
INFO:root:Epoch  1740, Energy: -1.08946e+02 (-1.08943e+02), Variance: 1.33974e+00 (2.35529e+00), Accept ratio: 0.46467, 
INFO:root:Epoch  1741, Energy: -1.08906e+02 (-1.08906e+02), Variance: 9.49234e-01 (1.24934e+00), Accept ratio: 0.46531, 
INFO:root:Epoch  1742, Energy: -1.08937e+02 (-1.08956e+02), Variance: 1.02902e+00 (1.56786e+00), Accept ratio: 0.47592, 
INFO:root:Epoch  1743, Energy: -1.08926e+02 (-1.08909e+02), Variance: 1.06783e+00 (1.46176e+00), Accept ratio: 0.46656, 
INFO:root:Epoch  1744, Energy: -1.08949e+02 (-1.08948e+02), Variance: 9.34423e-01 (1.09619e+00), Accept ratio: 0.46224, 
INFO:root:Epoch  1745, Energy: -1.08910e+02 (-1.08902e+02), Variance: 1.18433e+00 (1.64953e+00), Accept ratio: 0.47000, 
INFO:root:Epoch  1746, Energy: -1.08912e+02 (-1.08898e+02), Variance: 1.06338e+00 (1.33724e+00), Accept ratio: 0.47478, 
INFO:root:Epoch  1747, Energy: -1.08912e+02 (-1.08916e+02), Variance: 9.62821e-01 (1.39585e+00), Accept ratio: 0.47860, 
INFO:root:Epoch  1748, Energy: -1.08887e+02 (-1.08899e+02), Variance: 9.30158e-01 (1.07953e+00), Accept ratio: 0.47088, 
INFO:root:Epoch  1749, Energy: -1.08886e+02 (-1.08895e+02), Variance: 1.25807e+00 (2.29643e+00), Accept ratio: 0.47009, 
INFO:root:Epoch  1750, Energy: -1.08916e+02 (-1.08903e+02), Variance: 1.00707e+00 (1.24445e+00), Accept ratio: 0.46210, 
INFO:root:Epoch  1751, Energy: -1.08867e+02 (-1.08820e+02), Variance: 1.03484e+00 (2.84467e+00), Accept ratio: 0.46528, 
INFO:root:Epoch  1752, Energy: -1.08991e+02 (-1.08980e+02), Variance: 9.64656e-01 (1.40066e+00), Accept ratio: 0.47951, 
INFO:root:Epoch  1753, Energy: -1.08979e+02 (-1.08969e+02), Variance: 1.11536e+00 (1.97709e+00), Accept ratio: 0.46923, 
INFO:root:Epoch  1754, Energy: -1.08945e+02 (-1.08938e+02), Variance: 1.04478e+00 (1.63498e+00), Accept ratio: 0.46657, 
INFO:root:Epoch  1755, Energy: -1.08907e+02 (-1.08881e+02), Variance: 9.46435e-01 (1.81060e+00), Accept ratio: 0.46974, 
INFO:root:Epoch  1756, Energy: -1.08885e+02 (-1.08842e+02), Variance: 9.10271e-01 (2.45443e+00), Accept ratio: 0.47362, 
INFO:root:Epoch  1757, Energy: -1.08947e+02 (-1.08934e+02), Variance: 1.05629e+00 (1.77947e+00), Accept ratio: 0.46968, 
INFO:root:Epoch  1758, Energy: -1.08959e+02 (-1.08957e+02), Variance: 1.00038e+00 (1.40563e+00), Accept ratio: 0.47177, 
INFO:root:Epoch  1759, Energy: -1.08915e+02 (-1.08906e+02), Variance: 8.91398e-01 (1.02160e+00), Accept ratio: 0.47299, 
INFO:root:Epoch  1760, Energy: -1.08904e+02 (-1.08900e+02), Variance: 9.20003e-01 (1.02396e+00), Accept ratio: 0.46523, 
INFO:root:Epoch  1761, Energy: -1.08877e+02 (-1.08862e+02), Variance: 1.06155e+00 (1.35585e+00), Accept ratio: 0.47001, 
INFO:root:Epoch  1762, Energy: -1.08932e+02 (-1.08948e+02), Variance: 9.72621e-01 (1.39772e+00), Accept ratio: 0.47405, 
INFO:root:Epoch  1763, Energy: -1.08936e+02 (-1.08945e+02), Variance: 1.00003e+00 (1.74412e+00), Accept ratio: 0.47739, 
INFO:root:Epoch  1764, Energy: -1.08962e+02 (-1.08957e+02), Variance: 9.86446e-01 (1.07444e+00), Accept ratio: 0.46774, 
INFO:root:Epoch  1765, Energy: -1.08908e+02 (-1.08900e+02), Variance: 9.36919e-01 (1.13815e+00), Accept ratio: 0.47323, 
INFO:root:Epoch  1766, Energy: -1.08886e+02 (-1.08879e+02), Variance: 1.04613e+00 (1.22107e+00), Accept ratio: 0.47571, 
INFO:root:Epoch  1767, Energy: -1.08880e+02 (-1.08854e+02), Variance: 1.06821e+00 (2.43054e+00), Accept ratio: 0.47293, 
INFO:root:Epoch  1768, Energy: -1.08861e+02 (-1.08826e+02), Variance: 1.07502e+00 (1.83517e+00), Accept ratio: 0.47337, 
INFO:root:Epoch  1769, Energy: -1.08872e+02 (-1.08871e+02), Variance: 9.60246e-01 (1.10739e+00), Accept ratio: 0.46840, 
INFO:root:Epoch  1770, Energy: -1.08925e+02 (-1.08912e+02), Variance: 8.75829e-01 (1.36506e+00), Accept ratio: 0.47365, 
INFO:root:Epoch  1771, Energy: -1.08915e+02 (-1.08898e+02), Variance: 9.06832e-01 (1.89051e+00), Accept ratio: 0.47231, 
INFO:root:Epoch  1772, Energy: -1.08907e+02 (-1.08887e+02), Variance: 9.78139e-01 (1.37234e+00), Accept ratio: 0.46491, 
INFO:root:Epoch  1773, Energy: -1.08877e+02 (-1.08868e+02), Variance: 9.42445e-01 (1.26382e+00), Accept ratio: 0.46734, 
INFO:root:Epoch  1774, Energy: -1.08904e+02 (-1.08881e+02), Variance: 8.67441e-01 (1.22958e+00), Accept ratio: 0.46108, 
INFO:root:Epoch  1775, Energy: -1.08911e+02 (-1.08905e+02), Variance: 9.55903e-01 (1.05467e+00), Accept ratio: 0.47009, 
INFO:root:Epoch  1776, Energy: -1.08929e+02 (-1.08930e+02), Variance: 9.73993e-01 (1.23532e+00), Accept ratio: 0.47426, 
INFO:root:Epoch  1777, Energy: -1.08933e+02 (-1.08929e+02), Variance: 9.53749e-01 (1.06854e+00), Accept ratio: 0.47412, 
INFO:root:Epoch  1778, Energy: -1.08902e+02 (-1.08901e+02), Variance: 9.57212e-01 (1.04262e+00), Accept ratio: 0.46855, 
INFO:root:Epoch  1779, Energy: -1.08920e+02 (-1.08922e+02), Variance: 9.22650e-01 (1.04922e+00), Accept ratio: 0.46690, 
INFO:root:Epoch  1780, Energy: -1.08923e+02 (-1.08923e+02), Variance: 9.02934e-01 (1.01454e+00), Accept ratio: 0.46777, 
INFO:root:Epoch  1781, Energy: -1.08915e+02 (-1.08914e+02), Variance: 8.85320e-01 (1.01548e+00), Accept ratio: 0.46845, 
INFO:root:Epoch  1782, Energy: -1.08942e+02 (-1.08957e+02), Variance: 9.06435e-01 (1.54983e+00), Accept ratio: 0.46643, 
INFO:root:Epoch  1783, Energy: -1.08907e+02 (-1.08886e+02), Variance: 9.46151e-01 (1.26394e+00), Accept ratio: 0.46811, 
INFO:root:Epoch  1784, Energy: -1.08922e+02 (-1.08915e+02), Variance: 8.82858e-01 (1.42758e+00), Accept ratio: 0.46711, 
INFO:root:Epoch  1785, Energy: -1.08913e+02 (-1.08906e+02), Variance: 9.11413e-01 (1.33356e+00), Accept ratio: 0.47255, 
INFO:root:Epoch  1786, Energy: -1.08924e+02 (-1.08934e+02), Variance: 9.88961e-01 (1.39948e+00), Accept ratio: 0.46898, 
INFO:root:Epoch  1787, Energy: -1.08909e+02 (-1.08895e+02), Variance: 1.06422e+00 (1.35373e+00), Accept ratio: 0.47019, 
INFO:root:Epoch  1788, Energy: -1.08878e+02 (-1.08874e+02), Variance: 1.01528e+00 (1.67800e+00), Accept ratio: 0.47358, 
INFO:root:Epoch  1789, Energy: -1.08903e+02 (-1.08863e+02), Variance: 1.02464e+00 (3.59129e+00), Accept ratio: 0.46747, 
INFO:root:Epoch  1790, Energy: -1.08916e+02 (-1.08871e+02), Variance: 9.80278e-01 (3.56076e+00), Accept ratio: 0.46889, 
INFO:root:Epoch  1791, Energy: -1.08875e+02 (-1.08865e+02), Variance: 1.04765e+00 (1.24298e+00), Accept ratio: 0.47428, 
INFO:root:Epoch  1792, Energy: -1.08931e+02 (-1.08899e+02), Variance: 1.05412e+00 (4.19425e+00), Accept ratio: 0.47476, 
INFO:root:Epoch  1793, Energy: -1.08975e+02 (-1.08992e+02), Variance: 9.70902e-01 (1.17842e+00), Accept ratio: 0.47634, 
INFO:root:Epoch  1794, Energy: -1.08918e+02 (-1.08918e+02), Variance: 1.04104e+00 (1.28424e+00), Accept ratio: 0.47007, 
INFO:root:Epoch  1795, Energy: -1.08922e+02 (-1.08907e+02), Variance: 9.96349e-01 (1.86803e+00), Accept ratio: 0.47345, 
INFO:root:Epoch  1796, Energy: -1.08892e+02 (-1.08862e+02), Variance: 1.03790e+00 (2.05278e+00), Accept ratio: 0.47194, 
INFO:root:Epoch  1797, Energy: -1.08938e+02 (-1.08925e+02), Variance: 1.08934e+00 (1.35425e+00), Accept ratio: 0.46918, 
INFO:root:Epoch  1798, Energy: -1.08920e+02 (-1.08936e+02), Variance: 9.69828e-01 (1.24239e+00), Accept ratio: 0.46886, 
INFO:root:Epoch  1799, Energy: -1.08934e+02 (-1.08941e+02), Variance: 9.80334e-01 (1.58160e+00), Accept ratio: 0.47511, 
INFO:root:Epoch  1800, Energy: -1.08936e+02 (-1.08915e+02), Variance: 1.11445e+00 (2.38041e+00), Accept ratio: 0.46950, , best weights saved
INFO:root:Epoch  1801, Energy: -1.08886e+02 (-1.08842e+02), Variance: 1.09926e+00 (2.11280e+00), Accept ratio: 0.46721, 
INFO:root:Epoch  1802, Energy: -1.08902e+02 (-1.08894e+02), Variance: 9.22880e-01 (1.03067e+00), Accept ratio: 0.46932, 
INFO:root:Epoch  1803, Energy: -1.08902e+02 (-1.08907e+02), Variance: 1.11178e+00 (1.99450e+00), Accept ratio: 0.46895, 
INFO:root:Epoch  1804, Energy: -1.08871e+02 (-1.08888e+02), Variance: 1.08391e+00 (1.81339e+00), Accept ratio: 0.47805, 
INFO:root:Epoch  1805, Energy: -1.08869e+02 (-1.08880e+02), Variance: 9.45201e-01 (1.49896e+00), Accept ratio: 0.47319, 
INFO:root:Epoch  1806, Energy: -1.08933e+02 (-1.08969e+02), Variance: 1.08098e+00 (2.22113e+00), Accept ratio: 0.47222, 
INFO:root:Epoch  1807, Energy: -1.08929e+02 (-1.08987e+02), Variance: 1.00170e+00 (3.63385e+00), Accept ratio: 0.46985, 
INFO:root:Epoch  1808, Energy: -1.08938e+02 (-1.08889e+02), Variance: 9.35964e-01 (2.90358e+00), Accept ratio: 0.47935, 
INFO:root:Epoch  1809, Energy: -1.08894e+02 (-1.08834e+02), Variance: 9.53316e-01 (4.09853e+00), Accept ratio: 0.47257, 
INFO:root:Epoch  1810, Energy: -1.08891e+02 (-1.08862e+02), Variance: 9.94003e-01 (3.57757e+00), Accept ratio: 0.47510, 
INFO:root:Epoch  1811, Energy: -1.08843e+02 (-1.08818e+02), Variance: 9.60714e-01 (1.37432e+00), Accept ratio: 0.46839, 
INFO:root:Epoch  1812, Energy: -1.08908e+02 (-1.08928e+02), Variance: 9.55151e-01 (1.66994e+00), Accept ratio: 0.47425, 
INFO:root:Epoch  1813, Energy: -1.08927e+02 (-1.08967e+02), Variance: 1.15139e+00 (2.29743e+00), Accept ratio: 0.47029, 
INFO:root:Epoch  1814, Energy: -1.08925e+02 (-1.08900e+02), Variance: 9.54596e-01 (1.43644e+00), Accept ratio: 0.47325, 
INFO:root:Epoch  1815, Energy: -1.08889e+02 (-1.08730e+02), Variance: 1.01120e+00 (2.60641e+01), Accept ratio: 0.46715, 
INFO:root:Epoch  1816, Energy: -1.08941e+02 (-1.08948e+02), Variance: 9.72704e-01 (1.19821e+00), Accept ratio: 0.46520, 
INFO:root:Epoch  1817, Energy: -1.08922e+02 (-1.08911e+02), Variance: 1.15637e+00 (2.02738e+00), Accept ratio: 0.47235, 
INFO:root:Epoch  1818, Energy: -1.08901e+02 (-1.08927e+02), Variance: 9.87063e-01 (2.21630e+00), Accept ratio: 0.46816, 
INFO:root:Epoch  1819, Energy: -1.08959e+02 (-1.08958e+02), Variance: 1.10778e+00 (1.32593e+00), Accept ratio: 0.46827, 
INFO:root:Epoch  1820, Energy: -1.08921e+02 (-1.08928e+02), Variance: 1.01969e+00 (1.46195e+00), Accept ratio: 0.47025, 
INFO:root:Epoch  1821, Energy: -1.08941e+02 (-1.08940e+02), Variance: 9.51053e-01 (1.28798e+00), Accept ratio: 0.46825, 
INFO:root:Epoch  1822, Energy: -1.08960e+02 (-1.08959e+02), Variance: 9.88520e-01 (1.15992e+00), Accept ratio: 0.46956, 
INFO:root:Epoch  1823, Energy: -1.08882e+02 (-1.08874e+02), Variance: 9.35341e-01 (1.13343e+00), Accept ratio: 0.47682, 
INFO:root:Epoch  1824, Energy: -1.08821e+02 (-1.08747e+02), Variance: 1.09920e+00 (2.86709e+00), Accept ratio: 0.47274, 
INFO:root:Epoch  1825, Energy: -1.08964e+02 (-1.08949e+02), Variance: 1.05292e+00 (1.73976e+00), Accept ratio: 0.47337, 
INFO:root:Epoch  1826, Energy: -1.08869e+02 (-1.08860e+02), Variance: 1.01159e+00 (1.39371e+00), Accept ratio: 0.47265, 
INFO:root:Epoch  1827, Energy: -1.08920e+02 (-1.08927e+02), Variance: 1.08892e+00 (1.34683e+00), Accept ratio: 0.47702, 
INFO:root:Epoch  1828, Energy: -1.08962e+02 (-1.08969e+02), Variance: 1.02442e+00 (1.55472e+00), Accept ratio: 0.47579, 
INFO:root:Epoch  1829, Energy: -1.08926e+02 (-1.08926e+02), Variance: 8.59217e-01 (9.68804e-01), Accept ratio: 0.46337, 
INFO:root:Epoch  1830, Energy: -1.08931e+02 (-1.08905e+02), Variance: 8.80740e-01 (2.20388e+00), Accept ratio: 0.46721, 
INFO:root:Epoch  1831, Energy: -1.08931e+02 (-1.08938e+02), Variance: 1.00662e+00 (1.24918e+00), Accept ratio: 0.47358, 
INFO:root:Epoch  1832, Energy: -1.08954e+02 (-1.08942e+02), Variance: 9.79059e-01 (1.35165e+00), Accept ratio: 0.46938, 
INFO:root:Epoch  1833, Energy: -1.08904e+02 (-1.08907e+02), Variance: 9.49374e-01 (1.22612e+00), Accept ratio: 0.47062, 
INFO:root:Epoch  1834, Energy: -1.08876e+02 (-1.08854e+02), Variance: 9.47285e-01 (1.61293e+00), Accept ratio: 0.46997, 
INFO:root:Epoch  1835, Energy: -1.08975e+02 (-1.08972e+02), Variance: 9.92671e-01 (1.15447e+00), Accept ratio: 0.46800, 
INFO:root:Epoch  1836, Energy: -1.08900e+02 (-1.08892e+02), Variance: 9.54376e-01 (1.05270e+00), Accept ratio: 0.47342, 
INFO:root:Epoch  1837, Energy: -1.08950e+02 (-1.08958e+02), Variance: 9.52245e-01 (1.07624e+00), Accept ratio: 0.47039, 
INFO:root:Epoch  1838, Energy: -1.08921e+02 (-1.08917e+02), Variance: 1.09793e+00 (1.29916e+00), Accept ratio: 0.47047, 
INFO:root:Epoch  1839, Energy: -1.08943e+02 (-1.08932e+02), Variance: 9.95685e-01 (1.42172e+00), Accept ratio: 0.47365, 
INFO:root:Epoch  1840, Energy: -1.08910e+02 (-1.08912e+02), Variance: 1.10148e+00 (1.34844e+00), Accept ratio: 0.47432, 
INFO:root:Epoch  1841, Energy: -1.08961e+02 (-1.08973e+02), Variance: 1.06857e+00 (1.24490e+00), Accept ratio: 0.47185, 
INFO:root:Epoch  1842, Energy: -1.08962e+02 (-1.08977e+02), Variance: 9.55501e-01 (1.23017e+00), Accept ratio: 0.46699, 
INFO:root:Epoch  1843, Energy: -1.08893e+02 (-1.08932e+02), Variance: 1.08984e+00 (4.60202e+00), Accept ratio: 0.46912, 
INFO:root:Epoch  1844, Energy: -1.08905e+02 (-1.08901e+02), Variance: 1.04036e+00 (1.13228e+00), Accept ratio: 0.47387, 
INFO:root:Epoch  1845, Energy: -1.08926e+02 (-1.08926e+02), Variance: 9.61653e-01 (1.23191e+00), Accept ratio: 0.47626, 
INFO:root:Epoch  1846, Energy: -1.08943e+02 (-1.08963e+02), Variance: 8.18943e-01 (1.19087e+00), Accept ratio: 0.47702, 
INFO:root:Epoch  1847, Energy: -1.08887e+02 (-1.08866e+02), Variance: 9.38593e-01 (1.35657e+00), Accept ratio: 0.47101, 
INFO:root:Epoch  1848, Energy: -1.08896e+02 (-1.08926e+02), Variance: 9.73266e-01 (2.13551e+00), Accept ratio: 0.47215, 
INFO:root:Epoch  1849, Energy: -1.08897e+02 (-1.08895e+02), Variance: 9.78527e-01 (1.14436e+00), Accept ratio: 0.47354, 
INFO:root:Epoch  1850, Energy: -1.08947e+02 (-1.08968e+02), Variance: 1.04359e+00 (1.59396e+00), Accept ratio: 0.47198, 
INFO:root:Epoch  1851, Energy: -1.08898e+02 (-1.08935e+02), Variance: 1.00097e+00 (4.14178e+00), Accept ratio: 0.47089, 
INFO:root:Epoch  1852, Energy: -1.08944e+02 (-1.08948e+02), Variance: 9.01300e-01 (1.03738e+00), Accept ratio: 0.46466, 
INFO:root:Epoch  1853, Energy: -1.08910e+02 (-1.08906e+02), Variance: 1.10748e+00 (1.16005e+00), Accept ratio: 0.46695, 
INFO:root:Epoch  1854, Energy: -1.08905e+02 (-1.08932e+02), Variance: 1.04094e+00 (2.30551e+00), Accept ratio: 0.47348, 
INFO:root:Epoch  1855, Energy: -1.08902e+02 (-1.08901e+02), Variance: 9.93293e-01 (1.31454e+00), Accept ratio: 0.47062, 
INFO:root:Epoch  1856, Energy: -1.08964e+02 (-1.08957e+02), Variance: 8.16917e-01 (1.11716e+00), Accept ratio: 0.46596, 
INFO:root:Epoch  1857, Energy: -1.08954e+02 (-1.08960e+02), Variance: 9.46059e-01 (1.19398e+00), Accept ratio: 0.46703, 
INFO:root:Epoch  1858, Energy: -1.09003e+02 (-1.09013e+02), Variance: 8.90124e-01 (1.45277e+00), Accept ratio: 0.46832, 
INFO:root:Epoch  1859, Energy: -1.08944e+02 (-1.08932e+02), Variance: 1.05411e+00 (1.44209e+00), Accept ratio: 0.46783, 
INFO:root:Epoch  1860, Energy: -1.08962e+02 (-1.08943e+02), Variance: 9.97609e-01 (1.47711e+00), Accept ratio: 0.45938, 
INFO:root:Epoch  1861, Energy: -1.08924e+02 (-1.08887e+02), Variance: 1.05182e+00 (2.57186e+00), Accept ratio: 0.47159, 
INFO:root:Epoch  1862, Energy: -1.08923e+02 (-1.08921e+02), Variance: 1.10794e+00 (1.32893e+00), Accept ratio: 0.46425, 
INFO:root:Epoch  1863, Energy: -1.08876e+02 (-1.08808e+02), Variance: 9.73104e-01 (5.10562e+00), Accept ratio: 0.46555, 
INFO:root:Epoch  1864, Energy: -1.08914e+02 (-1.08938e+02), Variance: 8.62254e-01 (1.19405e+00), Accept ratio: 0.46549, 
INFO:root:Epoch  1865, Energy: -1.08910e+02 (-1.08910e+02), Variance: 8.77475e-01 (1.02605e+00), Accept ratio: 0.47372, 
INFO:root:Epoch  1866, Energy: -1.08918e+02 (-1.08924e+02), Variance: 1.01246e+00 (1.66256e+00), Accept ratio: 0.46933, 
INFO:root:Epoch  1867, Energy: -1.08934e+02 (-1.08927e+02), Variance: 1.03261e+00 (1.50278e+00), Accept ratio: 0.46906, 
INFO:root:Epoch  1868, Energy: -1.08891e+02 (-1.08874e+02), Variance: 1.00937e+00 (1.49521e+00), Accept ratio: 0.47117, 
INFO:root:Epoch  1869, Energy: -1.08910e+02 (-1.08905e+02), Variance: 9.72943e-01 (1.46144e+00), Accept ratio: 0.46948, 
INFO:root:Epoch  1870, Energy: -1.08919e+02 (-1.08917e+02), Variance: 1.03095e+00 (1.79301e+00), Accept ratio: 0.47463, 
INFO:root:Epoch  1871, Energy: -1.08896e+02 (-1.08860e+02), Variance: 1.08022e+00 (1.79851e+00), Accept ratio: 0.46867, 
INFO:root:Epoch  1872, Energy: -1.08907e+02 (-1.08926e+02), Variance: 8.86052e-01 (1.73743e+00), Accept ratio: 0.47098, 
INFO:root:Epoch  1873, Energy: -1.08936e+02 (-1.08944e+02), Variance: 1.00482e+00 (1.29075e+00), Accept ratio: 0.47038, 
INFO:root:Epoch  1874, Energy: -1.08914e+02 (-1.08895e+02), Variance: 9.89739e-01 (1.52746e+00), Accept ratio: 0.47688, 
INFO:root:Epoch  1875, Energy: -1.08920e+02 (-1.08915e+02), Variance: 9.63245e-01 (1.13919e+00), Accept ratio: 0.47553, 
INFO:root:Epoch  1876, Energy: -1.08919e+02 (-1.08861e+02), Variance: 9.74183e-01 (4.89226e+00), Accept ratio: 0.47156, 
INFO:root:Epoch  1877, Energy: -1.08910e+02 (-1.08926e+02), Variance: 9.80193e-01 (1.23127e+00), Accept ratio: 0.46764, 
INFO:root:Epoch  1878, Energy: -1.08966e+02 (-1.08974e+02), Variance: 8.64891e-01 (9.41517e-01), Accept ratio: 0.47450, 
INFO:root:Epoch  1879, Energy: -1.08974e+02 (-1.08994e+02), Variance: 9.77600e-01 (1.26178e+00), Accept ratio: 0.47000, 
INFO:root:Epoch  1880, Energy: -1.08972e+02 (-1.08976e+02), Variance: 9.65782e-01 (1.17693e+00), Accept ratio: 0.47457, 
INFO:root:Epoch  1881, Energy: -1.08983e+02 (-1.08999e+02), Variance: 9.06730e-01 (1.18774e+00), Accept ratio: 0.47367, 
INFO:root:Epoch  1882, Energy: -1.08921e+02 (-1.08926e+02), Variance: 9.27286e-01 (1.13943e+00), Accept ratio: 0.47485, 
INFO:root:Epoch  1883, Energy: -1.08950e+02 (-1.08973e+02), Variance: 9.28518e-01 (1.84016e+00), Accept ratio: 0.47803, 
INFO:root:Epoch  1884, Energy: -1.08938e+02 (-1.08939e+02), Variance: 8.94916e-01 (1.01485e+00), Accept ratio: 0.46815, 
INFO:root:Epoch  1885, Energy: -1.08875e+02 (-1.08837e+02), Variance: 9.09613e-01 (1.72909e+00), Accept ratio: 0.47225, 
INFO:root:Epoch  1886, Energy: -1.08831e+02 (-1.08820e+02), Variance: 1.07028e+00 (1.69060e+00), Accept ratio: 0.46924, 
INFO:root:Epoch  1887, Energy: -1.08888e+02 (-1.08941e+02), Variance: 1.01469e+00 (3.40082e+00), Accept ratio: 0.47382, 
INFO:root:Epoch  1888, Energy: -1.08909e+02 (-1.08915e+02), Variance: 9.17965e-01 (1.12073e+00), Accept ratio: 0.46525, 
INFO:root:Epoch  1889, Energy: -1.08927e+02 (-1.08917e+02), Variance: 1.01078e+00 (5.19756e+00), Accept ratio: 0.46747, 
INFO:root:Epoch  1890, Energy: -1.08886e+02 (-1.08895e+02), Variance: 9.83016e-01 (1.40325e+00), Accept ratio: 0.47175, 
INFO:root:Epoch  1891, Energy: -1.08892e+02 (-1.08936e+02), Variance: 9.89577e-01 (5.41488e+00), Accept ratio: 0.46616, 
INFO:root:Epoch  1892, Energy: -1.08916e+02 (-1.08914e+02), Variance: 8.98585e-01 (1.00132e+00), Accept ratio: 0.47378, 
INFO:root:Epoch  1893, Energy: -1.08911e+02 (-1.08909e+02), Variance: 1.09891e+00 (1.30408e+00), Accept ratio: 0.47079, 
INFO:root:Epoch  1894, Energy: -1.08917e+02 (-1.08875e+02), Variance: 1.07533e+00 (2.37596e+00), Accept ratio: 0.46859, 
INFO:root:Epoch  1895, Energy: -1.08980e+02 (-1.08943e+02), Variance: 9.56163e-01 (2.63728e+00), Accept ratio: 0.46341, 
INFO:root:Epoch  1896, Energy: -1.08950e+02 (-1.08928e+02), Variance: 1.02152e+00 (1.31786e+00), Accept ratio: 0.47001, 
INFO:root:Epoch  1897, Energy: -1.08961e+02 (-1.08986e+02), Variance: 8.70765e-01 (1.92913e+00), Accept ratio: 0.46821, 
INFO:root:Epoch  1898, Energy: -1.08932e+02 (-1.08946e+02), Variance: 9.92687e-01 (2.15519e+00), Accept ratio: 0.46805, 
INFO:root:Epoch  1899, Energy: -1.08904e+02 (-1.08869e+02), Variance: 9.93361e-01 (1.98702e+00), Accept ratio: 0.46522, 
INFO:root:Epoch  1900, Energy: -1.08950e+02 (-1.08987e+02), Variance: 9.61465e-01 (1.83275e+00), Accept ratio: 0.46767, , best weights saved
INFO:root:Epoch  1901, Energy: -1.08927e+02 (-1.08919e+02), Variance: 9.74732e-01 (1.44703e+00), Accept ratio: 0.46464, 
INFO:root:Epoch  1902, Energy: -1.08898e+02 (-1.08891e+02), Variance: 9.61667e-01 (1.10314e+00), Accept ratio: 0.46629, 
INFO:root:Epoch  1903, Energy: -1.08934e+02 (-1.08917e+02), Variance: 8.43263e-01 (1.10303e+00), Accept ratio: 0.47120, 
INFO:root:Epoch  1904, Energy: -1.08910e+02 (-1.08910e+02), Variance: 9.61313e-01 (1.08572e+00), Accept ratio: 0.46614, 
INFO:root:Epoch  1905, Energy: -1.08953e+02 (-1.08947e+02), Variance: 9.40120e-01 (1.10583e+00), Accept ratio: 0.46907, 
INFO:root:Epoch  1906, Energy: -1.08957e+02 (-1.08944e+02), Variance: 9.28423e-01 (1.31902e+00), Accept ratio: 0.47086, 
INFO:root:Epoch  1907, Energy: -1.08924e+02 (-1.08941e+02), Variance: 9.04397e-01 (1.45366e+00), Accept ratio: 0.47417, 
INFO:root:Epoch  1908, Energy: -1.08902e+02 (-1.08918e+02), Variance: 1.07135e+00 (2.83065e+00), Accept ratio: 0.47378, 
INFO:root:Epoch  1909, Energy: -1.08886e+02 (-1.08891e+02), Variance: 8.42601e-01 (9.30401e-01), Accept ratio: 0.46808, 
INFO:root:Epoch  1910, Energy: -1.08933e+02 (-1.08906e+02), Variance: 9.38688e-01 (1.53891e+00), Accept ratio: 0.47293, 
INFO:root:Epoch  1911, Energy: -1.08943e+02 (-1.08935e+02), Variance: 9.34961e-01 (1.24136e+00), Accept ratio: 0.47356, 
INFO:root:Epoch  1912, Energy: -1.08929e+02 (-1.08920e+02), Variance: 9.24042e-01 (1.25538e+00), Accept ratio: 0.46425, 
INFO:root:Epoch  1913, Energy: -1.08889e+02 (-1.08897e+02), Variance: 9.04086e-01 (1.54177e+00), Accept ratio: 0.46435, 
INFO:root:Epoch  1914, Energy: -1.08945e+02 (-1.08961e+02), Variance: 1.01166e+00 (1.96774e+00), Accept ratio: 0.47474, 
INFO:root:Epoch  1915, Energy: -1.08964e+02 (-1.08949e+02), Variance: 9.05966e-01 (1.26939e+00), Accept ratio: 0.47635, 
INFO:root:Epoch  1916, Energy: -1.08922e+02 (-1.08917e+02), Variance: 1.03628e+00 (1.64254e+00), Accept ratio: 0.46426, 
INFO:root:Epoch  1917, Energy: -1.08873e+02 (-1.08852e+02), Variance: 1.02146e+00 (2.37607e+00), Accept ratio: 0.46661, 
INFO:root:Epoch  1918, Energy: -1.08884e+02 (-1.08874e+02), Variance: 1.07186e+00 (1.45980e+00), Accept ratio: 0.46935, 
INFO:root:Epoch  1919, Energy: -1.08922e+02 (-1.08934e+02), Variance: 9.85398e-01 (1.18649e+00), Accept ratio: 0.46668, 
INFO:root:Epoch  1920, Energy: -1.08924e+02 (-1.08929e+02), Variance: 8.14622e-01 (1.31162e+00), Accept ratio: 0.47130, 
INFO:root:Epoch  1921, Energy: -1.08927e+02 (-1.08925e+02), Variance: 8.98661e-01 (1.25374e+00), Accept ratio: 0.47152, 
INFO:root:Epoch  1922, Energy: -1.08947e+02 (-1.08925e+02), Variance: 1.07489e+00 (2.34195e+00), Accept ratio: 0.47102, 
INFO:root:Epoch  1923, Energy: -1.08917e+02 (-1.08920e+02), Variance: 9.91439e-01 (1.22566e+00), Accept ratio: 0.46614, 
INFO:root:Epoch  1924, Energy: -1.08907e+02 (-1.08898e+02), Variance: 1.08497e+00 (1.33400e+00), Accept ratio: 0.46928, 
INFO:root:Epoch  1925, Energy: -1.08929e+02 (-1.08935e+02), Variance: 9.61983e-01 (1.12939e+00), Accept ratio: 0.47140, 
INFO:root:Epoch  1926, Energy: -1.08940e+02 (-1.08921e+02), Variance: 9.72117e-01 (1.94010e+00), Accept ratio: 0.46963, 
INFO:root:Epoch  1927, Energy: -1.08881e+02 (-1.08872e+02), Variance: 9.54443e-01 (1.19813e+00), Accept ratio: 0.46897, 
INFO:root:Epoch  1928, Energy: -1.08905e+02 (-1.08861e+02), Variance: 1.08814e+00 (2.09900e+00), Accept ratio: 0.47205, 
INFO:root:Epoch  1929, Energy: -1.08991e+02 (-1.08981e+02), Variance: 9.71138e-01 (1.39347e+00), Accept ratio: 0.47321, 
INFO:root:Epoch  1930, Energy: -1.08967e+02 (-1.08983e+02), Variance: 9.82141e-01 (1.46409e+00), Accept ratio: 0.47233, 
INFO:root:Epoch  1931, Energy: -1.08936e+02 (-1.08933e+02), Variance: 8.55979e-01 (9.83681e-01), Accept ratio: 0.46815, 
INFO:root:Epoch  1932, Energy: -1.08954e+02 (-1.08956e+02), Variance: 9.40192e-01 (1.07779e+00), Accept ratio: 0.47429, 
INFO:root:Epoch  1933, Energy: -1.08922e+02 (-1.08933e+02), Variance: 9.52822e-01 (1.23070e+00), Accept ratio: 0.47730, 
INFO:root:Epoch  1934, Energy: -1.08931e+02 (-1.08917e+02), Variance: 8.84785e-01 (1.19961e+00), Accept ratio: 0.47215, 
INFO:root:Epoch  1935, Energy: -1.08931e+02 (-1.08927e+02), Variance: 9.79144e-01 (1.10873e+00), Accept ratio: 0.47557, 
INFO:root:Epoch  1936, Energy: -1.08941e+02 (-1.08936e+02), Variance: 9.59717e-01 (1.09640e+00), Accept ratio: 0.47398, 
INFO:root:Epoch  1937, Energy: -1.08915e+02 (-1.08903e+02), Variance: 9.46020e-01 (1.21467e+00), Accept ratio: 0.47138, 
INFO:root:Epoch  1938, Energy: -1.08953e+02 (-1.08935e+02), Variance: 9.27429e-01 (1.18033e+00), Accept ratio: 0.47224, 
INFO:root:Epoch  1939, Energy: -1.09000e+02 (-1.09023e+02), Variance: 1.04156e+00 (2.34176e+00), Accept ratio: 0.47307, 
INFO:root:Epoch  1940, Energy: -1.08946e+02 (-1.08949e+02), Variance: 9.96715e-01 (1.27729e+00), Accept ratio: 0.47270, 
INFO:root:Epoch  1941, Energy: -1.08906e+02 (-1.08903e+02), Variance: 9.68232e-01 (1.17692e+00), Accept ratio: 0.46674, 
INFO:root:Epoch  1942, Energy: -1.08930e+02 (-1.08891e+02), Variance: 8.63139e-01 (2.31536e+00), Accept ratio: 0.47219, 
INFO:root:Epoch  1943, Energy: -1.08966e+02 (-1.08949e+02), Variance: 9.68233e-01 (1.50448e+00), Accept ratio: 0.46849, 
INFO:root:Epoch  1944, Energy: -1.08946e+02 (-1.08913e+02), Variance: 1.04092e+00 (1.99681e+00), Accept ratio: 0.47081, 
INFO:root:Epoch  1945, Energy: -1.08924e+02 (-1.08910e+02), Variance: 1.01845e+00 (1.36344e+00), Accept ratio: 0.47144, 
INFO:root:Epoch  1946, Energy: -1.08959e+02 (-1.08992e+02), Variance: 1.07236e+00 (2.11973e+00), Accept ratio: 0.46457, 
INFO:root:Epoch  1947, Energy: -1.08893e+02 (-1.08888e+02), Variance: 1.03575e+00 (1.32289e+00), Accept ratio: 0.46916, 
INFO:root:Epoch  1948, Energy: -1.08922e+02 (-1.08929e+02), Variance: 8.39731e-01 (1.12502e+00), Accept ratio: 0.47163, 
INFO:root:Epoch  1949, Energy: -1.08918e+02 (-1.08904e+02), Variance: 1.05766e+00 (1.72666e+00), Accept ratio: 0.47103, 
INFO:root:Epoch  1950, Energy: -1.08954e+02 (-1.08951e+02), Variance: 9.77418e-01 (1.13768e+00), Accept ratio: 0.47112, 
INFO:root:Epoch  1951, Energy: -1.08926e+02 (-1.08915e+02), Variance: 8.79846e-01 (1.23434e+00), Accept ratio: 0.46672, 
INFO:root:Epoch  1952, Energy: -1.08886e+02 (-1.08869e+02), Variance: 1.01711e+00 (1.92985e+00), Accept ratio: 0.47123, 
INFO:root:Epoch  1953, Energy: -1.08935e+02 (-1.08937e+02), Variance: 1.01872e+00 (1.06678e+00), Accept ratio: 0.47916, 
INFO:root:Epoch  1954, Energy: -1.08925e+02 (-1.08917e+02), Variance: 9.58249e-01 (1.20106e+00), Accept ratio: 0.47045, 
INFO:root:Epoch  1955, Energy: -1.08984e+02 (-1.08950e+02), Variance: 9.29770e-01 (2.53118e+00), Accept ratio: 0.47176, 
INFO:root:Epoch  1956, Energy: -1.08915e+02 (-1.08725e+02), Variance: 1.00177e+00 (3.92968e+01), Accept ratio: 0.47401, 
INFO:root:Epoch  1957, Energy: -1.08886e+02 (-1.08865e+02), Variance: 1.07268e+00 (1.59080e+00), Accept ratio: 0.47158, 
INFO:root:Epoch  1958, Energy: -1.08864e+02 (-1.08829e+02), Variance: 8.69134e-01 (2.26410e+00), Accept ratio: 0.47291, 
INFO:root:Epoch  1959, Energy: -1.08939e+02 (-1.08947e+02), Variance: 9.25063e-01 (1.46197e+00), Accept ratio: 0.47046, 
INFO:root:Epoch  1960, Energy: -1.08902e+02 (-1.08889e+02), Variance: 8.73075e-01 (1.32176e+00), Accept ratio: 0.46736, 
INFO:root:Epoch  1961, Energy: -1.08899e+02 (-1.08901e+02), Variance: 8.54585e-01 (1.15751e+00), Accept ratio: 0.47094, 
INFO:root:Epoch  1962, Energy: -1.08909e+02 (-1.08892e+02), Variance: 9.89212e-01 (1.41526e+00), Accept ratio: 0.47029, 
INFO:root:Epoch  1963, Energy: -1.08917e+02 (-1.08922e+02), Variance: 1.01438e+00 (1.47468e+00), Accept ratio: 0.47117, 
INFO:root:Epoch  1964, Energy: -1.08964e+02 (-1.08970e+02), Variance: 9.66054e-01 (1.40859e+00), Accept ratio: 0.47250, 
INFO:root:Epoch  1965, Energy: -1.08924e+02 (-1.08944e+02), Variance: 1.00192e+00 (1.30387e+00), Accept ratio: 0.47349, 
INFO:root:Epoch  1966, Energy: -1.08911e+02 (-1.08922e+02), Variance: 9.62271e-01 (1.19337e+00), Accept ratio: 0.46270, 
INFO:root:Epoch  1967, Energy: -1.08922e+02 (-1.08922e+02), Variance: 8.24937e-01 (9.91888e-01), Accept ratio: 0.46825, 
INFO:root:Epoch  1968, Energy: -1.08952e+02 (-1.08920e+02), Variance: 8.67823e-01 (1.44360e+00), Accept ratio: 0.47168, 
INFO:root:Epoch  1969, Energy: -1.08911e+02 (-1.08901e+02), Variance: 9.68306e-01 (1.45094e+00), Accept ratio: 0.46548, 
INFO:root:Epoch  1970, Energy: -1.08975e+02 (-1.08969e+02), Variance: 8.49487e-01 (1.02897e+00), Accept ratio: 0.46870, 
INFO:root:Epoch  1971, Energy: -1.08956e+02 (-1.08952e+02), Variance: 9.71764e-01 (1.60641e+00), Accept ratio: 0.47682, 
INFO:root:Epoch  1972, Energy: -1.08938e+02 (-1.08937e+02), Variance: 9.53980e-01 (1.57725e+00), Accept ratio: 0.47563, 
INFO:root:Epoch  1973, Energy: -1.08932e+02 (-1.08972e+02), Variance: 8.92123e-01 (1.75336e+00), Accept ratio: 0.46809, 
INFO:root:Epoch  1974, Energy: -1.08948e+02 (-1.08943e+02), Variance: 9.27314e-01 (1.39360e+00), Accept ratio: 0.47082, 
INFO:root:Epoch  1975, Energy: -1.08951e+02 (-1.08902e+02), Variance: 1.16888e+00 (7.18190e+00), Accept ratio: 0.47121, 
INFO:root:Epoch  1976, Energy: -1.08883e+02 (-1.08866e+02), Variance: 1.12844e+00 (1.53396e+00), Accept ratio: 0.47115, 
INFO:root:Epoch  1977, Energy: -1.08951e+02 (-1.08961e+02), Variance: 9.95607e-01 (1.56328e+00), Accept ratio: 0.46710, 
INFO:root:Epoch  1978, Energy: -1.08904e+02 (-1.08916e+02), Variance: 8.97567e-01 (1.05081e+00), Accept ratio: 0.47089, 
INFO:root:Epoch  1979, Energy: -1.08912e+02 (-1.08912e+02), Variance: 8.05634e-01 (9.12067e-01), Accept ratio: 0.47396, 
INFO:root:Epoch  1980, Energy: -1.08959e+02 (-1.08976e+02), Variance: 1.01210e+00 (1.46151e+00), Accept ratio: 0.46928, 
INFO:root:Epoch  1981, Energy: -1.08939e+02 (-1.08944e+02), Variance: 9.22733e-01 (1.30372e+00), Accept ratio: 0.47263, 
INFO:root:Epoch  1982, Energy: -1.08925e+02 (-1.08875e+02), Variance: 1.05910e+00 (2.80099e+00), Accept ratio: 0.47374, 
INFO:root:Epoch  1983, Energy: -1.08923e+02 (-1.08916e+02), Variance: 9.27190e-01 (1.03794e+00), Accept ratio: 0.47135, 
INFO:root:Epoch  1984, Energy: -1.08929e+02 (-1.08938e+02), Variance: 9.49133e-01 (1.57163e+00), Accept ratio: 0.46972, 
INFO:root:Epoch  1985, Energy: -1.08959e+02 (-1.08972e+02), Variance: 9.14464e-01 (1.40988e+00), Accept ratio: 0.47471, 
INFO:root:Epoch  1986, Energy: -1.08913e+02 (-1.08915e+02), Variance: 8.02648e-01 (8.97180e-01), Accept ratio: 0.46931, 
INFO:root:Epoch  1987, Energy: -1.08952e+02 (-1.08922e+02), Variance: 1.08320e+00 (1.79011e+00), Accept ratio: 0.46932, 
INFO:root:Epoch  1988, Energy: -1.08925e+02 (-1.08934e+02), Variance: 9.26293e-01 (1.53968e+00), Accept ratio: 0.47164, 
INFO:root:Epoch  1989, Energy: -1.08953e+02 (-1.08928e+02), Variance: 9.45562e-01 (1.63270e+00), Accept ratio: 0.47414, 
INFO:root:Epoch  1990, Energy: -1.08959e+02 (-1.08962e+02), Variance: 8.99229e-01 (1.29996e+00), Accept ratio: 0.47008, 
INFO:root:Epoch  1991, Energy: -1.08930e+02 (-1.08924e+02), Variance: 8.70275e-01 (1.19635e+00), Accept ratio: 0.47206, 
INFO:root:Epoch  1992, Energy: -1.08957e+02 (-1.08951e+02), Variance: 9.29375e-01 (1.45393e+00), Accept ratio: 0.46782, 
INFO:root:Epoch  1993, Energy: -1.08925e+02 (-1.08923e+02), Variance: 9.90680e-01 (1.13715e+00), Accept ratio: 0.46235, 
INFO:root:Epoch  1994, Energy: -1.08997e+02 (-1.09014e+02), Variance: 8.84275e-01 (1.23233e+00), Accept ratio: 0.47402, 
INFO:root:Epoch  1995, Energy: -1.08993e+02 (-1.08999e+02), Variance: 1.00587e+00 (1.32965e+00), Accept ratio: 0.47130, 
INFO:root:Epoch  1996, Energy: -1.08946e+02 (-1.08932e+02), Variance: 9.56345e-01 (1.57360e+00), Accept ratio: 0.47195, 
INFO:root:Epoch  1997, Energy: -1.08963e+02 (-1.08935e+02), Variance: 9.78454e-01 (2.28550e+00), Accept ratio: 0.47100, 
INFO:root:Epoch  1998, Energy: -1.08923e+02 (-1.08916e+02), Variance: 9.78884e-01 (1.55659e+00), Accept ratio: 0.46837, 
INFO:root:Epoch  1999, Energy: -1.08946e+02 (-1.09007e+02), Variance: 9.55630e-01 (2.44175e+00), Accept ratio: 0.46827, 
INFO:root:Epoch  2000, Energy: -1.08941e+02 (-1.08960e+02), Variance: 9.18054e-01 (1.57218e+00), Accept ratio: 0.47275, , best weights saved
INFO:root:Epoch  2001, Energy: -1.08925e+02 (-1.08916e+02), Variance: 8.74741e-01 (1.19885e+00), Accept ratio: 0.46954, 
INFO:root:Epoch  2002, Energy: -1.08932e+02 (-1.08937e+02), Variance: 8.29529e-01 (1.31381e+00), Accept ratio: 0.46457, 
INFO:root:Epoch  2003, Energy: -1.08966e+02 (-1.08934e+02), Variance: 1.00985e+00 (2.99179e+00), Accept ratio: 0.46935, 
INFO:root:Epoch  2004, Energy: -1.08956e+02 (-1.08945e+02), Variance: 9.75579e-01 (1.40882e+00), Accept ratio: 0.46929, 
INFO:root:Epoch  2005, Energy: -1.08954e+02 (-1.08941e+02), Variance: 8.95715e-01 (1.11102e+00), Accept ratio: 0.47242, 
INFO:root:Epoch  2006, Energy: -1.08929e+02 (-1.08922e+02), Variance: 9.23709e-01 (1.15593e+00), Accept ratio: 0.47255, 
INFO:root:Epoch  2007, Energy: -1.08943e+02 (-1.08939e+02), Variance: 8.64097e-01 (9.60388e-01), Accept ratio: 0.47137, 
INFO:root:Epoch  2008, Energy: -1.08931e+02 (-1.08931e+02), Variance: 9.00333e-01 (9.78610e-01), Accept ratio: 0.47538, 
INFO:root:Epoch  2009, Energy: -1.08960e+02 (-1.08930e+02), Variance: 8.73298e-01 (1.65241e+00), Accept ratio: 0.46984, 
INFO:root:Epoch  2010, Energy: -1.08976e+02 (-1.08972e+02), Variance: 9.36384e-01 (1.12756e+00), Accept ratio: 0.47431, 
INFO:root:Epoch  2011, Energy: -1.08953e+02 (-1.08957e+02), Variance: 8.19051e-01 (9.54125e-01), Accept ratio: 0.47042, 
INFO:root:Epoch  2012, Energy: -1.08996e+02 (-1.08976e+02), Variance: 9.15126e-01 (1.23014e+00), Accept ratio: 0.47676, 
INFO:root:Epoch  2013, Energy: -1.08951e+02 (-1.08941e+02), Variance: 9.28836e-01 (1.22446e+00), Accept ratio: 0.47092, 
INFO:root:Epoch  2014, Energy: -1.08952e+02 (-1.08938e+02), Variance: 9.80150e-01 (1.29325e+00), Accept ratio: 0.47417, 
INFO:root:Epoch  2015, Energy: -1.08995e+02 (-1.09015e+02), Variance: 9.66427e-01 (1.30629e+00), Accept ratio: 0.47264, 
INFO:root:Epoch  2016, Energy: -1.08925e+02 (-1.08880e+02), Variance: 9.84869e-01 (2.94952e+00), Accept ratio: 0.46796, 
INFO:root:Epoch  2017, Energy: -1.08892e+02 (-1.08850e+02), Variance: 9.33458e-01 (2.13272e+00), Accept ratio: 0.47517, 
INFO:root:Epoch  2018, Energy: -1.08926e+02 (-1.08879e+02), Variance: 9.22002e-01 (4.71795e+00), Accept ratio: 0.47060, 
INFO:root:Epoch  2019, Energy: -1.08931e+02 (-1.08946e+02), Variance: 9.55242e-01 (1.45473e+00), Accept ratio: 0.46761, 
INFO:root:Epoch  2020, Energy: -1.08904e+02 (-1.08888e+02), Variance: 8.92582e-01 (1.24017e+00), Accept ratio: 0.46918, 
INFO:root:Epoch  2021, Energy: -1.08957e+02 (-1.08960e+02), Variance: 9.42882e-01 (1.12830e+00), Accept ratio: 0.46569, 
INFO:root:Epoch  2022, Energy: -1.08979e+02 (-1.08932e+02), Variance: 1.03596e+00 (3.62768e+00), Accept ratio: 0.47031, 
INFO:root:Epoch  2023, Energy: -1.08944e+02 (-1.08930e+02), Variance: 9.31448e-01 (1.65895e+00), Accept ratio: 0.46986, 
INFO:root:Epoch  2024, Energy: -1.08910e+02 (-1.08917e+02), Variance: 9.11489e-01 (1.38523e+00), Accept ratio: 0.47602, 
INFO:root:Epoch  2025, Energy: -1.08944e+02 (-1.08950e+02), Variance: 1.14606e+00 (1.38528e+00), Accept ratio: 0.47182, 
INFO:root:Epoch  2026, Energy: -1.08893e+02 (-1.08897e+02), Variance: 1.02519e+00 (1.29812e+00), Accept ratio: 0.46640, 
INFO:root:Epoch  2027, Energy: -1.08902e+02 (-1.08921e+02), Variance: 9.34048e-01 (1.35440e+00), Accept ratio: 0.47648, 
INFO:root:Epoch  2028, Energy: -1.08935e+02 (-1.08919e+02), Variance: 9.68015e-01 (1.29008e+00), Accept ratio: 0.46702, 
INFO:root:Epoch  2029, Energy: -1.08966e+02 (-1.08957e+02), Variance: 9.77958e-01 (1.37512e+00), Accept ratio: 0.46247, 
INFO:root:Epoch  2030, Energy: -1.08953e+02 (-1.09011e+02), Variance: 9.95461e-01 (3.24190e+00), Accept ratio: 0.46697, 
INFO:root:Epoch  2031, Energy: -1.08959e+02 (-1.08952e+02), Variance: 9.82469e-01 (1.41423e+00), Accept ratio: 0.46928, 
INFO:root:Epoch  2032, Energy: -1.08933e+02 (-1.08919e+02), Variance: 9.43955e-01 (1.22250e+00), Accept ratio: 0.46831, 
INFO:root:Epoch  2033, Energy: -1.08966e+02 (-1.08975e+02), Variance: 9.54843e-01 (1.09816e+00), Accept ratio: 0.47823, 
INFO:root:Epoch  2034, Energy: -1.08926e+02 (-1.08907e+02), Variance: 9.84236e-01 (1.73198e+00), Accept ratio: 0.46630, 
INFO:root:Epoch  2035, Energy: -1.08934e+02 (-1.08910e+02), Variance: 1.01103e+00 (1.54739e+00), Accept ratio: 0.46918, 
INFO:root:Epoch  2036, Energy: -1.08943e+02 (-1.08906e+02), Variance: 9.30281e-01 (2.75745e+00), Accept ratio: 0.46725, 
INFO:root:Epoch  2037, Energy: -1.08926e+02 (-1.08917e+02), Variance: 9.11934e-01 (2.16432e+00), Accept ratio: 0.47164, 
INFO:root:Epoch  2038, Energy: -1.08902e+02 (-1.08867e+02), Variance: 1.02859e+00 (1.76994e+00), Accept ratio: 0.47078, 
INFO:root:Epoch  2039, Energy: -1.08915e+02 (-1.08904e+02), Variance: 9.05150e-01 (1.11070e+00), Accept ratio: 0.46989, 
INFO:root:Epoch  2040, Energy: -1.08929e+02 (-1.08886e+02), Variance: 9.29874e-01 (1.66832e+00), Accept ratio: 0.47071, 
INFO:root:Epoch  2041, Energy: -1.09012e+02 (-1.09016e+02), Variance: 1.04744e+00 (1.43729e+00), Accept ratio: 0.46286, 
INFO:root:Epoch  2042, Energy: -1.08917e+02 (-1.08893e+02), Variance: 9.47425e-01 (2.37687e+00), Accept ratio: 0.46780, 
INFO:root:Epoch  2043, Energy: -1.08937e+02 (-1.08921e+02), Variance: 9.31628e-01 (1.65967e+00), Accept ratio: 0.47313, 
INFO:root:Epoch  2044, Energy: -1.08957e+02 (-1.08966e+02), Variance: 1.04968e+00 (1.33972e+00), Accept ratio: 0.47020, 
INFO:root:Epoch  2045, Energy: -1.08977e+02 (-1.09004e+02), Variance: 1.06404e+00 (1.99630e+00), Accept ratio: 0.46860, 
INFO:root:Epoch  2046, Energy: -1.08984e+02 (-1.09000e+02), Variance: 9.52195e-01 (1.22879e+00), Accept ratio: 0.47070, 
INFO:root:Epoch  2047, Energy: -1.08983e+02 (-1.08986e+02), Variance: 9.42313e-01 (1.11015e+00), Accept ratio: 0.47207, 
INFO:root:Epoch  2048, Energy: -1.08936e+02 (-1.08953e+02), Variance: 9.02735e-01 (1.57603e+00), Accept ratio: 0.47541, 
INFO:root:Epoch  2049, Energy: -1.08960e+02 (-1.08947e+02), Variance: 8.91006e-01 (1.08927e+00), Accept ratio: 0.47643, 
INFO:root:Epoch  2050, Energy: -1.08924e+02 (-1.08916e+02), Variance: 8.78752e-01 (1.14434e+00), Accept ratio: 0.47888, 
INFO:root:Epoch  2051, Energy: -1.08961e+02 (-1.08944e+02), Variance: 9.45854e-01 (1.38400e+00), Accept ratio: 0.47211, 
INFO:root:Epoch  2052, Energy: -1.08920e+02 (-1.08912e+02), Variance: 1.00575e+00 (1.19480e+00), Accept ratio: 0.47444, 
INFO:root:Epoch  2053, Energy: -1.08947e+02 (-1.08945e+02), Variance: 1.05249e+00 (1.31845e+00), Accept ratio: 0.47054, 
INFO:root:Epoch  2054, Energy: -1.08969e+02 (-1.08975e+02), Variance: 9.43931e-01 (1.20084e+00), Accept ratio: 0.47193, 
INFO:root:Epoch  2055, Energy: -1.08923e+02 (-1.08908e+02), Variance: 8.98506e-01 (1.51964e+00), Accept ratio: 0.46323, 
INFO:root:Epoch  2056, Energy: -1.08916e+02 (-1.08887e+02), Variance: 8.64584e-01 (1.58545e+00), Accept ratio: 0.46451, 
INFO:root:Epoch  2057, Energy: -1.08897e+02 (-1.08865e+02), Variance: 8.15061e-01 (1.57788e+00), Accept ratio: 0.47173, 
INFO:root:Epoch  2058, Energy: -1.08939e+02 (-1.08928e+02), Variance: 8.30851e-01 (1.62793e+00), Accept ratio: 0.46878, 
INFO:root:Epoch  2059, Energy: -1.08927e+02 (-1.08917e+02), Variance: 9.18388e-01 (1.10314e+00), Accept ratio: 0.46776, 
INFO:root:Epoch  2060, Energy: -1.08923e+02 (-1.08931e+02), Variance: 9.31630e-01 (1.24326e+00), Accept ratio: 0.47051, 
INFO:root:Epoch  2061, Energy: -1.08901e+02 (-1.08892e+02), Variance: 8.00381e-01 (9.02728e-01), Accept ratio: 0.46843, 
INFO:root:Epoch  2062, Energy: -1.08944e+02 (-1.08935e+02), Variance: 8.64799e-01 (1.02788e+00), Accept ratio: 0.47018, 
INFO:root:Epoch  2063, Energy: -1.08940e+02 (-1.08927e+02), Variance: 9.25379e-01 (1.16924e+00), Accept ratio: 0.46918, 
INFO:root:Epoch  2064, Energy: -1.08918e+02 (-1.08920e+02), Variance: 9.98352e-01 (1.83972e+00), Accept ratio: 0.47141, 
INFO:root:Epoch  2065, Energy: -1.08873e+02 (-1.08841e+02), Variance: 9.27977e-01 (1.53624e+00), Accept ratio: 0.46356, 
INFO:root:Epoch  2066, Energy: -1.08960e+02 (-1.08964e+02), Variance: 8.92012e-01 (1.11031e+00), Accept ratio: 0.46672, 
INFO:root:Epoch  2067, Energy: -1.08923e+02 (-1.08935e+02), Variance: 1.03313e+00 (1.59664e+00), Accept ratio: 0.46940, 
INFO:root:Epoch  2068, Energy: -1.08960e+02 (-1.08998e+02), Variance: 9.48810e-01 (1.88661e+00), Accept ratio: 0.46396, 
INFO:root:Epoch  2069, Energy: -1.08985e+02 (-1.08983e+02), Variance: 9.53864e-01 (1.56656e+00), Accept ratio: 0.46659, 
INFO:root:Epoch  2070, Energy: -1.08991e+02 (-1.08976e+02), Variance: 8.35976e-01 (1.24121e+00), Accept ratio: 0.46381, 
INFO:root:Epoch  2071, Energy: -1.08960e+02 (-1.08960e+02), Variance: 1.00123e+00 (1.16349e+00), Accept ratio: 0.47297, 
INFO:root:Epoch  2072, Energy: -1.08909e+02 (-1.08875e+02), Variance: 8.97991e-01 (1.63226e+00), Accept ratio: 0.47580, 
INFO:root:Epoch  2073, Energy: -1.08962e+02 (-1.08929e+02), Variance: 9.61882e-01 (3.08165e+00), Accept ratio: 0.46532, 
INFO:root:Epoch  2074, Energy: -1.08956e+02 (-1.08961e+02), Variance: 9.24346e-01 (1.05898e+00), Accept ratio: 0.46632, 
INFO:root:Epoch  2075, Energy: -1.08950e+02 (-1.08924e+02), Variance: 1.06586e+00 (1.62350e+00), Accept ratio: 0.46036, 
INFO:root:Epoch  2076, Energy: -1.08915e+02 (-1.08896e+02), Variance: 9.32344e-01 (1.39070e+00), Accept ratio: 0.46647, 
INFO:root:Epoch  2077, Energy: -1.08951e+02 (-1.08930e+02), Variance: 9.69638e-01 (2.93971e+00), Accept ratio: 0.47307, 
INFO:root:Epoch  2078, Energy: -1.08945e+02 (-1.08940e+02), Variance: 8.90844e-01 (1.17955e+00), Accept ratio: 0.46793, 
INFO:root:Epoch  2079, Energy: -1.08895e+02 (-1.08891e+02), Variance: 1.04152e+00 (1.35088e+00), Accept ratio: 0.47241, 
INFO:root:Epoch  2080, Energy: -1.08914e+02 (-1.08906e+02), Variance: 8.91657e-01 (1.14340e+00), Accept ratio: 0.46740, 
INFO:root:Epoch  2081, Energy: -1.08948e+02 (-1.08946e+02), Variance: 9.79686e-01 (1.24113e+00), Accept ratio: 0.46663, 
INFO:root:Epoch  2082, Energy: -1.08911e+02 (-1.08888e+02), Variance: 9.93390e-01 (1.31385e+00), Accept ratio: 0.46704, 
INFO:root:Epoch  2083, Energy: -1.08930e+02 (-1.08941e+02), Variance: 9.57981e-01 (1.20407e+00), Accept ratio: 0.47026, 
INFO:root:Epoch  2084, Energy: -1.08958e+02 (-1.08968e+02), Variance: 1.02886e+00 (1.42137e+00), Accept ratio: 0.47123, 
INFO:root:Epoch  2085, Energy: -1.08969e+02 (-1.08977e+02), Variance: 1.04090e+00 (1.28399e+00), Accept ratio: 0.46961, 
INFO:root:Epoch  2086, Energy: -1.08956e+02 (-1.08948e+02), Variance: 1.01289e+00 (1.32018e+00), Accept ratio: 0.46293, 
INFO:root:Epoch  2087, Energy: -1.08969e+02 (-1.08958e+02), Variance: 1.13143e+00 (1.87662e+00), Accept ratio: 0.46833, 
INFO:root:Epoch  2088, Energy: -1.08962e+02 (-1.08976e+02), Variance: 1.01688e+00 (1.63850e+00), Accept ratio: 0.47160, 
INFO:root:Epoch  2089, Energy: -1.08942e+02 (-1.08939e+02), Variance: 8.89126e-01 (1.07194e+00), Accept ratio: 0.46750, 
INFO:root:Epoch  2090, Energy: -1.08890e+02 (-1.08850e+02), Variance: 8.57987e-01 (2.50710e+00), Accept ratio: 0.47029, 
INFO:root:Epoch  2091, Energy: -1.08908e+02 (-1.08902e+02), Variance: 9.16285e-01 (1.08796e+00), Accept ratio: 0.46787, 
INFO:root:Epoch  2092, Energy: -1.08917e+02 (-1.08912e+02), Variance: 9.65208e-01 (1.27645e+00), Accept ratio: 0.46171, 
INFO:root:Epoch  2093, Energy: -1.08944e+02 (-1.08946e+02), Variance: 9.04108e-01 (1.12602e+00), Accept ratio: 0.46482, 
INFO:root:Epoch  2094, Energy: -1.08950e+02 (-1.08945e+02), Variance: 8.98532e-01 (1.22026e+00), Accept ratio: 0.47146, 
INFO:root:Epoch  2095, Energy: -1.08946e+02 (-1.08933e+02), Variance: 8.94671e-01 (1.27043e+00), Accept ratio: 0.46818, 
INFO:root:Epoch  2096, Energy: -1.08912e+02 (-1.08909e+02), Variance: 8.96621e-01 (1.26492e+00), Accept ratio: 0.46860, 
INFO:root:Epoch  2097, Energy: -1.08937e+02 (-1.08944e+02), Variance: 8.36108e-01 (1.55459e+00), Accept ratio: 0.47167, 
INFO:root:Epoch  2098, Energy: -1.08951e+02 (-1.08909e+02), Variance: 9.14366e-01 (1.82486e+00), Accept ratio: 0.46550, 
INFO:root:Epoch  2099, Energy: -1.08939e+02 (-1.08937e+02), Variance: 8.11204e-01 (1.16753e+00), Accept ratio: 0.46970, 
INFO:root:Epoch  2100, Energy: -1.08904e+02 (-1.08899e+02), Variance: 9.26153e-01 (1.06416e+00), Accept ratio: 0.47496, , best weights saved
INFO:root:Epoch  2101, Energy: -1.08913e+02 (-1.08926e+02), Variance: 9.25739e-01 (1.58073e+00), Accept ratio: 0.46768, 
INFO:root:Epoch  2102, Energy: -1.08925e+02 (-1.08912e+02), Variance: 1.06281e+00 (3.01500e+00), Accept ratio: 0.46379, 
INFO:root:Epoch  2103, Energy: -1.08937e+02 (-1.08971e+02), Variance: 1.00136e+00 (3.11689e+00), Accept ratio: 0.46898, 
INFO:root:Epoch  2104, Energy: -1.08938e+02 (-1.08949e+02), Variance: 8.77715e-01 (1.25493e+00), Accept ratio: 0.47111, 
INFO:root:Epoch  2105, Energy: -1.08986e+02 (-1.08998e+02), Variance: 8.02809e-01 (1.08782e+00), Accept ratio: 0.46282, 
INFO:root:Epoch  2106, Energy: -1.08978e+02 (-1.08960e+02), Variance: 8.33948e-01 (1.25231e+00), Accept ratio: 0.46385, 
INFO:root:Epoch  2107, Energy: -1.08937e+02 (-1.08910e+02), Variance: 9.41436e-01 (1.84617e+00), Accept ratio: 0.47028, 
INFO:root:Epoch  2108, Energy: -1.08919e+02 (-1.08907e+02), Variance: 8.90783e-01 (1.15832e+00), Accept ratio: 0.46875, 
INFO:root:Epoch  2109, Energy: -1.08917e+02 (-1.08900e+02), Variance: 8.85569e-01 (1.22631e+00), Accept ratio: 0.47098, 
INFO:root:Epoch  2110, Energy: -1.08966e+02 (-1.08950e+02), Variance: 8.88897e-01 (1.19522e+00), Accept ratio: 0.46910, 
INFO:root:Epoch  2111, Energy: -1.08923e+02 (-1.08915e+02), Variance: 9.01851e-01 (1.09805e+00), Accept ratio: 0.47906, 
INFO:root:Epoch  2112, Energy: -1.08893e+02 (-1.08906e+02), Variance: 9.28462e-01 (1.79822e+00), Accept ratio: 0.46504, 
INFO:root:Epoch  2113, Energy: -1.08970e+02 (-1.08977e+02), Variance: 1.01531e+00 (1.17324e+00), Accept ratio: 0.47453, 
INFO:root:Epoch  2114, Energy: -1.08923e+02 (-1.08923e+02), Variance: 9.44354e-01 (1.03572e+00), Accept ratio: 0.47389, 
INFO:root:Epoch  2115, Energy: -1.08966e+02 (-1.08963e+02), Variance: 9.53500e-01 (1.14705e+00), Accept ratio: 0.47694, 
INFO:root:Epoch  2116, Energy: -1.08935e+02 (-1.08931e+02), Variance: 9.25822e-01 (1.51442e+00), Accept ratio: 0.47478, 
INFO:root:Epoch  2117, Energy: -1.08977e+02 (-1.08968e+02), Variance: 8.54533e-01 (1.19147e+00), Accept ratio: 0.46947, 
INFO:root:Epoch  2118, Energy: -1.08970e+02 (-1.08977e+02), Variance: 9.62343e-01 (1.11464e+00), Accept ratio: 0.47805, 
INFO:root:Epoch  2119, Energy: -1.08966e+02 (-1.08981e+02), Variance: 1.04052e+00 (1.67715e+00), Accept ratio: 0.46452, 
INFO:root:Epoch  2120, Energy: -1.08966e+02 (-1.08957e+02), Variance: 1.01965e+00 (1.24458e+00), Accept ratio: 0.47561, 
INFO:root:Epoch  2121, Energy: -1.08955e+02 (-1.08942e+02), Variance: 1.02478e+00 (1.32426e+00), Accept ratio: 0.47185, 
INFO:root:Epoch  2122, Energy: -1.08935e+02 (-1.08911e+02), Variance: 9.64511e-01 (1.90089e+00), Accept ratio: 0.46821, 
INFO:root:Epoch  2123, Energy: -1.08978e+02 (-1.08980e+02), Variance: 9.40207e-01 (1.89835e+00), Accept ratio: 0.46871, 
INFO:root:Epoch  2124, Energy: -1.08953e+02 (-1.08955e+02), Variance: 8.62395e-01 (9.05579e-01), Accept ratio: 0.47195, 
INFO:root:Epoch  2125, Energy: -1.08942e+02 (-1.08965e+02), Variance: 8.53025e-01 (1.41687e+00), Accept ratio: 0.47253, 
INFO:root:Epoch  2126, Energy: -1.08953e+02 (-1.08935e+02), Variance: 1.00250e+00 (1.37729e+00), Accept ratio: 0.46248, 
INFO:root:Epoch  2127, Energy: -1.08962e+02 (-1.08952e+02), Variance: 9.58986e-01 (1.34461e+00), Accept ratio: 0.46903, 
INFO:root:Epoch  2128, Energy: -1.08939e+02 (-1.08934e+02), Variance: 8.68631e-01 (1.04162e+00), Accept ratio: 0.47049, 
INFO:root:Epoch  2129, Energy: -1.08938e+02 (-1.08942e+02), Variance: 8.13179e-01 (8.96696e-01), Accept ratio: 0.47405, 
INFO:root:Epoch  2130, Energy: -1.08965e+02 (-1.08966e+02), Variance: 8.70762e-01 (9.26850e-01), Accept ratio: 0.47389, 
INFO:root:Epoch  2131, Energy: -1.08921e+02 (-1.08918e+02), Variance: 9.19202e-01 (1.16992e+00), Accept ratio: 0.47634, 
INFO:root:Epoch  2132, Energy: -1.08978e+02 (-1.08965e+02), Variance: 1.02622e+00 (1.50009e+00), Accept ratio: 0.46747, 
INFO:root:Epoch  2133, Energy: -1.08968e+02 (-1.08965e+02), Variance: 9.80581e-01 (1.40817e+00), Accept ratio: 0.46761, 
INFO:root:Epoch  2134, Energy: -1.08993e+02 (-1.09003e+02), Variance: 9.10768e-01 (1.35237e+00), Accept ratio: 0.47175, 
INFO:root:Epoch  2135, Energy: -1.08991e+02 (-1.09007e+02), Variance: 9.49180e-01 (1.44572e+00), Accept ratio: 0.46974, 
INFO:root:Epoch  2136, Energy: -1.08969e+02 (-1.08972e+02), Variance: 9.41871e-01 (1.22549e+00), Accept ratio: 0.47233, 
INFO:root:Epoch  2137, Energy: -1.08994e+02 (-1.08964e+02), Variance: 9.90291e-01 (1.42039e+00), Accept ratio: 0.46608, 
INFO:root:Epoch  2138, Energy: -1.09006e+02 (-1.08996e+02), Variance: 8.70411e-01 (1.17445e+00), Accept ratio: 0.46859, 
INFO:root:Epoch  2139, Energy: -1.08960e+02 (-1.08951e+02), Variance: 9.85196e-01 (1.28819e+00), Accept ratio: 0.46537, 
INFO:root:Epoch  2140, Energy: -1.08984e+02 (-1.09032e+02), Variance: 8.82511e-01 (2.71253e+00), Accept ratio: 0.46960, 
INFO:root:Epoch  2141, Energy: -1.08971e+02 (-1.08959e+02), Variance: 9.04888e-01 (1.14688e+00), Accept ratio: 0.47012, 
INFO:root:Epoch  2142, Energy: -1.08936e+02 (-1.08950e+02), Variance: 9.06074e-01 (1.22011e+00), Accept ratio: 0.46743, 
INFO:root:Epoch  2143, Energy: -1.08998e+02 (-1.09004e+02), Variance: 8.09666e-01 (1.08619e+00), Accept ratio: 0.47438, 
INFO:root:Epoch  2144, Energy: -1.09002e+02 (-1.09004e+02), Variance: 8.82204e-01 (9.47673e-01), Accept ratio: 0.47159, 
INFO:root:Epoch  2145, Energy: -1.08999e+02 (-1.09003e+02), Variance: 9.18906e-01 (1.03597e+00), Accept ratio: 0.47146, 
INFO:root:Epoch  2146, Energy: -1.09001e+02 (-1.09002e+02), Variance: 8.15320e-01 (8.37456e-01), Accept ratio: 0.47244, 
INFO:root:Epoch  2147, Energy: -1.08990e+02 (-1.08972e+02), Variance: 9.01476e-01 (1.61108e+00), Accept ratio: 0.47196, 
INFO:root:Epoch  2148, Energy: -1.08992e+02 (-1.09007e+02), Variance: 9.44458e-01 (1.30502e+00), Accept ratio: 0.46972, 
INFO:root:Epoch  2149, Energy: -1.08981e+02 (-1.08967e+02), Variance: 9.17597e-01 (1.16006e+00), Accept ratio: 0.47321, 
INFO:root:Epoch  2150, Energy: -1.09026e+02 (-1.09013e+02), Variance: 9.80990e-01 (2.56329e+00), Accept ratio: 0.47317, 
INFO:root:Epoch  2151, Energy: -1.09004e+02 (-1.09013e+02), Variance: 9.40181e-01 (1.15057e+00), Accept ratio: 0.47209, 
INFO:root:Epoch  2152, Energy: -1.08973e+02 (-1.08971e+02), Variance: 1.01114e+00 (1.37436e+00), Accept ratio: 0.46888, 
INFO:root:Epoch  2153, Energy: -1.08990e+02 (-1.08989e+02), Variance: 7.96752e-01 (9.46479e-01), Accept ratio: 0.46946, 
INFO:root:Epoch  2154, Energy: -1.09003e+02 (-1.08988e+02), Variance: 9.74626e-01 (2.08706e+00), Accept ratio: 0.47725, 
INFO:root:Epoch  2155, Energy: -1.08942e+02 (-1.08947e+02), Variance: 8.23868e-01 (9.13705e-01), Accept ratio: 0.47702, 
INFO:root:Epoch  2156, Energy: -1.08953e+02 (-1.08955e+02), Variance: 9.00832e-01 (1.21652e+00), Accept ratio: 0.47546, 
INFO:root:Epoch  2157, Energy: -1.08995e+02 (-1.09023e+02), Variance: 8.53217e-01 (2.64408e+00), Accept ratio: 0.47210, 
INFO:root:Epoch  2158, Energy: -1.08986e+02 (-1.08985e+02), Variance: 9.80494e-01 (1.14204e+00), Accept ratio: 0.46862, 
INFO:root:Epoch  2159, Energy: -1.08960e+02 (-1.08957e+02), Variance: 8.60150e-01 (9.53452e-01), Accept ratio: 0.47238, 
INFO:root:Epoch  2160, Energy: -1.08976e+02 (-1.08988e+02), Variance: 8.84585e-01 (1.27011e+00), Accept ratio: 0.47103, 
INFO:root:Epoch  2161, Energy: -1.08961e+02 (-1.08959e+02), Variance: 1.04199e+00 (1.59029e+00), Accept ratio: 0.47176, 
INFO:root:Epoch  2162, Energy: -1.08950e+02 (-1.08947e+02), Variance: 9.89143e-01 (1.47322e+00), Accept ratio: 0.46373, 
INFO:root:Epoch  2163, Energy: -1.08934e+02 (-1.08937e+02), Variance: 8.69884e-01 (1.34301e+00), Accept ratio: 0.47056, 
INFO:root:Epoch  2164, Energy: -1.08982e+02 (-1.08972e+02), Variance: 1.15402e+00 (2.07196e+00), Accept ratio: 0.46822, 
INFO:root:Epoch  2165, Energy: -1.08956e+02 (-1.08945e+02), Variance: 9.16030e-01 (1.46680e+00), Accept ratio: 0.46895, 
INFO:root:Epoch  2166, Energy: -1.08979e+02 (-1.08979e+02), Variance: 8.47885e-01 (9.16596e-01), Accept ratio: 0.47122, 
INFO:root:Epoch  2167, Energy: -1.08939e+02 (-1.08914e+02), Variance: 1.00687e+00 (1.57761e+00), Accept ratio: 0.47345, 
INFO:root:Epoch  2168, Energy: -1.08985e+02 (-1.09001e+02), Variance: 9.76016e-01 (1.25768e+00), Accept ratio: 0.46734, 
INFO:root:Epoch  2169, Energy: -1.08969e+02 (-1.08965e+02), Variance: 8.10045e-01 (9.37784e-01), Accept ratio: 0.46925, 
INFO:root:Epoch  2170, Energy: -1.08969e+02 (-1.08961e+02), Variance: 8.81478e-01 (1.08259e+00), Accept ratio: 0.46474, 
INFO:root:Epoch  2171, Energy: -1.08969e+02 (-1.09049e+02), Variance: 9.69472e-01 (6.08871e+00), Accept ratio: 0.47183, 
INFO:root:Epoch  2172, Energy: -1.08975e+02 (-1.08977e+02), Variance: 8.97126e-01 (1.19224e+00), Accept ratio: 0.46961, 
INFO:root:Epoch  2173, Energy: -1.09014e+02 (-1.09025e+02), Variance: 1.02153e+00 (1.63091e+00), Accept ratio: 0.46929, 
INFO:root:Epoch  2174, Energy: -1.08963e+02 (-1.08957e+02), Variance: 8.31549e-01 (1.12263e+00), Accept ratio: 0.47086, 
INFO:root:Epoch  2175, Energy: -1.08933e+02 (-1.08923e+02), Variance: 8.42292e-01 (9.85330e-01), Accept ratio: 0.46735, 
INFO:root:Epoch  2176, Energy: -1.08961e+02 (-1.08975e+02), Variance: 8.33410e-01 (9.99461e-01), Accept ratio: 0.46942, 
INFO:root:Epoch  2177, Energy: -1.08979e+02 (-1.08988e+02), Variance: 7.30342e-01 (9.07746e-01), Accept ratio: 0.46972, 
INFO:root:Epoch  2178, Energy: -1.08953e+02 (-1.08955e+02), Variance: 8.71004e-01 (9.74497e-01), Accept ratio: 0.47473, 
INFO:root:Epoch  2179, Energy: -1.08941e+02 (-1.08954e+02), Variance: 9.26426e-01 (1.15859e+00), Accept ratio: 0.46808, 
INFO:root:Epoch  2180, Energy: -1.08945e+02 (-1.08947e+02), Variance: 8.21526e-01 (9.42837e-01), Accept ratio: 0.46947, 
INFO:root:Epoch  2181, Energy: -1.08961e+02 (-1.08961e+02), Variance: 8.81126e-01 (9.47530e-01), Accept ratio: 0.47231, 
INFO:root:Epoch  2182, Energy: -1.08934e+02 (-1.08927e+02), Variance: 8.74636e-01 (9.92388e-01), Accept ratio: 0.46800, 
INFO:root:Epoch  2183, Energy: -1.08942e+02 (-1.08946e+02), Variance: 9.18085e-01 (1.02857e+00), Accept ratio: 0.46923, 
INFO:root:Epoch  2184, Energy: -1.08916e+02 (-1.08894e+02), Variance: 8.91362e-01 (1.19303e+00), Accept ratio: 0.46094, 
INFO:root:Epoch  2185, Energy: -1.08998e+02 (-1.08989e+02), Variance: 8.65222e-01 (9.97884e-01), Accept ratio: 0.46707, 
INFO:root:Epoch  2186, Energy: -1.08930e+02 (-1.08924e+02), Variance: 8.32498e-01 (1.00466e+00), Accept ratio: 0.46269, 
INFO:root:Epoch  2187, Energy: -1.08973e+02 (-1.08975e+02), Variance: 8.06966e-01 (9.55130e-01), Accept ratio: 0.47574, 
INFO:root:Epoch  2188, Energy: -1.08970e+02 (-1.08967e+02), Variance: 8.77149e-01 (1.07275e+00), Accept ratio: 0.47470, 
INFO:root:Epoch  2189, Energy: -1.08973e+02 (-1.08971e+02), Variance: 9.19860e-01 (1.30464e+00), Accept ratio: 0.47498, 
INFO:root:Epoch  2190, Energy: -1.08950e+02 (-1.08963e+02), Variance: 7.90593e-01 (9.53147e-01), Accept ratio: 0.46381, 
INFO:root:Epoch  2191, Energy: -1.09012e+02 (-1.09001e+02), Variance: 8.34356e-01 (1.00236e+00), Accept ratio: 0.46810, 
INFO:root:Epoch  2192, Energy: -1.08967e+02 (-1.08977e+02), Variance: 9.09697e-01 (1.60147e+00), Accept ratio: 0.47302, 
INFO:root:Epoch  2193, Energy: -1.08989e+02 (-1.08982e+02), Variance: 9.27143e-01 (1.20521e+00), Accept ratio: 0.46410, 
INFO:root:Epoch  2194, Energy: -1.08976e+02 (-1.08984e+02), Variance: 1.00407e+00 (1.36736e+00), Accept ratio: 0.46934, 
INFO:root:Epoch  2195, Energy: -1.08979e+02 (-1.08957e+02), Variance: 8.68503e-01 (1.12242e+00), Accept ratio: 0.47046, 
INFO:root:Epoch  2196, Energy: -1.08901e+02 (-1.08893e+02), Variance: 8.75925e-01 (1.01171e+00), Accept ratio: 0.46648, 
INFO:root:Epoch  2197, Energy: -1.08906e+02 (-1.08872e+02), Variance: 9.68854e-01 (2.13311e+00), Accept ratio: 0.47110, 
INFO:root:Epoch  2198, Energy: -1.08951e+02 (-1.08955e+02), Variance: 9.56017e-01 (1.08416e+00), Accept ratio: 0.47084, 
INFO:root:Epoch  2199, Energy: -1.08976e+02 (-1.08983e+02), Variance: 9.84498e-01 (1.61708e+00), Accept ratio: 0.47632, 
INFO:root:Epoch  2200, Energy: -1.08974e+02 (-1.08967e+02), Variance: 9.55034e-01 (1.42513e+00), Accept ratio: 0.47229, , best weights saved
INFO:root:Epoch  2201, Energy: -1.08968e+02 (-1.08946e+02), Variance: 1.00176e+00 (1.44508e+00), Accept ratio: 0.47194, 
INFO:root:Epoch  2202, Energy: -1.08960e+02 (-1.08885e+02), Variance: 1.00217e+00 (6.56921e+00), Accept ratio: 0.47748, 
INFO:root:Epoch  2203, Energy: -1.08961e+02 (-1.08958e+02), Variance: 8.43463e-01 (9.24228e-01), Accept ratio: 0.46228, 
INFO:root:Epoch  2204, Energy: -1.08998e+02 (-1.09002e+02), Variance: 9.26406e-01 (2.50167e+00), Accept ratio: 0.46600, 
INFO:root:Epoch  2205, Energy: -1.08978e+02 (-1.08978e+02), Variance: 9.71890e-01 (1.27410e+00), Accept ratio: 0.46760, 
INFO:root:Epoch  2206, Energy: -1.08990e+02 (-1.08988e+02), Variance: 8.95954e-01 (1.18643e+00), Accept ratio: 0.47283, 
INFO:root:Epoch  2207, Energy: -1.09001e+02 (-1.08977e+02), Variance: 9.02062e-01 (1.61241e+00), Accept ratio: 0.47202, 
INFO:root:Epoch  2208, Energy: -1.08994e+02 (-1.08994e+02), Variance: 1.05664e+00 (1.43173e+00), Accept ratio: 0.46969, 
INFO:root:Epoch  2209, Energy: -1.09011e+02 (-1.08969e+02), Variance: 9.56668e-01 (2.86365e+00), Accept ratio: 0.46082, 
INFO:root:Epoch  2210, Energy: -1.08998e+02 (-1.09019e+02), Variance: 8.92823e-01 (1.32294e+00), Accept ratio: 0.46649, 
INFO:root:Epoch  2211, Energy: -1.08984e+02 (-1.08968e+02), Variance: 9.14925e-01 (1.31898e+00), Accept ratio: 0.47367, 
INFO:root:Epoch  2212, Energy: -1.08956e+02 (-1.08927e+02), Variance: 8.17829e-01 (1.30279e+00), Accept ratio: 0.46686, 
INFO:root:Epoch  2213, Energy: -1.08909e+02 (-1.08914e+02), Variance: 7.31673e-01 (9.13370e-01), Accept ratio: 0.47326, 
INFO:root:Epoch  2214, Energy: -1.08927e+02 (-1.08918e+02), Variance: 8.11479e-01 (1.10733e+00), Accept ratio: 0.46856, 
INFO:root:Epoch  2215, Energy: -1.08952e+02 (-1.08962e+02), Variance: 9.20708e-01 (1.10963e+00), Accept ratio: 0.47426, 
INFO:root:Epoch  2216, Energy: -1.08900e+02 (-1.08883e+02), Variance: 8.78204e-01 (1.10914e+00), Accept ratio: 0.46720, 
INFO:root:Epoch  2217, Energy: -1.08913e+02 (-1.08930e+02), Variance: 8.29816e-01 (1.17494e+00), Accept ratio: 0.47576, 
INFO:root:Epoch  2218, Energy: -1.08929e+02 (-1.08913e+02), Variance: 9.51212e-01 (1.37791e+00), Accept ratio: 0.47348, 
INFO:root:Epoch  2219, Energy: -1.08919e+02 (-1.08916e+02), Variance: 9.96528e-01 (1.56577e+00), Accept ratio: 0.47870, 
INFO:root:Epoch  2220, Energy: -1.08999e+02 (-1.08998e+02), Variance: 8.78820e-01 (1.06351e+00), Accept ratio: 0.46263, 
INFO:root:Epoch  2221, Energy: -1.08984e+02 (-1.08970e+02), Variance: 8.80344e-01 (1.22773e+00), Accept ratio: 0.47010, 
INFO:root:Epoch  2222, Energy: -1.08943e+02 (-1.08949e+02), Variance: 9.32863e-01 (1.99189e+00), Accept ratio: 0.45851, 
INFO:root:Epoch  2223, Energy: -1.08948e+02 (-1.08934e+02), Variance: 9.99323e-01 (1.57855e+00), Accept ratio: 0.47696, 
INFO:root:Epoch  2224, Energy: -1.08956e+02 (-1.08978e+02), Variance: 9.18460e-01 (1.59438e+00), Accept ratio: 0.46051, 
INFO:root:Epoch  2225, Energy: -1.08953e+02 (-1.09000e+02), Variance: 1.11805e+00 (3.82696e+00), Accept ratio: 0.46861, 
INFO:root:Epoch  2226, Energy: -1.08934e+02 (-1.08942e+02), Variance: 9.38796e-01 (1.40402e+00), Accept ratio: 0.47135, 
INFO:root:Epoch  2227, Energy: -1.08888e+02 (-1.08862e+02), Variance: 9.31653e-01 (1.55448e+00), Accept ratio: 0.46729, 
INFO:root:Epoch  2228, Energy: -1.08898e+02 (-1.08916e+02), Variance: 1.01918e+00 (1.88554e+00), Accept ratio: 0.46579, 
INFO:root:Epoch  2229, Energy: -1.08927e+02 (-1.08928e+02), Variance: 8.42902e-01 (1.06641e+00), Accept ratio: 0.47555, 
INFO:root:Epoch  2230, Energy: -1.08931e+02 (-1.08911e+02), Variance: 8.84350e-01 (1.54045e+00), Accept ratio: 0.47328, 
INFO:root:Epoch  2231, Energy: -1.08933e+02 (-1.08947e+02), Variance: 9.47204e-01 (1.48545e+00), Accept ratio: 0.47788, 
INFO:root:Epoch  2232, Energy: -1.08921e+02 (-1.08896e+02), Variance: 1.04519e+00 (2.11539e+00), Accept ratio: 0.47045, 
INFO:root:Epoch  2233, Energy: -1.08907e+02 (-1.08915e+02), Variance: 8.40354e-01 (1.21530e+00), Accept ratio: 0.47356, 
INFO:root:Epoch  2234, Energy: -1.08884e+02 (-1.08908e+02), Variance: 8.91039e-01 (1.31269e+00), Accept ratio: 0.47034, 
INFO:root:Epoch  2235, Energy: -1.08900e+02 (-1.08895e+02), Variance: 8.79586e-01 (1.10912e+00), Accept ratio: 0.46714, 
INFO:root:Epoch  2236, Energy: -1.08992e+02 (-1.08985e+02), Variance: 8.09205e-01 (9.76048e-01), Accept ratio: 0.48349, 
INFO:root:Epoch  2237, Energy: -1.08986e+02 (-1.08990e+02), Variance: 9.04551e-01 (1.15070e+00), Accept ratio: 0.47687, 
INFO:root:Epoch  2238, Energy: -1.08935e+02 (-1.08940e+02), Variance: 9.24956e-01 (1.17625e+00), Accept ratio: 0.47777, 
INFO:root:Epoch  2239, Energy: -1.08983e+02 (-1.08990e+02), Variance: 8.59569e-01 (1.09285e+00), Accept ratio: 0.46901, 
INFO:root:Epoch  2240, Energy: -1.08958e+02 (-1.08964e+02), Variance: 8.32209e-01 (1.06015e+00), Accept ratio: 0.47265, 
INFO:root:Epoch  2241, Energy: -1.08942e+02 (-1.08948e+02), Variance: 8.36506e-01 (1.14139e+00), Accept ratio: 0.47332, 
INFO:root:Epoch  2242, Energy: -1.08962e+02 (-1.08964e+02), Variance: 9.07642e-01 (1.10983e+00), Accept ratio: 0.47160, 
INFO:root:Epoch  2243, Energy: -1.08992e+02 (-1.09003e+02), Variance: 8.92878e-01 (1.11250e+00), Accept ratio: 0.47666, 
INFO:root:Epoch  2244, Energy: -1.08947e+02 (-1.08926e+02), Variance: 8.26814e-01 (1.39556e+00), Accept ratio: 0.47371, 
INFO:root:Epoch  2245, Energy: -1.08939e+02 (-1.08969e+02), Variance: 1.06072e+00 (3.85070e+00), Accept ratio: 0.46383, 
INFO:root:Epoch  2246, Energy: -1.08961e+02 (-1.08987e+02), Variance: 1.01584e+00 (3.83037e+00), Accept ratio: 0.46576, 
INFO:root:Epoch  2247, Energy: -1.08910e+02 (-1.08877e+02), Variance: 8.29917e-01 (1.85741e+00), Accept ratio: 0.46519, 
INFO:root:Epoch  2248, Energy: -1.08939e+02 (-1.08924e+02), Variance: 8.78413e-01 (1.19934e+00), Accept ratio: 0.46804, 
INFO:root:Epoch  2249, Energy: -1.08903e+02 (-1.08909e+02), Variance: 8.49021e-01 (1.01547e+00), Accept ratio: 0.46336, 
INFO:root:Epoch  2250, Energy: -1.08924e+02 (-1.08924e+02), Variance: 8.05874e-01 (8.88533e-01), Accept ratio: 0.47043, 
INFO:root:Epoch  2251, Energy: -1.08918e+02 (-1.08938e+02), Variance: 8.52309e-01 (1.38424e+00), Accept ratio: 0.47295, 
INFO:root:Epoch  2252, Energy: -1.08900e+02 (-1.08888e+02), Variance: 8.53826e-01 (1.12315e+00), Accept ratio: 0.46337, 
INFO:root:Epoch  2253, Energy: -1.08958e+02 (-1.08988e+02), Variance: 8.54739e-01 (1.41955e+00), Accept ratio: 0.46890, 
INFO:root:Epoch  2254, Energy: -1.08920e+02 (-1.08922e+02), Variance: 9.34061e-01 (1.20172e+00), Accept ratio: 0.47853, 
INFO:root:Epoch  2255, Energy: -1.08970e+02 (-1.08985e+02), Variance: 9.34990e-01 (1.34986e+00), Accept ratio: 0.47624, 
INFO:root:Epoch  2256, Energy: -1.08945e+02 (-1.08973e+02), Variance: 9.69420e-01 (1.69403e+00), Accept ratio: 0.46978, 
INFO:root:Epoch  2257, Energy: -1.08952e+02 (-1.08961e+02), Variance: 9.03575e-01 (1.07990e+00), Accept ratio: 0.46918, 
INFO:root:Epoch  2258, Energy: -1.08939e+02 (-1.09056e+02), Variance: 9.20676e-01 (1.77826e+01), Accept ratio: 0.46607, 
INFO:root:Epoch  2259, Energy: -1.08947e+02 (-1.08953e+02), Variance: 1.03862e+00 (1.49188e+00), Accept ratio: 0.46459, 
INFO:root:Epoch  2260, Energy: -1.08963e+02 (-1.08955e+02), Variance: 8.76472e-01 (1.26347e+00), Accept ratio: 0.46625, 
INFO:root:Epoch  2261, Energy: -1.08943e+02 (-1.08944e+02), Variance: 8.94953e-01 (1.14349e+00), Accept ratio: 0.47560, 
INFO:root:Epoch  2262, Energy: -1.08922e+02 (-1.08924e+02), Variance: 7.90033e-01 (1.82902e+00), Accept ratio: 0.46730, 
INFO:root:Epoch  2263, Energy: -1.08948e+02 (-1.08943e+02), Variance: 7.88408e-01 (9.29664e-01), Accept ratio: 0.47387, 
INFO:root:Epoch  2264, Energy: -1.08900e+02 (-1.08901e+02), Variance: 8.82038e-01 (1.04145e+00), Accept ratio: 0.47527, 
INFO:root:Epoch  2265, Energy: -1.08898e+02 (-1.08879e+02), Variance: 8.10802e-01 (1.02574e+00), Accept ratio: 0.47216, 
INFO:root:Epoch  2266, Energy: -1.08949e+02 (-1.08930e+02), Variance: 8.14226e-01 (1.05436e+00), Accept ratio: 0.47142, 
INFO:root:Epoch  2267, Energy: -1.08938e+02 (-1.08954e+02), Variance: 8.55324e-01 (2.00642e+00), Accept ratio: 0.47231, 
INFO:root:Epoch  2268, Energy: -1.08957e+02 (-1.08939e+02), Variance: 8.71407e-01 (1.25956e+00), Accept ratio: 0.47594, 
INFO:root:Epoch  2269, Energy: -1.08964e+02 (-1.08961e+02), Variance: 9.29388e-01 (1.26972e+00), Accept ratio: 0.46823, 
INFO:root:Epoch  2270, Energy: -1.08893e+02 (-1.08908e+02), Variance: 7.58793e-01 (1.05512e+00), Accept ratio: 0.46751, 
INFO:root:Epoch  2271, Energy: -1.08975e+02 (-1.08982e+02), Variance: 8.97350e-01 (1.08498e+00), Accept ratio: 0.46540, 
INFO:root:Epoch  2272, Energy: -1.08949e+02 (-1.08955e+02), Variance: 8.97312e-01 (1.09363e+00), Accept ratio: 0.46537, 
INFO:root:Epoch  2273, Energy: -1.08966e+02 (-1.08967e+02), Variance: 8.89118e-01 (9.63176e-01), Accept ratio: 0.46502, 
INFO:root:Epoch  2274, Energy: -1.08935e+02 (-1.08966e+02), Variance: 9.10494e-01 (1.73124e+00), Accept ratio: 0.47124, 
INFO:root:Epoch  2275, Energy: -1.08942e+02 (-1.08974e+02), Variance: 8.30058e-01 (2.19731e+00), Accept ratio: 0.46147, 
INFO:root:Epoch  2276, Energy: -1.08931e+02 (-1.08920e+02), Variance: 8.71515e-01 (1.31657e+00), Accept ratio: 0.46876, 
INFO:root:Epoch  2277, Energy: -1.08963e+02 (-1.08969e+02), Variance: 9.24359e-01 (1.10242e+00), Accept ratio: 0.47619, 
INFO:root:Epoch  2278, Energy: -1.08950e+02 (-1.08943e+02), Variance: 9.09037e-01 (1.29534e+00), Accept ratio: 0.46709, 
INFO:root:Epoch  2279, Energy: -1.08904e+02 (-1.08889e+02), Variance: 9.63178e-01 (1.26425e+00), Accept ratio: 0.46908, 
INFO:root:Epoch  2280, Energy: -1.08954e+02 (-1.08948e+02), Variance: 8.96810e-01 (1.02656e+00), Accept ratio: 0.46843, 
INFO:root:Epoch  2281, Energy: -1.08977e+02 (-1.08973e+02), Variance: 9.38546e-01 (1.28762e+00), Accept ratio: 0.46600, 
INFO:root:Epoch  2282, Energy: -1.08982e+02 (-1.09009e+02), Variance: 8.96862e-01 (3.65439e+00), Accept ratio: 0.47570, 
INFO:root:Epoch  2283, Energy: -1.08986e+02 (-1.09006e+02), Variance: 8.52744e-01 (1.83819e+00), Accept ratio: 0.47371, 
INFO:root:Epoch  2284, Energy: -1.08916e+02 (-1.08905e+02), Variance: 9.23727e-01 (1.20227e+00), Accept ratio: 0.47211, 
INFO:root:Epoch  2285, Energy: -1.09006e+02 (-1.09005e+02), Variance: 8.74717e-01 (1.14594e+00), Accept ratio: 0.46999, 
INFO:root:Epoch  2286, Energy: -1.09025e+02 (-1.09026e+02), Variance: 8.98325e-01 (1.19722e+00), Accept ratio: 0.47505, 
INFO:root:Epoch  2287, Energy: -1.08986e+02 (-1.08987e+02), Variance: 8.96753e-01 (1.18447e+00), Accept ratio: 0.46508, 
INFO:root:Epoch  2288, Energy: -1.08959e+02 (-1.08972e+02), Variance: 8.10507e-01 (1.20424e+00), Accept ratio: 0.46555, 
INFO:root:Epoch  2289, Energy: -1.08982e+02 (-1.08984e+02), Variance: 7.53449e-01 (8.36511e-01), Accept ratio: 0.47195, 
INFO:root:Epoch  2290, Energy: -1.08949e+02 (-1.08920e+02), Variance: 9.19983e-01 (1.55346e+00), Accept ratio: 0.46858, 
INFO:root:Epoch  2291, Energy: -1.08966e+02 (-1.08974e+02), Variance: 8.12612e-01 (1.27001e+00), Accept ratio: 0.46994, 
INFO:root:Epoch  2292, Energy: -1.08972e+02 (-1.08989e+02), Variance: 8.35008e-01 (1.64032e+00), Accept ratio: 0.47211, 
INFO:root:Epoch  2293, Energy: -1.08942e+02 (-1.08952e+02), Variance: 8.67648e-01 (1.00381e+00), Accept ratio: 0.47062, 
INFO:root:Epoch  2294, Energy: -1.08963e+02 (-1.08963e+02), Variance: 8.50288e-01 (1.12391e+00), Accept ratio: 0.47057, 
INFO:root:Epoch  2295, Energy: -1.08999e+02 (-1.09015e+02), Variance: 8.76574e-01 (1.76685e+00), Accept ratio: 0.46932, 
INFO:root:Epoch  2296, Energy: -1.08977e+02 (-1.08980e+02), Variance: 8.48904e-01 (1.19614e+00), Accept ratio: 0.47145, 
INFO:root:Epoch  2297, Energy: -1.08973e+02 (-1.08967e+02), Variance: 8.78036e-01 (1.00238e+00), Accept ratio: 0.46491, 
INFO:root:Epoch  2298, Energy: -1.08963e+02 (-1.08956e+02), Variance: 9.21313e-01 (1.16933e+00), Accept ratio: 0.46700, 
INFO:root:Epoch  2299, Energy: -1.08977e+02 (-1.08957e+02), Variance: 8.19097e-01 (1.54388e+00), Accept ratio: 0.46478, 
INFO:root:Epoch  2300, Energy: -1.08989e+02 (-1.08966e+02), Variance: 9.50510e-01 (1.82403e+00), Accept ratio: 0.47309, , best weights saved
INFO:root:Epoch  2301, Energy: -1.08966e+02 (-1.08974e+02), Variance: 8.73569e-01 (1.29320e+00), Accept ratio: 0.46799, 
INFO:root:Epoch  2302, Energy: -1.08959e+02 (-1.08950e+02), Variance: 9.03788e-01 (1.39463e+00), Accept ratio: 0.46907, 
INFO:root:Epoch  2303, Energy: -1.08968e+02 (-1.08962e+02), Variance: 8.43041e-01 (1.01286e+00), Accept ratio: 0.46701, 
INFO:root:Epoch  2304, Energy: -1.08950e+02 (-1.08949e+02), Variance: 8.73249e-01 (9.80846e-01), Accept ratio: 0.47461, 
INFO:root:Epoch  2305, Energy: -1.08854e+02 (-1.08830e+02), Variance: 9.03727e-01 (1.66544e+00), Accept ratio: 0.46623, 
INFO:root:Epoch  2306, Energy: -1.08954e+02 (-1.08963e+02), Variance: 1.00447e+00 (1.19413e+00), Accept ratio: 0.46159, 
INFO:root:Epoch  2307, Energy: -1.08952e+02 (-1.08943e+02), Variance: 9.87769e-01 (1.25957e+00), Accept ratio: 0.46296, 
INFO:root:Epoch  2308, Energy: -1.08970e+02 (-1.08980e+02), Variance: 9.06685e-01 (1.31746e+00), Accept ratio: 0.46735, 
INFO:root:Epoch  2309, Energy: -1.08958e+02 (-1.08970e+02), Variance: 8.57512e-01 (1.28127e+00), Accept ratio: 0.46829, 
INFO:root:Epoch  2310, Energy: -1.08947e+02 (-1.08950e+02), Variance: 8.73474e-01 (1.28138e+00), Accept ratio: 0.47069, 
INFO:root:Epoch  2311, Energy: -1.08922e+02 (-1.08936e+02), Variance: 7.93867e-01 (1.00118e+00), Accept ratio: 0.47141, 
INFO:root:Epoch  2312, Energy: -1.08953e+02 (-1.08951e+02), Variance: 9.76984e-01 (1.48861e+00), Accept ratio: 0.46972, 
INFO:root:Epoch  2313, Energy: -1.08971e+02 (-1.08959e+02), Variance: 8.44154e-01 (1.35808e+00), Accept ratio: 0.47120, 
INFO:root:Epoch  2314, Energy: -1.08972e+02 (-1.08994e+02), Variance: 8.36186e-01 (1.23233e+00), Accept ratio: 0.46630, 
INFO:root:Epoch  2315, Energy: -1.08896e+02 (-1.08864e+02), Variance: 9.18094e-01 (1.30847e+00), Accept ratio: 0.47142, 
INFO:root:Epoch  2316, Energy: -1.08933e+02 (-1.08914e+02), Variance: 8.61139e-01 (1.25831e+00), Accept ratio: 0.47579, 
INFO:root:Epoch  2317, Energy: -1.08945e+02 (-1.08943e+02), Variance: 8.47153e-01 (1.04787e+00), Accept ratio: 0.46172, 
INFO:root:Epoch  2318, Energy: -1.08922e+02 (-1.08933e+02), Variance: 8.61555e-01 (1.18912e+00), Accept ratio: 0.46839, 
INFO:root:Epoch  2319, Energy: -1.08914e+02 (-1.08915e+02), Variance: 8.84410e-01 (1.02514e+00), Accept ratio: 0.47732, 
INFO:root:Epoch  2320, Energy: -1.09002e+02 (-1.08992e+02), Variance: 8.56584e-01 (1.13482e+00), Accept ratio: 0.47486, 
INFO:root:Epoch  2321, Energy: -1.09005e+02 (-1.09039e+02), Variance: 8.39304e-01 (1.67829e+00), Accept ratio: 0.46503, 
INFO:root:Epoch  2322, Energy: -1.08981e+02 (-1.08980e+02), Variance: 9.33562e-01 (1.14478e+00), Accept ratio: 0.46831, 
INFO:root:Epoch  2323, Energy: -1.08934e+02 (-1.08933e+02), Variance: 8.71635e-01 (1.29226e+00), Accept ratio: 0.47167, 
INFO:root:Epoch  2324, Energy: -1.09002e+02 (-1.08991e+02), Variance: 8.58678e-01 (1.09802e+00), Accept ratio: 0.46726, 
INFO:root:Epoch  2325, Energy: -1.08976e+02 (-1.08981e+02), Variance: 9.19675e-01 (1.06084e+00), Accept ratio: 0.46934, 
INFO:root:Epoch  2326, Energy: -1.08938e+02 (-1.08954e+02), Variance: 8.25320e-01 (1.11219e+00), Accept ratio: 0.46212, 
INFO:root:Epoch  2327, Energy: -1.08954e+02 (-1.08945e+02), Variance: 8.49583e-01 (1.15129e+00), Accept ratio: 0.46392, 
INFO:root:Epoch  2328, Energy: -1.08911e+02 (-1.08910e+02), Variance: 8.89652e-01 (9.74102e-01), Accept ratio: 0.46926, 
INFO:root:Epoch  2329, Energy: -1.08970e+02 (-1.08970e+02), Variance: 7.91908e-01 (8.31680e-01), Accept ratio: 0.46757, 
INFO:root:Epoch  2330, Energy: -1.08968e+02 (-1.08963e+02), Variance: 7.94463e-01 (9.21194e-01), Accept ratio: 0.47207, 
INFO:root:Epoch  2331, Energy: -1.08989e+02 (-1.08979e+02), Variance: 8.49846e-01 (1.32602e+00), Accept ratio: 0.46578, 
INFO:root:Epoch  2332, Energy: -1.09001e+02 (-1.09011e+02), Variance: 9.64507e-01 (1.20940e+00), Accept ratio: 0.46543, 
INFO:root:Epoch  2333, Energy: -1.08995e+02 (-1.09024e+02), Variance: 8.88338e-01 (1.44949e+00), Accept ratio: 0.46635, 
INFO:root:Epoch  2334, Energy: -1.09022e+02 (-1.09020e+02), Variance: 9.41026e-01 (1.18021e+00), Accept ratio: 0.46638, 
INFO:root:Epoch  2335, Energy: -1.08974e+02 (-1.08963e+02), Variance: 9.08093e-01 (1.08127e+00), Accept ratio: 0.47931, 
INFO:root:Epoch  2336, Energy: -1.08970e+02 (-1.08975e+02), Variance: 8.46065e-01 (1.06661e+00), Accept ratio: 0.47266, 
INFO:root:Epoch  2337, Energy: -1.08946e+02 (-1.08939e+02), Variance: 9.45074e-01 (1.33377e+00), Accept ratio: 0.46786, 
INFO:root:Epoch  2338, Energy: -1.08957e+02 (-1.08924e+02), Variance: 8.99058e-01 (1.84954e+00), Accept ratio: 0.47277, 
INFO:root:Epoch  2339, Energy: -1.08950e+02 (-1.08949e+02), Variance: 8.80614e-01 (1.19804e+00), Accept ratio: 0.47081, 
INFO:root:Epoch  2340, Energy: -1.08942e+02 (-1.08922e+02), Variance: 8.37794e-01 (1.63924e+00), Accept ratio: 0.46777, 
INFO:root:Epoch  2341, Energy: -1.08969e+02 (-1.08948e+02), Variance: 9.72607e-01 (1.56225e+00), Accept ratio: 0.47157, 
INFO:root:Epoch  2342, Energy: -1.08959e+02 (-1.08949e+02), Variance: 8.38581e-01 (1.38139e+00), Accept ratio: 0.46749, 
INFO:root:Epoch  2343, Energy: -1.08930e+02 (-1.08927e+02), Variance: 1.04073e+00 (1.74745e+00), Accept ratio: 0.46287, 
INFO:root:Epoch  2344, Energy: -1.08966e+02 (-1.08938e+02), Variance: 8.40784e-01 (1.34179e+00), Accept ratio: 0.47012, 
INFO:root:Epoch  2345, Energy: -1.09000e+02 (-1.08985e+02), Variance: 7.92621e-01 (1.06896e+00), Accept ratio: 0.46613, 
INFO:root:Epoch  2346, Energy: -1.08953e+02 (-1.08971e+02), Variance: 8.78978e-01 (1.20318e+00), Accept ratio: 0.47681, 
INFO:root:Epoch  2347, Energy: -1.08956e+02 (-1.08963e+02), Variance: 8.58714e-01 (9.99791e-01), Accept ratio: 0.47571, 
INFO:root:Epoch  2348, Energy: -1.08992e+02 (-1.08982e+02), Variance: 8.48551e-01 (1.23443e+00), Accept ratio: 0.46747, 
INFO:root:Epoch  2349, Energy: -1.08999e+02 (-1.09001e+02), Variance: 7.89843e-01 (9.58421e-01), Accept ratio: 0.46952, 
INFO:root:Epoch  2350, Energy: -1.09016e+02 (-1.09029e+02), Variance: 7.86503e-01 (1.01432e+00), Accept ratio: 0.46330, 
INFO:root:Epoch  2351, Energy: -1.09003e+02 (-1.08993e+02), Variance: 8.59486e-01 (1.12592e+00), Accept ratio: 0.46790, 
INFO:root:Epoch  2352, Energy: -1.08998e+02 (-1.08982e+02), Variance: 8.70884e-01 (1.38840e+00), Accept ratio: 0.47259, 
INFO:root:Epoch  2353, Energy: -1.08994e+02 (-1.08994e+02), Variance: 9.44145e-01 (1.54766e+00), Accept ratio: 0.47755, 
INFO:root:Epoch  2354, Energy: -1.08979e+02 (-1.08979e+02), Variance: 7.58688e-01 (8.86222e-01), Accept ratio: 0.47382, 
INFO:root:Epoch  2355, Energy: -1.08938e+02 (-1.08870e+02), Variance: 9.34312e-01 (2.74593e+00), Accept ratio: 0.46889, 
INFO:root:Epoch  2356, Energy: -1.08993e+02 (-1.09004e+02), Variance: 9.61141e-01 (2.23186e+00), Accept ratio: 0.46916, 
INFO:root:Epoch  2357, Energy: -1.08956e+02 (-1.08940e+02), Variance: 7.63430e-01 (9.39212e-01), Accept ratio: 0.47581, 
INFO:root:Epoch  2358, Energy: -1.08974e+02 (-1.08967e+02), Variance: 8.32460e-01 (8.96046e-01), Accept ratio: 0.47739, 
INFO:root:Epoch  2359, Energy: -1.09033e+02 (-1.09024e+02), Variance: 8.44308e-01 (1.17842e+00), Accept ratio: 0.46601, 
INFO:root:Epoch  2360, Energy: -1.08973e+02 (-1.08940e+02), Variance: 8.54304e-01 (1.32010e+00), Accept ratio: 0.46823, 
INFO:root:Epoch  2361, Energy: -1.08992e+02 (-1.08984e+02), Variance: 1.00449e+00 (1.54483e+00), Accept ratio: 0.46814, 
INFO:root:Epoch  2362, Energy: -1.08987e+02 (-1.08980e+02), Variance: 8.08094e-01 (1.04732e+00), Accept ratio: 0.47429, 
INFO:root:Epoch  2363, Energy: -1.08995e+02 (-1.08998e+02), Variance: 8.92634e-01 (1.04252e+00), Accept ratio: 0.47226, 
INFO:root:Epoch  2364, Energy: -1.08985e+02 (-1.08970e+02), Variance: 8.34593e-01 (1.13072e+00), Accept ratio: 0.47670, 
INFO:root:Epoch  2365, Energy: -1.09014e+02 (-1.09011e+02), Variance: 9.31957e-01 (1.39696e+00), Accept ratio: 0.46683, 
INFO:root:Epoch  2366, Energy: -1.08999e+02 (-1.08977e+02), Variance: 9.17032e-01 (1.44238e+00), Accept ratio: 0.47738, 
INFO:root:Epoch  2367, Energy: -1.09034e+02 (-1.09029e+02), Variance: 8.91587e-01 (9.94292e-01), Accept ratio: 0.47251, 
INFO:root:Epoch  2368, Energy: -1.09023e+02 (-1.09013e+02), Variance: 8.60298e-01 (1.40636e+00), Accept ratio: 0.47743, 
INFO:root:Epoch  2369, Energy: -1.09014e+02 (-1.09041e+02), Variance: 8.06925e-01 (1.49527e+00), Accept ratio: 0.47415, 
INFO:root:Epoch  2370, Energy: -1.08964e+02 (-1.08971e+02), Variance: 8.91652e-01 (1.48995e+00), Accept ratio: 0.46134, 
INFO:root:Epoch  2371, Energy: -1.08966e+02 (-1.08977e+02), Variance: 8.14602e-01 (1.11564e+00), Accept ratio: 0.46925, 
INFO:root:Epoch  2372, Energy: -1.08940e+02 (-1.08935e+02), Variance: 8.73742e-01 (1.63999e+00), Accept ratio: 0.46864, 
INFO:root:Epoch  2373, Energy: -1.08981e+02 (-1.08976e+02), Variance: 9.15914e-01 (1.00013e+00), Accept ratio: 0.47135, 
INFO:root:Epoch  2374, Energy: -1.08924e+02 (-1.08899e+02), Variance: 8.81869e-01 (1.24429e+00), Accept ratio: 0.46496, 
INFO:root:Epoch  2375, Energy: -1.08977e+02 (-1.08962e+02), Variance: 8.19491e-01 (1.31746e+00), Accept ratio: 0.46814, 
INFO:root:Epoch  2376, Energy: -1.08973e+02 (-1.08973e+02), Variance: 8.01329e-01 (9.25131e-01), Accept ratio: 0.47181, 
INFO:root:Epoch  2377, Energy: -1.08978e+02 (-1.08946e+02), Variance: 8.87435e-01 (1.86950e+00), Accept ratio: 0.46518, 
INFO:root:Epoch  2378, Energy: -1.08974e+02 (-1.08988e+02), Variance: 7.18760e-01 (1.12754e+00), Accept ratio: 0.47501, 
INFO:root:Epoch  2379, Energy: -1.08972e+02 (-1.08959e+02), Variance: 8.23445e-01 (1.06397e+00), Accept ratio: 0.46365, 
INFO:root:Epoch  2380, Energy: -1.08989e+02 (-1.08994e+02), Variance: 7.05705e-01 (9.78035e-01), Accept ratio: 0.47338, 
INFO:root:Epoch  2381, Energy: -1.09005e+02 (-1.08997e+02), Variance: 7.36421e-01 (8.37353e-01), Accept ratio: 0.45889, 
INFO:root:Epoch  2382, Energy: -1.08978e+02 (-1.08985e+02), Variance: 7.91185e-01 (1.48566e+00), Accept ratio: 0.47127, 
INFO:root:Epoch  2383, Energy: -1.08931e+02 (-1.08927e+02), Variance: 9.23123e-01 (1.37875e+00), Accept ratio: 0.46279, 
INFO:root:Epoch  2384, Energy: -1.08992e+02 (-1.08967e+02), Variance: 9.18374e-01 (1.23610e+00), Accept ratio: 0.46237, 
INFO:root:Epoch  2385, Energy: -1.09004e+02 (-1.09004e+02), Variance: 8.25131e-01 (8.85664e-01), Accept ratio: 0.46936, 
INFO:root:Epoch  2386, Energy: -1.08968e+02 (-1.08963e+02), Variance: 8.07315e-01 (1.00345e+00), Accept ratio: 0.47409, 
INFO:root:Epoch  2387, Energy: -1.08984e+02 (-1.08963e+02), Variance: 9.26006e-01 (1.30615e+00), Accept ratio: 0.47277, 
INFO:root:Epoch  2388, Energy: -1.08963e+02 (-1.08949e+02), Variance: 8.64340e-01 (1.55776e+00), Accept ratio: 0.46554, 
INFO:root:Epoch  2389, Energy: -1.08980e+02 (-1.08977e+02), Variance: 8.31154e-01 (9.55093e-01), Accept ratio: 0.47289, 
INFO:root:Epoch  2390, Energy: -1.09016e+02 (-1.09007e+02), Variance: 7.92702e-01 (1.15483e+00), Accept ratio: 0.47402, 
INFO:root:Epoch  2391, Energy: -1.08970e+02 (-1.08976e+02), Variance: 8.51158e-01 (1.02597e+00), Accept ratio: 0.46946, 
INFO:root:Epoch  2392, Energy: -1.08960e+02 (-1.08965e+02), Variance: 9.00485e-01 (9.50511e-01), Accept ratio: 0.46754, 
INFO:root:Epoch  2393, Energy: -1.08977e+02 (-1.08989e+02), Variance: 9.69644e-01 (1.36262e+00), Accept ratio: 0.46820, 
INFO:root:Epoch  2394, Energy: -1.08983e+02 (-1.08961e+02), Variance: 9.89495e-01 (2.61967e+00), Accept ratio: 0.47224, 
INFO:root:Epoch  2395, Energy: -1.08924e+02 (-1.08961e+02), Variance: 8.05989e-01 (3.26653e+00), Accept ratio: 0.47458, 
INFO:root:Epoch  2396, Energy: -1.08981e+02 (-1.08980e+02), Variance: 8.30855e-01 (9.32661e-01), Accept ratio: 0.47019, 
INFO:root:Epoch  2397, Energy: -1.08982e+02 (-1.08988e+02), Variance: 8.54819e-01 (1.00688e+00), Accept ratio: 0.46966, 
INFO:root:Epoch  2398, Energy: -1.08949e+02 (-1.08918e+02), Variance: 7.83278e-01 (1.33709e+00), Accept ratio: 0.47074, 
INFO:root:Epoch  2399, Energy: -1.08970e+02 (-1.08962e+02), Variance: 7.95495e-01 (8.83805e-01), Accept ratio: 0.47172, 
INFO:root:Epoch  2400, Energy: -1.09007e+02 (-1.08998e+02), Variance: 7.46288e-01 (9.52856e-01), Accept ratio: 0.46969, , best weights saved
INFO:root:Epoch  2401, Energy: -1.09003e+02 (-1.09004e+02), Variance: 1.00162e+00 (1.29908e+00), Accept ratio: 0.46854, 
INFO:root:Epoch  2402, Energy: -1.08944e+02 (-1.08938e+02), Variance: 8.70804e-01 (1.31362e+00), Accept ratio: 0.46858, 
INFO:root:Epoch  2403, Energy: -1.08960e+02 (-1.08971e+02), Variance: 8.17432e-01 (1.01965e+00), Accept ratio: 0.46650, 
INFO:root:Epoch  2404, Energy: -1.08970e+02 (-1.08956e+02), Variance: 8.50364e-01 (1.88025e+00), Accept ratio: 0.47127, 
INFO:root:Epoch  2405, Energy: -1.09026e+02 (-1.09021e+02), Variance: 8.10293e-01 (1.12388e+00), Accept ratio: 0.47776, 
INFO:root:Epoch  2406, Energy: -1.08981e+02 (-1.08989e+02), Variance: 8.74087e-01 (1.23824e+00), Accept ratio: 0.46640, 
INFO:root:Epoch  2407, Energy: -1.09036e+02 (-1.09030e+02), Variance: 7.43432e-01 (8.42200e-01), Accept ratio: 0.47099, 
INFO:root:Epoch  2408, Energy: -1.08970e+02 (-1.08965e+02), Variance: 7.81115e-01 (9.84589e-01), Accept ratio: 0.47027, 
INFO:root:Epoch  2409, Energy: -1.08973e+02 (-1.08967e+02), Variance: 8.03537e-01 (1.19022e+00), Accept ratio: 0.47189, 
INFO:root:Epoch  2410, Energy: -1.09005e+02 (-1.08994e+02), Variance: 8.24798e-01 (9.69362e-01), Accept ratio: 0.46189, 
INFO:root:Epoch  2411, Energy: -1.08973e+02 (-1.08972e+02), Variance: 8.31421e-01 (9.31274e-01), Accept ratio: 0.46909, 
INFO:root:Epoch  2412, Energy: -1.08968e+02 (-1.08969e+02), Variance: 9.57279e-01 (1.72602e+00), Accept ratio: 0.47269, 
INFO:root:Epoch  2413, Energy: -1.08978e+02 (-1.08958e+02), Variance: 8.40555e-01 (1.31393e+00), Accept ratio: 0.46216, 
INFO:root:Epoch  2414, Energy: -1.08996e+02 (-1.08986e+02), Variance: 8.39066e-01 (1.00234e+00), Accept ratio: 0.47308, 
INFO:root:Epoch  2415, Energy: -1.09005e+02 (-1.09009e+02), Variance: 7.71157e-01 (1.05063e+00), Accept ratio: 0.47591, 
INFO:root:Epoch  2416, Energy: -1.08976e+02 (-1.08965e+02), Variance: 8.86552e-01 (1.24059e+00), Accept ratio: 0.46913, 
INFO:root:Epoch  2417, Energy: -1.08992e+02 (-1.09005e+02), Variance: 8.35446e-01 (1.31953e+00), Accept ratio: 0.47160, 
INFO:root:Epoch  2418, Energy: -1.08964e+02 (-1.08981e+02), Variance: 8.02062e-01 (1.95142e+00), Accept ratio: 0.47013, 
INFO:root:Epoch  2419, Energy: -1.08953e+02 (-1.08934e+02), Variance: 8.33553e-01 (1.80549e+00), Accept ratio: 0.46873, 
INFO:root:Epoch  2420, Energy: -1.08955e+02 (-1.08938e+02), Variance: 8.21240e-01 (1.28930e+00), Accept ratio: 0.46455, 
INFO:root:Epoch  2421, Energy: -1.08950e+02 (-1.08952e+02), Variance: 8.85237e-01 (9.91761e-01), Accept ratio: 0.47040, 
INFO:root:Epoch  2422, Energy: -1.08977e+02 (-1.08933e+02), Variance: 8.41629e-01 (3.34435e+00), Accept ratio: 0.47247, 
INFO:root:Epoch  2423, Energy: -1.08965e+02 (-1.08958e+02), Variance: 7.58462e-01 (1.13068e+00), Accept ratio: 0.46723, 
INFO:root:Epoch  2424, Energy: -1.08964e+02 (-1.08958e+02), Variance: 8.14142e-01 (9.16820e-01), Accept ratio: 0.46831, 
INFO:root:Epoch  2425, Energy: -1.08965e+02 (-1.08962e+02), Variance: 8.81588e-01 (9.92551e-01), Accept ratio: 0.47743, 
INFO:root:Epoch  2426, Energy: -1.08978e+02 (-1.08976e+02), Variance: 8.21264e-01 (9.61065e-01), Accept ratio: 0.47387, 
INFO:root:Epoch  2427, Energy: -1.08967e+02 (-1.08969e+02), Variance: 8.23682e-01 (9.57074e-01), Accept ratio: 0.47488, 
INFO:root:Epoch  2428, Energy: -1.08927e+02 (-1.08927e+02), Variance: 7.78737e-01 (1.05969e+00), Accept ratio: 0.47161, 
INFO:root:Epoch  2429, Energy: -1.09014e+02 (-1.09014e+02), Variance: 7.58468e-01 (7.89696e-01), Accept ratio: 0.47072, 
INFO:root:Epoch  2430, Energy: -1.08954e+02 (-1.08955e+02), Variance: 8.96287e-01 (1.05572e+00), Accept ratio: 0.46894, 
INFO:root:Epoch  2431, Energy: -1.08926e+02 (-1.08904e+02), Variance: 8.55074e-01 (1.38992e+00), Accept ratio: 0.47469, 
INFO:root:Epoch  2432, Energy: -1.08948e+02 (-1.08898e+02), Variance: 8.92105e-01 (3.17467e+00), Accept ratio: 0.47165, 
INFO:root:Epoch  2433, Energy: -1.08997e+02 (-1.09010e+02), Variance: 8.23296e-01 (1.08299e+00), Accept ratio: 0.47078, 
INFO:root:Epoch  2434, Energy: -1.08984e+02 (-1.09000e+02), Variance: 9.34689e-01 (1.28659e+00), Accept ratio: 0.47074, 
INFO:root:Epoch  2435, Energy: -1.08984e+02 (-1.08960e+02), Variance: 9.81630e-01 (1.46903e+00), Accept ratio: 0.46842, 
INFO:root:Epoch  2436, Energy: -1.08981e+02 (-1.08990e+02), Variance: 9.41162e-01 (1.21510e+00), Accept ratio: 0.47392, 
INFO:root:Epoch  2437, Energy: -1.09021e+02 (-1.09103e+02), Variance: 9.86278e-01 (1.02430e+01), Accept ratio: 0.46796, 
INFO:root:Epoch  2438, Energy: -1.09065e+02 (-1.09067e+02), Variance: 8.54785e-01 (1.12765e+00), Accept ratio: 0.47044, 
INFO:root:Epoch  2439, Energy: -1.08987e+02 (-1.08976e+02), Variance: 7.65915e-01 (1.09323e+00), Accept ratio: 0.47696, 
INFO:root:Epoch  2440, Energy: -1.08987e+02 (-1.08981e+02), Variance: 7.85686e-01 (1.18864e+00), Accept ratio: 0.47131, 
INFO:root:Epoch  2441, Energy: -1.08999e+02 (-1.08991e+02), Variance: 9.56711e-01 (1.37279e+00), Accept ratio: 0.47103, 
INFO:root:Epoch  2442, Energy: -1.08957e+02 (-1.08964e+02), Variance: 8.80504e-01 (1.13647e+00), Accept ratio: 0.46882, 
INFO:root:Epoch  2443, Energy: -1.08966e+02 (-1.08965e+02), Variance: 8.98695e-01 (1.17507e+00), Accept ratio: 0.46892, 
INFO:root:Epoch  2444, Energy: -1.08952e+02 (-1.08947e+02), Variance: 7.76509e-01 (8.96204e-01), Accept ratio: 0.46419, 
INFO:root:Epoch  2445, Energy: -1.08995e+02 (-1.08989e+02), Variance: 7.99011e-01 (9.77795e-01), Accept ratio: 0.46575, 
INFO:root:Epoch  2446, Energy: -1.08945e+02 (-1.08916e+02), Variance: 8.44450e-01 (1.58552e+00), Accept ratio: 0.46408, 
INFO:root:Epoch  2447, Energy: -1.08993e+02 (-1.08991e+02), Variance: 8.02108e-01 (1.06635e+00), Accept ratio: 0.46959, 
INFO:root:Epoch  2448, Energy: -1.09001e+02 (-1.09001e+02), Variance: 8.04147e-01 (1.05958e+00), Accept ratio: 0.46956, 
INFO:root:Epoch  2449, Energy: -1.09019e+02 (-1.08993e+02), Variance: 7.73379e-01 (1.21322e+00), Accept ratio: 0.46744, 
INFO:root:Epoch  2450, Energy: -1.08990e+02 (-1.09078e+02), Variance: 9.14765e-01 (1.14291e+01), Accept ratio: 0.47381, 
INFO:root:Epoch  2451, Energy: -1.08955e+02 (-1.08952e+02), Variance: 9.21804e-01 (1.15820e+00), Accept ratio: 0.46873, 
INFO:root:Epoch  2452, Energy: -1.08898e+02 (-1.08882e+02), Variance: 7.81160e-01 (9.48436e-01), Accept ratio: 0.46541, 
INFO:root:Epoch  2453, Energy: -1.08938e+02 (-1.08905e+02), Variance: 9.02426e-01 (1.54858e+00), Accept ratio: 0.47479, 
INFO:root:Epoch  2454, Energy: -1.08962e+02 (-1.08962e+02), Variance: 8.58061e-01 (1.09249e+00), Accept ratio: 0.47439, 
INFO:root:Epoch  2455, Energy: -1.08971e+02 (-1.08970e+02), Variance: 8.39863e-01 (9.54330e-01), Accept ratio: 0.47159, 
INFO:root:Epoch  2456, Energy: -1.08934e+02 (-1.08918e+02), Variance: 8.81324e-01 (1.07719e+00), Accept ratio: 0.47650, 
INFO:root:Epoch  2457, Energy: -1.08924e+02 (-1.08917e+02), Variance: 8.08099e-01 (1.34126e+00), Accept ratio: 0.46413, 
INFO:root:Epoch  2458, Energy: -1.08996e+02 (-1.08984e+02), Variance: 7.94643e-01 (1.25555e+00), Accept ratio: 0.47496, 
INFO:root:Epoch  2459, Energy: -1.08998e+02 (-1.09015e+02), Variance: 9.12746e-01 (1.24416e+00), Accept ratio: 0.46697, 
INFO:root:Epoch  2460, Energy: -1.08980e+02 (-1.08972e+02), Variance: 8.68170e-01 (1.34579e+00), Accept ratio: 0.46519, 
INFO:root:Epoch  2461, Energy: -1.08980e+02 (-1.08949e+02), Variance: 8.82806e-01 (1.48377e+00), Accept ratio: 0.47281, 
INFO:root:Epoch  2462, Energy: -1.08962e+02 (-1.08970e+02), Variance: 8.87557e-01 (1.25998e+00), Accept ratio: 0.47226, 
INFO:root:Epoch  2463, Energy: -1.08935e+02 (-1.08941e+02), Variance: 9.02784e-01 (1.01509e+00), Accept ratio: 0.47107, 
INFO:root:Epoch  2464, Energy: -1.08937e+02 (-1.08932e+02), Variance: 8.87374e-01 (1.25608e+00), Accept ratio: 0.46903, 
INFO:root:Epoch  2465, Energy: -1.09016e+02 (-1.09029e+02), Variance: 7.76213e-01 (1.01657e+00), Accept ratio: 0.47394, 
INFO:root:Epoch  2466, Energy: -1.09018e+02 (-1.09040e+02), Variance: 8.50998e-01 (2.70639e+00), Accept ratio: 0.46533, 
INFO:root:Epoch  2467, Energy: -1.08955e+02 (-1.08958e+02), Variance: 7.81863e-01 (9.15018e-01), Accept ratio: 0.47025, 
INFO:root:Epoch  2468, Energy: -1.08985e+02 (-1.08991e+02), Variance: 9.99202e-01 (1.34458e+00), Accept ratio: 0.46540, 
INFO:root:Epoch  2469, Energy: -1.08932e+02 (-1.08942e+02), Variance: 7.96842e-01 (9.69249e-01), Accept ratio: 0.46768, 
INFO:root:Epoch  2470, Energy: -1.08994e+02 (-1.08988e+02), Variance: 8.23629e-01 (9.81847e-01), Accept ratio: 0.47327, 
INFO:root:Epoch  2471, Energy: -1.08960e+02 (-1.08951e+02), Variance: 9.63528e-01 (1.42458e+00), Accept ratio: 0.47231, 
INFO:root:Epoch  2472, Energy: -1.09001e+02 (-1.09006e+02), Variance: 8.31964e-01 (1.10949e+00), Accept ratio: 0.47295, 
INFO:root:Epoch  2473, Energy: -1.08964e+02 (-1.08978e+02), Variance: 9.35993e-01 (1.16151e+00), Accept ratio: 0.47495, 
INFO:root:Epoch  2474, Energy: -1.08981e+02 (-1.08978e+02), Variance: 8.33642e-01 (8.95161e-01), Accept ratio: 0.47100, 
INFO:root:Epoch  2475, Energy: -1.08949e+02 (-1.08943e+02), Variance: 8.22414e-01 (9.31972e-01), Accept ratio: 0.46483, 
INFO:root:Epoch  2476, Energy: -1.08973e+02 (-1.08878e+02), Variance: 9.19982e-01 (8.39546e+00), Accept ratio: 0.46570, 
INFO:root:Epoch  2477, Energy: -1.08965e+02 (-1.08904e+02), Variance: 9.77244e-01 (4.67563e+00), Accept ratio: 0.46642, 
INFO:root:Epoch  2478, Energy: -1.08945e+02 (-1.08944e+02), Variance: 8.63091e-01 (9.83667e-01), Accept ratio: 0.46635, 
INFO:root:Epoch  2479, Energy: -1.08920e+02 (-1.08856e+02), Variance: 9.57072e-01 (5.98549e+00), Accept ratio: 0.46611, 
INFO:root:Epoch  2480, Energy: -1.08981e+02 (-1.08970e+02), Variance: 7.98564e-01 (1.00345e+00), Accept ratio: 0.46782, 
INFO:root:Epoch  2481, Energy: -1.08909e+02 (-1.08901e+02), Variance: 9.12301e-01 (1.29399e+00), Accept ratio: 0.46732, 
INFO:root:Epoch  2482, Energy: -1.08965e+02 (-1.08975e+02), Variance: 8.60169e-01 (1.14836e+00), Accept ratio: 0.47649, 
INFO:root:Epoch  2483, Energy: -1.08976e+02 (-1.08910e+02), Variance: 9.03948e-01 (6.98854e+00), Accept ratio: 0.47650, 
INFO:root:Epoch  2484, Energy: -1.08956e+02 (-1.08952e+02), Variance: 8.87201e-01 (1.16719e+00), Accept ratio: 0.47137, 
INFO:root:Epoch  2485, Energy: -1.08949e+02 (-1.08926e+02), Variance: 9.03400e-01 (1.40264e+00), Accept ratio: 0.46827, 
INFO:root:Epoch  2486, Energy: -1.08928e+02 (-1.08886e+02), Variance: 9.00951e-01 (2.37483e+00), Accept ratio: 0.46996, 
INFO:root:Epoch  2487, Energy: -1.08913e+02 (-1.08898e+02), Variance: 8.61882e-01 (1.04475e+00), Accept ratio: 0.47683, 
INFO:root:Epoch  2488, Energy: -1.08927e+02 (-1.08919e+02), Variance: 8.42514e-01 (1.22715e+00), Accept ratio: 0.46968, 
INFO:root:Epoch  2489, Energy: -1.08985e+02 (-1.08992e+02), Variance: 8.68369e-01 (1.04812e+00), Accept ratio: 0.46973, 
INFO:root:Epoch  2490, Energy: -1.08987e+02 (-1.08987e+02), Variance: 7.89395e-01 (1.16729e+00), Accept ratio: 0.46916, 
INFO:root:Epoch  2491, Energy: -1.09007e+02 (-1.09006e+02), Variance: 8.81277e-01 (1.11848e+00), Accept ratio: 0.47599, 
INFO:root:Epoch  2492, Energy: -1.08965e+02 (-1.08939e+02), Variance: 7.66957e-01 (1.56387e+00), Accept ratio: 0.47674, 
INFO:root:Epoch  2493, Energy: -1.08953e+02 (-1.08933e+02), Variance: 8.14567e-01 (1.92943e+00), Accept ratio: 0.46629, 
INFO:root:Epoch  2494, Energy: -1.08976e+02 (-1.08972e+02), Variance: 8.15359e-01 (9.61190e-01), Accept ratio: 0.47339, 
INFO:root:Epoch  2495, Energy: -1.08943e+02 (-1.08930e+02), Variance: 8.02073e-01 (1.00303e+00), Accept ratio: 0.47090, 
INFO:root:Epoch  2496, Energy: -1.08954e+02 (-1.08919e+02), Variance: 8.65983e-01 (1.97257e+00), Accept ratio: 0.47467, 
INFO:root:Epoch  2497, Energy: -1.08939e+02 (-1.08932e+02), Variance: 9.03906e-01 (1.19156e+00), Accept ratio: 0.47240, 
INFO:root:Epoch  2498, Energy: -1.08946e+02 (-1.08952e+02), Variance: 7.79594e-01 (9.07908e-01), Accept ratio: 0.47774, 
INFO:root:Epoch  2499, Energy: -1.08973e+02 (-1.08969e+02), Variance: 7.07188e-01 (8.75031e-01), Accept ratio: 0.47004, 
INFO:root:Epoch  2500, Energy: -1.08966e+02 (-1.08965e+02), Variance: 7.59495e-01 (1.24460e+00), Accept ratio: 0.46895, , best weights saved
INFO:root:Epoch  2501, Energy: -1.08976e+02 (-1.08967e+02), Variance: 9.28112e-01 (1.09767e+00), Accept ratio: 0.46567, 
INFO:root:Epoch  2502, Energy: -1.08952e+02 (-1.08945e+02), Variance: 8.85262e-01 (1.84920e+00), Accept ratio: 0.47351, 
INFO:root:Epoch  2503, Energy: -1.08967e+02 (-1.08983e+02), Variance: 8.20427e-01 (1.00619e+00), Accept ratio: 0.46724, 
INFO:root:Epoch  2504, Energy: -1.08970e+02 (-1.08975e+02), Variance: 8.80687e-01 (9.92447e-01), Accept ratio: 0.46897, 
INFO:root:Epoch  2505, Energy: -1.08918e+02 (-1.08898e+02), Variance: 8.95974e-01 (1.58663e+00), Accept ratio: 0.46396, 
INFO:root:Epoch  2506, Energy: -1.08945e+02 (-1.08970e+02), Variance: 9.14042e-01 (1.71287e+00), Accept ratio: 0.46709, 
INFO:root:Epoch  2507, Energy: -1.08933e+02 (-1.08936e+02), Variance: 8.77083e-01 (1.11494e+00), Accept ratio: 0.46941, 
INFO:root:Epoch  2508, Energy: -1.08942e+02 (-1.08932e+02), Variance: 7.92423e-01 (1.24797e+00), Accept ratio: 0.47279, 
INFO:root:Epoch  2509, Energy: -1.08937e+02 (-1.08947e+02), Variance: 8.76998e-01 (1.32476e+00), Accept ratio: 0.47147, 
INFO:root:Epoch  2510, Energy: -1.08933e+02 (-1.08928e+02), Variance: 9.42015e-01 (1.71536e+00), Accept ratio: 0.46412, 
INFO:root:Epoch  2511, Energy: -1.08908e+02 (-1.08910e+02), Variance: 1.01330e+00 (2.18214e+00), Accept ratio: 0.46840, 
INFO:root:Epoch  2512, Energy: -1.08949e+02 (-1.08943e+02), Variance: 8.68239e-01 (1.81071e+00), Accept ratio: 0.46917, 
INFO:root:Epoch  2513, Energy: -1.08994e+02 (-1.09030e+02), Variance: 8.62587e-01 (2.37874e+00), Accept ratio: 0.46857, 
INFO:root:Epoch  2514, Energy: -1.08968e+02 (-1.08973e+02), Variance: 7.33533e-01 (9.23358e-01), Accept ratio: 0.47531, 
INFO:root:Epoch  2515, Energy: -1.08963e+02 (-1.08965e+02), Variance: 8.25742e-01 (9.59715e-01), Accept ratio: 0.47588, 
INFO:root:Epoch  2516, Energy: -1.08931e+02 (-1.08936e+02), Variance: 7.98501e-01 (1.47259e+00), Accept ratio: 0.47489, 
INFO:root:Epoch  2517, Energy: -1.09007e+02 (-1.09000e+02), Variance: 8.46484e-01 (1.10623e+00), Accept ratio: 0.46907, 
INFO:root:Epoch  2518, Energy: -1.08980e+02 (-1.08959e+02), Variance: 8.48827e-01 (1.18644e+00), Accept ratio: 0.46505, 
INFO:root:Epoch  2519, Energy: -1.08972e+02 (-1.08969e+02), Variance: 7.65018e-01 (8.66164e-01), Accept ratio: 0.47281, 
INFO:root:Epoch  2520, Energy: -1.08966e+02 (-1.08967e+02), Variance: 8.26456e-01 (9.29611e-01), Accept ratio: 0.47274, 
INFO:root:Epoch  2521, Energy: -1.08956e+02 (-1.08951e+02), Variance: 7.39597e-01 (1.09139e+00), Accept ratio: 0.46398, 
INFO:root:Epoch  2522, Energy: -1.08948e+02 (-1.08952e+02), Variance: 8.49325e-01 (1.10420e+00), Accept ratio: 0.46381, 
INFO:root:Epoch  2523, Energy: -1.08934e+02 (-1.08947e+02), Variance: 8.56548e-01 (1.17280e+00), Accept ratio: 0.47003, 
INFO:root:Epoch  2524, Energy: -1.08971e+02 (-1.08969e+02), Variance: 8.53979e-01 (9.65127e-01), Accept ratio: 0.46884, 
INFO:root:Epoch  2525, Energy: -1.08948e+02 (-1.08949e+02), Variance: 8.33081e-01 (1.12372e+00), Accept ratio: 0.46933, 
INFO:root:Epoch  2526, Energy: -1.08923e+02 (-1.08918e+02), Variance: 8.74029e-01 (1.12670e+00), Accept ratio: 0.47164, 
INFO:root:Epoch  2527, Energy: -1.08932e+02 (-1.08929e+02), Variance: 8.41318e-01 (1.02252e+00), Accept ratio: 0.46879, 
INFO:root:Epoch  2528, Energy: -1.09007e+02 (-1.09019e+02), Variance: 8.93976e-01 (1.34020e+00), Accept ratio: 0.47586, 
INFO:root:Epoch  2529, Energy: -1.08947e+02 (-1.08936e+02), Variance: 9.06185e-01 (1.29758e+00), Accept ratio: 0.47125, 
INFO:root:Epoch  2530, Energy: -1.09005e+02 (-1.09017e+02), Variance: 9.58918e-01 (1.24461e+00), Accept ratio: 0.47136, 
INFO:root:Epoch  2531, Energy: -1.08964e+02 (-1.08978e+02), Variance: 8.91737e-01 (1.55135e+00), Accept ratio: 0.47430, 
INFO:root:Epoch  2532, Energy: -1.08914e+02 (-1.08923e+02), Variance: 9.04686e-01 (1.15405e+00), Accept ratio: 0.46467, 
INFO:root:Epoch  2533, Energy: -1.08988e+02 (-1.08991e+02), Variance: 9.47712e-01 (1.10731e+00), Accept ratio: 0.46955, 
INFO:root:Epoch  2534, Energy: -1.08971e+02 (-1.08956e+02), Variance: 8.95287e-01 (1.17099e+00), Accept ratio: 0.47074, 
INFO:root:Epoch  2535, Energy: -1.08995e+02 (-1.08977e+02), Variance: 9.12805e-01 (1.21762e+00), Accept ratio: 0.46827, 
INFO:root:Epoch  2536, Energy: -1.08984e+02 (-1.08941e+02), Variance: 9.43226e-01 (2.53889e+00), Accept ratio: 0.47345, 
INFO:root:Epoch  2537, Energy: -1.08969e+02 (-1.08959e+02), Variance: 8.23318e-01 (1.14600e+00), Accept ratio: 0.47664, 
INFO:root:Epoch  2538, Energy: -1.08980e+02 (-1.08975e+02), Variance: 7.52346e-01 (8.83372e-01), Accept ratio: 0.47680, 
INFO:root:Epoch  2539, Energy: -1.08967e+02 (-1.08965e+02), Variance: 8.42621e-01 (1.25924e+00), Accept ratio: 0.46927, 
INFO:root:Epoch  2540, Energy: -1.08907e+02 (-1.08890e+02), Variance: 9.30149e-01 (1.32264e+00), Accept ratio: 0.47439, 
INFO:root:Epoch  2541, Energy: -1.08903e+02 (-1.08895e+02), Variance: 8.97222e-01 (1.41530e+00), Accept ratio: 0.47571, 
INFO:root:Epoch  2542, Energy: -1.08971e+02 (-1.08967e+02), Variance: 9.66472e-01 (1.27041e+00), Accept ratio: 0.47071, 
INFO:root:Epoch  2543, Energy: -1.08946e+02 (-1.08949e+02), Variance: 7.85109e-01 (9.29051e-01), Accept ratio: 0.46619, 
INFO:root:Epoch  2544, Energy: -1.08946e+02 (-1.08936e+02), Variance: 7.28076e-01 (8.84100e-01), Accept ratio: 0.47694, 
INFO:root:Epoch  2545, Energy: -1.08929e+02 (-1.08897e+02), Variance: 9.99703e-01 (2.04884e+00), Accept ratio: 0.47570, 
INFO:root:Epoch  2546, Energy: -1.08982e+02 (-1.08992e+02), Variance: 8.69812e-01 (1.27040e+00), Accept ratio: 0.46546, 
INFO:root:Epoch  2547, Energy: -1.08951e+02 (-1.08954e+02), Variance: 8.23789e-01 (9.74820e-01), Accept ratio: 0.46421, 
INFO:root:Epoch  2548, Energy: -1.08983e+02 (-1.08978e+02), Variance: 8.70126e-01 (1.19875e+00), Accept ratio: 0.47297, 
INFO:root:Epoch  2549, Energy: -1.08989e+02 (-1.08990e+02), Variance: 8.14045e-01 (9.06080e-01), Accept ratio: 0.47062, 
INFO:root:Epoch  2550, Energy: -1.08984e+02 (-1.08975e+02), Variance: 8.54057e-01 (1.07065e+00), Accept ratio: 0.46735, 
INFO:root:Epoch  2551, Energy: -1.08964e+02 (-1.08967e+02), Variance: 8.27965e-01 (8.79381e-01), Accept ratio: 0.47456, 
INFO:root:Epoch  2552, Energy: -1.09016e+02 (-1.09023e+02), Variance: 8.43985e-01 (1.13601e+00), Accept ratio: 0.46328, 
INFO:root:Epoch  2553, Energy: -1.08979e+02 (-1.08969e+02), Variance: 7.75198e-01 (1.36564e+00), Accept ratio: 0.46776, 
INFO:root:Epoch  2554, Energy: -1.08999e+02 (-1.09016e+02), Variance: 9.39045e-01 (1.55621e+00), Accept ratio: 0.46547, 
INFO:root:Epoch  2555, Energy: -1.09008e+02 (-1.09010e+02), Variance: 8.49960e-01 (1.02950e+00), Accept ratio: 0.46489, 
INFO:root:Epoch  2556, Energy: -1.08992e+02 (-1.08989e+02), Variance: 7.28331e-01 (9.91679e-01), Accept ratio: 0.45836, 
INFO:root:Epoch  2557, Energy: -1.08980e+02 (-1.08987e+02), Variance: 7.38374e-01 (8.89218e-01), Accept ratio: 0.46865, 
INFO:root:Epoch  2558, Energy: -1.09001e+02 (-1.09009e+02), Variance: 8.49014e-01 (1.09907e+00), Accept ratio: 0.47557, 
INFO:root:Epoch  2559, Energy: -1.08978e+02 (-1.08974e+02), Variance: 8.63759e-01 (2.55729e+00), Accept ratio: 0.46909, 
INFO:root:Epoch  2560, Energy: -1.08994e+02 (-1.08983e+02), Variance: 8.05296e-01 (9.81554e-01), Accept ratio: 0.46434, 
INFO:root:Epoch  2561, Energy: -1.08997e+02 (-1.08999e+02), Variance: 7.34460e-01 (1.02794e+00), Accept ratio: 0.47138, 
INFO:root:Epoch  2562, Energy: -1.08964e+02 (-1.08972e+02), Variance: 6.99794e-01 (1.49755e+00), Accept ratio: 0.47068, 
INFO:root:Epoch  2563, Energy: -1.08969e+02 (-1.08958e+02), Variance: 7.90717e-01 (1.17584e+00), Accept ratio: 0.47429, 
INFO:root:Epoch  2564, Energy: -1.08950e+02 (-1.08954e+02), Variance: 8.00630e-01 (1.06036e+00), Accept ratio: 0.46583, 
INFO:root:Epoch  2565, Energy: -1.09015e+02 (-1.09012e+02), Variance: 8.50524e-01 (9.51584e-01), Accept ratio: 0.46900, 
INFO:root:Epoch  2566, Energy: -1.09018e+02 (-1.09023e+02), Variance: 8.66205e-01 (1.20906e+00), Accept ratio: 0.46463, 
INFO:root:Epoch  2567, Energy: -1.08996e+02 (-1.08994e+02), Variance: 8.24082e-01 (1.04798e+00), Accept ratio: 0.47735, 
INFO:root:Epoch  2568, Energy: -1.08990e+02 (-1.08986e+02), Variance: 7.89392e-01 (1.18307e+00), Accept ratio: 0.46776, 
INFO:root:Epoch  2569, Energy: -1.08992e+02 (-1.08994e+02), Variance: 9.12607e-01 (1.28995e+00), Accept ratio: 0.47196, 
INFO:root:Epoch  2570, Energy: -1.09015e+02 (-1.09017e+02), Variance: 8.51015e-01 (9.25437e-01), Accept ratio: 0.46953, 
INFO:root:Epoch  2571, Energy: -1.08992e+02 (-1.08980e+02), Variance: 8.11335e-01 (9.89701e-01), Accept ratio: 0.47488, 
INFO:root:Epoch  2572, Energy: -1.08951e+02 (-1.08962e+02), Variance: 8.82178e-01 (1.08574e+00), Accept ratio: 0.46899, 
INFO:root:Epoch  2573, Energy: -1.09010e+02 (-1.09010e+02), Variance: 8.88574e-01 (1.32695e+00), Accept ratio: 0.47767, 
INFO:root:Epoch  2574, Energy: -1.09007e+02 (-1.08933e+02), Variance: 8.60583e-01 (4.23839e+00), Accept ratio: 0.47166, 
INFO:root:Epoch  2575, Energy: -1.09024e+02 (-1.08989e+02), Variance: 8.70697e-01 (1.91108e+00), Accept ratio: 0.47250, 
INFO:root:Epoch  2576, Energy: -1.08982e+02 (-1.08990e+02), Variance: 9.06776e-01 (1.53941e+00), Accept ratio: 0.46848, 
INFO:root:Epoch  2577, Energy: -1.08955e+02 (-1.08950e+02), Variance: 9.72833e-01 (1.19981e+00), Accept ratio: 0.46632, 
INFO:root:Epoch  2578, Energy: -1.08951e+02 (-1.08950e+02), Variance: 8.19690e-01 (9.73739e-01), Accept ratio: 0.47154, 
INFO:root:Epoch  2579, Energy: -1.08968e+02 (-1.08980e+02), Variance: 8.23842e-01 (1.08350e+00), Accept ratio: 0.47276, 
INFO:root:Epoch  2580, Energy: -1.08936e+02 (-1.08943e+02), Variance: 8.30506e-01 (1.07225e+00), Accept ratio: 0.46563, 
INFO:root:Epoch  2581, Energy: -1.08936e+02 (-1.08927e+02), Variance: 8.62247e-01 (9.64018e-01), Accept ratio: 0.46465, 
INFO:root:Epoch  2582, Energy: -1.08985e+02 (-1.08999e+02), Variance: 9.08999e-01 (1.28115e+00), Accept ratio: 0.46859, 
INFO:root:Epoch  2583, Energy: -1.08932e+02 (-1.08933e+02), Variance: 7.93546e-01 (8.31817e-01), Accept ratio: 0.47485, 
INFO:root:Epoch  2584, Energy: -1.08933e+02 (-1.08929e+02), Variance: 8.99727e-01 (1.09377e+00), Accept ratio: 0.47607, 
INFO:root:Epoch  2585, Energy: -1.08961e+02 (-1.08960e+02), Variance: 8.85075e-01 (1.01868e+00), Accept ratio: 0.46677, 
INFO:root:Epoch  2586, Energy: -1.08965e+02 (-1.08937e+02), Variance: 8.78179e-01 (1.57303e+00), Accept ratio: 0.46427, 
INFO:root:Epoch  2587, Energy: -1.08958e+02 (-1.08970e+02), Variance: 8.51818e-01 (1.13441e+00), Accept ratio: 0.47587, 
INFO:root:Epoch  2588, Energy: -1.08968e+02 (-1.08984e+02), Variance: 9.40122e-01 (1.86720e+00), Accept ratio: 0.46902, 
INFO:root:Epoch  2589, Energy: -1.08968e+02 (-1.08949e+02), Variance: 8.74912e-01 (2.53291e+00), Accept ratio: 0.47164, 
INFO:root:Epoch  2590, Energy: -1.08965e+02 (-1.08941e+02), Variance: 8.83829e-01 (2.22534e+00), Accept ratio: 0.46992, 
INFO:root:Epoch  2591, Energy: -1.08956e+02 (-1.08946e+02), Variance: 8.87490e-01 (1.35017e+00), Accept ratio: 0.46281, 
INFO:root:Epoch  2592, Energy: -1.08988e+02 (-1.08987e+02), Variance: 8.44125e-01 (1.08524e+00), Accept ratio: 0.47396, 
INFO:root:Epoch  2593, Energy: -1.09014e+02 (-1.08999e+02), Variance: 8.26196e-01 (1.33801e+00), Accept ratio: 0.47026, 
INFO:root:Epoch  2594, Energy: -1.09003e+02 (-1.09020e+02), Variance: 8.73929e-01 (1.54595e+00), Accept ratio: 0.46334, 
INFO:root:Epoch  2595, Energy: -1.08967e+02 (-1.08964e+02), Variance: 8.44867e-01 (9.90597e-01), Accept ratio: 0.47898, 
INFO:root:Epoch  2596, Energy: -1.08995e+02 (-1.08989e+02), Variance: 7.81991e-01 (9.96806e-01), Accept ratio: 0.46483, 
INFO:root:Epoch  2597, Energy: -1.08969e+02 (-1.09011e+02), Variance: 7.95460e-01 (3.04129e+00), Accept ratio: 0.46817, 
INFO:root:Epoch  2598, Energy: -1.08972e+02 (-1.08963e+02), Variance: 8.16993e-01 (9.61861e-01), Accept ratio: 0.45955, 
INFO:root:Epoch  2599, Energy: -1.08948e+02 (-1.08937e+02), Variance: 8.86441e-01 (1.62422e+00), Accept ratio: 0.47474, 
INFO:root:Epoch  2600, Energy: -1.09004e+02 (-1.09013e+02), Variance: 8.50671e-01 (1.06223e+00), Accept ratio: 0.47199, 
INFO:root:Epoch  2601, Energy: -1.09017e+02 (-1.09034e+02), Variance: 9.48915e-01 (1.32587e+00), Accept ratio: 0.47321, 
INFO:root:Epoch  2602, Energy: -1.09029e+02 (-1.09040e+02), Variance: 9.46690e-01 (1.27198e+00), Accept ratio: 0.46492, 
INFO:root:Epoch  2603, Energy: -1.09020e+02 (-1.09030e+02), Variance: 7.28551e-01 (1.03271e+00), Accept ratio: 0.46425, 
INFO:root:Epoch  2604, Energy: -1.09024e+02 (-1.09033e+02), Variance: 8.58197e-01 (1.02354e+00), Accept ratio: 0.47177, 
INFO:root:Epoch  2605, Energy: -1.09014e+02 (-1.09014e+02), Variance: 8.38837e-01 (8.73463e-01), Accept ratio: 0.46261, 
INFO:root:Epoch  2606, Energy: -1.09010e+02 (-1.08976e+02), Variance: 8.73300e-01 (1.62297e+00), Accept ratio: 0.46883, 
INFO:root:Epoch  2607, Energy: -1.09000e+02 (-1.09003e+02), Variance: 9.15232e-01 (1.85021e+00), Accept ratio: 0.46968, 
INFO:root:Epoch  2608, Energy: -1.09061e+02 (-1.09058e+02), Variance: 9.41473e-01 (1.54383e+00), Accept ratio: 0.46588, 
INFO:root:Epoch  2609, Energy: -1.09007e+02 (-1.09014e+02), Variance: 9.54603e-01 (1.28760e+00), Accept ratio: 0.46794, 
INFO:root:Epoch  2610, Energy: -1.09028e+02 (-1.09034e+02), Variance: 8.09779e-01 (1.13425e+00), Accept ratio: 0.46379, 
INFO:root:Epoch  2611, Energy: -1.09018e+02 (-1.09108e+02), Variance: 9.96827e-01 (4.89011e+00), Accept ratio: 0.46497, 
INFO:root:Epoch  2612, Energy: -1.08975e+02 (-1.09027e+02), Variance: 8.11935e-01 (3.97579e+00), Accept ratio: 0.46879, 
INFO:root:Epoch  2613, Energy: -1.09007e+02 (-1.08949e+02), Variance: 8.62245e-01 (3.46269e+00), Accept ratio: 0.47328, 
INFO:root:Epoch  2614, Energy: -1.09014e+02 (-1.09011e+02), Variance: 9.07087e-01 (1.00897e+00), Accept ratio: 0.46820, 
INFO:root:Epoch  2615, Energy: -1.08986e+02 (-1.08982e+02), Variance: 8.77372e-01 (9.44750e-01), Accept ratio: 0.47164, 
INFO:root:Epoch  2616, Energy: -1.09000e+02 (-1.08974e+02), Variance: 9.15160e-01 (2.06491e+00), Accept ratio: 0.46854, 
INFO:root:Epoch  2617, Energy: -1.09009e+02 (-1.09012e+02), Variance: 7.81711e-01 (9.65377e-01), Accept ratio: 0.46816, 
INFO:root:Epoch  2618, Energy: -1.09014e+02 (-1.09034e+02), Variance: 8.45160e-01 (1.41618e+00), Accept ratio: 0.46690, 
INFO:root:Epoch  2619, Energy: -1.08958e+02 (-1.08955e+02), Variance: 8.84661e-01 (1.12431e+00), Accept ratio: 0.47279, 
INFO:root:Epoch  2620, Energy: -1.09014e+02 (-1.09013e+02), Variance: 8.43594e-01 (1.09657e+00), Accept ratio: 0.46518, 
INFO:root:Epoch  2621, Energy: -1.08984e+02 (-1.08984e+02), Variance: 7.76121e-01 (9.14917e-01), Accept ratio: 0.46768, 
INFO:root:Epoch  2622, Energy: -1.08973e+02 (-1.08980e+02), Variance: 8.21830e-01 (9.79312e-01), Accept ratio: 0.46645, 
INFO:root:Epoch  2623, Energy: -1.08958e+02 (-1.08978e+02), Variance: 7.70259e-01 (1.10594e+00), Accept ratio: 0.46262, 
INFO:root:Epoch  2624, Energy: -1.09018e+02 (-1.09007e+02), Variance: 9.63404e-01 (1.27852e+00), Accept ratio: 0.46742, 
INFO:root:Epoch  2625, Energy: -1.08992e+02 (-1.09023e+02), Variance: 7.98414e-01 (1.80250e+00), Accept ratio: 0.46735, 
INFO:root:Epoch  2626, Energy: -1.08953e+02 (-1.08940e+02), Variance: 8.54615e-01 (1.19213e+00), Accept ratio: 0.46525, 
INFO:root:Epoch  2627, Energy: -1.08955e+02 (-1.08949e+02), Variance: 7.91411e-01 (1.15581e+00), Accept ratio: 0.47143, 
INFO:root:Epoch  2628, Energy: -1.08988e+02 (-1.08996e+02), Variance: 7.80906e-01 (9.09507e-01), Accept ratio: 0.47042, 
INFO:root:Epoch  2629, Energy: -1.08992e+02 (-1.09002e+02), Variance: 8.20474e-01 (1.12499e+00), Accept ratio: 0.46488, 
INFO:root:Epoch  2630, Energy: -1.09001e+02 (-1.08997e+02), Variance: 7.89409e-01 (1.18663e+00), Accept ratio: 0.47048, 
INFO:root:Epoch  2631, Energy: -1.08973e+02 (-1.08988e+02), Variance: 8.37548e-01 (1.21142e+00), Accept ratio: 0.46427, 
INFO:root:Epoch  2632, Energy: -1.09006e+02 (-1.08979e+02), Variance: 8.97324e-01 (1.34856e+00), Accept ratio: 0.46003, 
INFO:root:Epoch  2633, Energy: -1.09015e+02 (-1.09019e+02), Variance: 8.88504e-01 (9.85459e-01), Accept ratio: 0.47560, 
INFO:root:Epoch  2634, Energy: -1.08942e+02 (-1.08959e+02), Variance: 9.10112e-01 (3.54849e+00), Accept ratio: 0.47866, 
INFO:root:Epoch  2635, Energy: -1.09012e+02 (-1.09013e+02), Variance: 9.18106e-01 (1.09258e+00), Accept ratio: 0.46747, 
INFO:root:Epoch  2636, Energy: -1.08950e+02 (-1.08936e+02), Variance: 8.54765e-01 (1.29841e+00), Accept ratio: 0.47357, 
INFO:root:Epoch  2637, Energy: -1.09020e+02 (-1.09011e+02), Variance: 8.52943e-01 (1.20494e+00), Accept ratio: 0.46852, 
INFO:root:Epoch  2638, Energy: -1.09032e+02 (-1.09041e+02), Variance: 8.35804e-01 (1.07686e+00), Accept ratio: 0.47110, 
INFO:root:Epoch  2639, Energy: -1.09005e+02 (-1.09006e+02), Variance: 8.78770e-01 (9.53112e-01), Accept ratio: 0.46662, 
INFO:root:Epoch  2640, Energy: -1.09029e+02 (-1.09022e+02), Variance: 8.85808e-01 (1.01804e+00), Accept ratio: 0.46323, 
INFO:root:Epoch  2641, Energy: -1.09001e+02 (-1.09028e+02), Variance: 1.00503e+00 (1.66748e+00), Accept ratio: 0.46999, 
INFO:root:Epoch  2642, Energy: -1.09039e+02 (-1.09044e+02), Variance: 9.32910e-01 (1.20160e+00), Accept ratio: 0.47056, 
INFO:root:Epoch  2643, Energy: -1.08959e+02 (-1.08952e+02), Variance: 9.71078e-01 (1.42313e+00), Accept ratio: 0.46651, 
INFO:root:Epoch  2644, Energy: -1.08976e+02 (-1.08991e+02), Variance: 9.08352e-01 (1.72001e+00), Accept ratio: 0.47158, 
INFO:root:Epoch  2645, Energy: -1.08997e+02 (-1.08994e+02), Variance: 9.29409e-01 (1.16842e+00), Accept ratio: 0.47157, 
INFO:root:Epoch  2646, Energy: -1.09033e+02 (-1.09038e+02), Variance: 7.85318e-01 (1.00957e+00), Accept ratio: 0.47145, 
INFO:root:Epoch  2647, Energy: -1.09069e+02 (-1.09083e+02), Variance: 8.63189e-01 (1.15691e+00), Accept ratio: 0.47151, 
INFO:root:Epoch  2648, Energy: -1.09025e+02 (-1.09052e+02), Variance: 9.37669e-01 (1.88729e+00), Accept ratio: 0.46814, 
INFO:root:Epoch  2649, Energy: -1.09024e+02 (-1.09028e+02), Variance: 7.81708e-01 (1.01910e+00), Accept ratio: 0.46759, 
INFO:root:Epoch  2650, Energy: -1.09028e+02 (-1.09030e+02), Variance: 7.75429e-01 (9.08396e-01), Accept ratio: 0.47177, 
INFO:root:Epoch  2651, Energy: -1.08963e+02 (-1.08967e+02), Variance: 8.40026e-01 (1.06404e+00), Accept ratio: 0.46431, 
INFO:root:Epoch  2652, Energy: -1.09021e+02 (-1.09019e+02), Variance: 8.22291e-01 (1.08783e+00), Accept ratio: 0.47021, 
INFO:root:Epoch  2653, Energy: -1.09001e+02 (-1.08994e+02), Variance: 7.59112e-01 (9.08396e-01), Accept ratio: 0.47135, 
INFO:root:Epoch  2654, Energy: -1.09023e+02 (-1.09015e+02), Variance: 8.31310e-01 (9.82874e-01), Accept ratio: 0.46411, 
INFO:root:Epoch  2655, Energy: -1.08986e+02 (-1.08987e+02), Variance: 8.24827e-01 (1.02573e+00), Accept ratio: 0.46948, 
INFO:root:Epoch  2656, Energy: -1.08984e+02 (-1.08977e+02), Variance: 8.76321e-01 (1.14301e+00), Accept ratio: 0.46748, 
INFO:root:Epoch  2657, Energy: -1.08961e+02 (-1.08981e+02), Variance: 9.09669e-01 (1.78614e+00), Accept ratio: 0.46539, 
INFO:root:Epoch  2658, Energy: -1.09025e+02 (-1.08980e+02), Variance: 9.48227e-01 (2.79223e+00), Accept ratio: 0.47528, 
INFO:root:Epoch  2659, Energy: -1.09026e+02 (-1.09010e+02), Variance: 9.21333e-01 (1.32276e+00), Accept ratio: 0.47349, 
INFO:root:Epoch  2660, Energy: -1.08997e+02 (-1.09005e+02), Variance: 8.99824e-01 (1.32229e+00), Accept ratio: 0.46991, 
INFO:root:Epoch  2661, Energy: -1.08998e+02 (-1.08990e+02), Variance: 8.26542e-01 (1.79905e+00), Accept ratio: 0.46753, 
INFO:root:Epoch  2662, Energy: -1.09004e+02 (-1.08996e+02), Variance: 9.40141e-01 (1.28662e+00), Accept ratio: 0.45981, 
INFO:root:Epoch  2663, Energy: -1.09006e+02 (-1.09015e+02), Variance: 8.74936e-01 (1.22873e+00), Accept ratio: 0.46643, 
INFO:root:Epoch  2664, Energy: -1.09022e+02 (-1.09013e+02), Variance: 8.47738e-01 (9.94102e-01), Accept ratio: 0.46893, 
INFO:root:Epoch  2665, Energy: -1.09044e+02 (-1.09043e+02), Variance: 9.23501e-01 (1.22140e+00), Accept ratio: 0.46482, 
INFO:root:Epoch  2666, Energy: -1.09001e+02 (-1.09006e+02), Variance: 8.84735e-01 (1.05435e+00), Accept ratio: 0.47096, 
INFO:root:Epoch  2667, Energy: -1.08989e+02 (-1.09003e+02), Variance: 7.92317e-01 (1.22757e+00), Accept ratio: 0.46507, 
INFO:root:Epoch  2668, Energy: -1.08974e+02 (-1.08973e+02), Variance: 8.47250e-01 (9.35137e-01), Accept ratio: 0.47545, 
INFO:root:Epoch  2669, Energy: -1.09043e+02 (-1.09056e+02), Variance: 9.47136e-01 (1.11848e+00), Accept ratio: 0.46567, 
INFO:root:Epoch  2670, Energy: -1.08999e+02 (-1.09001e+02), Variance: 8.23286e-01 (1.17086e+00), Accept ratio: 0.46778, 
INFO:root:Epoch  2671, Energy: -1.09002e+02 (-1.08986e+02), Variance: 8.90603e-01 (1.30205e+00), Accept ratio: 0.45907, 
INFO:root:Epoch  2672, Energy: -1.09001e+02 (-1.09004e+02), Variance: 8.94863e-01 (1.08124e+00), Accept ratio: 0.46963, 
INFO:root:Epoch  2673, Energy: -1.09015e+02 (-1.08965e+02), Variance: 1.01289e+00 (2.67099e+00), Accept ratio: 0.46895, 
INFO:root:Epoch  2674, Energy: -1.08970e+02 (-1.08955e+02), Variance: 9.46103e-01 (1.59123e+00), Accept ratio: 0.46191, 
INFO:root:Epoch  2675, Energy: -1.08944e+02 (-1.08909e+02), Variance: 8.46829e-01 (1.90724e+00), Accept ratio: 0.46878, 
INFO:root:Epoch  2676, Energy: -1.08991e+02 (-1.08977e+02), Variance: 8.98746e-01 (1.52372e+00), Accept ratio: 0.47038, 
INFO:root:Epoch  2677, Energy: -1.09016e+02 (-1.09023e+02), Variance: 7.45529e-01 (9.09798e-01), Accept ratio: 0.46988, 
INFO:root:Epoch  2678, Energy: -1.08959e+02 (-1.08960e+02), Variance: 7.80737e-01 (9.46730e-01), Accept ratio: 0.47290, 
INFO:root:Epoch  2679, Energy: -1.08989e+02 (-1.08990e+02), Variance: 7.91477e-01 (1.22871e+00), Accept ratio: 0.46465, 
INFO:root:Epoch  2680, Energy: -1.09008e+02 (-1.08998e+02), Variance: 8.92825e-01 (1.26036e+00), Accept ratio: 0.47113, 
INFO:root:Epoch  2681, Energy: -1.09002e+02 (-1.09004e+02), Variance: 8.55249e-01 (1.13513e+00), Accept ratio: 0.47035, 
INFO:root:Epoch  2682, Energy: -1.08967e+02 (-1.08965e+02), Variance: 8.07506e-01 (1.15888e+00), Accept ratio: 0.47316, 
INFO:root:Epoch  2683, Energy: -1.09001e+02 (-1.09001e+02), Variance: 7.33288e-01 (1.01694e+00), Accept ratio: 0.46762, 
INFO:root:Epoch  2684, Energy: -1.09004e+02 (-1.08997e+02), Variance: 8.51462e-01 (1.23516e+00), Accept ratio: 0.46216, 
INFO:root:Epoch  2685, Energy: -1.09004e+02 (-1.08987e+02), Variance: 7.40782e-01 (9.62771e-01), Accept ratio: 0.46466, 
INFO:root:Epoch  2686, Energy: -1.09011e+02 (-1.09017e+02), Variance: 9.10840e-01 (1.05178e+00), Accept ratio: 0.46675, 
INFO:root:Epoch  2687, Energy: -1.09005e+02 (-1.09002e+02), Variance: 9.24148e-01 (1.33055e+00), Accept ratio: 0.46562, 
INFO:root:Epoch  2688, Energy: -1.08960e+02 (-1.08960e+02), Variance: 8.78429e-01 (1.05072e+00), Accept ratio: 0.47277, 
INFO:root:Epoch  2689, Energy: -1.09017e+02 (-1.08999e+02), Variance: 7.95481e-01 (1.04105e+00), Accept ratio: 0.47376, 
INFO:root:Epoch  2690, Energy: -1.08977e+02 (-1.08965e+02), Variance: 7.94179e-01 (1.08854e+00), Accept ratio: 0.47464, 
INFO:root:Epoch  2691, Energy: -1.09010e+02 (-1.08993e+02), Variance: 9.43932e-01 (1.39653e+00), Accept ratio: 0.47524, 
INFO:root:Epoch  2692, Energy: -1.09003e+02 (-1.08998e+02), Variance: 8.39472e-01 (1.21708e+00), Accept ratio: 0.46808, 
INFO:root:Epoch  2693, Energy: -1.09020e+02 (-1.09016e+02), Variance: 8.59107e-01 (1.19322e+00), Accept ratio: 0.46879, 
INFO:root:Epoch  2694, Energy: -1.09070e+02 (-1.09048e+02), Variance: 8.86241e-01 (1.22350e+00), Accept ratio: 0.46642, 
INFO:root:Epoch  2695, Energy: -1.09040e+02 (-1.09056e+02), Variance: 8.48127e-01 (1.07542e+00), Accept ratio: 0.47003, 
INFO:root:Epoch  2696, Energy: -1.09048e+02 (-1.09051e+02), Variance: 8.76991e-01 (1.38997e+00), Accept ratio: 0.47274, 
INFO:root:Epoch  2697, Energy: -1.09012e+02 (-1.08991e+02), Variance: 7.53595e-01 (1.28308e+00), Accept ratio: 0.46827, 
INFO:root:Epoch  2698, Energy: -1.09031e+02 (-1.09040e+02), Variance: 9.23799e-01 (1.08798e+00), Accept ratio: 0.47030, 
INFO:root:Epoch  2699, Energy: -1.09017e+02 (-1.09006e+02), Variance: 8.07718e-01 (9.69181e-01), Accept ratio: 0.46845, 
INFO:root:Epoch  2700, Energy: -1.08942e+02 (-1.08940e+02), Variance: 8.57007e-01 (1.09884e+00), Accept ratio: 0.46701, , best weights saved
INFO:root:Epoch  2701, Energy: -1.08978e+02 (-1.08970e+02), Variance: 8.88222e-01 (1.25125e+00), Accept ratio: 0.47087, 
INFO:root:Epoch  2702, Energy: -1.09000e+02 (-1.09010e+02), Variance: 8.42302e-01 (1.02711e+00), Accept ratio: 0.47377, 
INFO:root:Epoch  2703, Energy: -1.09033e+02 (-1.09044e+02), Variance: 9.22078e-01 (1.18150e+00), Accept ratio: 0.47044, 
INFO:root:Epoch  2704, Energy: -1.09003e+02 (-1.09013e+02), Variance: 9.57201e-01 (1.34975e+00), Accept ratio: 0.47015, 
INFO:root:Epoch  2705, Energy: -1.09035e+02 (-1.09018e+02), Variance: 8.40957e-01 (1.19302e+00), Accept ratio: 0.47088, 
INFO:root:Epoch  2706, Energy: -1.09003e+02 (-1.09003e+02), Variance: 8.30681e-01 (9.05909e-01), Accept ratio: 0.46526, 
INFO:root:Epoch  2707, Energy: -1.08966e+02 (-1.08938e+02), Variance: 8.34598e-01 (1.27610e+00), Accept ratio: 0.46524, 
INFO:root:Epoch  2708, Energy: -1.08989e+02 (-1.08967e+02), Variance: 7.44618e-01 (1.26719e+00), Accept ratio: 0.46694, 
INFO:root:Epoch  2709, Energy: -1.09004e+02 (-1.09005e+02), Variance: 7.76701e-01 (8.91002e-01), Accept ratio: 0.47218, 
INFO:root:Epoch  2710, Energy: -1.08993e+02 (-1.08993e+02), Variance: 8.27789e-01 (1.02127e+00), Accept ratio: 0.47404, 
INFO:root:Epoch  2711, Energy: -1.09005e+02 (-1.09002e+02), Variance: 9.08263e-01 (1.03229e+00), Accept ratio: 0.47345, 
INFO:root:Epoch  2712, Energy: -1.09010e+02 (-1.09013e+02), Variance: 9.19773e-01 (1.42059e+00), Accept ratio: 0.46891, 
INFO:root:Epoch  2713, Energy: -1.08984e+02 (-1.08971e+02), Variance: 9.36491e-01 (1.54972e+00), Accept ratio: 0.47246, 
INFO:root:Epoch  2714, Energy: -1.08990e+02 (-1.08983e+02), Variance: 8.74448e-01 (1.46344e+00), Accept ratio: 0.46691, 
INFO:root:Epoch  2715, Energy: -1.08944e+02 (-1.08948e+02), Variance: 8.77952e-01 (1.09703e+00), Accept ratio: 0.46713, 
INFO:root:Epoch  2716, Energy: -1.09012e+02 (-1.09023e+02), Variance: 8.02172e-01 (1.20580e+00), Accept ratio: 0.46952, 
INFO:root:Epoch  2717, Energy: -1.08991e+02 (-1.08985e+02), Variance: 7.65249e-01 (1.22667e+00), Accept ratio: 0.47609, 
INFO:root:Epoch  2718, Energy: -1.08977e+02 (-1.08958e+02), Variance: 8.35534e-01 (1.42645e+00), Accept ratio: 0.47213, 
INFO:root:Epoch  2719, Energy: -1.08981e+02 (-1.08983e+02), Variance: 9.02959e-01 (1.09278e+00), Accept ratio: 0.46494, 
INFO:root:Epoch  2720, Energy: -1.08972e+02 (-1.08976e+02), Variance: 8.21671e-01 (1.17273e+00), Accept ratio: 0.47289, 
INFO:root:Epoch  2721, Energy: -1.08988e+02 (-1.08987e+02), Variance: 8.63275e-01 (9.57182e-01), Accept ratio: 0.46490, 
INFO:root:Epoch  2722, Energy: -1.08973e+02 (-1.08969e+02), Variance: 8.78763e-01 (1.03025e+00), Accept ratio: 0.47171, 
INFO:root:Epoch  2723, Energy: -1.08999e+02 (-1.08987e+02), Variance: 8.67359e-01 (1.50322e+00), Accept ratio: 0.47110, 
INFO:root:Epoch  2724, Energy: -1.09021e+02 (-1.09017e+02), Variance: 8.05859e-01 (1.03071e+00), Accept ratio: 0.46635, 
INFO:root:Epoch  2725, Energy: -1.09044e+02 (-1.09053e+02), Variance: 8.51494e-01 (1.04770e+00), Accept ratio: 0.47261, 
INFO:root:Epoch  2726, Energy: -1.08999e+02 (-1.08991e+02), Variance: 9.37271e-01 (1.27352e+00), Accept ratio: 0.46969, 
INFO:root:Epoch  2727, Energy: -1.08962e+02 (-1.08963e+02), Variance: 7.97619e-01 (1.04220e+00), Accept ratio: 0.47350, 
INFO:root:Epoch  2728, Energy: -1.08996e+02 (-1.08997e+02), Variance: 9.43918e-01 (1.26981e+00), Accept ratio: 0.46802, 
INFO:root:Epoch  2729, Energy: -1.08982e+02 (-1.08977e+02), Variance: 9.02268e-01 (1.03042e+00), Accept ratio: 0.46682, 
INFO:root:Epoch  2730, Energy: -1.09028e+02 (-1.09048e+02), Variance: 9.67811e-01 (1.28148e+00), Accept ratio: 0.47047, 
INFO:root:Epoch  2731, Energy: -1.09036e+02 (-1.09046e+02), Variance: 8.50793e-01 (9.78507e-01), Accept ratio: 0.46969, 
INFO:root:Epoch  2732, Energy: -1.09015e+02 (-1.09009e+02), Variance: 8.66562e-01 (1.05987e+00), Accept ratio: 0.46715, 
INFO:root:Epoch  2733, Energy: -1.08955e+02 (-1.08944e+02), Variance: 8.97227e-01 (1.09609e+00), Accept ratio: 0.46808, 
INFO:root:Epoch  2734, Energy: -1.08997e+02 (-1.09007e+02), Variance: 1.00407e+00 (1.69589e+00), Accept ratio: 0.47049, 
INFO:root:Epoch  2735, Energy: -1.09025e+02 (-1.09026e+02), Variance: 9.41016e-01 (1.52396e+00), Accept ratio: 0.46990, 
INFO:root:Epoch  2736, Energy: -1.08972e+02 (-1.08946e+02), Variance: 8.88762e-01 (1.90624e+00), Accept ratio: 0.46568, 
INFO:root:Epoch  2737, Energy: -1.08948e+02 (-1.08938e+02), Variance: 9.98689e-01 (1.96746e+00), Accept ratio: 0.46952, 
INFO:root:Epoch  2738, Energy: -1.08983e+02 (-1.08940e+02), Variance: 9.44442e-01 (2.68798e+00), Accept ratio: 0.46856, 
INFO:root:Epoch  2739, Energy: -1.09028e+02 (-1.09038e+02), Variance: 8.92396e-01 (1.18963e+00), Accept ratio: 0.47288, 
INFO:root:Epoch  2740, Energy: -1.08964e+02 (-1.08942e+02), Variance: 1.00238e+00 (1.33925e+00), Accept ratio: 0.46803, 
INFO:root:Epoch  2741, Energy: -1.09040e+02 (-1.09021e+02), Variance: 1.02430e+00 (1.45049e+00), Accept ratio: 0.46262, 
INFO:root:Epoch  2742, Energy: -1.09023e+02 (-1.09023e+02), Variance: 7.57257e-01 (8.54047e-01), Accept ratio: 0.46746, 
INFO:root:Epoch  2743, Energy: -1.09039e+02 (-1.09054e+02), Variance: 8.13425e-01 (1.17366e+00), Accept ratio: 0.47687, 
INFO:root:Epoch  2744, Energy: -1.08988e+02 (-1.08973e+02), Variance: 9.57474e-01 (1.93632e+00), Accept ratio: 0.47152, 
INFO:root:Epoch  2745, Energy: -1.08960e+02 (-1.08974e+02), Variance: 8.96660e-01 (1.20299e+00), Accept ratio: 0.47049, 
INFO:root:Epoch  2746, Energy: -1.09009e+02 (-1.09033e+02), Variance: 8.92436e-01 (1.47829e+00), Accept ratio: 0.46650, 
INFO:root:Epoch  2747, Energy: -1.09010e+02 (-1.09005e+02), Variance: 7.32825e-01 (7.79236e-01), Accept ratio: 0.47490, 
INFO:root:Epoch  2748, Energy: -1.08995e+02 (-1.08986e+02), Variance: 8.75597e-01 (1.31456e+00), Accept ratio: 0.46880, 
INFO:root:Epoch  2749, Energy: -1.08987e+02 (-1.08976e+02), Variance: 8.40199e-01 (1.06933e+00), Accept ratio: 0.47264, 
INFO:root:Epoch  2750, Energy: -1.08960e+02 (-1.08953e+02), Variance: 8.50180e-01 (1.18638e+00), Accept ratio: 0.47005, 
INFO:root:Epoch  2751, Energy: -1.08990e+02 (-1.08983e+02), Variance: 8.43840e-01 (1.03649e+00), Accept ratio: 0.47011, 
INFO:root:Epoch  2752, Energy: -1.08947e+02 (-1.08917e+02), Variance: 8.31733e-01 (1.28003e+00), Accept ratio: 0.46853, 
INFO:root:Epoch  2753, Energy: -1.09012e+02 (-1.09023e+02), Variance: 7.49573e-01 (1.30788e+00), Accept ratio: 0.46511, 
INFO:root:Epoch  2754, Energy: -1.08959e+02 (-1.08954e+02), Variance: 8.45008e-01 (1.08214e+00), Accept ratio: 0.46040, 
INFO:root:Epoch  2755, Energy: -1.08992e+02 (-1.08994e+02), Variance: 6.95208e-01 (7.54010e-01), Accept ratio: 0.46588, 
INFO:root:Epoch  2756, Energy: -1.09017e+02 (-1.09020e+02), Variance: 7.99294e-01 (1.65624e+00), Accept ratio: 0.47092, 
INFO:root:Epoch  2757, Energy: -1.08923e+02 (-1.08901e+02), Variance: 8.42896e-01 (1.15288e+00), Accept ratio: 0.46700, 
INFO:root:Epoch  2758, Energy: -1.08993e+02 (-1.08985e+02), Variance: 7.33392e-01 (9.43526e-01), Accept ratio: 0.47217, 
INFO:root:Epoch  2759, Energy: -1.08960e+02 (-1.08930e+02), Variance: 7.76613e-01 (1.64059e+00), Accept ratio: 0.47075, 
INFO:root:Epoch  2760, Energy: -1.08946e+02 (-1.08949e+02), Variance: 7.80333e-01 (1.18948e+00), Accept ratio: 0.46648, 
INFO:root:Epoch  2761, Energy: -1.08969e+02 (-1.08968e+02), Variance: 7.94064e-01 (9.21457e-01), Accept ratio: 0.46950, 
INFO:root:Epoch  2762, Energy: -1.08953e+02 (-1.08936e+02), Variance: 8.21403e-01 (1.08294e+00), Accept ratio: 0.47111, 
INFO:root:Epoch  2763, Energy: -1.08980e+02 (-1.08961e+02), Variance: 8.17247e-01 (1.08852e+00), Accept ratio: 0.47051, 
INFO:root:Epoch  2764, Energy: -1.08996e+02 (-1.08996e+02), Variance: 7.38186e-01 (1.67767e+00), Accept ratio: 0.47420, 
INFO:root:Epoch  2765, Energy: -1.08996e+02 (-1.09002e+02), Variance: 7.69454e-01 (2.09752e+00), Accept ratio: 0.46913, 
INFO:root:Epoch  2766, Energy: -1.08928e+02 (-1.08949e+02), Variance: 8.35200e-01 (1.95510e+00), Accept ratio: 0.46835, 
INFO:root:Epoch  2767, Energy: -1.08936e+02 (-1.08901e+02), Variance: 7.82469e-01 (1.84858e+00), Accept ratio: 0.47089, 
INFO:root:Epoch  2768, Energy: -1.09009e+02 (-1.08982e+02), Variance: 7.65289e-01 (1.25775e+00), Accept ratio: 0.47503, 
INFO:root:Epoch  2769, Energy: -1.09009e+02 (-1.09007e+02), Variance: 8.58628e-01 (1.53771e+00), Accept ratio: 0.47005, 
INFO:root:Epoch  2770, Energy: -1.09020e+02 (-1.09020e+02), Variance: 7.68690e-01 (9.76359e-01), Accept ratio: 0.46448, 
INFO:root:Epoch  2771, Energy: -1.08969e+02 (-1.08971e+02), Variance: 8.22255e-01 (1.05909e+00), Accept ratio: 0.46791, 
INFO:root:Epoch  2772, Energy: -1.08996e+02 (-1.09014e+02), Variance: 8.17784e-01 (1.19584e+00), Accept ratio: 0.47537, 
INFO:root:Epoch  2773, Energy: -1.08988e+02 (-1.08987e+02), Variance: 7.93863e-01 (9.82265e-01), Accept ratio: 0.47336, 
INFO:root:Epoch  2774, Energy: -1.08994e+02 (-1.08971e+02), Variance: 8.07304e-01 (1.53577e+00), Accept ratio: 0.47157, 
INFO:root:Epoch  2775, Energy: -1.09003e+02 (-1.08900e+02), Variance: 8.25309e-01 (9.49821e+00), Accept ratio: 0.46856, 
INFO:root:Epoch  2776, Energy: -1.09028e+02 (-1.09024e+02), Variance: 7.34768e-01 (8.22190e-01), Accept ratio: 0.47170, 
INFO:root:Epoch  2777, Energy: -1.08965e+02 (-1.08969e+02), Variance: 8.24755e-01 (2.62171e+00), Accept ratio: 0.47239, 
INFO:root:Epoch  2778, Energy: -1.08941e+02 (-1.08909e+02), Variance: 8.06024e-01 (1.48483e+00), Accept ratio: 0.46472, 
INFO:root:Epoch  2779, Energy: -1.08945e+02 (-1.08946e+02), Variance: 8.25812e-01 (1.15643e+00), Accept ratio: 0.46878, 
INFO:root:Epoch  2780, Energy: -1.08960e+02 (-1.08953e+02), Variance: 7.99748e-01 (9.79654e-01), Accept ratio: 0.46879, 
INFO:root:Epoch  2781, Energy: -1.08970e+02 (-1.08959e+02), Variance: 7.74923e-01 (1.00933e+00), Accept ratio: 0.47023, 
INFO:root:Epoch  2782, Energy: -1.08966e+02 (-1.08959e+02), Variance: 7.91641e-01 (9.54386e-01), Accept ratio: 0.46964, 
INFO:root:Epoch  2783, Energy: -1.08984e+02 (-1.08976e+02), Variance: 8.14042e-01 (9.50480e-01), Accept ratio: 0.47506, 
INFO:root:Epoch  2784, Energy: -1.08949e+02 (-1.08950e+02), Variance: 8.00733e-01 (2.82592e+00), Accept ratio: 0.47481, 
INFO:root:Epoch  2785, Energy: -1.08956e+02 (-1.08931e+02), Variance: 7.66846e-01 (1.14755e+00), Accept ratio: 0.46810, 
INFO:root:Epoch  2786, Energy: -1.08985e+02 (-1.08971e+02), Variance: 7.72377e-01 (9.71780e-01), Accept ratio: 0.47120, 
INFO:root:Epoch  2787, Energy: -1.09003e+02 (-1.08996e+02), Variance: 8.16279e-01 (8.90912e-01), Accept ratio: 0.47161, 
INFO:root:Epoch  2788, Energy: -1.08993e+02 (-1.08989e+02), Variance: 7.57309e-01 (1.15913e+00), Accept ratio: 0.47401, 
INFO:root:Epoch  2789, Energy: -1.08974e+02 (-1.08958e+02), Variance: 7.92963e-01 (1.13861e+00), Accept ratio: 0.46439, 
INFO:root:Epoch  2790, Energy: -1.09005e+02 (-1.08993e+02), Variance: 9.02023e-01 (1.28716e+00), Accept ratio: 0.47588, 
INFO:root:Epoch  2791, Energy: -1.09025e+02 (-1.09034e+02), Variance: 8.43358e-01 (1.29710e+00), Accept ratio: 0.47045, 
INFO:root:Epoch  2792, Energy: -1.08992e+02 (-1.08991e+02), Variance: 8.11558e-01 (9.87805e-01), Accept ratio: 0.47039, 
INFO:root:Epoch  2793, Energy: -1.08969e+02 (-1.08933e+02), Variance: 8.45061e-01 (1.69931e+00), Accept ratio: 0.46817, 
INFO:root:Epoch  2794, Energy: -1.08980e+02 (-1.08979e+02), Variance: 6.77145e-01 (8.00231e-01), Accept ratio: 0.46955, 
INFO:root:Epoch  2795, Energy: -1.08962e+02 (-1.08939e+02), Variance: 6.86976e-01 (1.02871e+00), Accept ratio: 0.47656, 
INFO:root:Epoch  2796, Energy: -1.08978e+02 (-1.08969e+02), Variance: 8.59986e-01 (1.41099e+00), Accept ratio: 0.47809, 
INFO:root:Epoch  2797, Energy: -1.08975e+02 (-1.08969e+02), Variance: 7.80081e-01 (8.55011e-01), Accept ratio: 0.47556, 
INFO:root:Epoch  2798, Energy: -1.08997e+02 (-1.08996e+02), Variance: 7.94338e-01 (1.07275e+00), Accept ratio: 0.47078, 
INFO:root:Epoch  2799, Energy: -1.09006e+02 (-1.08999e+02), Variance: 9.06032e-01 (1.02996e+00), Accept ratio: 0.47308, 
INFO:root:Epoch  2800, Energy: -1.09017e+02 (-1.09020e+02), Variance: 8.15330e-01 (8.70834e-01), Accept ratio: 0.47137, , best weights saved
INFO:root:Epoch  2801, Energy: -1.08971e+02 (-1.08947e+02), Variance: 7.62671e-01 (1.10457e+00), Accept ratio: 0.47400, 
INFO:root:Epoch  2802, Energy: -1.09014e+02 (-1.09011e+02), Variance: 7.88082e-01 (8.85606e-01), Accept ratio: 0.47438, 
INFO:root:Epoch  2803, Energy: -1.08995e+02 (-1.09016e+02), Variance: 7.97903e-01 (1.19856e+00), Accept ratio: 0.47109, 
INFO:root:Epoch  2804, Energy: -1.08971e+02 (-1.08970e+02), Variance: 8.70712e-01 (1.06634e+00), Accept ratio: 0.47457, 
INFO:root:Epoch  2805, Energy: -1.09007e+02 (-1.09015e+02), Variance: 8.27309e-01 (9.99481e-01), Accept ratio: 0.46562, 
INFO:root:Epoch  2806, Energy: -1.09006e+02 (-1.09004e+02), Variance: 7.65160e-01 (8.62730e-01), Accept ratio: 0.47269, 
INFO:root:Epoch  2807, Energy: -1.08989e+02 (-1.08997e+02), Variance: 6.98585e-01 (9.33276e-01), Accept ratio: 0.47498, 
INFO:root:Epoch  2808, Energy: -1.08985e+02 (-1.08978e+02), Variance: 8.36863e-01 (1.01646e+00), Accept ratio: 0.47288, 
INFO:root:Epoch  2809, Energy: -1.08998e+02 (-1.08991e+02), Variance: 7.54554e-01 (8.70363e-01), Accept ratio: 0.46908, 
INFO:root:Epoch  2810, Energy: -1.08995e+02 (-1.09002e+02), Variance: 9.16001e-01 (1.03801e+00), Accept ratio: 0.47542, 
INFO:root:Epoch  2811, Energy: -1.08928e+02 (-1.08919e+02), Variance: 8.68101e-01 (1.05300e+00), Accept ratio: 0.46827, 
INFO:root:Epoch  2812, Energy: -1.08949e+02 (-1.08933e+02), Variance: 8.04574e-01 (1.39756e+00), Accept ratio: 0.47172, 
INFO:root:Epoch  2813, Energy: -1.09012e+02 (-1.09018e+02), Variance: 8.06605e-01 (9.46457e-01), Accept ratio: 0.47267, 
INFO:root:Epoch  2814, Energy: -1.08994e+02 (-1.08993e+02), Variance: 8.60881e-01 (9.65568e-01), Accept ratio: 0.46710, 
INFO:root:Epoch  2815, Energy: -1.09022e+02 (-1.09018e+02), Variance: 8.83511e-01 (9.90098e-01), Accept ratio: 0.47061, 
INFO:root:Epoch  2816, Energy: -1.08947e+02 (-1.08953e+02), Variance: 8.45027e-01 (1.13767e+00), Accept ratio: 0.46788, 
INFO:root:Epoch  2817, Energy: -1.09030e+02 (-1.09042e+02), Variance: 8.99368e-01 (1.10051e+00), Accept ratio: 0.46497, 
INFO:root:Epoch  2818, Energy: -1.08995e+02 (-1.08994e+02), Variance: 7.69819e-01 (9.28093e-01), Accept ratio: 0.46770, 
INFO:root:Epoch  2819, Energy: -1.08983e+02 (-1.08978e+02), Variance: 8.66177e-01 (1.01621e+00), Accept ratio: 0.46498, 
INFO:root:Epoch  2820, Energy: -1.08991e+02 (-1.08994e+02), Variance: 8.87491e-01 (1.01432e+00), Accept ratio: 0.47505, 
INFO:root:Epoch  2821, Energy: -1.09036e+02 (-1.08988e+02), Variance: 8.74004e-01 (2.10430e+00), Accept ratio: 0.47265, 
INFO:root:Epoch  2822, Energy: -1.08982e+02 (-1.08961e+02), Variance: 8.69647e-01 (1.52503e+00), Accept ratio: 0.46688, 
INFO:root:Epoch  2823, Energy: -1.08980e+02 (-1.08967e+02), Variance: 9.12180e-01 (1.37034e+00), Accept ratio: 0.46664, 
INFO:root:Epoch  2824, Energy: -1.09003e+02 (-1.08998e+02), Variance: 8.64572e-01 (1.02163e+00), Accept ratio: 0.46888, 
INFO:root:Epoch  2825, Energy: -1.08957e+02 (-1.08978e+02), Variance: 9.88090e-01 (1.33527e+00), Accept ratio: 0.46220, 
INFO:root:Epoch  2826, Energy: -1.08977e+02 (-1.08976e+02), Variance: 9.87511e-01 (1.10163e+00), Accept ratio: 0.47017, 
INFO:root:Epoch  2827, Energy: -1.08932e+02 (-1.08925e+02), Variance: 9.14632e-01 (1.03327e+00), Accept ratio: 0.46747, 
INFO:root:Epoch  2828, Energy: -1.08969e+02 (-1.08953e+02), Variance: 8.86101e-01 (1.60853e+00), Accept ratio: 0.47336, 
INFO:root:Epoch  2829, Energy: -1.09003e+02 (-1.08998e+02), Variance: 8.53771e-01 (1.13466e+00), Accept ratio: 0.47382, 
INFO:root:Epoch  2830, Energy: -1.08990e+02 (-1.08996e+02), Variance: 7.17479e-01 (8.87732e-01), Accept ratio: 0.47589, 
INFO:root:Epoch  2831, Energy: -1.08959e+02 (-1.08954e+02), Variance: 9.18885e-01 (1.41956e+00), Accept ratio: 0.46609, 
INFO:root:Epoch  2832, Energy: -1.09035e+02 (-1.09077e+02), Variance: 9.06390e-01 (3.22207e+00), Accept ratio: 0.46703, 
INFO:root:Epoch  2833, Energy: -1.08995e+02 (-1.09003e+02), Variance: 9.42966e-01 (1.40832e+00), Accept ratio: 0.46366, 
INFO:root:Epoch  2834, Energy: -1.08965e+02 (-1.08973e+02), Variance: 8.39973e-01 (1.04961e+00), Accept ratio: 0.47268, 
INFO:root:Epoch  2835, Energy: -1.08935e+02 (-1.08924e+02), Variance: 8.05493e-01 (1.02307e+00), Accept ratio: 0.47547, 
INFO:root:Epoch  2836, Energy: -1.08945e+02 (-1.08930e+02), Variance: 8.28245e-01 (1.01506e+00), Accept ratio: 0.47226, 
INFO:root:Epoch  2837, Energy: -1.08960e+02 (-1.08958e+02), Variance: 7.85235e-01 (9.44962e-01), Accept ratio: 0.47082, 
INFO:root:Epoch  2838, Energy: -1.08979e+02 (-1.08986e+02), Variance: 8.24337e-01 (9.31359e-01), Accept ratio: 0.46848, 
INFO:root:Epoch  2839, Energy: -1.08993e+02 (-1.08997e+02), Variance: 8.60924e-01 (1.50611e+00), Accept ratio: 0.46752, 
INFO:root:Epoch  2840, Energy: -1.08995e+02 (-1.09009e+02), Variance: 8.09068e-01 (1.01448e+00), Accept ratio: 0.46996, 
INFO:root:Epoch  2841, Energy: -1.08995e+02 (-1.08999e+02), Variance: 8.20210e-01 (9.18557e-01), Accept ratio: 0.46665, 
INFO:root:Epoch  2842, Energy: -1.09006e+02 (-1.08999e+02), Variance: 8.29363e-01 (9.50521e-01), Accept ratio: 0.46820, 
INFO:root:Epoch  2843, Energy: -1.09036e+02 (-1.09045e+02), Variance: 7.99186e-01 (8.99329e-01), Accept ratio: 0.47448, 
INFO:root:Epoch  2844, Energy: -1.08998e+02 (-1.08991e+02), Variance: 8.50974e-01 (1.17135e+00), Accept ratio: 0.47279, 
INFO:root:Epoch  2845, Energy: -1.09020e+02 (-1.09041e+02), Variance: 8.33135e-01 (1.76914e+00), Accept ratio: 0.46704, 
INFO:root:Epoch  2846, Energy: -1.09040e+02 (-1.09046e+02), Variance: 8.48177e-01 (1.00391e+00), Accept ratio: 0.47002, 
INFO:root:Epoch  2847, Energy: -1.08979e+02 (-1.08969e+02), Variance: 8.58987e-01 (1.11380e+00), Accept ratio: 0.47027, 
INFO:root:Epoch  2848, Energy: -1.09029e+02 (-1.09072e+02), Variance: 8.08346e-01 (2.78114e+00), Accept ratio: 0.46699, 
INFO:root:Epoch  2849, Energy: -1.08979e+02 (-1.08978e+02), Variance: 8.05580e-01 (9.88490e-01), Accept ratio: 0.47142, 
INFO:root:Epoch  2850, Energy: -1.09011e+02 (-1.08984e+02), Variance: 9.02023e-01 (2.37676e+00), Accept ratio: 0.46956, 
INFO:root:Epoch  2851, Energy: -1.08994e+02 (-1.08957e+02), Variance: 8.55179e-01 (1.60827e+00), Accept ratio: 0.46780, 
INFO:root:Epoch  2852, Energy: -1.08974e+02 (-1.08975e+02), Variance: 8.04450e-01 (9.34731e-01), Accept ratio: 0.47307, 
INFO:root:Epoch  2853, Energy: -1.09007e+02 (-1.08997e+02), Variance: 9.42035e-01 (1.74770e+00), Accept ratio: 0.46396, 
INFO:root:Epoch  2854, Energy: -1.08993e+02 (-1.09037e+02), Variance: 9.61852e-01 (2.92303e+00), Accept ratio: 0.46858, 
INFO:root:Epoch  2855, Energy: -1.08950e+02 (-1.08941e+02), Variance: 9.17875e-01 (1.18358e+00), Accept ratio: 0.46923, 
INFO:root:Epoch  2856, Energy: -1.08959e+02 (-1.08957e+02), Variance: 7.90829e-01 (1.10907e+00), Accept ratio: 0.47482, 
INFO:root:Epoch  2857, Energy: -1.08977e+02 (-1.08990e+02), Variance: 8.90326e-01 (1.22054e+00), Accept ratio: 0.46996, 
INFO:root:Epoch  2858, Energy: -1.08965e+02 (-1.08975e+02), Variance: 8.07999e-01 (1.19390e+00), Accept ratio: 0.46732, 
INFO:root:Epoch  2859, Energy: -1.09013e+02 (-1.09006e+02), Variance: 9.43297e-01 (1.07472e+00), Accept ratio: 0.46948, 
INFO:root:Epoch  2860, Energy: -1.09015e+02 (-1.09013e+02), Variance: 8.16749e-01 (1.19656e+00), Accept ratio: 0.47166, 
INFO:root:Epoch  2861, Energy: -1.08989e+02 (-1.08996e+02), Variance: 8.62521e-01 (1.23646e+00), Accept ratio: 0.46980, 
INFO:root:Epoch  2862, Energy: -1.08982e+02 (-1.08976e+02), Variance: 7.36044e-01 (9.47544e-01), Accept ratio: 0.46451, 
INFO:root:Epoch  2863, Energy: -1.09003e+02 (-1.09009e+02), Variance: 7.91474e-01 (9.94518e-01), Accept ratio: 0.46492, 
INFO:root:Epoch  2864, Energy: -1.08984e+02 (-1.08982e+02), Variance: 8.46337e-01 (1.08397e+00), Accept ratio: 0.46612, 
INFO:root:Epoch  2865, Energy: -1.08985e+02 (-1.08988e+02), Variance: 8.13019e-01 (9.63030e-01), Accept ratio: 0.47196, 
INFO:root:Epoch  2866, Energy: -1.09014e+02 (-1.09045e+02), Variance: 8.59877e-01 (1.45564e+00), Accept ratio: 0.46875, 
INFO:root:Epoch  2867, Energy: -1.08981e+02 (-1.08977e+02), Variance: 8.91822e-01 (1.71119e+00), Accept ratio: 0.46829, 
INFO:root:Epoch  2868, Energy: -1.08988e+02 (-1.08989e+02), Variance: 8.64344e-01 (9.70470e-01), Accept ratio: 0.46867, 
INFO:root:Epoch  2869, Energy: -1.09024e+02 (-1.09021e+02), Variance: 8.74394e-01 (1.24450e+00), Accept ratio: 0.46638, 
INFO:root:Epoch  2870, Energy: -1.09029e+02 (-1.09026e+02), Variance: 8.56798e-01 (1.03367e+00), Accept ratio: 0.46999, 
INFO:root:Epoch  2871, Energy: -1.08961e+02 (-1.08953e+02), Variance: 9.39897e-01 (1.44633e+00), Accept ratio: 0.46998, 
INFO:root:Epoch  2872, Energy: -1.08966e+02 (-1.08987e+02), Variance: 7.49649e-01 (1.23471e+00), Accept ratio: 0.47021, 
INFO:root:Epoch  2873, Energy: -1.08985e+02 (-1.08988e+02), Variance: 8.61355e-01 (1.05173e+00), Accept ratio: 0.46786, 
INFO:root:Epoch  2874, Energy: -1.09013e+02 (-1.09027e+02), Variance: 7.85140e-01 (1.02671e+00), Accept ratio: 0.47296, 
INFO:root:Epoch  2875, Energy: -1.09013e+02 (-1.09005e+02), Variance: 7.71354e-01 (1.04785e+00), Accept ratio: 0.47219, 
INFO:root:Epoch  2876, Energy: -1.09039e+02 (-1.09032e+02), Variance: 7.75539e-01 (8.98528e-01), Accept ratio: 0.47408, 
INFO:root:Epoch  2877, Energy: -1.08987e+02 (-1.08986e+02), Variance: 7.82650e-01 (9.37535e-01), Accept ratio: 0.47893, 
INFO:root:Epoch  2878, Energy: -1.08964e+02 (-1.08961e+02), Variance: 7.56923e-01 (9.06385e-01), Accept ratio: 0.46561, 
INFO:root:Epoch  2879, Energy: -1.08975e+02 (-1.08977e+02), Variance: 7.89577e-01 (1.02791e+00), Accept ratio: 0.47181, 
INFO:root:Epoch  2880, Energy: -1.08944e+02 (-1.08924e+02), Variance: 7.84140e-01 (2.31851e+00), Accept ratio: 0.46358, 
INFO:root:Epoch  2881, Energy: -1.08973e+02 (-1.08959e+02), Variance: 8.34955e-01 (1.21647e+00), Accept ratio: 0.46693, 
INFO:root:Epoch  2882, Energy: -1.08999e+02 (-1.09010e+02), Variance: 8.49685e-01 (1.06169e+00), Accept ratio: 0.47485, 
INFO:root:Epoch  2883, Energy: -1.08969e+02 (-1.08970e+02), Variance: 8.34001e-01 (1.04506e+00), Accept ratio: 0.47339, 
INFO:root:Epoch  2884, Energy: -1.08945e+02 (-1.08947e+02), Variance: 8.55925e-01 (9.49052e-01), Accept ratio: 0.47326, 
INFO:root:Epoch  2885, Energy: -1.09018e+02 (-1.09028e+02), Variance: 8.48852e-01 (1.01688e+00), Accept ratio: 0.47241, 
INFO:root:Epoch  2886, Energy: -1.09017e+02 (-1.09033e+02), Variance: 8.53250e-01 (1.03283e+00), Accept ratio: 0.46755, 
INFO:root:Epoch  2887, Energy: -1.08997e+02 (-1.09037e+02), Variance: 8.43874e-01 (1.77859e+00), Accept ratio: 0.46918, 
INFO:root:Epoch  2888, Energy: -1.09010e+02 (-1.09010e+02), Variance: 7.23370e-01 (8.40536e-01), Accept ratio: 0.47259, 
INFO:root:Epoch  2889, Energy: -1.08966e+02 (-1.08964e+02), Variance: 8.91135e-01 (9.95474e-01), Accept ratio: 0.46635, 
INFO:root:Epoch  2890, Energy: -1.09032e+02 (-1.09017e+02), Variance: 9.45899e-01 (1.61567e+00), Accept ratio: 0.47235, 
INFO:root:Epoch  2891, Energy: -1.09007e+02 (-1.09001e+02), Variance: 9.37751e-01 (1.06868e+00), Accept ratio: 0.47801, 
INFO:root:Epoch  2892, Energy: -1.08954e+02 (-1.08966e+02), Variance: 9.40731e-01 (1.22934e+00), Accept ratio: 0.47627, 
INFO:root:Epoch  2893, Energy: -1.08972e+02 (-1.08970e+02), Variance: 8.73842e-01 (1.04339e+00), Accept ratio: 0.47356, 
INFO:root:Epoch  2894, Energy: -1.09007e+02 (-1.09008e+02), Variance: 9.35819e-01 (1.20232e+00), Accept ratio: 0.47131, 
INFO:root:Epoch  2895, Energy: -1.09063e+02 (-1.09071e+02), Variance: 8.88089e-01 (9.80548e-01), Accept ratio: 0.47204, 
INFO:root:Epoch  2896, Energy: -1.09002e+02 (-1.09037e+02), Variance: 9.19190e-01 (2.28713e+00), Accept ratio: 0.47313, 
INFO:root:Epoch  2897, Energy: -1.09051e+02 (-1.09054e+02), Variance: 9.59899e-01 (1.23413e+00), Accept ratio: 0.47249, 
INFO:root:Epoch  2898, Energy: -1.08987e+02 (-1.08983e+02), Variance: 7.63398e-01 (1.13454e+00), Accept ratio: 0.47628, 
INFO:root:Epoch  2899, Energy: -1.08995e+02 (-1.08986e+02), Variance: 8.24550e-01 (9.26578e-01), Accept ratio: 0.47232, 
INFO:root:Epoch  2900, Energy: -1.09005e+02 (-1.08991e+02), Variance: 9.00348e-01 (1.29079e+00), Accept ratio: 0.47694, 
INFO:root:Epoch  2901, Energy: -1.09004e+02 (-1.08999e+02), Variance: 7.99512e-01 (8.87248e-01), Accept ratio: 0.46847, 
INFO:root:Epoch  2902, Energy: -1.09002e+02 (-1.09014e+02), Variance: 8.37677e-01 (1.21207e+00), Accept ratio: 0.47139, 
INFO:root:Epoch  2903, Energy: -1.08989e+02 (-1.09001e+02), Variance: 9.29042e-01 (1.19637e+00), Accept ratio: 0.47140, 
INFO:root:Epoch  2904, Energy: -1.08970e+02 (-1.08980e+02), Variance: 8.33799e-01 (1.23177e+00), Accept ratio: 0.46606, 
INFO:root:Epoch  2905, Energy: -1.08963e+02 (-1.08948e+02), Variance: 8.63003e-01 (1.18576e+00), Accept ratio: 0.46196, 
INFO:root:Epoch  2906, Energy: -1.09023e+02 (-1.09017e+02), Variance: 8.70716e-01 (1.13211e+00), Accept ratio: 0.46655, 
INFO:root:Epoch  2907, Energy: -1.08992e+02 (-1.08982e+02), Variance: 9.63590e-01 (1.63922e+00), Accept ratio: 0.46297, 
INFO:root:Epoch  2908, Energy: -1.09060e+02 (-1.09076e+02), Variance: 8.74621e-01 (1.25743e+00), Accept ratio: 0.46909, 
INFO:root:Epoch  2909, Energy: -1.09020e+02 (-1.08981e+02), Variance: 9.89720e-01 (4.13284e+00), Accept ratio: 0.46596, 
INFO:root:Epoch  2910, Energy: -1.09021e+02 (-1.09022e+02), Variance: 9.06205e-01 (1.17205e+00), Accept ratio: 0.46610, 
INFO:root:Epoch  2911, Energy: -1.09034e+02 (-1.09040e+02), Variance: 8.39292e-01 (1.33090e+00), Accept ratio: 0.47063, 
INFO:root:Epoch  2912, Energy: -1.09019e+02 (-1.09026e+02), Variance: 8.42718e-01 (9.85348e-01), Accept ratio: 0.47075, 
INFO:root:Epoch  2913, Energy: -1.08998e+02 (-1.08996e+02), Variance: 8.98325e-01 (1.08813e+00), Accept ratio: 0.47391, 
INFO:root:Epoch  2914, Energy: -1.09005e+02 (-1.09005e+02), Variance: 7.60075e-01 (9.77552e-01), Accept ratio: 0.47000, 
INFO:root:Epoch  2915, Energy: -1.08999e+02 (-1.08998e+02), Variance: 9.88453e-01 (2.08705e+00), Accept ratio: 0.46564, 
INFO:root:Epoch  2916, Energy: -1.09008e+02 (-1.09012e+02), Variance: 8.45371e-01 (1.17298e+00), Accept ratio: 0.47100, 
INFO:root:Epoch  2917, Energy: -1.09021e+02 (-1.09064e+02), Variance: 7.76145e-01 (2.00719e+00), Accept ratio: 0.46987, 
INFO:root:Epoch  2918, Energy: -1.08967e+02 (-1.08964e+02), Variance: 7.93085e-01 (8.82648e-01), Accept ratio: 0.46679, 
INFO:root:Epoch  2919, Energy: -1.09043e+02 (-1.09030e+02), Variance: 8.55394e-01 (1.44381e+00), Accept ratio: 0.46800, 
INFO:root:Epoch  2920, Energy: -1.09012e+02 (-1.08995e+02), Variance: 8.70981e-01 (1.40242e+00), Accept ratio: 0.47548, 
INFO:root:Epoch  2921, Energy: -1.09000e+02 (-1.08984e+02), Variance: 8.15203e-01 (1.17362e+00), Accept ratio: 0.46714, 
INFO:root:Epoch  2922, Energy: -1.09004e+02 (-1.08984e+02), Variance: 7.48852e-01 (1.21489e+00), Accept ratio: 0.46761, 
INFO:root:Epoch  2923, Energy: -1.08952e+02 (-1.08930e+02), Variance: 8.85311e-01 (1.57168e+00), Accept ratio: 0.47659, 
INFO:root:Epoch  2924, Energy: -1.08963e+02 (-1.08987e+02), Variance: 8.17430e-01 (1.32750e+00), Accept ratio: 0.46684, 
INFO:root:Epoch  2925, Energy: -1.08941e+02 (-1.08948e+02), Variance: 8.14436e-01 (1.17143e+00), Accept ratio: 0.47408, 
INFO:root:Epoch  2926, Energy: -1.08995e+02 (-1.08975e+02), Variance: 9.01795e-01 (1.54653e+00), Accept ratio: 0.47258, 
INFO:root:Epoch  2927, Energy: -1.08973e+02 (-1.08954e+02), Variance: 8.99566e-01 (1.53149e+00), Accept ratio: 0.46688, 
INFO:root:Epoch  2928, Energy: -1.09017e+02 (-1.09017e+02), Variance: 9.76118e-01 (1.07782e+00), Accept ratio: 0.46552, 
INFO:root:Epoch  2929, Energy: -1.09010e+02 (-1.08982e+02), Variance: 8.11081e-01 (1.16065e+00), Accept ratio: 0.47088, 
INFO:root:Epoch  2930, Energy: -1.09023e+02 (-1.09009e+02), Variance: 9.08858e-01 (1.27460e+00), Accept ratio: 0.46610, 
INFO:root:Epoch  2931, Energy: -1.09031e+02 (-1.09030e+02), Variance: 8.21443e-01 (9.16184e-01), Accept ratio: 0.46758, 
INFO:root:Epoch  2932, Energy: -1.09006e+02 (-1.09008e+02), Variance: 8.86639e-01 (1.07081e+00), Accept ratio: 0.46697, 
INFO:root:Epoch  2933, Energy: -1.08977e+02 (-1.08965e+02), Variance: 8.83557e-01 (1.23080e+00), Accept ratio: 0.47031, 
INFO:root:Epoch  2934, Energy: -1.08990e+02 (-1.08969e+02), Variance: 9.49137e-01 (2.10761e+00), Accept ratio: 0.47330, 
INFO:root:Epoch  2935, Energy: -1.08994e+02 (-1.08991e+02), Variance: 7.80464e-01 (1.84769e+00), Accept ratio: 0.47151, 
INFO:root:Epoch  2936, Energy: -1.09021e+02 (-1.09011e+02), Variance: 8.24703e-01 (1.40997e+00), Accept ratio: 0.46718, 
INFO:root:Epoch  2937, Energy: -1.08998e+02 (-1.08994e+02), Variance: 8.58665e-01 (9.98949e-01), Accept ratio: 0.46758, 
INFO:root:Epoch  2938, Energy: -1.08992e+02 (-1.08979e+02), Variance: 8.55045e-01 (1.00126e+00), Accept ratio: 0.47067, 
INFO:root:Epoch  2939, Energy: -1.09035e+02 (-1.09031e+02), Variance: 8.95955e-01 (1.05488e+00), Accept ratio: 0.47944, 
INFO:root:Epoch  2940, Energy: -1.08974e+02 (-1.08954e+02), Variance: 8.83255e-01 (1.39649e+00), Accept ratio: 0.47125, 
INFO:root:Epoch  2941, Energy: -1.09052e+02 (-1.09052e+02), Variance: 9.12528e-01 (1.05868e+00), Accept ratio: 0.47003, 
INFO:root:Epoch  2942, Energy: -1.09059e+02 (-1.09062e+02), Variance: 8.87210e-01 (9.73728e-01), Accept ratio: 0.47415, 
INFO:root:Epoch  2943, Energy: -1.09028e+02 (-1.09020e+02), Variance: 8.79705e-01 (1.05222e+00), Accept ratio: 0.46848, 
INFO:root:Epoch  2944, Energy: -1.09018e+02 (-1.09078e+02), Variance: 8.36880e-01 (4.44981e+00), Accept ratio: 0.47556, 
INFO:root:Epoch  2945, Energy: -1.09037e+02 (-1.09041e+02), Variance: 9.05160e-01 (1.07983e+00), Accept ratio: 0.46597, 
INFO:root:Epoch  2946, Energy: -1.09018e+02 (-1.09041e+02), Variance: 9.32065e-01 (1.52073e+00), Accept ratio: 0.47118, 
INFO:root:Epoch  2947, Energy: -1.08943e+02 (-1.08948e+02), Variance: 9.47329e-01 (1.06629e+00), Accept ratio: 0.47617, 
INFO:root:Epoch  2948, Energy: -1.09074e+02 (-1.09078e+02), Variance: 9.39186e-01 (1.19522e+00), Accept ratio: 0.47457, 
INFO:root:Epoch  2949, Energy: -1.09043e+02 (-1.09043e+02), Variance: 8.52888e-01 (9.57126e-01), Accept ratio: 0.46517, 
INFO:root:Epoch  2950, Energy: -1.09014e+02 (-1.08999e+02), Variance: 7.78038e-01 (1.11368e+00), Accept ratio: 0.47355, 
INFO:root:Epoch  2951, Energy: -1.08974e+02 (-1.08959e+02), Variance: 8.65783e-01 (1.37258e+00), Accept ratio: 0.46933, 
INFO:root:Epoch  2952, Energy: -1.08984e+02 (-1.08973e+02), Variance: 8.32819e-01 (1.02372e+00), Accept ratio: 0.47152, 
INFO:root:Epoch  2953, Energy: -1.08981e+02 (-1.08965e+02), Variance: 9.14019e-01 (1.43099e+00), Accept ratio: 0.46968, 
INFO:root:Epoch  2954, Energy: -1.08991e+02 (-1.08976e+02), Variance: 9.07361e-01 (1.09987e+00), Accept ratio: 0.47575, 
INFO:root:Epoch  2955, Energy: -1.08978e+02 (-1.08966e+02), Variance: 8.87949e-01 (1.07322e+00), Accept ratio: 0.46844, 
INFO:root:Epoch  2956, Energy: -1.08971e+02 (-1.08919e+02), Variance: 8.95879e-01 (3.59863e+00), Accept ratio: 0.46818, 
INFO:root:Epoch  2957, Energy: -1.09003e+02 (-1.09004e+02), Variance: 9.01812e-01 (1.21177e+00), Accept ratio: 0.47211, 
INFO:root:Epoch  2958, Energy: -1.09016e+02 (-1.08996e+02), Variance: 7.77315e-01 (1.30669e+00), Accept ratio: 0.46408, 
INFO:root:Epoch  2959, Energy: -1.09010e+02 (-1.09019e+02), Variance: 8.59561e-01 (1.23778e+00), Accept ratio: 0.46843, 
INFO:root:Epoch  2960, Energy: -1.09010e+02 (-1.09002e+02), Variance: 8.08395e-01 (1.48140e+00), Accept ratio: 0.46998, 
INFO:root:Epoch  2961, Energy: -1.08980e+02 (-1.08982e+02), Variance: 9.10749e-01 (1.43666e+00), Accept ratio: 0.47466, 
INFO:root:Epoch  2962, Energy: -1.09013e+02 (-1.09016e+02), Variance: 8.67115e-01 (9.39792e-01), Accept ratio: 0.47431, 
INFO:root:Epoch  2963, Energy: -1.08993e+02 (-1.08965e+02), Variance: 9.68970e-01 (2.99051e+00), Accept ratio: 0.46780, 
INFO:root:Epoch  2964, Energy: -1.09029e+02 (-1.09032e+02), Variance: 7.32789e-01 (7.93142e-01), Accept ratio: 0.47190, 
INFO:root:Epoch  2965, Energy: -1.09030e+02 (-1.09046e+02), Variance: 9.61927e-01 (1.36883e+00), Accept ratio: 0.46683, 
INFO:root:Epoch  2966, Energy: -1.08969e+02 (-1.08942e+02), Variance: 8.62654e-01 (1.53048e+00), Accept ratio: 0.47209, 
INFO:root:Epoch  2967, Energy: -1.08928e+02 (-1.08920e+02), Variance: 7.35367e-01 (1.01225e+00), Accept ratio: 0.47427, 
INFO:root:Epoch  2968, Energy: -1.08953e+02 (-1.08963e+02), Variance: 8.40557e-01 (1.37071e+00), Accept ratio: 0.46808, 
INFO:root:Epoch  2969, Energy: -1.08992e+02 (-1.08999e+02), Variance: 9.04421e-01 (1.18673e+00), Accept ratio: 0.46287, 
INFO:root:Epoch  2970, Energy: -1.09000e+02 (-1.09005e+02), Variance: 9.21790e-01 (1.30542e+00), Accept ratio: 0.46655, 
INFO:root:Epoch  2971, Energy: -1.08987e+02 (-1.08995e+02), Variance: 7.83630e-01 (1.12864e+00), Accept ratio: 0.47502, 
INFO:root:Epoch  2972, Energy: -1.09012e+02 (-1.08986e+02), Variance: 7.85771e-01 (1.97607e+00), Accept ratio: 0.46676, 
INFO:root:Epoch  2973, Energy: -1.09015e+02 (-1.09013e+02), Variance: 7.97273e-01 (8.75848e-01), Accept ratio: 0.47153, 
INFO:root:Epoch  2974, Energy: -1.09003e+02 (-1.09042e+02), Variance: 8.00905e-01 (2.56345e+00), Accept ratio: 0.46557, 
INFO:root:Epoch  2975, Energy: -1.09009e+02 (-1.08992e+02), Variance: 8.82544e-01 (1.24697e+00), Accept ratio: 0.47366, 
INFO:root:Epoch  2976, Energy: -1.09026e+02 (-1.09027e+02), Variance: 7.73575e-01 (8.50327e-01), Accept ratio: 0.47288, 
INFO:root:Epoch  2977, Energy: -1.09070e+02 (-1.09115e+02), Variance: 8.68104e-01 (3.41688e+00), Accept ratio: 0.47295, 
INFO:root:Epoch  2978, Energy: -1.09023e+02 (-1.09015e+02), Variance: 8.30145e-01 (1.05072e+00), Accept ratio: 0.46626, 
INFO:root:Epoch  2979, Energy: -1.09063e+02 (-1.09070e+02), Variance: 7.50986e-01 (9.21462e-01), Accept ratio: 0.46863, 
INFO:root:Epoch  2980, Energy: -1.09044e+02 (-1.09038e+02), Variance: 8.51195e-01 (1.08667e+00), Accept ratio: 0.47095, 
INFO:root:Epoch  2981, Energy: -1.09007e+02 (-1.09015e+02), Variance: 8.37156e-01 (1.11838e+00), Accept ratio: 0.46659, 
INFO:root:Epoch  2982, Energy: -1.09022e+02 (-1.09004e+02), Variance: 9.04314e-01 (1.74866e+00), Accept ratio: 0.47488, 
INFO:root:Epoch  2983, Energy: -1.09028e+02 (-1.09031e+02), Variance: 7.78664e-01 (9.27610e-01), Accept ratio: 0.47420, 
INFO:root:Epoch  2984, Energy: -1.09037e+02 (-1.09016e+02), Variance: 8.20341e-01 (1.11652e+00), Accept ratio: 0.47346, 
INFO:root:Epoch  2985, Energy: -1.09061e+02 (-1.09059e+02), Variance: 9.90481e-01 (1.90621e+00), Accept ratio: 0.46722, 
INFO:root:Epoch  2986, Energy: -1.08980e+02 (-1.08965e+02), Variance: 9.14616e-01 (1.60492e+00), Accept ratio: 0.46985, 
INFO:root:Epoch  2987, Energy: -1.09001e+02 (-1.09003e+02), Variance: 8.62733e-01 (9.65678e-01), Accept ratio: 0.47030, 
INFO:root:Epoch  2988, Energy: -1.09003e+02 (-1.08981e+02), Variance: 8.14984e-01 (1.20698e+00), Accept ratio: 0.47107, 
INFO:root:Epoch  2989, Energy: -1.09020e+02 (-1.09023e+02), Variance: 8.50264e-01 (9.80365e-01), Accept ratio: 0.46347, 
INFO:root:Epoch  2990, Energy: -1.09029e+02 (-1.09031e+02), Variance: 8.32428e-01 (9.98451e-01), Accept ratio: 0.46291, 
INFO:root:Epoch  2991, Energy: -1.09025e+02 (-1.09016e+02), Variance: 9.30675e-01 (1.13095e+00), Accept ratio: 0.46975, 
INFO:root:Epoch  2992, Energy: -1.09013e+02 (-1.09004e+02), Variance: 8.66448e-01 (1.26788e+00), Accept ratio: 0.48195, 
INFO:root:Epoch  2993, Energy: -1.08989e+02 (-1.08975e+02), Variance: 1.01056e+00 (1.86027e+00), Accept ratio: 0.46695, 
INFO:root:Epoch  2994, Energy: -1.09041e+02 (-1.09073e+02), Variance: 9.08111e-01 (1.72345e+00), Accept ratio: 0.46343, 
INFO:root:Epoch  2995, Energy: -1.09012e+02 (-1.09012e+02), Variance: 9.16691e-01 (1.12682e+00), Accept ratio: 0.47327, 
INFO:root:Epoch  2996, Energy: -1.08986e+02 (-1.08987e+02), Variance: 8.32551e-01 (1.70455e+00), Accept ratio: 0.46957, 
INFO:root:Epoch  2997, Energy: -1.08987e+02 (-1.08970e+02), Variance: 8.35524e-01 (1.06835e+00), Accept ratio: 0.47247, 
INFO:root:Epoch  2998, Energy: -1.09017e+02 (-1.09008e+02), Variance: 8.23359e-01 (1.06731e+00), Accept ratio: 0.47375, 
INFO:root:Epoch  2999, Energy: -1.09050e+02 (-1.09077e+02), Variance: 8.05903e-01 (1.82758e+00), Accept ratio: 0.47250, 
INFO:root:Epoch  3000, Energy: -1.09047e+02 (-1.09047e+02), Variance: 7.86434e-01 (9.52378e-01), Accept ratio: 0.47001, , best weights saved
INFO:root:Epoch  3001, Energy: -1.09080e+02 (-1.09094e+02), Variance: 9.20578e-01 (1.21489e+00), Accept ratio: 0.47114, 
INFO:root:Epoch  3002, Energy: -1.09011e+02 (-1.08979e+02), Variance: 9.14895e-01 (2.63258e+00), Accept ratio: 0.46803, 
INFO:root:Epoch  3003, Energy: -1.09003e+02 (-1.09004e+02), Variance: 8.39970e-01 (9.33479e-01), Accept ratio: 0.47250, 
INFO:root:Epoch  3004, Energy: -1.08997e+02 (-1.08951e+02), Variance: 9.58220e-01 (2.78472e+00), Accept ratio: 0.47309, 
INFO:root:Epoch  3005, Energy: -1.09011e+02 (-1.09006e+02), Variance: 8.25831e-01 (1.21076e+00), Accept ratio: 0.46805, 
INFO:root:Epoch  3006, Energy: -1.08973e+02 (-1.08961e+02), Variance: 1.00545e+00 (1.38182e+00), Accept ratio: 0.47001, 
INFO:root:Epoch  3007, Energy: -1.09004e+02 (-1.08992e+02), Variance: 7.96196e-01 (1.09410e+00), Accept ratio: 0.46989, 
INFO:root:Epoch  3008, Energy: -1.09006e+02 (-1.09010e+02), Variance: 7.86248e-01 (1.18619e+00), Accept ratio: 0.46997, 
INFO:root:Epoch  3009, Energy: -1.08974e+02 (-1.08980e+02), Variance: 8.91578e-01 (1.30097e+00), Accept ratio: 0.47200, 
INFO:root:Epoch  3010, Energy: -1.08995e+02 (-1.09028e+02), Variance: 8.07430e-01 (2.14527e+00), Accept ratio: 0.47485, 
INFO:root:Epoch  3011, Energy: -1.08970e+02 (-1.08971e+02), Variance: 8.23062e-01 (1.99252e+00), Accept ratio: 0.47443, 
INFO:root:Epoch  3012, Energy: -1.08974e+02 (-1.08969e+02), Variance: 8.15807e-01 (1.22354e+00), Accept ratio: 0.47147, 
INFO:root:Epoch  3013, Energy: -1.09008e+02 (-1.08974e+02), Variance: 8.18226e-01 (1.64377e+00), Accept ratio: 0.47152, 
INFO:root:Epoch  3014, Energy: -1.08932e+02 (-1.08922e+02), Variance: 9.65210e-01 (1.07051e+00), Accept ratio: 0.47233, 
INFO:root:Epoch  3015, Energy: -1.09027e+02 (-1.09024e+02), Variance: 8.78672e-01 (1.23347e+00), Accept ratio: 0.47171, 
INFO:root:Epoch  3016, Energy: -1.08973e+02 (-1.08962e+02), Variance: 8.69808e-01 (1.04968e+00), Accept ratio: 0.46491, 
INFO:root:Epoch  3017, Energy: -1.08977e+02 (-1.08934e+02), Variance: 1.03424e+00 (3.78978e+00), Accept ratio: 0.46642, 
INFO:root:Epoch  3018, Energy: -1.09037e+02 (-1.09030e+02), Variance: 8.55948e-01 (1.12019e+00), Accept ratio: 0.46502, 
INFO:root:Epoch  3019, Energy: -1.09005e+02 (-1.09008e+02), Variance: 7.74821e-01 (1.08356e+00), Accept ratio: 0.47053, 
INFO:root:Epoch  3020, Energy: -1.08993e+02 (-1.08995e+02), Variance: 9.15448e-01 (1.17488e+00), Accept ratio: 0.46955, 
INFO:root:Epoch  3021, Energy: -1.09036e+02 (-1.09006e+02), Variance: 9.52992e-01 (1.58085e+00), Accept ratio: 0.46997, 
INFO:root:Epoch  3022, Energy: -1.09008e+02 (-1.08987e+02), Variance: 9.74947e-01 (1.45570e+00), Accept ratio: 0.47225, 
INFO:root:Epoch  3023, Energy: -1.09000e+02 (-1.08993e+02), Variance: 8.87293e-01 (1.42145e+00), Accept ratio: 0.46792, 
INFO:root:Epoch  3024, Energy: -1.09002e+02 (-1.08992e+02), Variance: 8.69186e-01 (1.22385e+00), Accept ratio: 0.46868, 
INFO:root:Epoch  3025, Energy: -1.09046e+02 (-1.09047e+02), Variance: 9.41542e-01 (1.27486e+00), Accept ratio: 0.46493, 
INFO:root:Epoch  3026, Energy: -1.09008e+02 (-1.09035e+02), Variance: 8.23909e-01 (1.75950e+00), Accept ratio: 0.47094, 
INFO:root:Epoch  3027, Energy: -1.08987e+02 (-1.08986e+02), Variance: 7.95438e-01 (1.00860e+00), Accept ratio: 0.48044, 
INFO:root:Epoch  3028, Energy: -1.08954e+02 (-1.08961e+02), Variance: 7.30479e-01 (1.15149e+00), Accept ratio: 0.46850, 
INFO:root:Epoch  3029, Energy: -1.08993e+02 (-1.08996e+02), Variance: 8.36169e-01 (9.19907e-01), Accept ratio: 0.46761, 
INFO:root:Epoch  3030, Energy: -1.08940e+02 (-1.08932e+02), Variance: 8.19184e-01 (1.09020e+00), Accept ratio: 0.47250, 
INFO:root:Epoch  3031, Energy: -1.08974e+02 (-1.08957e+02), Variance: 8.86437e-01 (1.20882e+00), Accept ratio: 0.47022, 
INFO:root:Epoch  3032, Energy: -1.08965e+02 (-1.08941e+02), Variance: 8.75419e-01 (1.55890e+00), Accept ratio: 0.47246, 
INFO:root:Epoch  3033, Energy: -1.09014e+02 (-1.09016e+02), Variance: 7.96989e-01 (8.56818e-01), Accept ratio: 0.46549, 
INFO:root:Epoch  3034, Energy: -1.08961e+02 (-1.08901e+02), Variance: 8.20005e-01 (5.60497e+00), Accept ratio: 0.46804, 
INFO:root:Epoch  3035, Energy: -1.09009e+02 (-1.09001e+02), Variance: 9.13583e-01 (1.09855e+00), Accept ratio: 0.47087, 
INFO:root:Epoch  3036, Energy: -1.09007e+02 (-1.08997e+02), Variance: 8.07537e-01 (9.43218e-01), Accept ratio: 0.47064, 
INFO:root:Epoch  3037, Energy: -1.09028e+02 (-1.09041e+02), Variance: 8.33864e-01 (1.35880e+00), Accept ratio: 0.46785, 
INFO:root:Epoch  3038, Energy: -1.08986e+02 (-1.08984e+02), Variance: 7.94191e-01 (8.75544e-01), Accept ratio: 0.47379, 
INFO:root:Epoch  3039, Energy: -1.09021e+02 (-1.09014e+02), Variance: 8.67717e-01 (1.04842e+00), Accept ratio: 0.46913, 
INFO:root:Epoch  3040, Energy: -1.08958e+02 (-1.08951e+02), Variance: 8.56496e-01 (1.21124e+00), Accept ratio: 0.47284, 
INFO:root:Epoch  3041, Energy: -1.08968e+02 (-1.08959e+02), Variance: 8.41961e-01 (1.07383e+00), Accept ratio: 0.46534, 
INFO:root:Epoch  3042, Energy: -1.09024e+02 (-1.09025e+02), Variance: 7.32508e-01 (9.47185e-01), Accept ratio: 0.46908, 
INFO:root:Epoch  3043, Energy: -1.09061e+02 (-1.09070e+02), Variance: 8.41113e-01 (9.81581e-01), Accept ratio: 0.47158, 
INFO:root:Epoch  3044, Energy: -1.08970e+02 (-1.08936e+02), Variance: 8.75787e-01 (2.06267e+00), Accept ratio: 0.47016, 
INFO:root:Epoch  3045, Energy: -1.08998e+02 (-1.08993e+02), Variance: 8.17701e-01 (8.99289e-01), Accept ratio: 0.45884, 
INFO:root:Epoch  3046, Energy: -1.08983e+02 (-1.08978e+02), Variance: 8.56523e-01 (1.12947e+00), Accept ratio: 0.47291, 
INFO:root:Epoch  3047, Energy: -1.08968e+02 (-1.08950e+02), Variance: 8.48471e-01 (1.07899e+00), Accept ratio: 0.46900, 
INFO:root:Epoch  3048, Energy: -1.08969e+02 (-1.08977e+02), Variance: 9.00786e-01 (1.29569e+00), Accept ratio: 0.46741, 
INFO:root:Epoch  3049, Energy: -1.09025e+02 (-1.09036e+02), Variance: 7.74927e-01 (1.04257e+00), Accept ratio: 0.47180, 
INFO:root:Epoch  3050, Energy: -1.09021e+02 (-1.09030e+02), Variance: 8.23227e-01 (1.35264e+00), Accept ratio: 0.46969, 
INFO:root:Epoch  3051, Energy: -1.09032e+02 (-1.09047e+02), Variance: 9.19818e-01 (1.42533e+00), Accept ratio: 0.46625, 
INFO:root:Epoch  3052, Energy: -1.09023e+02 (-1.09025e+02), Variance: 8.53909e-01 (1.09901e+00), Accept ratio: 0.46882, 
INFO:root:Epoch  3053, Energy: -1.08983e+02 (-1.08967e+02), Variance: 9.87138e-01 (1.56168e+00), Accept ratio: 0.46805, 
INFO:root:Epoch  3054, Energy: -1.08989e+02 (-1.08994e+02), Variance: 8.68746e-01 (1.43348e+00), Accept ratio: 0.46506, 
INFO:root:Epoch  3055, Energy: -1.08996e+02 (-1.09002e+02), Variance: 9.00745e-01 (1.03946e+00), Accept ratio: 0.46303, 
INFO:root:Epoch  3056, Energy: -1.08980e+02 (-1.08982e+02), Variance: 9.12202e-01 (1.17690e+00), Accept ratio: 0.46863, 
INFO:root:Epoch  3057, Energy: -1.09005e+02 (-1.09016e+02), Variance: 9.37751e-01 (1.54450e+00), Accept ratio: 0.46264, 
INFO:root:Epoch  3058, Energy: -1.08994e+02 (-1.08972e+02), Variance: 8.83427e-01 (1.58844e+00), Accept ratio: 0.47015, 
INFO:root:Epoch  3059, Energy: -1.09029e+02 (-1.09097e+02), Variance: 9.15485e-01 (2.59893e+00), Accept ratio: 0.47232, 
INFO:root:Epoch  3060, Energy: -1.09029e+02 (-1.09030e+02), Variance: 9.85275e-01 (1.04963e+00), Accept ratio: 0.46748, 
INFO:root:Epoch  3061, Energy: -1.08983e+02 (-1.08948e+02), Variance: 8.54668e-01 (2.02035e+00), Accept ratio: 0.47012, 
INFO:root:Epoch  3062, Energy: -1.09009e+02 (-1.08999e+02), Variance: 8.29007e-01 (1.21066e+00), Accept ratio: 0.46809, 
INFO:root:Epoch  3063, Energy: -1.08972e+02 (-1.08967e+02), Variance: 8.15030e-01 (1.28982e+00), Accept ratio: 0.47079, 
INFO:root:Epoch  3064, Energy: -1.09018e+02 (-1.09020e+02), Variance: 8.24895e-01 (1.79654e+00), Accept ratio: 0.46383, 
INFO:root:Epoch  3065, Energy: -1.09035e+02 (-1.09042e+02), Variance: 9.00901e-01 (1.03803e+00), Accept ratio: 0.46989, 
INFO:root:Epoch  3066, Energy: -1.09011e+02 (-1.09009e+02), Variance: 8.05092e-01 (9.65535e-01), Accept ratio: 0.46107, 
INFO:root:Epoch  3067, Energy: -1.09016e+02 (-1.09015e+02), Variance: 8.26102e-01 (1.13414e+00), Accept ratio: 0.46763, 
INFO:root:Epoch  3068, Energy: -1.09034e+02 (-1.09045e+02), Variance: 7.90139e-01 (1.14713e+00), Accept ratio: 0.46659, 
INFO:root:Epoch  3069, Energy: -1.08997e+02 (-1.08983e+02), Variance: 7.70517e-01 (9.69549e-01), Accept ratio: 0.46974, 
INFO:root:Epoch  3070, Energy: -1.09043e+02 (-1.09047e+02), Variance: 7.84415e-01 (1.14814e+00), Accept ratio: 0.47348, 
INFO:root:Epoch  3071, Energy: -1.09015e+02 (-1.08996e+02), Variance: 9.65848e-01 (1.68161e+00), Accept ratio: 0.47211, 
INFO:root:Epoch  3072, Energy: -1.09085e+02 (-1.09088e+02), Variance: 8.46490e-01 (9.09170e-01), Accept ratio: 0.47203, 
INFO:root:Epoch  3073, Energy: -1.09087e+02 (-1.09085e+02), Variance: 9.37535e-01 (1.18709e+00), Accept ratio: 0.47040, 
INFO:root:Epoch  3074, Energy: -1.09057e+02 (-1.09075e+02), Variance: 7.90679e-01 (1.33575e+00), Accept ratio: 0.47501, 
INFO:root:Epoch  3075, Energy: -1.08987e+02 (-1.08980e+02), Variance: 8.25189e-01 (1.03996e+00), Accept ratio: 0.47096, 
INFO:root:Epoch  3076, Energy: -1.08974e+02 (-1.08969e+02), Variance: 8.56205e-01 (9.28830e-01), Accept ratio: 0.46776, 
INFO:root:Epoch  3077, Energy: -1.08959e+02 (-1.08955e+02), Variance: 8.62212e-01 (1.06722e+00), Accept ratio: 0.46844, 
INFO:root:Epoch  3078, Energy: -1.09016e+02 (-1.09019e+02), Variance: 8.55651e-01 (1.15179e+00), Accept ratio: 0.46216, 
INFO:root:Epoch  3079, Energy: -1.08991e+02 (-1.08989e+02), Variance: 8.51555e-01 (9.93258e-01), Accept ratio: 0.47096, 
INFO:root:Epoch  3080, Energy: -1.09009e+02 (-1.09007e+02), Variance: 8.49271e-01 (9.37250e-01), Accept ratio: 0.47303, 
INFO:root:Epoch  3081, Energy: -1.09024e+02 (-1.09004e+02), Variance: 7.90412e-01 (1.03772e+00), Accept ratio: 0.46594, 
INFO:root:Epoch  3082, Energy: -1.09025e+02 (-1.09008e+02), Variance: 7.16442e-01 (1.11767e+00), Accept ratio: 0.47150, 
INFO:root:Epoch  3083, Energy: -1.08973e+02 (-1.08910e+02), Variance: 8.59109e-01 (4.82855e+00), Accept ratio: 0.46972, 
INFO:root:Epoch  3084, Energy: -1.09053e+02 (-1.09047e+02), Variance: 6.85844e-01 (8.04564e-01), Accept ratio: 0.47539, 
INFO:root:Epoch  3085, Energy: -1.09017e+02 (-1.09010e+02), Variance: 7.29364e-01 (8.52059e-01), Accept ratio: 0.47048, 
INFO:root:Epoch  3086, Energy: -1.08987e+02 (-1.08966e+02), Variance: 8.69540e-01 (1.25972e+00), Accept ratio: 0.46258, 
INFO:root:Epoch  3087, Energy: -1.09036e+02 (-1.09029e+02), Variance: 8.59833e-01 (9.86402e-01), Accept ratio: 0.47110, 
INFO:root:Epoch  3088, Energy: -1.09019e+02 (-1.09004e+02), Variance: 9.45086e-01 (1.28812e+00), Accept ratio: 0.46853, 
INFO:root:Epoch  3089, Energy: -1.08967e+02 (-1.08957e+02), Variance: 8.94952e-01 (1.16656e+00), Accept ratio: 0.47211, 
INFO:root:Epoch  3090, Energy: -1.09036e+02 (-1.09042e+02), Variance: 8.40117e-01 (1.29066e+00), Accept ratio: 0.47149, 
INFO:root:Epoch  3091, Energy: -1.09030e+02 (-1.09023e+02), Variance: 7.33367e-01 (8.13224e-01), Accept ratio: 0.46985, 
INFO:root:Epoch  3092, Energy: -1.09005e+02 (-1.09006e+02), Variance: 7.99357e-01 (1.09190e+00), Accept ratio: 0.47168, 
INFO:root:Epoch  3093, Energy: -1.09053e+02 (-1.09039e+02), Variance: 7.45946e-01 (9.37818e-01), Accept ratio: 0.47233, 
INFO:root:Epoch  3094, Energy: -1.08977e+02 (-1.08972e+02), Variance: 8.63382e-01 (1.36441e+00), Accept ratio: 0.47297, 
INFO:root:Epoch  3095, Energy: -1.09014e+02 (-1.08999e+02), Variance: 7.66948e-01 (1.19396e+00), Accept ratio: 0.47046, 
INFO:root:Epoch  3096, Energy: -1.08991e+02 (-1.09000e+02), Variance: 7.57372e-01 (9.36419e-01), Accept ratio: 0.46980, 
INFO:root:Epoch  3097, Energy: -1.09005e+02 (-1.09004e+02), Variance: 7.83655e-01 (9.35066e-01), Accept ratio: 0.47072, 
INFO:root:Epoch  3098, Energy: -1.08993e+02 (-1.08997e+02), Variance: 8.81725e-01 (9.99700e-01), Accept ratio: 0.46845, 
INFO:root:Epoch  3099, Energy: -1.09006e+02 (-1.08997e+02), Variance: 8.66069e-01 (1.03179e+00), Accept ratio: 0.46678, 
INFO:root:Epoch  3100, Energy: -1.09033e+02 (-1.09040e+02), Variance: 8.44759e-01 (9.64264e-01), Accept ratio: 0.46805, , best weights saved
INFO:root:Epoch  3101, Energy: -1.09065e+02 (-1.09065e+02), Variance: 1.06299e+00 (1.42317e+00), Accept ratio: 0.46925, 
INFO:root:Epoch  3102, Energy: -1.08967e+02 (-1.08940e+02), Variance: 8.73872e-01 (1.75243e+00), Accept ratio: 0.46749, 
INFO:root:Epoch  3103, Energy: -1.08980e+02 (-1.08976e+02), Variance: 8.45827e-01 (9.80446e-01), Accept ratio: 0.47346, 
INFO:root:Epoch  3104, Energy: -1.09011e+02 (-1.09020e+02), Variance: 9.10666e-01 (1.47139e+00), Accept ratio: 0.47373, 
INFO:root:Epoch  3105, Energy: -1.08997e+02 (-1.08990e+02), Variance: 8.23556e-01 (1.35277e+00), Accept ratio: 0.46562, 
INFO:root:Epoch  3106, Energy: -1.08953e+02 (-1.08959e+02), Variance: 7.89589e-01 (1.19795e+00), Accept ratio: 0.47433, 
INFO:root:Epoch  3107, Energy: -1.09011e+02 (-1.09003e+02), Variance: 8.23061e-01 (9.80110e-01), Accept ratio: 0.47594, 
INFO:root:Epoch  3108, Energy: -1.08964e+02 (-1.08975e+02), Variance: 7.80444e-01 (9.60674e-01), Accept ratio: 0.46773, 
INFO:root:Epoch  3109, Energy: -1.09028e+02 (-1.09026e+02), Variance: 7.14006e-01 (7.39256e-01), Accept ratio: 0.46513, 
INFO:root:Epoch  3110, Energy: -1.08992e+02 (-1.08979e+02), Variance: 9.33832e-01 (1.35571e+00), Accept ratio: 0.46818, 
INFO:root:Epoch  3111, Energy: -1.08981e+02 (-1.08982e+02), Variance: 8.47169e-01 (9.77804e-01), Accept ratio: 0.47422, 
INFO:root:Epoch  3112, Energy: -1.09005e+02 (-1.09006e+02), Variance: 8.38956e-01 (9.39220e-01), Accept ratio: 0.47067, 
INFO:root:Epoch  3113, Energy: -1.09020e+02 (-1.09019e+02), Variance: 9.40343e-01 (1.61657e+00), Accept ratio: 0.46860, 
INFO:root:Epoch  3114, Energy: -1.08979e+02 (-1.08980e+02), Variance: 8.96929e-01 (1.27986e+00), Accept ratio: 0.47194, 
INFO:root:Epoch  3115, Energy: -1.09009e+02 (-1.08996e+02), Variance: 8.24665e-01 (1.05394e+00), Accept ratio: 0.46694, 
INFO:root:Epoch  3116, Energy: -1.08998e+02 (-1.09009e+02), Variance: 8.72209e-01 (1.17243e+00), Accept ratio: 0.47569, 
INFO:root:Epoch  3117, Energy: -1.08963e+02 (-1.08949e+02), Variance: 8.58955e-01 (1.09076e+00), Accept ratio: 0.46675, 
INFO:root:Epoch  3118, Energy: -1.09012e+02 (-1.09011e+02), Variance: 8.59042e-01 (1.03455e+00), Accept ratio: 0.47488, 
INFO:root:Epoch  3119, Energy: -1.09021e+02 (-1.08966e+02), Variance: 8.56251e-01 (3.62562e+00), Accept ratio: 0.46359, 
INFO:root:Epoch  3120, Energy: -1.09052e+02 (-1.09033e+02), Variance: 8.57725e-01 (1.39031e+00), Accept ratio: 0.46550, 
INFO:root:Epoch  3121, Energy: -1.09035e+02 (-1.09152e+02), Variance: 9.10782e-01 (1.45885e+01), Accept ratio: 0.46740, 
INFO:root:Epoch  3122, Energy: -1.09002e+02 (-1.09011e+02), Variance: 9.47787e-01 (1.22372e+00), Accept ratio: 0.48111, 
INFO:root:Epoch  3123, Energy: -1.09068e+02 (-1.09069e+02), Variance: 9.30118e-01 (2.11676e+00), Accept ratio: 0.46773, 
INFO:root:Epoch  3124, Energy: -1.09003e+02 (-1.09005e+02), Variance: 8.49277e-01 (1.16196e+00), Accept ratio: 0.47233, 
INFO:root:Epoch  3125, Energy: -1.09034e+02 (-1.09049e+02), Variance: 8.68758e-01 (1.37108e+00), Accept ratio: 0.47063, 
INFO:root:Epoch  3126, Energy: -1.09000e+02 (-1.08968e+02), Variance: 1.07049e+00 (1.96253e+00), Accept ratio: 0.47425, 
INFO:root:Epoch  3127, Energy: -1.08988e+02 (-1.08959e+02), Variance: 9.60810e-01 (1.53386e+00), Accept ratio: 0.46768, 
INFO:root:Epoch  3128, Energy: -1.09015e+02 (-1.09023e+02), Variance: 9.60922e-01 (1.42684e+00), Accept ratio: 0.46950, 
INFO:root:Epoch  3129, Energy: -1.09013e+02 (-1.09009e+02), Variance: 9.09340e-01 (1.56584e+00), Accept ratio: 0.47376, 
INFO:root:Epoch  3130, Energy: -1.09002e+02 (-1.08993e+02), Variance: 8.50791e-01 (1.08751e+00), Accept ratio: 0.46858, 
INFO:root:Epoch  3131, Energy: -1.08980e+02 (-1.08963e+02), Variance: 7.93457e-01 (1.15601e+00), Accept ratio: 0.46892, 
INFO:root:Epoch  3132, Energy: -1.09034e+02 (-1.09011e+02), Variance: 8.00073e-01 (1.33311e+00), Accept ratio: 0.46952, 
INFO:root:Epoch  3133, Energy: -1.08996e+02 (-1.08973e+02), Variance: 8.94011e-01 (1.67114e+00), Accept ratio: 0.47523, 
INFO:root:Epoch  3134, Energy: -1.08984e+02 (-1.08954e+02), Variance: 9.70463e-01 (1.66239e+00), Accept ratio: 0.47016, 
INFO:root:Epoch  3135, Energy: -1.09034e+02 (-1.09020e+02), Variance: 8.37485e-01 (1.18427e+00), Accept ratio: 0.46674, 
INFO:root:Epoch  3136, Energy: -1.09004e+02 (-1.08981e+02), Variance: 8.25034e-01 (2.52970e+00), Accept ratio: 0.47042, 
INFO:root:Epoch  3137, Energy: -1.09039e+02 (-1.09039e+02), Variance: 8.28102e-01 (1.00105e+00), Accept ratio: 0.46659, 
INFO:root:Epoch  3138, Energy: -1.08994e+02 (-1.08990e+02), Variance: 8.34297e-01 (1.10701e+00), Accept ratio: 0.47188, 
INFO:root:Epoch  3139, Energy: -1.09018e+02 (-1.09012e+02), Variance: 8.94051e-01 (1.22570e+00), Accept ratio: 0.46922, 
INFO:root:Epoch  3140, Energy: -1.09005e+02 (-1.09026e+02), Variance: 9.40608e-01 (5.53563e+00), Accept ratio: 0.46253, 
INFO:root:Epoch  3141, Energy: -1.08966e+02 (-1.08967e+02), Variance: 9.44451e-01 (1.71123e+00), Accept ratio: 0.46605, 
INFO:root:Epoch  3142, Energy: -1.09039e+02 (-1.09044e+02), Variance: 8.22393e-01 (9.44686e-01), Accept ratio: 0.47315, 
INFO:root:Epoch  3143, Energy: -1.08974e+02 (-1.08969e+02), Variance: 9.36567e-01 (1.25845e+00), Accept ratio: 0.47242, 
INFO:root:Epoch  3144, Energy: -1.08965e+02 (-1.08954e+02), Variance: 7.88918e-01 (1.52103e+00), Accept ratio: 0.46649, 
INFO:root:Epoch  3145, Energy: -1.08985e+02 (-1.08974e+02), Variance: 8.55682e-01 (1.20602e+00), Accept ratio: 0.47254, 
INFO:root:Epoch  3146, Energy: -1.09038e+02 (-1.09050e+02), Variance: 1.00110e+00 (1.50097e+00), Accept ratio: 0.46933, 
INFO:root:Epoch  3147, Energy: -1.09015e+02 (-1.09022e+02), Variance: 1.03566e+00 (1.59950e+00), Accept ratio: 0.45689, 
INFO:root:Epoch  3148, Energy: -1.09060e+02 (-1.09064e+02), Variance: 8.19694e-01 (9.21687e-01), Accept ratio: 0.47494, 
INFO:root:Epoch  3149, Energy: -1.09064e+02 (-1.09081e+02), Variance: 8.91362e-01 (1.38068e+00), Accept ratio: 0.47372, 
INFO:root:Epoch  3150, Energy: -1.08999e+02 (-1.08998e+02), Variance: 8.31399e-01 (9.43658e-01), Accept ratio: 0.47211, 
INFO:root:Epoch  3151, Energy: -1.09000e+02 (-1.08979e+02), Variance: 8.17163e-01 (1.16387e+00), Accept ratio: 0.47193, 
INFO:root:Epoch  3152, Energy: -1.09046e+02 (-1.09043e+02), Variance: 7.36917e-01 (7.80140e-01), Accept ratio: 0.46587, 
INFO:root:Epoch  3153, Energy: -1.08985e+02 (-1.08973e+02), Variance: 7.87252e-01 (9.84182e-01), Accept ratio: 0.46265, 
INFO:root:Epoch  3154, Energy: -1.08999e+02 (-1.08979e+02), Variance: 8.60537e-01 (1.68251e+00), Accept ratio: 0.47311, 
INFO:root:Epoch  3155, Energy: -1.08992e+02 (-1.08987e+02), Variance: 8.09970e-01 (9.04810e-01), Accept ratio: 0.47073, 
INFO:root:Epoch  3156, Energy: -1.09030e+02 (-1.09010e+02), Variance: 8.61015e-01 (1.60583e+00), Accept ratio: 0.47649, 
INFO:root:Epoch  3157, Energy: -1.09039e+02 (-1.09029e+02), Variance: 9.46237e-01 (1.83480e+00), Accept ratio: 0.46880, 
INFO:root:Epoch  3158, Energy: -1.09045e+02 (-1.09054e+02), Variance: 7.87258e-01 (8.76863e-01), Accept ratio: 0.47132, 
INFO:root:Epoch  3159, Energy: -1.08993e+02 (-1.08996e+02), Variance: 7.81673e-01 (8.22093e-01), Accept ratio: 0.47245, 
INFO:root:Epoch  3160, Energy: -1.09041e+02 (-1.09072e+02), Variance: 8.55782e-01 (1.33349e+00), Accept ratio: 0.46970, 
INFO:root:Epoch  3161, Energy: -1.09001e+02 (-1.09024e+02), Variance: 7.91962e-01 (1.30917e+00), Accept ratio: 0.46934, 
INFO:root:Epoch  3162, Energy: -1.09002e+02 (-1.09014e+02), Variance: 8.20813e-01 (1.20288e+00), Accept ratio: 0.46183, 
INFO:root:Epoch  3163, Energy: -1.09035e+02 (-1.09072e+02), Variance: 8.64641e-01 (1.88587e+00), Accept ratio: 0.46593, 
INFO:root:Epoch  3164, Energy: -1.09021e+02 (-1.09000e+02), Variance: 8.56675e-01 (1.36027e+00), Accept ratio: 0.46298, 
INFO:root:Epoch  3165, Energy: -1.09017e+02 (-1.09026e+02), Variance: 9.08096e-01 (1.10265e+00), Accept ratio: 0.46985, 
INFO:root:Epoch  3166, Energy: -1.09017e+02 (-1.08996e+02), Variance: 9.62099e-01 (1.47618e+00), Accept ratio: 0.47356, 
INFO:root:Epoch  3167, Energy: -1.09061e+02 (-1.09020e+02), Variance: 7.79109e-01 (1.94825e+00), Accept ratio: 0.46832, 
INFO:root:Epoch  3168, Energy: -1.09013e+02 (-1.09011e+02), Variance: 8.79260e-01 (1.22323e+00), Accept ratio: 0.47130, 
INFO:root:Epoch  3169, Energy: -1.09047e+02 (-1.09049e+02), Variance: 7.90868e-01 (9.62550e-01), Accept ratio: 0.47672, 
INFO:root:Epoch  3170, Energy: -1.08981e+02 (-1.08994e+02), Variance: 9.11137e-01 (2.07936e+00), Accept ratio: 0.46960, 
INFO:root:Epoch  3171, Energy: -1.09038e+02 (-1.09040e+02), Variance: 8.12268e-01 (1.03807e+00), Accept ratio: 0.47649, 
INFO:root:Epoch  3172, Energy: -1.09029e+02 (-1.09028e+02), Variance: 8.61495e-01 (9.67225e-01), Accept ratio: 0.46914, 
INFO:root:Epoch  3173, Energy: -1.09030e+02 (-1.09041e+02), Variance: 7.65945e-01 (1.03553e+00), Accept ratio: 0.47077, 
INFO:root:Epoch  3174, Energy: -1.09021e+02 (-1.09021e+02), Variance: 7.27988e-01 (9.29828e-01), Accept ratio: 0.46801, 
INFO:root:Epoch  3175, Energy: -1.09030e+02 (-1.09032e+02), Variance: 8.16489e-01 (1.05300e+00), Accept ratio: 0.47373, 
INFO:root:Epoch  3176, Energy: -1.09034e+02 (-1.09052e+02), Variance: 8.38714e-01 (1.95120e+00), Accept ratio: 0.46727, 
INFO:root:Epoch  3177, Energy: -1.09041e+02 (-1.09077e+02), Variance: 8.78365e-01 (1.47919e+00), Accept ratio: 0.46602, 
INFO:root:Epoch  3178, Energy: -1.09028e+02 (-1.09031e+02), Variance: 9.17281e-01 (9.96194e-01), Accept ratio: 0.47056, 
INFO:root:Epoch  3179, Energy: -1.09049e+02 (-1.09065e+02), Variance: 8.35973e-01 (1.15411e+00), Accept ratio: 0.47552, 
INFO:root:Epoch  3180, Energy: -1.09010e+02 (-1.09007e+02), Variance: 9.04403e-01 (1.07105e+00), Accept ratio: 0.47018, 
INFO:root:Epoch  3181, Energy: -1.09003e+02 (-1.08902e+02), Variance: 1.00204e+00 (5.53716e+00), Accept ratio: 0.46463, 
INFO:root:Epoch  3182, Energy: -1.09036e+02 (-1.09000e+02), Variance: 9.88558e-01 (1.76431e+00), Accept ratio: 0.47119, 
INFO:root:Epoch  3183, Energy: -1.09046e+02 (-1.09060e+02), Variance: 8.94268e-01 (1.38510e+00), Accept ratio: 0.47730, 
INFO:root:Epoch  3184, Energy: -1.09073e+02 (-1.09063e+02), Variance: 8.88167e-01 (1.31132e+00), Accept ratio: 0.46990, 
INFO:root:Epoch  3185, Energy: -1.09034e+02 (-1.09026e+02), Variance: 7.89123e-01 (9.31025e-01), Accept ratio: 0.46878, 
INFO:root:Epoch  3186, Energy: -1.09021e+02 (-1.09009e+02), Variance: 9.30801e-01 (1.38788e+00), Accept ratio: 0.47081, 
INFO:root:Epoch  3187, Energy: -1.09037e+02 (-1.09033e+02), Variance: 8.14094e-01 (9.77998e-01), Accept ratio: 0.47733, 
INFO:root:Epoch  3188, Energy: -1.09055e+02 (-1.09055e+02), Variance: 8.41986e-01 (1.00672e+00), Accept ratio: 0.47358, 
INFO:root:Epoch  3189, Energy: -1.09039e+02 (-1.09032e+02), Variance: 9.13906e-01 (1.19750e+00), Accept ratio: 0.46776, 
INFO:root:Epoch  3190, Energy: -1.09017e+02 (-1.08948e+02), Variance: 9.33569e-01 (5.99210e+00), Accept ratio: 0.46819, 
INFO:root:Epoch  3191, Energy: -1.09016e+02 (-1.09014e+02), Variance: 8.68207e-01 (1.30146e+00), Accept ratio: 0.46801, 
INFO:root:Epoch  3192, Energy: -1.09018e+02 (-1.09025e+02), Variance: 7.84272e-01 (9.83862e-01), Accept ratio: 0.47217, 
INFO:root:Epoch  3193, Energy: -1.09014e+02 (-1.09013e+02), Variance: 8.91095e-01 (9.81539e-01), Accept ratio: 0.46981, 
INFO:root:Epoch  3194, Energy: -1.09000e+02 (-1.08967e+02), Variance: 9.36191e-01 (2.26721e+00), Accept ratio: 0.47040, 
INFO:root:Epoch  3195, Energy: -1.08979e+02 (-1.08970e+02), Variance: 9.06444e-01 (1.15285e+00), Accept ratio: 0.46204, 
INFO:root:Epoch  3196, Energy: -1.09030e+02 (-1.09035e+02), Variance: 8.63188e-01 (1.06672e+00), Accept ratio: 0.47213, 
INFO:root:Epoch  3197, Energy: -1.09039e+02 (-1.09024e+02), Variance: 7.79666e-01 (1.19173e+00), Accept ratio: 0.46653, 
INFO:root:Epoch  3198, Energy: -1.09036e+02 (-1.09022e+02), Variance: 8.56747e-01 (1.13989e+00), Accept ratio: 0.47097, 
INFO:root:Epoch  3199, Energy: -1.09034e+02 (-1.09034e+02), Variance: 7.44269e-01 (8.47917e-01), Accept ratio: 0.47244, 
INFO:root:Epoch  3200, Energy: -1.09039e+02 (-1.09026e+02), Variance: 7.24332e-01 (2.05484e+00), Accept ratio: 0.47363, , best weights saved
INFO:root:Epoch  3201, Energy: -1.09023e+02 (-1.09021e+02), Variance: 7.84628e-01 (9.22178e-01), Accept ratio: 0.46894, 
INFO:root:Epoch  3202, Energy: -1.08949e+02 (-1.08932e+02), Variance: 8.03133e-01 (1.24765e+00), Accept ratio: 0.47340, 
INFO:root:Epoch  3203, Energy: -1.09019e+02 (-1.09025e+02), Variance: 9.29897e-01 (1.27600e+00), Accept ratio: 0.47195, 
INFO:root:Epoch  3204, Energy: -1.09052e+02 (-1.09051e+02), Variance: 8.24688e-01 (1.03458e+00), Accept ratio: 0.47634, 
INFO:root:Epoch  3205, Energy: -1.08981e+02 (-1.08947e+02), Variance: 7.18786e-01 (1.57363e+00), Accept ratio: 0.46897, 
INFO:root:Epoch  3206, Energy: -1.09031e+02 (-1.09027e+02), Variance: 7.74249e-01 (9.77603e-01), Accept ratio: 0.47256, 
INFO:root:Epoch  3207, Energy: -1.09044e+02 (-1.09047e+02), Variance: 8.35195e-01 (9.36627e-01), Accept ratio: 0.47362, 
INFO:root:Epoch  3208, Energy: -1.09029e+02 (-1.09060e+02), Variance: 8.64638e-01 (1.70348e+00), Accept ratio: 0.46550, 
INFO:root:Epoch  3209, Energy: -1.09035e+02 (-1.09043e+02), Variance: 8.92089e-01 (1.21920e+00), Accept ratio: 0.47377, 
INFO:root:Epoch  3210, Energy: -1.09056e+02 (-1.09046e+02), Variance: 7.60738e-01 (9.68361e-01), Accept ratio: 0.47155, 
INFO:root:Epoch  3211, Energy: -1.09038e+02 (-1.09022e+02), Variance: 8.50161e-01 (1.14195e+00), Accept ratio: 0.46850, 
INFO:root:Epoch  3212, Energy: -1.09017e+02 (-1.08989e+02), Variance: 7.81202e-01 (1.59586e+00), Accept ratio: 0.46685, 
INFO:root:Epoch  3213, Energy: -1.09088e+02 (-1.09113e+02), Variance: 7.87494e-01 (1.51795e+00), Accept ratio: 0.46735, 
INFO:root:Epoch  3214, Energy: -1.09001e+02 (-1.09021e+02), Variance: 7.69053e-01 (1.35665e+00), Accept ratio: 0.46326, 
INFO:root:Epoch  3215, Energy: -1.09062e+02 (-1.09087e+02), Variance: 9.37325e-01 (1.52254e+00), Accept ratio: 0.46284, 
INFO:root:Epoch  3216, Energy: -1.09061e+02 (-1.09053e+02), Variance: 7.92911e-01 (9.91324e-01), Accept ratio: 0.46911, 
INFO:root:Epoch  3217, Energy: -1.09063e+02 (-1.09056e+02), Variance: 7.55771e-01 (1.45292e+00), Accept ratio: 0.47191, 
INFO:root:Epoch  3218, Energy: -1.09030e+02 (-1.09033e+02), Variance: 7.99504e-01 (9.84949e-01), Accept ratio: 0.46681, 
INFO:root:Epoch  3219, Energy: -1.09025e+02 (-1.09015e+02), Variance: 8.14537e-01 (1.26740e+00), Accept ratio: 0.46401, 
INFO:root:Epoch  3220, Energy: -1.09009e+02 (-1.09015e+02), Variance: 8.83177e-01 (1.17622e+00), Accept ratio: 0.47096, 
INFO:root:Epoch  3221, Energy: -1.09047e+02 (-1.09052e+02), Variance: 7.68865e-01 (8.62937e-01), Accept ratio: 0.47086, 
INFO:root:Epoch  3222, Energy: -1.09058e+02 (-1.09050e+02), Variance: 8.89802e-01 (1.22296e+00), Accept ratio: 0.47103, 
INFO:root:Epoch  3223, Energy: -1.09032e+02 (-1.09029e+02), Variance: 7.77813e-01 (8.93104e-01), Accept ratio: 0.45960, 
INFO:root:Epoch  3224, Energy: -1.09076e+02 (-1.09086e+02), Variance: 8.55077e-01 (9.64332e-01), Accept ratio: 0.46662, 
INFO:root:Epoch  3225, Energy: -1.09041e+02 (-1.09024e+02), Variance: 8.35586e-01 (1.19767e+00), Accept ratio: 0.46750, 
INFO:root:Epoch  3226, Energy: -1.08983e+02 (-1.08946e+02), Variance: 8.54490e-01 (1.61678e+00), Accept ratio: 0.46440, 
INFO:root:Epoch  3227, Energy: -1.08980e+02 (-1.08966e+02), Variance: 8.84039e-01 (1.21736e+00), Accept ratio: 0.46912, 
INFO:root:Epoch  3228, Energy: -1.08996e+02 (-1.09003e+02), Variance: 7.53431e-01 (1.11082e+00), Accept ratio: 0.46496, 
INFO:root:Epoch  3229, Energy: -1.09027e+02 (-1.09031e+02), Variance: 8.47151e-01 (9.60613e-01), Accept ratio: 0.47119, 
INFO:root:Epoch  3230, Energy: -1.09020e+02 (-1.08997e+02), Variance: 8.93716e-01 (1.21275e+00), Accept ratio: 0.47048, 
INFO:root:Epoch  3231, Energy: -1.08963e+02 (-1.08953e+02), Variance: 8.52482e-01 (1.04292e+00), Accept ratio: 0.46489, 
INFO:root:Epoch  3232, Energy: -1.09015e+02 (-1.09017e+02), Variance: 8.39739e-01 (1.12990e+00), Accept ratio: 0.46682, 
INFO:root:Epoch  3233, Energy: -1.09002e+02 (-1.08998e+02), Variance: 9.04270e-01 (1.10952e+00), Accept ratio: 0.48194, 
INFO:root:Epoch  3234, Energy: -1.09028e+02 (-1.09053e+02), Variance: 8.78632e-01 (1.55343e+00), Accept ratio: 0.46477, 
INFO:root:Epoch  3235, Energy: -1.09007e+02 (-1.09065e+02), Variance: 8.87287e-01 (3.09489e+00), Accept ratio: 0.46462, 
INFO:root:Epoch  3236, Energy: -1.09003e+02 (-1.09016e+02), Variance: 9.30812e-01 (2.03884e+00), Accept ratio: 0.46443, 
INFO:root:Epoch  3237, Energy: -1.09022e+02 (-1.09029e+02), Variance: 8.31178e-01 (9.34022e-01), Accept ratio: 0.47124, 
INFO:root:Epoch  3238, Energy: -1.09032e+02 (-1.09000e+02), Variance: 8.18690e-01 (2.12514e+00), Accept ratio: 0.47153, 
INFO:root:Epoch  3239, Energy: -1.09046e+02 (-1.09033e+02), Variance: 8.70837e-01 (1.09248e+00), Accept ratio: 0.46783, 
INFO:root:Epoch  3240, Energy: -1.08992e+02 (-1.09011e+02), Variance: 8.59037e-01 (1.46389e+00), Accept ratio: 0.46276, 
INFO:root:Epoch  3241, Energy: -1.09034e+02 (-1.09014e+02), Variance: 9.10498e-01 (1.54506e+00), Accept ratio: 0.46284, 
INFO:root:Epoch  3242, Energy: -1.09059e+02 (-1.09061e+02), Variance: 8.03282e-01 (9.37257e-01), Accept ratio: 0.45946, 
INFO:root:Epoch  3243, Energy: -1.09022e+02 (-1.09038e+02), Variance: 8.47896e-01 (1.19599e+00), Accept ratio: 0.46586, 
INFO:root:Epoch  3244, Energy: -1.09011e+02 (-1.09012e+02), Variance: 8.32607e-01 (1.01237e+00), Accept ratio: 0.47094, 
INFO:root:Epoch  3245, Energy: -1.09035e+02 (-1.09075e+02), Variance: 7.71647e-01 (2.07514e+00), Accept ratio: 0.47138, 
INFO:root:Epoch  3246, Energy: -1.08975e+02 (-1.08977e+02), Variance: 8.22553e-01 (1.04562e+00), Accept ratio: 0.47515, 
INFO:root:Epoch  3247, Energy: -1.09013e+02 (-1.09004e+02), Variance: 7.06225e-01 (9.07880e-01), Accept ratio: 0.46733, 
INFO:root:Epoch  3248, Energy: -1.08983e+02 (-1.08982e+02), Variance: 8.91823e-01 (1.65869e+00), Accept ratio: 0.46754, 
INFO:root:Epoch  3249, Energy: -1.09053e+02 (-1.09072e+02), Variance: 8.67678e-01 (1.56685e+00), Accept ratio: 0.46360, 
INFO:root:Epoch  3250, Energy: -1.09013e+02 (-1.09028e+02), Variance: 7.31641e-01 (9.66970e-01), Accept ratio: 0.46799, 
INFO:root:Epoch  3251, Energy: -1.08980e+02 (-1.08960e+02), Variance: 8.43221e-01 (1.06793e+00), Accept ratio: 0.46602, 
INFO:root:Epoch  3252, Energy: -1.09010e+02 (-1.09050e+02), Variance: 8.78125e-01 (3.03892e+00), Accept ratio: 0.47143, 
INFO:root:Epoch  3253, Energy: -1.08992e+02 (-1.08985e+02), Variance: 8.19906e-01 (9.82879e-01), Accept ratio: 0.46700, 
INFO:root:Epoch  3254, Energy: -1.09009e+02 (-1.09017e+02), Variance: 6.91762e-01 (9.39463e-01), Accept ratio: 0.47187, 
INFO:root:Epoch  3255, Energy: -1.09008e+02 (-1.09066e+02), Variance: 8.03589e-01 (3.09733e+00), Accept ratio: 0.46758, 
INFO:root:Epoch  3256, Energy: -1.09052e+02 (-1.09067e+02), Variance: 7.67020e-01 (1.09378e+00), Accept ratio: 0.47001, 
INFO:root:Epoch  3257, Energy: -1.09016e+02 (-1.09012e+02), Variance: 8.45156e-01 (1.22902e+00), Accept ratio: 0.47220, 
INFO:root:Epoch  3258, Energy: -1.09029e+02 (-1.09030e+02), Variance: 7.85122e-01 (8.45135e-01), Accept ratio: 0.46701, 
INFO:root:Epoch  3259, Energy: -1.08985e+02 (-1.08986e+02), Variance: 8.28159e-01 (1.54021e+00), Accept ratio: 0.46523, 
INFO:root:Epoch  3260, Energy: -1.09067e+02 (-1.09069e+02), Variance: 7.02867e-01 (7.63688e-01), Accept ratio: 0.47457, 
INFO:root:Epoch  3261, Energy: -1.09038e+02 (-1.09047e+02), Variance: 8.57785e-01 (1.42159e+00), Accept ratio: 0.46629, 
INFO:root:Epoch  3262, Energy: -1.09018e+02 (-1.09023e+02), Variance: 8.15814e-01 (9.44940e-01), Accept ratio: 0.47133, 
INFO:root:Epoch  3263, Energy: -1.08970e+02 (-1.08961e+02), Variance: 8.16708e-01 (1.03064e+00), Accept ratio: 0.47225, 
INFO:root:Epoch  3264, Energy: -1.09031e+02 (-1.09049e+02), Variance: 7.56012e-01 (1.06828e+00), Accept ratio: 0.47502, 
INFO:root:Epoch  3265, Energy: -1.09013e+02 (-1.09011e+02), Variance: 7.83146e-01 (8.84907e-01), Accept ratio: 0.46834, 
INFO:root:Epoch  3266, Energy: -1.09059e+02 (-1.09056e+02), Variance: 8.76179e-01 (1.66799e+00), Accept ratio: 0.46413, 
INFO:root:Epoch  3267, Energy: -1.09035e+02 (-1.09064e+02), Variance: 8.33775e-01 (1.88478e+00), Accept ratio: 0.47510, 
INFO:root:Epoch  3268, Energy: -1.09075e+02 (-1.09098e+02), Variance: 7.44975e-01 (1.59740e+00), Accept ratio: 0.46795, 
INFO:root:Epoch  3269, Energy: -1.08979e+02 (-1.08945e+02), Variance: 7.15755e-01 (1.14529e+00), Accept ratio: 0.47339, 
INFO:root:Epoch  3270, Energy: -1.09025e+02 (-1.09020e+02), Variance: 7.55057e-01 (9.30234e-01), Accept ratio: 0.46956, 
INFO:root:Epoch  3271, Energy: -1.09014e+02 (-1.09000e+02), Variance: 7.52593e-01 (9.50294e-01), Accept ratio: 0.46691, 
INFO:root:Epoch  3272, Energy: -1.09002e+02 (-1.09000e+02), Variance: 8.17538e-01 (9.63649e-01), Accept ratio: 0.47394, 
INFO:root:Epoch  3273, Energy: -1.09030e+02 (-1.09023e+02), Variance: 7.99543e-01 (9.94006e-01), Accept ratio: 0.46661, 
INFO:root:Epoch  3274, Energy: -1.09043e+02 (-1.09035e+02), Variance: 7.89163e-01 (1.35883e+00), Accept ratio: 0.46671, 
INFO:root:Epoch  3275, Energy: -1.09051e+02 (-1.09033e+02), Variance: 8.25023e-01 (1.33989e+00), Accept ratio: 0.47212, 
INFO:root:Epoch  3276, Energy: -1.09041e+02 (-1.09049e+02), Variance: 8.70886e-01 (9.91719e-01), Accept ratio: 0.47102, 
INFO:root:Epoch  3277, Energy: -1.09009e+02 (-1.09008e+02), Variance: 8.90772e-01 (1.71015e+00), Accept ratio: 0.47261, 
INFO:root:Epoch  3278, Energy: -1.09007e+02 (-1.09010e+02), Variance: 8.37387e-01 (1.21654e+00), Accept ratio: 0.46670, 
INFO:root:Epoch  3279, Energy: -1.08978e+02 (-1.08960e+02), Variance: 7.85668e-01 (1.12919e+00), Accept ratio: 0.46883, 
INFO:root:Epoch  3280, Energy: -1.08990e+02 (-1.08973e+02), Variance: 8.30405e-01 (1.19018e+00), Accept ratio: 0.46994, 
INFO:root:Epoch  3281, Energy: -1.08996e+02 (-1.08996e+02), Variance: 9.46471e-01 (1.41082e+00), Accept ratio: 0.46578, 
INFO:root:Epoch  3282, Energy: -1.08974e+02 (-1.08970e+02), Variance: 8.20212e-01 (9.89837e-01), Accept ratio: 0.46732, 
INFO:root:Epoch  3283, Energy: -1.09032e+02 (-1.09039e+02), Variance: 8.14763e-01 (1.08838e+00), Accept ratio: 0.47220, 
INFO:root:Epoch  3284, Energy: -1.08975e+02 (-1.08945e+02), Variance: 8.62091e-01 (1.43002e+00), Accept ratio: 0.46809, 
INFO:root:Epoch  3285, Energy: -1.08984e+02 (-1.08964e+02), Variance: 9.11546e-01 (3.45176e+00), Accept ratio: 0.46310, 
INFO:root:Epoch  3286, Energy: -1.08967e+02 (-1.08962e+02), Variance: 7.57958e-01 (9.54031e-01), Accept ratio: 0.46938, 
INFO:root:Epoch  3287, Energy: -1.08993e+02 (-1.08978e+02), Variance: 8.46593e-01 (1.08438e+00), Accept ratio: 0.47478, 
INFO:root:Epoch  3288, Energy: -1.08963e+02 (-1.08954e+02), Variance: 8.38916e-01 (1.22501e+00), Accept ratio: 0.47089, 
INFO:root:Epoch  3289, Energy: -1.09019e+02 (-1.09131e+02), Variance: 9.01327e-01 (1.18196e+01), Accept ratio: 0.46959, 
INFO:root:Epoch  3290, Energy: -1.08964e+02 (-1.08963e+02), Variance: 7.90313e-01 (1.07073e+00), Accept ratio: 0.47205, 
INFO:root:Epoch  3291, Energy: -1.08992e+02 (-1.09000e+02), Variance: 8.05518e-01 (1.10636e+00), Accept ratio: 0.48043, 
INFO:root:Epoch  3292, Energy: -1.09018e+02 (-1.09013e+02), Variance: 8.98856e-01 (1.52115e+00), Accept ratio: 0.47352, 
INFO:root:Epoch  3293, Energy: -1.08969e+02 (-1.08975e+02), Variance: 6.96360e-01 (7.71413e-01), Accept ratio: 0.47021, 
INFO:root:Epoch  3294, Energy: -1.08969e+02 (-1.08939e+02), Variance: 8.79152e-01 (1.54237e+00), Accept ratio: 0.47464, 
INFO:root:Epoch  3295, Energy: -1.08986e+02 (-1.08981e+02), Variance: 7.53556e-01 (9.23329e-01), Accept ratio: 0.47241, 
INFO:root:Epoch  3296, Energy: -1.08955e+02 (-1.08952e+02), Variance: 7.48796e-01 (8.22110e-01), Accept ratio: 0.46650, 
INFO:root:Epoch  3297, Energy: -1.09008e+02 (-1.09019e+02), Variance: 8.83481e-01 (1.04275e+00), Accept ratio: 0.46835, 
INFO:root:Epoch  3298, Energy: -1.08998e+02 (-1.08996e+02), Variance: 7.84296e-01 (8.49372e-01), Accept ratio: 0.46283, 
INFO:root:Epoch  3299, Energy: -1.08977e+02 (-1.08969e+02), Variance: 7.46408e-01 (1.05259e+00), Accept ratio: 0.47189, 
INFO:root:Epoch  3300, Energy: -1.08986e+02 (-1.08985e+02), Variance: 7.83169e-01 (1.14795e+00), Accept ratio: 0.46768, , best weights saved
INFO:root:Epoch  3301, Energy: -1.09018e+02 (-1.09003e+02), Variance: 9.49640e-01 (1.45974e+00), Accept ratio: 0.47167, 
INFO:root:Epoch  3302, Energy: -1.08984e+02 (-1.08978e+02), Variance: 8.51189e-01 (9.75253e-01), Accept ratio: 0.46851, 
INFO:root:Epoch  3303, Energy: -1.08974e+02 (-1.08946e+02), Variance: 8.44333e-01 (2.63079e+00), Accept ratio: 0.47007, 
INFO:root:Epoch  3304, Energy: -1.09006e+02 (-1.09009e+02), Variance: 8.94604e-01 (1.26702e+00), Accept ratio: 0.46704, 
INFO:root:Epoch  3305, Energy: -1.08993e+02 (-1.08988e+02), Variance: 8.34136e-01 (1.23127e+00), Accept ratio: 0.47022, 
INFO:root:Epoch  3306, Energy: -1.09024e+02 (-1.09022e+02), Variance: 7.81740e-01 (9.17534e-01), Accept ratio: 0.46948, 
INFO:root:Epoch  3307, Energy: -1.09038e+02 (-1.09024e+02), Variance: 7.65136e-01 (1.14936e+00), Accept ratio: 0.47408, 
INFO:root:Epoch  3308, Energy: -1.09014e+02 (-1.09014e+02), Variance: 8.61998e-01 (1.00812e+00), Accept ratio: 0.46850, 
INFO:root:Epoch  3309, Energy: -1.09029e+02 (-1.09027e+02), Variance: 7.83022e-01 (1.02349e+00), Accept ratio: 0.45768, 
INFO:root:Epoch  3310, Energy: -1.09014e+02 (-1.09029e+02), Variance: 8.17690e-01 (1.20400e+00), Accept ratio: 0.47566, 
INFO:root:Epoch  3311, Energy: -1.09029e+02 (-1.09022e+02), Variance: 8.27755e-01 (1.14825e+00), Accept ratio: 0.46707, 
INFO:root:Epoch  3312, Energy: -1.09049e+02 (-1.09042e+02), Variance: 8.50598e-01 (1.06603e+00), Accept ratio: 0.47564, 
INFO:root:Epoch  3313, Energy: -1.09023e+02 (-1.09040e+02), Variance: 9.57369e-01 (1.29294e+00), Accept ratio: 0.46809, 
INFO:root:Epoch  3314, Energy: -1.08995e+02 (-1.08978e+02), Variance: 9.53372e-01 (1.49256e+00), Accept ratio: 0.46255, 
INFO:root:Epoch  3315, Energy: -1.09030e+02 (-1.08999e+02), Variance: 7.81471e-01 (1.67653e+00), Accept ratio: 0.47077, 
INFO:root:Epoch  3316, Energy: -1.09035e+02 (-1.09032e+02), Variance: 7.36397e-01 (7.73070e-01), Accept ratio: 0.47149, 
INFO:root:Epoch  3317, Energy: -1.09025e+02 (-1.09014e+02), Variance: 7.80926e-01 (1.03889e+00), Accept ratio: 0.46702, 
INFO:root:Epoch  3318, Energy: -1.09038e+02 (-1.09024e+02), Variance: 7.99041e-01 (1.16877e+00), Accept ratio: 0.47079, 
INFO:root:Epoch  3319, Energy: -1.08987e+02 (-1.08940e+02), Variance: 8.55190e-01 (2.36824e+00), Accept ratio: 0.47250, 
INFO:root:Epoch  3320, Energy: -1.09024e+02 (-1.09025e+02), Variance: 7.16625e-01 (8.01765e-01), Accept ratio: 0.46599, 
INFO:root:Epoch  3321, Energy: -1.09064e+02 (-1.09057e+02), Variance: 8.13676e-01 (9.82446e-01), Accept ratio: 0.46881, 
INFO:root:Epoch  3322, Energy: -1.09070e+02 (-1.09058e+02), Variance: 7.42842e-01 (1.30155e+00), Accept ratio: 0.47701, 
INFO:root:Epoch  3323, Energy: -1.09025e+02 (-1.09034e+02), Variance: 8.43260e-01 (1.25008e+00), Accept ratio: 0.47584, 
INFO:root:Epoch  3324, Energy: -1.09032e+02 (-1.09005e+02), Variance: 8.03205e-01 (2.09114e+00), Accept ratio: 0.47521, 
INFO:root:Epoch  3325, Energy: -1.09075e+02 (-1.09101e+02), Variance: 8.16889e-01 (1.14063e+00), Accept ratio: 0.47230, 
INFO:root:Epoch  3326, Energy: -1.09060e+02 (-1.09069e+02), Variance: 7.21112e-01 (1.41149e+00), Accept ratio: 0.46557, 
INFO:root:Epoch  3327, Energy: -1.09074e+02 (-1.09083e+02), Variance: 7.47506e-01 (9.03587e-01), Accept ratio: 0.46411, 
INFO:root:Epoch  3328, Energy: -1.09051e+02 (-1.09050e+02), Variance: 8.63826e-01 (9.06893e-01), Accept ratio: 0.46581, 
INFO:root:Epoch  3329, Energy: -1.09035e+02 (-1.09032e+02), Variance: 8.25538e-01 (9.37724e-01), Accept ratio: 0.47325, 
INFO:root:Epoch  3330, Energy: -1.09058e+02 (-1.09058e+02), Variance: 7.64449e-01 (9.90454e-01), Accept ratio: 0.46850, 
INFO:root:Epoch  3331, Energy: -1.09021e+02 (-1.09004e+02), Variance: 7.23551e-01 (9.58611e-01), Accept ratio: 0.46380, 
INFO:root:Epoch  3332, Energy: -1.09082e+02 (-1.09064e+02), Variance: 8.56916e-01 (1.21107e+00), Accept ratio: 0.47077, 
INFO:root:Epoch  3333, Energy: -1.09073e+02 (-1.09129e+02), Variance: 9.45621e-01 (3.32458e+00), Accept ratio: 0.46936, 
INFO:root:Epoch  3334, Energy: -1.09083e+02 (-1.09085e+02), Variance: 8.46359e-01 (9.79363e-01), Accept ratio: 0.47357, 
INFO:root:Epoch  3335, Energy: -1.09029e+02 (-1.09033e+02), Variance: 7.40244e-01 (9.03466e-01), Accept ratio: 0.47093, 
INFO:root:Epoch  3336, Energy: -1.09011e+02 (-1.08997e+02), Variance: 8.63215e-01 (1.22814e+00), Accept ratio: 0.47033, 
INFO:root:Epoch  3337, Energy: -1.09039e+02 (-1.09024e+02), Variance: 8.96406e-01 (1.29536e+00), Accept ratio: 0.46751, 
INFO:root:Epoch  3338, Energy: -1.09032e+02 (-1.09015e+02), Variance: 8.42115e-01 (3.07423e+00), Accept ratio: 0.47026, 
INFO:root:Epoch  3339, Energy: -1.09029e+02 (-1.09004e+02), Variance: 8.39760e-01 (1.27891e+00), Accept ratio: 0.46539, 
INFO:root:Epoch  3340, Energy: -1.09042e+02 (-1.09013e+02), Variance: 9.11622e-01 (1.39545e+00), Accept ratio: 0.46598, 
INFO:root:Epoch  3341, Energy: -1.09042e+02 (-1.09040e+02), Variance: 8.92185e-01 (1.01226e+00), Accept ratio: 0.46773, 
INFO:root:Epoch  3342, Energy: -1.09071e+02 (-1.09062e+02), Variance: 8.49095e-01 (1.67484e+00), Accept ratio: 0.46446, 
INFO:root:Epoch  3343, Energy: -1.09083e+02 (-1.09080e+02), Variance: 1.00093e+00 (1.35079e+00), Accept ratio: 0.46597, 
INFO:root:Epoch  3344, Energy: -1.09053e+02 (-1.09015e+02), Variance: 9.92976e-01 (1.80634e+00), Accept ratio: 0.47218, 
INFO:root:Epoch  3345, Energy: -1.09031e+02 (-1.08958e+02), Variance: 8.75928e-01 (1.14845e+01), Accept ratio: 0.46523, 
INFO:root:Epoch  3346, Energy: -1.09003e+02 (-1.08978e+02), Variance: 8.82674e-01 (1.23718e+00), Accept ratio: 0.46899, 
INFO:root:Epoch  3347, Energy: -1.08989e+02 (-1.08992e+02), Variance: 8.23602e-01 (9.56573e-01), Accept ratio: 0.46857, 
INFO:root:Epoch  3348, Energy: -1.09077e+02 (-1.09091e+02), Variance: 8.26259e-01 (1.15572e+00), Accept ratio: 0.46131, 
INFO:root:Epoch  3349, Energy: -1.09062e+02 (-1.09059e+02), Variance: 8.42135e-01 (9.50476e-01), Accept ratio: 0.45961, 
INFO:root:Epoch  3350, Energy: -1.09007e+02 (-1.08998e+02), Variance: 8.56036e-01 (1.12960e+00), Accept ratio: 0.47090, 
INFO:root:Epoch  3351, Energy: -1.09003e+02 (-1.08963e+02), Variance: 9.05710e-01 (1.58950e+00), Accept ratio: 0.47115, 
INFO:root:Epoch  3352, Energy: -1.09053e+02 (-1.09047e+02), Variance: 8.26289e-01 (9.86594e-01), Accept ratio: 0.46465, 
INFO:root:Epoch  3353, Energy: -1.09075e+02 (-1.09067e+02), Variance: 7.99780e-01 (1.25736e+00), Accept ratio: 0.46840, 
INFO:root:Epoch  3354, Energy: -1.09098e+02 (-1.09096e+02), Variance: 7.69964e-01 (8.81065e-01), Accept ratio: 0.47495, 
INFO:root:Epoch  3355, Energy: -1.09041e+02 (-1.09035e+02), Variance: 7.75955e-01 (9.16706e-01), Accept ratio: 0.47044, 
INFO:root:Epoch  3356, Energy: -1.09023e+02 (-1.09003e+02), Variance: 8.39465e-01 (1.11327e+00), Accept ratio: 0.46725, 
INFO:root:Epoch  3357, Energy: -1.09053e+02 (-1.09056e+02), Variance: 8.54550e-01 (1.48394e+00), Accept ratio: 0.46800, 
INFO:root:Epoch  3358, Energy: -1.09009e+02 (-1.08984e+02), Variance: 8.59388e-01 (1.69266e+00), Accept ratio: 0.47497, 
INFO:root:Epoch  3359, Energy: -1.09004e+02 (-1.09012e+02), Variance: 8.33340e-01 (9.39969e-01), Accept ratio: 0.47452, 
INFO:root:Epoch  3360, Energy: -1.08990e+02 (-1.08980e+02), Variance: 8.04559e-01 (1.06187e+00), Accept ratio: 0.46791, 
INFO:root:Epoch  3361, Energy: -1.08998e+02 (-1.08986e+02), Variance: 8.64164e-01 (1.20129e+00), Accept ratio: 0.46494, 
INFO:root:Epoch  3362, Energy: -1.08988e+02 (-1.08979e+02), Variance: 7.74985e-01 (8.93305e-01), Accept ratio: 0.47627, 
INFO:root:Epoch  3363, Energy: -1.09067e+02 (-1.09090e+02), Variance: 7.78421e-01 (1.49872e+00), Accept ratio: 0.47173, 
INFO:root:Epoch  3364, Energy: -1.08989e+02 (-1.08992e+02), Variance: 7.51388e-01 (9.31773e-01), Accept ratio: 0.47251, 
INFO:root:Epoch  3365, Energy: -1.08990e+02 (-1.08977e+02), Variance: 7.30804e-01 (9.79458e-01), Accept ratio: 0.46928, 
INFO:root:Epoch  3366, Energy: -1.09004e+02 (-1.08983e+02), Variance: 8.24686e-01 (1.45699e+00), Accept ratio: 0.47109, 
INFO:root:Epoch  3367, Energy: -1.09016e+02 (-1.08984e+02), Variance: 8.59992e-01 (1.56695e+00), Accept ratio: 0.46790, 
INFO:root:Epoch  3368, Energy: -1.09056e+02 (-1.09045e+02), Variance: 9.05432e-01 (1.29110e+00), Accept ratio: 0.47210, 
INFO:root:Epoch  3369, Energy: -1.09042e+02 (-1.09041e+02), Variance: 8.93529e-01 (1.11957e+00), Accept ratio: 0.47575, 
INFO:root:Epoch  3370, Energy: -1.09010e+02 (-1.08990e+02), Variance: 7.71800e-01 (1.09138e+00), Accept ratio: 0.46512, 
INFO:root:Epoch  3371, Energy: -1.08982e+02 (-1.08973e+02), Variance: 7.77484e-01 (8.76827e-01), Accept ratio: 0.47243, 
INFO:root:Epoch  3372, Energy: -1.08990e+02 (-1.08997e+02), Variance: 8.66218e-01 (1.69113e+00), Accept ratio: 0.46693, 
INFO:root:Epoch  3373, Energy: -1.09004e+02 (-1.09010e+02), Variance: 7.90161e-01 (1.05945e+00), Accept ratio: 0.46929, 
INFO:root:Epoch  3374, Energy: -1.09024e+02 (-1.09047e+02), Variance: 7.60199e-01 (1.38505e+00), Accept ratio: 0.46166, 
INFO:root:Epoch  3375, Energy: -1.09050e+02 (-1.09057e+02), Variance: 7.84409e-01 (9.73830e-01), Accept ratio: 0.47384, 
INFO:root:Epoch  3376, Energy: -1.08993e+02 (-1.08979e+02), Variance: 9.59473e-01 (1.36293e+00), Accept ratio: 0.47130, 
INFO:root:Epoch  3377, Energy: -1.09001e+02 (-1.08994e+02), Variance: 9.52125e-01 (1.24544e+00), Accept ratio: 0.46628, 
INFO:root:Epoch  3378, Energy: -1.09047e+02 (-1.09054e+02), Variance: 8.91050e-01 (9.97755e-01), Accept ratio: 0.46315, 
INFO:root:Epoch  3379, Energy: -1.09000e+02 (-1.09028e+02), Variance: 9.37505e-01 (2.19164e+00), Accept ratio: 0.46817, 
INFO:root:Epoch  3380, Energy: -1.08986e+02 (-1.08992e+02), Variance: 8.48853e-01 (9.36188e-01), Accept ratio: 0.47111, 
INFO:root:Epoch  3381, Energy: -1.09004e+02 (-1.09011e+02), Variance: 8.79347e-01 (1.45011e+00), Accept ratio: 0.46649, 
INFO:root:Epoch  3382, Energy: -1.09043e+02 (-1.09047e+02), Variance: 8.21020e-01 (9.87118e-01), Accept ratio: 0.46356, 
INFO:root:Epoch  3383, Energy: -1.09088e+02 (-1.09086e+02), Variance: 8.98143e-01 (1.08032e+00), Accept ratio: 0.47630, 
INFO:root:Epoch  3384, Energy: -1.09079e+02 (-1.09089e+02), Variance: 8.22648e-01 (1.10498e+00), Accept ratio: 0.46967, 
INFO:root:Epoch  3385, Energy: -1.08999e+02 (-1.08989e+02), Variance: 9.53630e-01 (1.16517e+00), Accept ratio: 0.47145, 
INFO:root:Epoch  3386, Energy: -1.09013e+02 (-1.09017e+02), Variance: 8.42338e-01 (1.08220e+00), Accept ratio: 0.47149, 
INFO:root:Epoch  3387, Energy: -1.09057e+02 (-1.09030e+02), Variance: 8.62818e-01 (1.64184e+00), Accept ratio: 0.46225, 
INFO:root:Epoch  3388, Energy: -1.09016e+02 (-1.09015e+02), Variance: 9.18835e-01 (1.42457e+00), Accept ratio: 0.46355, 
INFO:root:Epoch  3389, Energy: -1.09008e+02 (-1.09007e+02), Variance: 7.43351e-01 (8.46522e-01), Accept ratio: 0.46714, 
INFO:root:Epoch  3390, Energy: -1.09009e+02 (-1.09005e+02), Variance: 7.40339e-01 (1.33796e+00), Accept ratio: 0.46155, 
INFO:root:Epoch  3391, Energy: -1.09035e+02 (-1.09043e+02), Variance: 8.71543e-01 (1.63343e+00), Accept ratio: 0.47251, 
INFO:root:Epoch  3392, Energy: -1.09025e+02 (-1.09027e+02), Variance: 8.43931e-01 (1.02047e+00), Accept ratio: 0.46694, 
INFO:root:Epoch  3393, Energy: -1.09043e+02 (-1.09082e+02), Variance: 9.30885e-01 (2.14846e+00), Accept ratio: 0.46984, 
INFO:root:Epoch  3394, Energy: -1.09017e+02 (-1.08965e+02), Variance: 9.66958e-01 (3.20183e+00), Accept ratio: 0.47357, 
INFO:root:Epoch  3395, Energy: -1.09004e+02 (-1.09002e+02), Variance: 7.95081e-01 (1.01289e+00), Accept ratio: 0.47640, 
INFO:root:Epoch  3396, Energy: -1.09045e+02 (-1.09048e+02), Variance: 9.09321e-01 (1.07094e+00), Accept ratio: 0.46992, 
INFO:root:Epoch  3397, Energy: -1.09013e+02 (-1.09032e+02), Variance: 7.49001e-01 (1.18427e+00), Accept ratio: 0.46441, 
INFO:root:Epoch  3398, Energy: -1.08997e+02 (-1.08995e+02), Variance: 8.65588e-01 (1.30304e+00), Accept ratio: 0.47729, 
INFO:root:Epoch  3399, Energy: -1.08993e+02 (-1.09020e+02), Variance: 8.09303e-01 (1.89287e+00), Accept ratio: 0.46917, 
INFO:root:Epoch  3400, Energy: -1.09036e+02 (-1.09067e+02), Variance: 7.88408e-01 (1.78150e+00), Accept ratio: 0.47543, , best weights saved
INFO:root:Epoch  3401, Energy: -1.09029e+02 (-1.09022e+02), Variance: 8.26689e-01 (9.12940e-01), Accept ratio: 0.46546, 
INFO:root:Epoch  3402, Energy: -1.09044e+02 (-1.09043e+02), Variance: 8.37858e-01 (1.10224e+00), Accept ratio: 0.47249, 
INFO:root:Epoch  3403, Energy: -1.09051e+02 (-1.09062e+02), Variance: 8.19631e-01 (1.16045e+00), Accept ratio: 0.47089, 
INFO:root:Epoch  3404, Energy: -1.09020e+02 (-1.09018e+02), Variance: 8.60732e-01 (1.15384e+00), Accept ratio: 0.47573, 
INFO:root:Epoch  3405, Energy: -1.09051e+02 (-1.09046e+02), Variance: 8.97305e-01 (1.45321e+00), Accept ratio: 0.46687, 
INFO:root:Epoch  3406, Energy: -1.09036e+02 (-1.09044e+02), Variance: 9.89625e-01 (2.23862e+00), Accept ratio: 0.47245, 
INFO:root:Epoch  3407, Energy: -1.09016e+02 (-1.09027e+02), Variance: 8.62447e-01 (1.17632e+00), Accept ratio: 0.46414, 
INFO:root:Epoch  3408, Energy: -1.09022e+02 (-1.09064e+02), Variance: 9.61930e-01 (2.31207e+00), Accept ratio: 0.47185, 
INFO:root:Epoch  3409, Energy: -1.08974e+02 (-1.08980e+02), Variance: 1.00024e+00 (2.03427e+00), Accept ratio: 0.46916, 
INFO:root:Epoch  3410, Energy: -1.08956e+02 (-1.08908e+02), Variance: 7.89638e-01 (1.66483e+00), Accept ratio: 0.47102, 
INFO:root:Epoch  3411, Energy: -1.09023e+02 (-1.09027e+02), Variance: 7.71553e-01 (8.72803e-01), Accept ratio: 0.46893, 
INFO:root:Epoch  3412, Energy: -1.08985e+02 (-1.08933e+02), Variance: 8.61534e-01 (1.92854e+00), Accept ratio: 0.46797, 
INFO:root:Epoch  3413, Energy: -1.09028e+02 (-1.09007e+02), Variance: 7.24034e-01 (1.48832e+00), Accept ratio: 0.46818, 
INFO:root:Epoch  3414, Energy: -1.09051e+02 (-1.09051e+02), Variance: 8.29080e-01 (9.48990e-01), Accept ratio: 0.46734, 
INFO:root:Epoch  3415, Energy: -1.09043e+02 (-1.09013e+02), Variance: 8.70366e-01 (1.90100e+00), Accept ratio: 0.47630, 
INFO:root:Epoch  3416, Energy: -1.09092e+02 (-1.09108e+02), Variance: 9.28724e-01 (1.25331e+00), Accept ratio: 0.46840, 
INFO:root:Epoch  3417, Energy: -1.09026e+02 (-1.08998e+02), Variance: 7.83196e-01 (2.35571e+00), Accept ratio: 0.46817, 
INFO:root:Epoch  3418, Energy: -1.09012e+02 (-1.09002e+02), Variance: 7.64751e-01 (1.14088e+00), Accept ratio: 0.47338, 
INFO:root:Epoch  3419, Energy: -1.09039e+02 (-1.09038e+02), Variance: 8.23029e-01 (1.05922e+00), Accept ratio: 0.46752, 
INFO:root:Epoch  3420, Energy: -1.09028e+02 (-1.08989e+02), Variance: 9.83792e-01 (3.06469e+00), Accept ratio: 0.47473, 
INFO:root:Epoch  3421, Energy: -1.09061e+02 (-1.09056e+02), Variance: 8.28724e-01 (9.20645e-01), Accept ratio: 0.46982, 
INFO:root:Epoch  3422, Energy: -1.08996e+02 (-1.08974e+02), Variance: 8.76900e-01 (1.40005e+00), Accept ratio: 0.47124, 
INFO:root:Epoch  3423, Energy: -1.08994e+02 (-1.08997e+02), Variance: 8.50207e-01 (1.15252e+00), Accept ratio: 0.47390, 
INFO:root:Epoch  3424, Energy: -1.08993e+02 (-1.08973e+02), Variance: 8.74025e-01 (1.42983e+00), Accept ratio: 0.47373, 
INFO:root:Epoch  3425, Energy: -1.08994e+02 (-1.08972e+02), Variance: 9.07267e-01 (1.29949e+00), Accept ratio: 0.46795, 
INFO:root:Epoch  3426, Energy: -1.08982e+02 (-1.08969e+02), Variance: 8.25726e-01 (1.14832e+00), Accept ratio: 0.47803, 
INFO:root:Epoch  3427, Energy: -1.08982e+02 (-1.08974e+02), Variance: 9.18727e-01 (1.46090e+00), Accept ratio: 0.47034, 
INFO:root:Epoch  3428, Energy: -1.08981e+02 (-1.08985e+02), Variance: 8.66730e-01 (1.17517e+00), Accept ratio: 0.46845, 
INFO:root:Epoch  3429, Energy: -1.09030e+02 (-1.09017e+02), Variance: 9.34612e-01 (1.67485e+00), Accept ratio: 0.46594, 
INFO:root:Epoch  3430, Energy: -1.09020e+02 (-1.09022e+02), Variance: 8.60402e-01 (1.06493e+00), Accept ratio: 0.47047, 
INFO:root:Epoch  3431, Energy: -1.09007e+02 (-1.08999e+02), Variance: 8.42787e-01 (1.14223e+00), Accept ratio: 0.47109, 
INFO:root:Epoch  3432, Energy: -1.08994e+02 (-1.08984e+02), Variance: 8.05073e-01 (1.16842e+00), Accept ratio: 0.46640, 
INFO:root:Epoch  3433, Energy: -1.08967e+02 (-1.08956e+02), Variance: 7.91306e-01 (1.16001e+00), Accept ratio: 0.46631, 
INFO:root:Epoch  3434, Energy: -1.08981e+02 (-1.08979e+02), Variance: 7.92145e-01 (1.05411e+00), Accept ratio: 0.47028, 
INFO:root:Epoch  3435, Energy: -1.08997e+02 (-1.08992e+02), Variance: 6.92288e-01 (7.82688e-01), Accept ratio: 0.46535, 
INFO:root:Epoch  3436, Energy: -1.08997e+02 (-1.08981e+02), Variance: 8.45848e-01 (1.22726e+00), Accept ratio: 0.46852, 
INFO:root:Epoch  3437, Energy: -1.09021e+02 (-1.09028e+02), Variance: 8.65188e-01 (1.29190e+00), Accept ratio: 0.47083, 
INFO:root:Epoch  3438, Energy: -1.08984e+02 (-1.09025e+02), Variance: 1.01773e+00 (2.01660e+00), Accept ratio: 0.46818, 
INFO:root:Epoch  3439, Energy: -1.08980e+02 (-1.08985e+02), Variance: 8.67136e-01 (9.73250e-01), Accept ratio: 0.47132, 
INFO:root:Epoch  3440, Energy: -1.09020e+02 (-1.09016e+02), Variance: 8.08174e-01 (1.18326e+00), Accept ratio: 0.47408, 
INFO:root:Epoch  3441, Energy: -1.08991e+02 (-1.08974e+02), Variance: 8.76197e-01 (1.27019e+00), Accept ratio: 0.46952, 
INFO:root:Epoch  3442, Energy: -1.09063e+02 (-1.09066e+02), Variance: 8.26347e-01 (1.00919e+00), Accept ratio: 0.46816, 
INFO:root:Epoch  3443, Energy: -1.09074e+02 (-1.09072e+02), Variance: 7.90362e-01 (1.15403e+00), Accept ratio: 0.46367, 
INFO:root:Epoch  3444, Energy: -1.09000e+02 (-1.08995e+02), Variance: 8.71234e-01 (1.02277e+00), Accept ratio: 0.47318, 
INFO:root:Epoch  3445, Energy: -1.08998e+02 (-1.08979e+02), Variance: 9.56284e-01 (2.17230e+00), Accept ratio: 0.47210, 
INFO:root:Epoch  3446, Energy: -1.08990e+02 (-1.08991e+02), Variance: 9.70303e-01 (1.17424e+00), Accept ratio: 0.47324, 
INFO:root:Epoch  3447, Energy: -1.09033e+02 (-1.09041e+02), Variance: 8.96451e-01 (1.76939e+00), Accept ratio: 0.47432, 
INFO:root:Epoch  3448, Energy: -1.09011e+02 (-1.09045e+02), Variance: 8.62322e-01 (1.82322e+00), Accept ratio: 0.47096, 
INFO:root:Epoch  3449, Energy: -1.08999e+02 (-1.09006e+02), Variance: 8.34921e-01 (9.68474e-01), Accept ratio: 0.46726, 
INFO:root:Epoch  3450, Energy: -1.09068e+02 (-1.09069e+02), Variance: 9.42423e-01 (1.17055e+00), Accept ratio: 0.46867, 
INFO:root:Epoch  3451, Energy: -1.09034e+02 (-1.08996e+02), Variance: 8.37053e-01 (2.22191e+00), Accept ratio: 0.47349, 
INFO:root:Epoch  3452, Energy: -1.09018e+02 (-1.09017e+02), Variance: 8.41840e-01 (9.82602e-01), Accept ratio: 0.47001, 
INFO:root:Epoch  3453, Energy: -1.09041e+02 (-1.09033e+02), Variance: 7.48479e-01 (9.98888e-01), Accept ratio: 0.47021, 
INFO:root:Epoch  3454, Energy: -1.09067e+02 (-1.09082e+02), Variance: 7.41070e-01 (1.07185e+00), Accept ratio: 0.46744, 
INFO:root:Epoch  3455, Energy: -1.08992e+02 (-1.08992e+02), Variance: 7.34053e-01 (8.22606e-01), Accept ratio: 0.47056, 
INFO:root:Epoch  3456, Energy: -1.09000e+02 (-1.08991e+02), Variance: 7.80373e-01 (1.03643e+00), Accept ratio: 0.47826, 
INFO:root:Epoch  3457, Energy: -1.08993e+02 (-1.08985e+02), Variance: 8.19706e-01 (9.69286e-01), Accept ratio: 0.47444, 
INFO:root:Epoch  3458, Energy: -1.08991e+02 (-1.08990e+02), Variance: 6.41401e-01 (7.45643e-01), Accept ratio: 0.46608, 
INFO:root:Epoch  3459, Energy: -1.09020e+02 (-1.08985e+02), Variance: 8.20115e-01 (1.43834e+00), Accept ratio: 0.46990, 
INFO:root:Epoch  3460, Energy: -1.09031e+02 (-1.09005e+02), Variance: 8.05400e-01 (1.26938e+00), Accept ratio: 0.46953, 
INFO:root:Epoch  3461, Energy: -1.09005e+02 (-1.08994e+02), Variance: 7.55734e-01 (9.63856e-01), Accept ratio: 0.47126, 
INFO:root:Epoch  3462, Energy: -1.09060e+02 (-1.09053e+02), Variance: 7.81473e-01 (1.10737e+00), Accept ratio: 0.46818, 
INFO:root:Epoch  3463, Energy: -1.09017e+02 (-1.09012e+02), Variance: 7.68353e-01 (1.41617e+00), Accept ratio: 0.46474, 
INFO:root:Epoch  3464, Energy: -1.09032e+02 (-1.09035e+02), Variance: 8.11152e-01 (9.87449e-01), Accept ratio: 0.46744, 
INFO:root:Epoch  3465, Energy: -1.09007e+02 (-1.09027e+02), Variance: 8.24069e-01 (1.46845e+00), Accept ratio: 0.46328, 
INFO:root:Epoch  3466, Energy: -1.09043e+02 (-1.09034e+02), Variance: 8.46361e-01 (1.22474e+00), Accept ratio: 0.46840, 
INFO:root:Epoch  3467, Energy: -1.09003e+02 (-1.08995e+02), Variance: 8.63052e-01 (1.17994e+00), Accept ratio: 0.47365, 
INFO:root:Epoch  3468, Energy: -1.08949e+02 (-1.08936e+02), Variance: 8.01923e-01 (1.11908e+00), Accept ratio: 0.46534, 
INFO:root:Epoch  3469, Energy: -1.08990e+02 (-1.08956e+02), Variance: 8.44555e-01 (1.98052e+00), Accept ratio: 0.46776, 
INFO:root:Epoch  3470, Energy: -1.08978e+02 (-1.08975e+02), Variance: 8.81178e-01 (1.22929e+00), Accept ratio: 0.46737, 
INFO:root:Epoch  3471, Energy: -1.08967e+02 (-1.08965e+02), Variance: 7.90720e-01 (9.06938e-01), Accept ratio: 0.47163, 
INFO:root:Epoch  3472, Energy: -1.09009e+02 (-1.08999e+02), Variance: 8.55025e-01 (1.13671e+00), Accept ratio: 0.47438, 
INFO:root:Epoch  3473, Energy: -1.08984e+02 (-1.09001e+02), Variance: 8.51326e-01 (1.20951e+00), Accept ratio: 0.47126, 
INFO:root:Epoch  3474, Energy: -1.08988e+02 (-1.08978e+02), Variance: 7.59327e-01 (9.55414e-01), Accept ratio: 0.47003, 
INFO:root:Epoch  3475, Energy: -1.09003e+02 (-1.09005e+02), Variance: 9.03825e-01 (1.04499e+00), Accept ratio: 0.46353, 
INFO:root:Epoch  3476, Energy: -1.08973e+02 (-1.08966e+02), Variance: 7.53714e-01 (8.95045e-01), Accept ratio: 0.47669, 
INFO:root:Epoch  3477, Energy: -1.08970e+02 (-1.08963e+02), Variance: 7.89149e-01 (9.71958e-01), Accept ratio: 0.47703, 
INFO:root:Epoch  3478, Energy: -1.08994e+02 (-1.08975e+02), Variance: 8.86335e-01 (1.23712e+00), Accept ratio: 0.46971, 
INFO:root:Epoch  3479, Energy: -1.09037e+02 (-1.09025e+02), Variance: 8.88633e-01 (1.45052e+00), Accept ratio: 0.47447, 
INFO:root:Epoch  3480, Energy: -1.09047e+02 (-1.09165e+02), Variance: 9.51264e-01 (1.26182e+01), Accept ratio: 0.46156, 
INFO:root:Epoch  3481, Energy: -1.09044e+02 (-1.09011e+02), Variance: 9.53817e-01 (1.79198e+00), Accept ratio: 0.47453, 
INFO:root:Epoch  3482, Energy: -1.09004e+02 (-1.09006e+02), Variance: 7.50060e-01 (8.70369e-01), Accept ratio: 0.46902, 
INFO:root:Epoch  3483, Energy: -1.09022e+02 (-1.09008e+02), Variance: 8.41544e-01 (1.18826e+00), Accept ratio: 0.46734, 
INFO:root:Epoch  3484, Energy: -1.09029e+02 (-1.09028e+02), Variance: 8.69112e-01 (1.01011e+00), Accept ratio: 0.46752, 
INFO:root:Epoch  3485, Energy: -1.09048e+02 (-1.09057e+02), Variance: 8.22505e-01 (1.80879e+00), Accept ratio: 0.47402, 
INFO:root:Epoch  3486, Energy: -1.09068e+02 (-1.09065e+02), Variance: 9.21063e-01 (1.14090e+00), Accept ratio: 0.46310, 
INFO:root:Epoch  3487, Energy: -1.08971e+02 (-1.08961e+02), Variance: 8.51683e-01 (1.08348e+00), Accept ratio: 0.47116, 
INFO:root:Epoch  3488, Energy: -1.08994e+02 (-1.09000e+02), Variance: 7.69672e-01 (1.06727e+00), Accept ratio: 0.47549, 
INFO:root:Epoch  3489, Energy: -1.08971e+02 (-1.08971e+02), Variance: 9.24665e-01 (1.49265e+00), Accept ratio: 0.47399, 
INFO:root:Epoch  3490, Energy: -1.09004e+02 (-1.09010e+02), Variance: 7.90678e-01 (8.88527e-01), Accept ratio: 0.47111, 
INFO:root:Epoch  3491, Energy: -1.08970e+02 (-1.08931e+02), Variance: 7.16525e-01 (1.53579e+00), Accept ratio: 0.46886, 
INFO:root:Epoch  3492, Energy: -1.08982e+02 (-1.08985e+02), Variance: 7.31688e-01 (1.09711e+00), Accept ratio: 0.46360, 
INFO:root:Epoch  3493, Energy: -1.09003e+02 (-1.08999e+02), Variance: 8.13945e-01 (1.00915e+00), Accept ratio: 0.46380, 
INFO:root:Epoch  3494, Energy: -1.08980e+02 (-1.08975e+02), Variance: 7.48010e-01 (7.99320e-01), Accept ratio: 0.47520, 
INFO:root:Epoch  3495, Energy: -1.09015e+02 (-1.09015e+02), Variance: 7.13822e-01 (8.19949e-01), Accept ratio: 0.46980, 
INFO:root:Epoch  3496, Energy: -1.09056e+02 (-1.09050e+02), Variance: 9.12207e-01 (1.09238e+00), Accept ratio: 0.47337, 
INFO:root:Epoch  3497, Energy: -1.08966e+02 (-1.08965e+02), Variance: 9.26430e-01 (1.00101e+00), Accept ratio: 0.46871, 
INFO:root:Epoch  3498, Energy: -1.08987e+02 (-1.08981e+02), Variance: 9.12898e-01 (1.01312e+00), Accept ratio: 0.47390, 
INFO:root:Epoch  3499, Energy: -1.09032e+02 (-1.09055e+02), Variance: 8.81967e-01 (1.30086e+00), Accept ratio: 0.47065, 
INFO:root:Epoch  3500, Energy: -1.09042e+02 (-1.09036e+02), Variance: 7.60904e-01 (9.81012e-01), Accept ratio: 0.46302, 
INFO:root:Epoch  3501, Energy: -1.09028e+02 (-1.09032e+02), Variance: 8.47377e-01 (1.34225e+00), Accept ratio: 0.47203, 
INFO:root:Epoch  3502, Energy: -1.09029e+02 (-1.09012e+02), Variance: 9.36221e-01 (1.84972e+00), Accept ratio: 0.46550, 
INFO:root:Epoch  3503, Energy: -1.09001e+02 (-1.08935e+02), Variance: 9.52433e-01 (2.84335e+00), Accept ratio: 0.46533, 
INFO:root:Epoch  3504, Energy: -1.08995e+02 (-1.09047e+02), Variance: 9.82283e-01 (4.13850e+00), Accept ratio: 0.46997, 
INFO:root:Epoch  3505, Energy: -1.09035e+02 (-1.09034e+02), Variance: 7.70576e-01 (2.25717e+00), Accept ratio: 0.47508, 
INFO:root:Epoch  3506, Energy: -1.09021e+02 (-1.09022e+02), Variance: 8.77648e-01 (9.88412e-01), Accept ratio: 0.46832, 
INFO:root:Epoch  3507, Energy: -1.09067e+02 (-1.09049e+02), Variance: 8.97804e-01 (1.46938e+00), Accept ratio: 0.47046, 
INFO:root:Epoch  3508, Energy: -1.09015e+02 (-1.09030e+02), Variance: 7.99619e-01 (9.98975e-01), Accept ratio: 0.46955, 
INFO:root:Epoch  3509, Energy: -1.08998e+02 (-1.09005e+02), Variance: 9.26395e-01 (1.23246e+00), Accept ratio: 0.47222, 
INFO:root:Epoch  3510, Energy: -1.09072e+02 (-1.09145e+02), Variance: 8.47041e-01 (8.56667e+00), Accept ratio: 0.46825, 
INFO:root:Epoch  3511, Energy: -1.08997e+02 (-1.08999e+02), Variance: 9.06806e-01 (1.57420e+00), Accept ratio: 0.45933, 
INFO:root:Epoch  3512, Energy: -1.09074e+02 (-1.09061e+02), Variance: 9.44519e-01 (1.64747e+00), Accept ratio: 0.46471, 
INFO:root:Epoch  3513, Energy: -1.09056e+02 (-1.09057e+02), Variance: 8.23791e-01 (1.12034e+00), Accept ratio: 0.46663, 
INFO:root:Epoch  3514, Energy: -1.09032e+02 (-1.09028e+02), Variance: 8.92752e-01 (1.20904e+00), Accept ratio: 0.46565, 
INFO:root:Epoch  3515, Energy: -1.09045e+02 (-1.09051e+02), Variance: 8.48472e-01 (1.28590e+00), Accept ratio: 0.46817, 
INFO:root:Epoch  3516, Energy: -1.09019e+02 (-1.09013e+02), Variance: 9.15435e-01 (1.98803e+00), Accept ratio: 0.46557, 
INFO:root:Epoch  3517, Energy: -1.09026e+02 (-1.09046e+02), Variance: 8.20917e-01 (1.60228e+00), Accept ratio: 0.47377, 
INFO:root:Epoch  3518, Energy: -1.09062e+02 (-1.09057e+02), Variance: 8.93941e-01 (1.13249e+00), Accept ratio: 0.47098, 
INFO:root:Epoch  3519, Energy: -1.08992e+02 (-1.08964e+02), Variance: 8.70858e-01 (2.53461e+00), Accept ratio: 0.46224, 
INFO:root:Epoch  3520, Energy: -1.09000e+02 (-1.08999e+02), Variance: 8.35998e-01 (1.03591e+00), Accept ratio: 0.47601, 
INFO:root:Epoch  3521, Energy: -1.08988e+02 (-1.08973e+02), Variance: 8.04429e-01 (1.02528e+00), Accept ratio: 0.46532, 
INFO:root:Epoch  3522, Energy: -1.09020e+02 (-1.08994e+02), Variance: 9.24105e-01 (1.74903e+00), Accept ratio: 0.46223, 
INFO:root:Epoch  3523, Energy: -1.08993e+02 (-1.08991e+02), Variance: 7.69938e-01 (9.37952e-01), Accept ratio: 0.46914, 
INFO:root:Epoch  3524, Energy: -1.09034e+02 (-1.09045e+02), Variance: 8.05133e-01 (1.13249e+00), Accept ratio: 0.47389, 
INFO:root:Epoch  3525, Energy: -1.09012e+02 (-1.08997e+02), Variance: 9.10119e-01 (1.18081e+00), Accept ratio: 0.47117, 
INFO:root:Epoch  3526, Energy: -1.09074e+02 (-1.09088e+02), Variance: 8.98892e-01 (1.41358e+00), Accept ratio: 0.47070, 
INFO:root:Epoch  3527, Energy: -1.09092e+02 (-1.09051e+02), Variance: 9.02577e-01 (2.86936e+00), Accept ratio: 0.47864, 
INFO:root:Epoch  3528, Energy: -1.09075e+02 (-1.09075e+02), Variance: 8.98447e-01 (1.47859e+00), Accept ratio: 0.47395, 
INFO:root:Epoch  3529, Energy: -1.09095e+02 (-1.09088e+02), Variance: 8.55957e-01 (1.24832e+00), Accept ratio: 0.46726, 
INFO:root:Epoch  3530, Energy: -1.09135e+02 (-1.09140e+02), Variance: 8.62849e-01 (1.08158e+00), Accept ratio: 0.47088, 
INFO:root:Epoch  3531, Energy: -1.09089e+02 (-1.09099e+02), Variance: 8.87998e-01 (1.12418e+00), Accept ratio: 0.46945, 
INFO:root:Epoch  3532, Energy: -1.09049e+02 (-1.09043e+02), Variance: 8.45304e-01 (9.44829e-01), Accept ratio: 0.46741, 
INFO:root:Epoch  3533, Energy: -1.08994e+02 (-1.08984e+02), Variance: 7.58355e-01 (9.85207e-01), Accept ratio: 0.47225, 
INFO:root:Epoch  3534, Energy: -1.09034e+02 (-1.09026e+02), Variance: 7.99903e-01 (1.12383e+00), Accept ratio: 0.46982, 
INFO:root:Epoch  3535, Energy: -1.09060e+02 (-1.09041e+02), Variance: 8.10864e-01 (1.38043e+00), Accept ratio: 0.47093, 
INFO:root:Epoch  3536, Energy: -1.09079e+02 (-1.09105e+02), Variance: 8.34224e-01 (1.47714e+00), Accept ratio: 0.46517, 
INFO:root:Epoch  3537, Energy: -1.09033e+02 (-1.09060e+02), Variance: 7.75777e-01 (1.67815e+00), Accept ratio: 0.47054, 
INFO:root:Epoch  3538, Energy: -1.09020e+02 (-1.09022e+02), Variance: 7.57047e-01 (9.26241e-01), Accept ratio: 0.47045, 
INFO:root:Epoch  3539, Energy: -1.09026e+02 (-1.09035e+02), Variance: 8.65267e-01 (1.37276e+00), Accept ratio: 0.47264, 
INFO:root:Epoch  3540, Energy: -1.09029e+02 (-1.09029e+02), Variance: 7.30018e-01 (9.16312e-01), Accept ratio: 0.47017, 
INFO:root:Epoch  3541, Energy: -1.09044e+02 (-1.09042e+02), Variance: 7.74927e-01 (1.57118e+00), Accept ratio: 0.47823, 
INFO:root:Epoch  3542, Energy: -1.09030e+02 (-1.09033e+02), Variance: 7.86400e-01 (1.02471e+00), Accept ratio: 0.46454, 
INFO:root:Epoch  3543, Energy: -1.08979e+02 (-1.08974e+02), Variance: 7.58822e-01 (8.74157e-01), Accept ratio: 0.46904, 
INFO:root:Epoch  3544, Energy: -1.09011e+02 (-1.09011e+02), Variance: 7.85678e-01 (1.02985e+00), Accept ratio: 0.46722, 
INFO:root:Epoch  3545, Energy: -1.09019e+02 (-1.09046e+02), Variance: 7.96129e-01 (1.38833e+00), Accept ratio: 0.47235, 
INFO:root:Epoch  3546, Energy: -1.09061e+02 (-1.09062e+02), Variance: 7.75769e-01 (9.88287e-01), Accept ratio: 0.47076, 
INFO:root:Epoch  3547, Energy: -1.09027e+02 (-1.09009e+02), Variance: 8.57794e-01 (1.45503e+00), Accept ratio: 0.47254, 
INFO:root:Epoch  3548, Energy: -1.09007e+02 (-1.09000e+02), Variance: 8.36032e-01 (9.66768e-01), Accept ratio: 0.46913, 
INFO:root:Epoch  3549, Energy: -1.09020e+02 (-1.09017e+02), Variance: 8.47815e-01 (9.72168e-01), Accept ratio: 0.47025, 
INFO:root:Epoch  3550, Energy: -1.09011e+02 (-1.08994e+02), Variance: 8.94743e-01 (2.40323e+00), Accept ratio: 0.46524, 
INFO:root:Epoch  3551, Energy: -1.09033e+02 (-1.09027e+02), Variance: 8.64062e-01 (1.01544e+00), Accept ratio: 0.47023, 
INFO:root:Epoch  3552, Energy: -1.09029e+02 (-1.09032e+02), Variance: 9.14782e-01 (1.24214e+00), Accept ratio: 0.46584, 
INFO:root:Epoch  3553, Energy: -1.09032e+02 (-1.09015e+02), Variance: 8.77089e-01 (1.19311e+00), Accept ratio: 0.46400, 
INFO:root:Epoch  3554, Energy: -1.09061e+02 (-1.09117e+02), Variance: 8.03481e-01 (2.73160e+00), Accept ratio: 0.46816, 
INFO:root:Epoch  3555, Energy: -1.09042e+02 (-1.09043e+02), Variance: 8.78616e-01 (1.39106e+00), Accept ratio: 0.47442, 
INFO:root:Epoch  3556, Energy: -1.09013e+02 (-1.09054e+02), Variance: 8.66787e-01 (2.17590e+00), Accept ratio: 0.47241, 
INFO:root:Epoch  3557, Energy: -1.09055e+02 (-1.09061e+02), Variance: 8.11513e-01 (9.03986e-01), Accept ratio: 0.46747, 
INFO:root:Epoch  3558, Energy: -1.09031e+02 (-1.09020e+02), Variance: 8.59155e-01 (1.14492e+00), Accept ratio: 0.46422, 
INFO:root:Epoch  3559, Energy: -1.09013e+02 (-1.09022e+02), Variance: 7.15117e-01 (9.18702e-01), Accept ratio: 0.46671, 
INFO:root:Epoch  3560, Energy: -1.09041e+02 (-1.09028e+02), Variance: 8.39833e-01 (2.11126e+00), Accept ratio: 0.47030, 
INFO:root:Epoch  3561, Energy: -1.09055e+02 (-1.09078e+02), Variance: 8.34181e-01 (1.31539e+00), Accept ratio: 0.47368, 
INFO:root:Epoch  3562, Energy: -1.09069e+02 (-1.09079e+02), Variance: 8.17332e-01 (9.88862e-01), Accept ratio: 0.47020, 
INFO:root:Epoch  3563, Energy: -1.09032e+02 (-1.09036e+02), Variance: 8.72023e-01 (1.36475e+00), Accept ratio: 0.47407, 
INFO:root:Epoch  3564, Energy: -1.09036e+02 (-1.09079e+02), Variance: 8.72314e-01 (2.51675e+00), Accept ratio: 0.47527, 
INFO:root:Epoch  3565, Energy: -1.09043e+02 (-1.09037e+02), Variance: 7.29762e-01 (1.01325e+00), Accept ratio: 0.46745, 
INFO:root:Epoch  3566, Energy: -1.09036e+02 (-1.09030e+02), Variance: 8.98484e-01 (1.01885e+00), Accept ratio: 0.47109, 
INFO:root:Epoch  3567, Energy: -1.09056e+02 (-1.09065e+02), Variance: 9.64247e-01 (1.59850e+00), Accept ratio: 0.47272, 
INFO:root:Epoch  3568, Energy: -1.09069e+02 (-1.09075e+02), Variance: 9.61080e-01 (1.78065e+00), Accept ratio: 0.47224, 
INFO:root:Epoch  3569, Energy: -1.09046e+02 (-1.09075e+02), Variance: 9.88458e-01 (2.92880e+00), Accept ratio: 0.46690, 
INFO:root:Epoch  3570, Energy: -1.09091e+02 (-1.09083e+02), Variance: 7.96394e-01 (9.16208e-01), Accept ratio: 0.47837, 
INFO:root:Epoch  3571, Energy: -1.09062e+02 (-1.09045e+02), Variance: 7.33082e-01 (1.59562e+00), Accept ratio: 0.46858, 
INFO:root:Epoch  3572, Energy: -1.09025e+02 (-1.09034e+02), Variance: 7.34792e-01 (1.19430e+00), Accept ratio: 0.46810, 
INFO:root:Epoch  3573, Energy: -1.08984e+02 (-1.09001e+02), Variance: 7.71180e-01 (1.36636e+00), Accept ratio: 0.46492, 
INFO:root:Epoch  3574, Energy: -1.09012e+02 (-1.09015e+02), Variance: 8.23023e-01 (9.01203e-01), Accept ratio: 0.46546, 
INFO:root:Epoch  3575, Energy: -1.09027e+02 (-1.09027e+02), Variance: 9.23324e-01 (1.16210e+00), Accept ratio: 0.47282, 
INFO:root:Epoch  3576, Energy: -1.09059e+02 (-1.09034e+02), Variance: 8.89858e-01 (1.36225e+00), Accept ratio: 0.47110, 
INFO:root:Epoch  3577, Energy: -1.09024e+02 (-1.09004e+02), Variance: 8.72819e-01 (1.56699e+00), Accept ratio: 0.46501, 
INFO:root:Epoch  3578, Energy: -1.09026e+02 (-1.09034e+02), Variance: 7.17641e-01 (9.26366e-01), Accept ratio: 0.47155, 
INFO:root:Epoch  3579, Energy: -1.09018e+02 (-1.09045e+02), Variance: 6.69643e-01 (2.45987e+00), Accept ratio: 0.47155, 
INFO:root:Epoch  3580, Energy: -1.09031e+02 (-1.09028e+02), Variance: 7.90885e-01 (9.19152e-01), Accept ratio: 0.47146, 
INFO:root:Epoch  3581, Energy: -1.09029e+02 (-1.09060e+02), Variance: 8.73028e-01 (7.25834e+00), Accept ratio: 0.46362, 
INFO:root:Epoch  3582, Energy: -1.09025e+02 (-1.09037e+02), Variance: 8.12583e-01 (1.03010e+00), Accept ratio: 0.46765, 
INFO:root:Epoch  3583, Energy: -1.09046e+02 (-1.09003e+02), Variance: 9.69880e-01 (5.74518e+00), Accept ratio: 0.47277, 
INFO:root:Epoch  3584, Energy: -1.09032e+02 (-1.09041e+02), Variance: 8.24384e-01 (1.28257e+00), Accept ratio: 0.46932, 
INFO:root:Epoch  3585, Energy: -1.09008e+02 (-1.08995e+02), Variance: 9.11539e-01 (1.30109e+00), Accept ratio: 0.47505, 
INFO:root:Epoch  3586, Energy: -1.09020e+02 (-1.09011e+02), Variance: 7.99237e-01 (9.85803e-01), Accept ratio: 0.47137, 
INFO:root:Epoch  3587, Energy: -1.09020e+02 (-1.09033e+02), Variance: 8.68371e-01 (1.04639e+00), Accept ratio: 0.47365, 
INFO:root:Epoch  3588, Energy: -1.09047e+02 (-1.09033e+02), Variance: 8.17405e-01 (1.42404e+00), Accept ratio: 0.46860, 
INFO:root:Epoch  3589, Energy: -1.09023e+02 (-1.09028e+02), Variance: 9.69639e-01 (1.66581e+00), Accept ratio: 0.47068, 
INFO:root:Epoch  3590, Energy: -1.08994e+02 (-1.08984e+02), Variance: 7.90137e-01 (9.79089e-01), Accept ratio: 0.47227, 
INFO:root:Epoch  3591, Energy: -1.08975e+02 (-1.08977e+02), Variance: 7.46618e-01 (8.54809e-01), Accept ratio: 0.46624, 
INFO:root:Epoch  3592, Energy: -1.09027e+02 (-1.09009e+02), Variance: 8.10970e-01 (1.52462e+00), Accept ratio: 0.46676, 
INFO:root:Epoch  3593, Energy: -1.09004e+02 (-1.08942e+02), Variance: 9.87457e-01 (3.27822e+00), Accept ratio: 0.47701, 
INFO:root:Epoch  3594, Energy: -1.09000e+02 (-1.09008e+02), Variance: 7.53290e-01 (9.24615e-01), Accept ratio: 0.47076, 
INFO:root:Epoch  3595, Energy: -1.08986e+02 (-1.08981e+02), Variance: 9.35339e-01 (1.12859e+00), Accept ratio: 0.46493, 
INFO:root:Epoch  3596, Energy: -1.09012e+02 (-1.09017e+02), Variance: 8.45530e-01 (1.00761e+00), Accept ratio: 0.47290, 
INFO:root:Epoch  3597, Energy: -1.09056e+02 (-1.09057e+02), Variance: 8.52042e-01 (1.07276e+00), Accept ratio: 0.47040, 
INFO:root:Epoch  3598, Energy: -1.09068e+02 (-1.09053e+02), Variance: 9.56197e-01 (1.46589e+00), Accept ratio: 0.46847, 
INFO:root:Epoch  3599, Energy: -1.09029e+02 (-1.09029e+02), Variance: 9.05430e-01 (1.41442e+00), Accept ratio: 0.47158, 
INFO:root:Epoch  3600, Energy: -1.09056e+02 (-1.09065e+02), Variance: 7.55012e-01 (9.94280e-01), Accept ratio: 0.47024, 
INFO:root:Epoch  3601, Energy: -1.09038e+02 (-1.09001e+02), Variance: 8.73601e-01 (2.06321e+00), Accept ratio: 0.46985, 
INFO:root:Epoch  3602, Energy: -1.09075e+02 (-1.09062e+02), Variance: 8.55496e-01 (1.03092e+00), Accept ratio: 0.46995, 
INFO:root:Epoch  3603, Energy: -1.09041e+02 (-1.09013e+02), Variance: 6.86415e-01 (1.47499e+00), Accept ratio: 0.47257, 
INFO:root:Epoch  3604, Energy: -1.09008e+02 (-1.08995e+02), Variance: 9.12838e-01 (1.28249e+00), Accept ratio: 0.47130, 
INFO:root:Epoch  3605, Energy: -1.09011e+02 (-1.09007e+02), Variance: 8.59073e-01 (1.23531e+00), Accept ratio: 0.47225, 
INFO:root:Epoch  3606, Energy: -1.09069e+02 (-1.09074e+02), Variance: 8.00657e-01 (1.00064e+00), Accept ratio: 0.46608, 
INFO:root:Epoch  3607, Energy: -1.09048e+02 (-1.09058e+02), Variance: 9.09090e-01 (1.19789e+00), Accept ratio: 0.47293, 
INFO:root:Epoch  3608, Energy: -1.09009e+02 (-1.09040e+02), Variance: 8.51932e-01 (2.00710e+00), Accept ratio: 0.46736, 
INFO:root:Epoch  3609, Energy: -1.09051e+02 (-1.09064e+02), Variance: 8.82511e-01 (1.22158e+00), Accept ratio: 0.46547, 
INFO:root:Epoch  3610, Energy: -1.09022e+02 (-1.09024e+02), Variance: 7.58285e-01 (9.09998e-01), Accept ratio: 0.46669, 
INFO:root:Epoch  3611, Energy: -1.09046e+02 (-1.09065e+02), Variance: 7.73911e-01 (9.78803e-01), Accept ratio: 0.47304, 
INFO:root:Epoch  3612, Energy: -1.09044e+02 (-1.09049e+02), Variance: 8.83249e-01 (1.06392e+00), Accept ratio: 0.46800, 
INFO:root:Epoch  3613, Energy: -1.09042e+02 (-1.09042e+02), Variance: 7.78932e-01 (9.42249e-01), Accept ratio: 0.46549, 
INFO:root:Epoch  3614, Energy: -1.08988e+02 (-1.08969e+02), Variance: 7.89475e-01 (1.21377e+00), Accept ratio: 0.47504, 
INFO:root:Epoch  3615, Energy: -1.09050e+02 (-1.09048e+02), Variance: 7.65516e-01 (8.48550e-01), Accept ratio: 0.46492, 
INFO:root:Epoch  3616, Energy: -1.08996e+02 (-1.08990e+02), Variance: 8.35768e-01 (1.24142e+00), Accept ratio: 0.46660, 
INFO:root:Epoch  3617, Energy: -1.08975e+02 (-1.08958e+02), Variance: 8.45139e-01 (1.18195e+00), Accept ratio: 0.46931, 
INFO:root:Epoch  3618, Energy: -1.09020e+02 (-1.09012e+02), Variance: 7.91625e-01 (1.11609e+00), Accept ratio: 0.47239, 
INFO:root:Epoch  3619, Energy: -1.09007e+02 (-1.09008e+02), Variance: 8.65187e-01 (1.30899e+00), Accept ratio: 0.46671, 
INFO:root:Epoch  3620, Energy: -1.09055e+02 (-1.09034e+02), Variance: 9.01201e-01 (1.45219e+00), Accept ratio: 0.46947, 
INFO:root:Epoch  3621, Energy: -1.09059e+02 (-1.09055e+02), Variance: 7.91974e-01 (9.76092e-01), Accept ratio: 0.47345, 
INFO:root:Epoch  3622, Energy: -1.09048e+02 (-1.09064e+02), Variance: 8.15158e-01 (1.62098e+00), Accept ratio: 0.47432, 
INFO:root:Epoch  3623, Energy: -1.09040e+02 (-1.09049e+02), Variance: 9.47053e-01 (1.28788e+00), Accept ratio: 0.46823, 
INFO:root:Epoch  3624, Energy: -1.09042e+02 (-1.09035e+02), Variance: 8.75138e-01 (1.11232e+00), Accept ratio: 0.46654, 
INFO:root:Epoch  3625, Energy: -1.09033e+02 (-1.09029e+02), Variance: 9.70437e-01 (2.01439e+00), Accept ratio: 0.47268, 
INFO:root:Epoch  3626, Energy: -1.09019e+02 (-1.09009e+02), Variance: 8.09291e-01 (1.12362e+00), Accept ratio: 0.46899, 
INFO:root:Epoch  3627, Energy: -1.09029e+02 (-1.09037e+02), Variance: 9.13827e-01 (1.03971e+00), Accept ratio: 0.47308, 
INFO:root:Epoch  3628, Energy: -1.09030e+02 (-1.09085e+02), Variance: 9.07734e-01 (3.75825e+00), Accept ratio: 0.47320, 
INFO:root:Epoch  3629, Energy: -1.09047e+02 (-1.09062e+02), Variance: 7.94434e-01 (9.81794e-01), Accept ratio: 0.46804, 
INFO:root:Epoch  3630, Energy: -1.09047e+02 (-1.09049e+02), Variance: 8.38144e-01 (1.27120e+00), Accept ratio: 0.47342, 
INFO:root:Epoch  3631, Energy: -1.09047e+02 (-1.09047e+02), Variance: 8.27776e-01 (1.34842e+00), Accept ratio: 0.47207, 
INFO:root:Epoch  3632, Energy: -1.09051e+02 (-1.09040e+02), Variance: 7.08855e-01 (8.73692e-01), Accept ratio: 0.47164, 
INFO:root:Epoch  3633, Energy: -1.09021e+02 (-1.09018e+02), Variance: 7.51076e-01 (1.00305e+00), Accept ratio: 0.46913, 
INFO:root:Epoch  3634, Energy: -1.09007e+02 (-1.09025e+02), Variance: 7.58618e-01 (1.39194e+00), Accept ratio: 0.46975, 
INFO:root:Epoch  3635, Energy: -1.09041e+02 (-1.09042e+02), Variance: 8.84670e-01 (1.04724e+00), Accept ratio: 0.46831, 
INFO:root:Epoch  3636, Energy: -1.08956e+02 (-1.08945e+02), Variance: 7.69573e-01 (9.67220e-01), Accept ratio: 0.46879, 
INFO:root:Epoch  3637, Energy: -1.08943e+02 (-1.08946e+02), Variance: 7.10138e-01 (7.77699e-01), Accept ratio: 0.46851, 
INFO:root:Epoch  3638, Energy: -1.08967e+02 (-1.08960e+02), Variance: 7.83679e-01 (9.91349e-01), Accept ratio: 0.46833, 
INFO:root:Epoch  3639, Energy: -1.09038e+02 (-1.09052e+02), Variance: 8.31168e-01 (1.09569e+00), Accept ratio: 0.46447, 
INFO:root:Epoch  3640, Energy: -1.09006e+02 (-1.08989e+02), Variance: 7.09112e-01 (1.02884e+00), Accept ratio: 0.46615, 
INFO:root:Epoch  3641, Energy: -1.09013e+02 (-1.09015e+02), Variance: 8.02862e-01 (1.37096e+00), Accept ratio: 0.45973, 
INFO:root:Epoch  3642, Energy: -1.09011e+02 (-1.08987e+02), Variance: 7.59580e-01 (1.06720e+00), Accept ratio: 0.46348, 
INFO:root:Epoch  3643, Energy: -1.09009e+02 (-1.09010e+02), Variance: 8.03131e-01 (9.26817e-01), Accept ratio: 0.46971, 
INFO:root:Epoch  3644, Energy: -1.08970e+02 (-1.08931e+02), Variance: 9.20058e-01 (2.63910e+00), Accept ratio: 0.46782, 
INFO:root:Epoch  3645, Energy: -1.09012e+02 (-1.09007e+02), Variance: 7.76260e-01 (9.61218e-01), Accept ratio: 0.47038, 
INFO:root:Epoch  3646, Energy: -1.09026e+02 (-1.09034e+02), Variance: 7.97429e-01 (1.01450e+00), Accept ratio: 0.46373, 
INFO:root:Epoch  3647, Energy: -1.09044e+02 (-1.09063e+02), Variance: 7.82785e-01 (1.04507e+00), Accept ratio: 0.47014, 
INFO:root:Epoch  3648, Energy: -1.09033e+02 (-1.09032e+02), Variance: 7.73109e-01 (9.58451e-01), Accept ratio: 0.45829, 
INFO:root:Epoch  3649, Energy: -1.09015e+02 (-1.09036e+02), Variance: 8.36611e-01 (1.19808e+00), Accept ratio: 0.46980, 
INFO:root:Epoch  3650, Energy: -1.09019e+02 (-1.09027e+02), Variance: 8.80759e-01 (1.35509e+00), Accept ratio: 0.47526, 
INFO:root:Epoch  3651, Energy: -1.08992e+02 (-1.08972e+02), Variance: 7.23461e-01 (1.14467e+00), Accept ratio: 0.47362, 
INFO:root:Epoch  3652, Energy: -1.09035e+02 (-1.09031e+02), Variance: 7.97532e-01 (9.41860e-01), Accept ratio: 0.46984, 
INFO:root:Epoch  3653, Energy: -1.08980e+02 (-1.08952e+02), Variance: 8.09057e-01 (1.34392e+00), Accept ratio: 0.46853, 
INFO:root:Epoch  3654, Energy: -1.09067e+02 (-1.09044e+02), Variance: 8.57661e-01 (2.56303e+00), Accept ratio: 0.46512, 
INFO:root:Epoch  3655, Energy: -1.09047e+02 (-1.09061e+02), Variance: 8.18886e-01 (1.43150e+00), Accept ratio: 0.47103, 
INFO:root:Epoch  3656, Energy: -1.09026e+02 (-1.09008e+02), Variance: 8.69262e-01 (1.20276e+00), Accept ratio: 0.46740, 
INFO:root:Epoch  3657, Energy: -1.09069e+02 (-1.09072e+02), Variance: 7.31771e-01 (7.58414e-01), Accept ratio: 0.47144, 
INFO:root:Epoch  3658, Energy: -1.09098e+02 (-1.09078e+02), Variance: 7.73251e-01 (1.27228e+00), Accept ratio: 0.46898, 
INFO:root:Epoch  3659, Energy: -1.09044e+02 (-1.09048e+02), Variance: 8.21103e-01 (1.31836e+00), Accept ratio: 0.46954, 
INFO:root:Epoch  3660, Energy: -1.09049e+02 (-1.09044e+02), Variance: 7.30107e-01 (8.56684e-01), Accept ratio: 0.47347, 
INFO:root:Epoch  3661, Energy: -1.09036e+02 (-1.09033e+02), Variance: 7.84802e-01 (9.06730e-01), Accept ratio: 0.46640, 
INFO:root:Epoch  3662, Energy: -1.09040e+02 (-1.09050e+02), Variance: 7.24901e-01 (8.94587e-01), Accept ratio: 0.47157, 
INFO:root:Epoch  3663, Energy: -1.09033e+02 (-1.09006e+02), Variance: 7.50063e-01 (1.40132e+00), Accept ratio: 0.47034, 
INFO:root:Epoch  3664, Energy: -1.09041e+02 (-1.09029e+02), Variance: 9.09307e-01 (1.14242e+00), Accept ratio: 0.47547, 
INFO:root:Epoch  3665, Energy: -1.09041e+02 (-1.09026e+02), Variance: 9.65940e-01 (1.78290e+00), Accept ratio: 0.46887, 
INFO:root:Epoch  3666, Energy: -1.09068e+02 (-1.09078e+02), Variance: 7.31558e-01 (8.41236e-01), Accept ratio: 0.46834, 
INFO:root:Epoch  3667, Energy: -1.09037e+02 (-1.09038e+02), Variance: 8.96690e-01 (1.31611e+00), Accept ratio: 0.46808, 
INFO:root:Epoch  3668, Energy: -1.09058e+02 (-1.09077e+02), Variance: 8.55450e-01 (1.16798e+00), Accept ratio: 0.46491, 
INFO:root:Epoch  3669, Energy: -1.09059e+02 (-1.09048e+02), Variance: 7.92336e-01 (1.14525e+00), Accept ratio: 0.46353, 
INFO:root:Epoch  3670, Energy: -1.09063e+02 (-1.09078e+02), Variance: 8.31267e-01 (1.08880e+00), Accept ratio: 0.46900, 
INFO:root:Epoch  3671, Energy: -1.09002e+02 (-1.09007e+02), Variance: 8.44918e-01 (9.46200e-01), Accept ratio: 0.46476, 
INFO:root:Epoch  3672, Energy: -1.09018e+02 (-1.09015e+02), Variance: 8.48305e-01 (1.91627e+00), Accept ratio: 0.46899, 
INFO:root:Epoch  3673, Energy: -1.09048e+02 (-1.09038e+02), Variance: 8.02823e-01 (2.08313e+00), Accept ratio: 0.46921, 
INFO:root:Epoch  3674, Energy: -1.09006e+02 (-1.09018e+02), Variance: 7.67107e-01 (9.59479e-01), Accept ratio: 0.46944, 
INFO:root:Epoch  3675, Energy: -1.09021e+02 (-1.09025e+02), Variance: 7.05831e-01 (7.84500e-01), Accept ratio: 0.47097, 
INFO:root:Epoch  3676, Energy: -1.09054e+02 (-1.09052e+02), Variance: 7.97344e-01 (8.61195e-01), Accept ratio: 0.47560, 
INFO:root:Epoch  3677, Energy: -1.09038e+02 (-1.09051e+02), Variance: 8.61539e-01 (9.99070e-01), Accept ratio: 0.47513, 
INFO:root:Epoch  3678, Energy: -1.09014e+02 (-1.09020e+02), Variance: 7.06948e-01 (8.74476e-01), Accept ratio: 0.46871, 
INFO:root:Epoch  3679, Energy: -1.09057e+02 (-1.09068e+02), Variance: 7.75021e-01 (1.08581e+00), Accept ratio: 0.46955, 
INFO:root:Epoch  3680, Energy: -1.09076e+02 (-1.09091e+02), Variance: 8.95369e-01 (1.07754e+00), Accept ratio: 0.46532, 
INFO:root:Epoch  3681, Energy: -1.09021e+02 (-1.09018e+02), Variance: 8.45023e-01 (9.49576e-01), Accept ratio: 0.46614, 
INFO:root:Epoch  3682, Energy: -1.09030e+02 (-1.09033e+02), Variance: 8.40514e-01 (1.02294e+00), Accept ratio: 0.47102, 
INFO:root:Epoch  3683, Energy: -1.09015e+02 (-1.09006e+02), Variance: 8.03606e-01 (9.61027e-01), Accept ratio: 0.46679, 
INFO:root:Epoch  3684, Energy: -1.09060e+02 (-1.09099e+02), Variance: 8.83808e-01 (1.89908e+00), Accept ratio: 0.47116, 
INFO:root:Epoch  3685, Energy: -1.09025e+02 (-1.09025e+02), Variance: 7.95651e-01 (8.69571e-01), Accept ratio: 0.47309, 
INFO:root:Epoch  3686, Energy: -1.09031e+02 (-1.09040e+02), Variance: 8.87813e-01 (1.12427e+00), Accept ratio: 0.46884, 
INFO:root:Epoch  3687, Energy: -1.09039e+02 (-1.09032e+02), Variance: 8.82725e-01 (9.91881e-01), Accept ratio: 0.47440, 
INFO:root:Epoch  3688, Energy: -1.09035e+02 (-1.09045e+02), Variance: 8.24050e-01 (1.05492e+00), Accept ratio: 0.46563, 
INFO:root:Epoch  3689, Energy: -1.09070e+02 (-1.09065e+02), Variance: 9.07384e-01 (1.49034e+00), Accept ratio: 0.46930, 
INFO:root:Epoch  3690, Energy: -1.09050e+02 (-1.09045e+02), Variance: 8.78648e-01 (1.34284e+00), Accept ratio: 0.47891, 
INFO:root:Epoch  3691, Energy: -1.09033e+02 (-1.09034e+02), Variance: 7.75195e-01 (8.60988e-01), Accept ratio: 0.47515, 
INFO:root:Epoch  3692, Energy: -1.09064e+02 (-1.09073e+02), Variance: 8.33112e-01 (1.30065e+00), Accept ratio: 0.47197, 
INFO:root:Epoch  3693, Energy: -1.09036e+02 (-1.09034e+02), Variance: 8.36638e-01 (9.59156e-01), Accept ratio: 0.47538, 
INFO:root:Epoch  3694, Energy: -1.09007e+02 (-1.08999e+02), Variance: 8.45092e-01 (1.06984e+00), Accept ratio: 0.47127, 
INFO:root:Epoch  3695, Energy: -1.09000e+02 (-1.09024e+02), Variance: 8.33071e-01 (1.56441e+00), Accept ratio: 0.47160, 
INFO:root:Epoch  3696, Energy: -1.09037e+02 (-1.09022e+02), Variance: 9.33755e-01 (1.33400e+00), Accept ratio: 0.46827, 
INFO:root:Epoch  3697, Energy: -1.09058e+02 (-1.09054e+02), Variance: 8.20122e-01 (1.10781e+00), Accept ratio: 0.47199, 
INFO:root:Epoch  3698, Energy: -1.09024e+02 (-1.09033e+02), Variance: 9.06794e-01 (1.36478e+00), Accept ratio: 0.47309, 
INFO:root:Epoch  3699, Energy: -1.08992e+02 (-1.08991e+02), Variance: 9.62161e-01 (1.33573e+00), Accept ratio: 0.47506, 
INFO:root:Epoch  3700, Energy: -1.09051e+02 (-1.09044e+02), Variance: 8.62999e-01 (1.30336e+00), Accept ratio: 0.46996, , best weights saved
INFO:root:Epoch  3701, Energy: -1.09032e+02 (-1.09030e+02), Variance: 1.02558e+00 (1.43873e+00), Accept ratio: 0.46436, 
INFO:root:Epoch  3702, Energy: -1.09007e+02 (-1.08994e+02), Variance: 8.91369e-01 (1.08437e+00), Accept ratio: 0.46482, 
INFO:root:Epoch  3703, Energy: -1.09023e+02 (-1.09032e+02), Variance: 9.17481e-01 (2.12267e+00), Accept ratio: 0.46874, 
INFO:root:Epoch  3704, Energy: -1.08998e+02 (-1.08987e+02), Variance: 8.02153e-01 (1.21774e+00), Accept ratio: 0.47046, 
INFO:root:Epoch  3705, Energy: -1.09041e+02 (-1.09050e+02), Variance: 9.70859e-01 (1.29553e+00), Accept ratio: 0.47321, 
INFO:root:Epoch  3706, Energy: -1.09041e+02 (-1.09060e+02), Variance: 8.04528e-01 (1.17630e+00), Accept ratio: 0.46816, 
INFO:root:Epoch  3707, Energy: -1.09052e+02 (-1.09046e+02), Variance: 9.24837e-01 (1.05586e+00), Accept ratio: 0.46949, 
INFO:root:Epoch  3708, Energy: -1.09044e+02 (-1.09050e+02), Variance: 1.06596e+00 (1.17751e+00), Accept ratio: 0.46466, 
INFO:root:Epoch  3709, Energy: -1.09058e+02 (-1.09067e+02), Variance: 8.49525e-01 (1.10170e+00), Accept ratio: 0.46856, 
INFO:root:Epoch  3710, Energy: -1.09022e+02 (-1.09008e+02), Variance: 8.81490e-01 (1.13970e+00), Accept ratio: 0.47335, 
INFO:root:Epoch  3711, Energy: -1.09000e+02 (-1.08960e+02), Variance: 8.72493e-01 (1.89101e+00), Accept ratio: 0.47154, 
INFO:root:Epoch  3712, Energy: -1.09017e+02 (-1.09006e+02), Variance: 1.03587e+00 (1.31618e+00), Accept ratio: 0.47167, 
INFO:root:Epoch  3713, Energy: -1.09036e+02 (-1.09020e+02), Variance: 8.49887e-01 (1.67484e+00), Accept ratio: 0.47086, 
INFO:root:Epoch  3714, Energy: -1.09058e+02 (-1.09055e+02), Variance: 8.30348e-01 (8.83805e-01), Accept ratio: 0.47384, 
INFO:root:Epoch  3715, Energy: -1.09102e+02 (-1.09091e+02), Variance: 9.24045e-01 (2.13718e+00), Accept ratio: 0.46568, 
INFO:root:Epoch  3716, Energy: -1.09071e+02 (-1.09074e+02), Variance: 9.52932e-01 (1.13858e+00), Accept ratio: 0.47083, 
INFO:root:Epoch  3717, Energy: -1.09032e+02 (-1.09011e+02), Variance: 7.83538e-01 (1.21239e+00), Accept ratio: 0.46391, 
INFO:root:Epoch  3718, Energy: -1.09111e+02 (-1.09081e+02), Variance: 9.14630e-01 (2.20680e+00), Accept ratio: 0.47462, 
INFO:root:Epoch  3719, Energy: -1.09013e+02 (-1.09004e+02), Variance: 8.62382e-01 (1.11270e+00), Accept ratio: 0.47147, 
INFO:root:Epoch  3720, Energy: -1.09022e+02 (-1.09021e+02), Variance: 8.95241e-01 (1.12497e+00), Accept ratio: 0.46624, 
INFO:root:Epoch  3721, Energy: -1.09028e+02 (-1.09022e+02), Variance: 8.62154e-01 (1.12626e+00), Accept ratio: 0.47354, 
INFO:root:Epoch  3722, Energy: -1.09020e+02 (-1.09027e+02), Variance: 8.35456e-01 (1.27540e+00), Accept ratio: 0.48066, 
INFO:root:Epoch  3723, Energy: -1.08984e+02 (-1.08984e+02), Variance: 9.92987e-01 (1.27036e+00), Accept ratio: 0.47359, 
INFO:root:Epoch  3724, Energy: -1.09040e+02 (-1.09035e+02), Variance: 9.03391e-01 (1.06839e+00), Accept ratio: 0.46622, 
INFO:root:Epoch  3725, Energy: -1.09040e+02 (-1.09035e+02), Variance: 8.03677e-01 (9.71066e-01), Accept ratio: 0.47136, 
INFO:root:Epoch  3726, Energy: -1.09023e+02 (-1.09020e+02), Variance: 8.28188e-01 (1.27678e+00), Accept ratio: 0.47437, 
INFO:root:Epoch  3727, Energy: -1.09014e+02 (-1.09007e+02), Variance: 8.27064e-01 (1.11937e+00), Accept ratio: 0.47247, 
INFO:root:Epoch  3728, Energy: -1.08974e+02 (-1.08901e+02), Variance: 8.79219e-01 (9.56119e+00), Accept ratio: 0.46453, 
INFO:root:Epoch  3729, Energy: -1.08977e+02 (-1.08981e+02), Variance: 8.84349e-01 (1.03572e+00), Accept ratio: 0.47079, 
INFO:root:Epoch  3730, Energy: -1.08956e+02 (-1.08975e+02), Variance: 8.76475e-01 (1.70510e+00), Accept ratio: 0.46948, 
INFO:root:Epoch  3731, Energy: -1.09018e+02 (-1.09022e+02), Variance: 8.50633e-01 (1.00671e+00), Accept ratio: 0.46754, 
INFO:root:Epoch  3732, Energy: -1.09017e+02 (-1.09019e+02), Variance: 9.31050e-01 (1.10028e+00), Accept ratio: 0.46780, 
INFO:root:Epoch  3733, Energy: -1.08989e+02 (-1.08985e+02), Variance: 8.42687e-01 (1.03616e+00), Accept ratio: 0.46956, 
INFO:root:Epoch  3734, Energy: -1.08994e+02 (-1.08980e+02), Variance: 9.18673e-01 (1.93116e+00), Accept ratio: 0.46793, 
INFO:root:Epoch  3735, Energy: -1.09032e+02 (-1.09037e+02), Variance: 9.38182e-01 (1.12017e+00), Accept ratio: 0.47613, 
INFO:root:Epoch  3736, Energy: -1.09006e+02 (-1.09001e+02), Variance: 7.81349e-01 (8.88838e-01), Accept ratio: 0.46235, 
INFO:root:Epoch  3737, Energy: -1.09041e+02 (-1.09024e+02), Variance: 8.96434e-01 (1.72937e+00), Accept ratio: 0.46804, 
INFO:root:Epoch  3738, Energy: -1.09018e+02 (-1.09025e+02), Variance: 8.17674e-01 (1.02339e+00), Accept ratio: 0.46724, 
INFO:root:Epoch  3739, Energy: -1.09042e+02 (-1.09033e+02), Variance: 7.68554e-01 (8.99671e-01), Accept ratio: 0.47811, 
INFO:root:Epoch  3740, Energy: -1.09005e+02 (-1.08960e+02), Variance: 9.02306e-01 (2.55128e+00), Accept ratio: 0.46785, 
INFO:root:Epoch  3741, Energy: -1.09018e+02 (-1.09002e+02), Variance: 8.56831e-01 (1.05591e+00), Accept ratio: 0.47440, 
INFO:root:Epoch  3742, Energy: -1.09003e+02 (-1.08995e+02), Variance: 8.23232e-01 (9.98915e-01), Accept ratio: 0.47366, 
INFO:root:Epoch  3743, Energy: -1.09025e+02 (-1.09032e+02), Variance: 8.49838e-01 (1.08044e+00), Accept ratio: 0.48196, 
INFO:root:Epoch  3744, Energy: -1.09006e+02 (-1.08997e+02), Variance: 9.31941e-01 (1.16947e+00), Accept ratio: 0.47019, 
INFO:root:Epoch  3745, Energy: -1.08988e+02 (-1.09011e+02), Variance: 9.18365e-01 (2.36147e+00), Accept ratio: 0.46678, 
INFO:root:Epoch  3746, Energy: -1.08982e+02 (-1.08979e+02), Variance: 8.08771e-01 (1.34765e+00), Accept ratio: 0.47505, 
INFO:root:Epoch  3747, Energy: -1.08993e+02 (-1.08991e+02), Variance: 7.96614e-01 (9.07107e-01), Accept ratio: 0.46734, 
INFO:root:Epoch  3748, Energy: -1.08987e+02 (-1.08970e+02), Variance: 9.09420e-01 (2.03472e+00), Accept ratio: 0.46928, 
INFO:root:Epoch  3749, Energy: -1.08999e+02 (-1.08992e+02), Variance: 8.97480e-01 (1.44905e+00), Accept ratio: 0.47161, 
INFO:root:Epoch  3750, Energy: -1.09059e+02 (-1.09058e+02), Variance: 8.66877e-01 (9.55959e-01), Accept ratio: 0.47407, 
INFO:root:Epoch  3751, Energy: -1.09002e+02 (-1.09007e+02), Variance: 8.82367e-01 (1.06996e+00), Accept ratio: 0.47380, 
INFO:root:Epoch  3752, Energy: -1.08993e+02 (-1.08969e+02), Variance: 8.14848e-01 (1.12752e+00), Accept ratio: 0.47131, 
INFO:root:Epoch  3753, Energy: -1.09033e+02 (-1.09023e+02), Variance: 9.28770e-01 (1.09111e+00), Accept ratio: 0.47078, 
INFO:root:Epoch  3754, Energy: -1.09056e+02 (-1.09074e+02), Variance: 8.45613e-01 (1.17821e+00), Accept ratio: 0.47055, 
INFO:root:Epoch  3755, Energy: -1.09040e+02 (-1.09067e+02), Variance: 7.56828e-01 (1.75857e+00), Accept ratio: 0.46587, 
INFO:root:Epoch  3756, Energy: -1.09014e+02 (-1.09006e+02), Variance: 9.88319e-01 (1.98061e+00), Accept ratio: 0.46903, 
INFO:root:Epoch  3757, Energy: -1.09007e+02 (-1.09003e+02), Variance: 8.26484e-01 (9.59295e-01), Accept ratio: 0.46688, 
INFO:root:Epoch  3758, Energy: -1.08986e+02 (-1.08978e+02), Variance: 9.01317e-01 (1.24140e+00), Accept ratio: 0.47418, 
INFO:root:Epoch  3759, Energy: -1.08968e+02 (-1.08943e+02), Variance: 9.13022e-01 (2.15340e+00), Accept ratio: 0.46732, 
INFO:root:Epoch  3760, Energy: -1.08997e+02 (-1.08985e+02), Variance: 9.79521e-01 (1.27167e+00), Accept ratio: 0.47540, 
INFO:root:Epoch  3761, Energy: -1.09032e+02 (-1.09018e+02), Variance: 8.79044e-01 (1.10673e+01), Accept ratio: 0.47022, 
INFO:root:Epoch  3762, Energy: -1.09010e+02 (-1.09043e+02), Variance: 1.02174e+00 (3.29044e+00), Accept ratio: 0.46900, 
INFO:root:Epoch  3763, Energy: -1.09013e+02 (-1.09003e+02), Variance: 8.67631e-01 (1.08478e+00), Accept ratio: 0.46646, 
INFO:root:Epoch  3764, Energy: -1.09015e+02 (-1.09013e+02), Variance: 9.42625e-01 (1.16417e+00), Accept ratio: 0.46382, 
INFO:root:Epoch  3765, Energy: -1.09014e+02 (-1.09033e+02), Variance: 9.09186e-01 (1.17844e+00), Accept ratio: 0.46558, 
INFO:root:Epoch  3766, Energy: -1.08992e+02 (-1.08980e+02), Variance: 8.67848e-01 (1.25838e+00), Accept ratio: 0.46486, 
INFO:root:Epoch  3767, Energy: -1.08996e+02 (-1.08991e+02), Variance: 8.63998e-01 (1.10561e+00), Accept ratio: 0.47324, 
INFO:root:Epoch  3768, Energy: -1.09047e+02 (-1.09072e+02), Variance: 8.84702e-01 (1.85071e+00), Accept ratio: 0.47011, 
INFO:root:Epoch  3769, Energy: -1.09074e+02 (-1.09072e+02), Variance: 8.14299e-01 (1.92922e+00), Accept ratio: 0.46752, 
INFO:root:Epoch  3770, Energy: -1.09047e+02 (-1.09056e+02), Variance: 9.68166e-01 (1.85050e+00), Accept ratio: 0.46353, 
INFO:root:Epoch  3771, Energy: -1.09087e+02 (-1.09101e+02), Variance: 1.01501e+00 (1.25680e+00), Accept ratio: 0.46961, 
INFO:root:Epoch  3772, Energy: -1.09014e+02 (-1.09010e+02), Variance: 8.14336e-01 (1.05642e+00), Accept ratio: 0.47040, 
INFO:root:Epoch  3773, Energy: -1.09066e+02 (-1.09160e+02), Variance: 8.48284e-01 (9.87641e+00), Accept ratio: 0.47299, 
INFO:root:Epoch  3774, Energy: -1.09042e+02 (-1.09046e+02), Variance: 7.18963e-01 (1.05987e+00), Accept ratio: 0.46948, 
INFO:root:Epoch  3775, Energy: -1.09043e+02 (-1.09048e+02), Variance: 7.59672e-01 (9.70359e-01), Accept ratio: 0.46729, 
INFO:root:Epoch  3776, Energy: -1.09057e+02 (-1.09064e+02), Variance: 7.81984e-01 (9.89430e-01), Accept ratio: 0.46777, 
INFO:root:Epoch  3777, Energy: -1.09024e+02 (-1.09022e+02), Variance: 6.98390e-01 (9.90734e-01), Accept ratio: 0.46628, 
INFO:root:Epoch  3778, Energy: -1.08998e+02 (-1.08991e+02), Variance: 7.71956e-01 (9.22993e-01), Accept ratio: 0.47634, 
INFO:root:Epoch  3779, Energy: -1.09042e+02 (-1.09055e+02), Variance: 8.29614e-01 (1.08996e+00), Accept ratio: 0.47146, 
INFO:root:Epoch  3780, Energy: -1.09022e+02 (-1.09023e+02), Variance: 7.75680e-01 (1.03937e+00), Accept ratio: 0.47695, 
INFO:root:Epoch  3781, Energy: -1.09004e+02 (-1.08993e+02), Variance: 7.48078e-01 (9.30004e-01), Accept ratio: 0.46680, 
INFO:root:Epoch  3782, Energy: -1.09019e+02 (-1.09031e+02), Variance: 8.00864e-01 (1.18684e+00), Accept ratio: 0.46559, 
INFO:root:Epoch  3783, Energy: -1.09035e+02 (-1.09049e+02), Variance: 8.31113e-01 (1.29215e+00), Accept ratio: 0.47434, 
INFO:root:Epoch  3784, Energy: -1.09031e+02 (-1.09011e+02), Variance: 8.41879e-01 (1.40676e+00), Accept ratio: 0.47090, 
INFO:root:Epoch  3785, Energy: -1.09028e+02 (-1.09033e+02), Variance: 8.50197e-01 (1.03729e+00), Accept ratio: 0.46382, 
INFO:root:Epoch  3786, Energy: -1.08986e+02 (-1.09008e+02), Variance: 7.97782e-01 (2.44910e+00), Accept ratio: 0.47453, 
INFO:root:Epoch  3787, Energy: -1.09023e+02 (-1.09023e+02), Variance: 8.02048e-01 (9.73538e-01), Accept ratio: 0.47698, 
INFO:root:Epoch  3788, Energy: -1.09035e+02 (-1.09000e+02), Variance: 9.23508e-01 (1.84913e+00), Accept ratio: 0.46874, 
INFO:root:Epoch  3789, Energy: -1.09033e+02 (-1.09045e+02), Variance: 9.21207e-01 (1.66386e+00), Accept ratio: 0.47079, 
INFO:root:Epoch  3790, Energy: -1.08988e+02 (-1.08989e+02), Variance: 6.84516e-01 (8.39685e-01), Accept ratio: 0.46789, 
INFO:root:Epoch  3791, Energy: -1.09053e+02 (-1.09069e+02), Variance: 8.10796e-01 (1.09674e+00), Accept ratio: 0.47399, 
INFO:root:Epoch  3792, Energy: -1.09014e+02 (-1.09017e+02), Variance: 8.20367e-01 (1.06443e+00), Accept ratio: 0.47570, 
INFO:root:Epoch  3793, Energy: -1.09066e+02 (-1.09074e+02), Variance: 7.74287e-01 (1.02497e+00), Accept ratio: 0.47745, 
INFO:root:Epoch  3794, Energy: -1.08982e+02 (-1.08976e+02), Variance: 9.03768e-01 (1.33145e+00), Accept ratio: 0.46925, 
INFO:root:Epoch  3795, Energy: -1.09000e+02 (-1.08980e+02), Variance: 7.84306e-01 (1.43491e+00), Accept ratio: 0.47357, 
INFO:root:Epoch  3796, Energy: -1.08994e+02 (-1.09045e+02), Variance: 9.69806e-01 (1.00946e+01), Accept ratio: 0.47307, 
INFO:root:Epoch  3797, Energy: -1.09014e+02 (-1.08986e+02), Variance: 8.66080e-01 (2.03648e+00), Accept ratio: 0.46800, 
INFO:root:Epoch  3798, Energy: -1.09045e+02 (-1.09060e+02), Variance: 9.92664e-01 (2.08075e+00), Accept ratio: 0.46910, 
INFO:root:Epoch  3799, Energy: -1.09003e+02 (-1.09002e+02), Variance: 9.00942e-01 (1.46276e+00), Accept ratio: 0.47204, 
INFO:root:Epoch  3800, Energy: -1.09016e+02 (-1.09031e+02), Variance: 8.11363e-01 (1.10962e+00), Accept ratio: 0.46756, , best weights saved
INFO:root:Epoch  3801, Energy: -1.08997e+02 (-1.09013e+02), Variance: 8.67755e-01 (1.31459e+00), Accept ratio: 0.47431, 
INFO:root:Epoch  3802, Energy: -1.08994e+02 (-1.09002e+02), Variance: 8.26352e-01 (1.23339e+00), Accept ratio: 0.47377, 
INFO:root:Epoch  3803, Energy: -1.08988e+02 (-1.09004e+02), Variance: 8.37637e-01 (1.75073e+00), Accept ratio: 0.47322, 
INFO:root:Epoch  3804, Energy: -1.09018e+02 (-1.09018e+02), Variance: 8.21881e-01 (9.50414e-01), Accept ratio: 0.46987, 
INFO:root:Epoch  3805, Energy: -1.09020e+02 (-1.09013e+02), Variance: 7.76832e-01 (1.26173e+00), Accept ratio: 0.47928, 
INFO:root:Epoch  3806, Energy: -1.09019e+02 (-1.09024e+02), Variance: 8.51229e-01 (1.02073e+00), Accept ratio: 0.46446, 
INFO:root:Epoch  3807, Energy: -1.09022e+02 (-1.09021e+02), Variance: 9.31464e-01 (1.21180e+00), Accept ratio: 0.47920, 
INFO:root:Epoch  3808, Energy: -1.09003e+02 (-1.09021e+02), Variance: 8.47516e-01 (1.30126e+00), Accept ratio: 0.47523, 
INFO:root:Epoch  3809, Energy: -1.08979e+02 (-1.09013e+02), Variance: 9.99063e-01 (2.89554e+00), Accept ratio: 0.47283, 
INFO:root:Epoch  3810, Energy: -1.09017e+02 (-1.09022e+02), Variance: 8.24343e-01 (1.22337e+00), Accept ratio: 0.46961, 
INFO:root:Epoch  3811, Energy: -1.09013e+02 (-1.09018e+02), Variance: 8.82815e-01 (1.07510e+00), Accept ratio: 0.47152, 
INFO:root:Epoch  3812, Energy: -1.09047e+02 (-1.09033e+02), Variance: 8.58308e-01 (1.20805e+00), Accept ratio: 0.46810, 
INFO:root:Epoch  3813, Energy: -1.09051e+02 (-1.09067e+02), Variance: 9.60581e-01 (1.34641e+00), Accept ratio: 0.47153, 
INFO:root:Epoch  3814, Energy: -1.09032e+02 (-1.09039e+02), Variance: 8.24714e-01 (1.19566e+00), Accept ratio: 0.46789, 
INFO:root:Epoch  3815, Energy: -1.09039e+02 (-1.09030e+02), Variance: 8.57943e-01 (1.52724e+00), Accept ratio: 0.46812, 
INFO:root:Epoch  3816, Energy: -1.09025e+02 (-1.09011e+02), Variance: 8.19119e-01 (1.07951e+00), Accept ratio: 0.46797, 
INFO:root:Epoch  3817, Energy: -1.09014e+02 (-1.09013e+02), Variance: 9.04220e-01 (1.02604e+00), Accept ratio: 0.46620, 
INFO:root:Epoch  3818, Energy: -1.09019e+02 (-1.09021e+02), Variance: 9.45466e-01 (1.12401e+00), Accept ratio: 0.47513, 
INFO:root:Epoch  3819, Energy: -1.09028e+02 (-1.09024e+02), Variance: 8.75425e-01 (9.69732e-01), Accept ratio: 0.46529, 
INFO:root:Epoch  3820, Energy: -1.09028e+02 (-1.09010e+02), Variance: 9.32451e-01 (1.29110e+00), Accept ratio: 0.47172, 
INFO:root:Epoch  3821, Energy: -1.08993e+02 (-1.08945e+02), Variance: 9.80281e-01 (2.27184e+00), Accept ratio: 0.46626, 
INFO:root:Epoch  3822, Energy: -1.09020e+02 (-1.08996e+02), Variance: 9.64630e-01 (1.27415e+00), Accept ratio: 0.47022, 
INFO:root:Epoch  3823, Energy: -1.09007e+02 (-1.08983e+02), Variance: 8.92369e-01 (1.27454e+00), Accept ratio: 0.46928, 
INFO:root:Epoch  3824, Energy: -1.09027e+02 (-1.09044e+02), Variance: 9.51022e-01 (1.32482e+00), Accept ratio: 0.47319, 
INFO:root:Epoch  3825, Energy: -1.09000e+02 (-1.09000e+02), Variance: 9.22629e-01 (1.36475e+00), Accept ratio: 0.46610, 
INFO:root:Epoch  3826, Energy: -1.09032e+02 (-1.09022e+02), Variance: 9.94798e-01 (1.50580e+00), Accept ratio: 0.47063, 
INFO:root:Epoch  3827, Energy: -1.08988e+02 (-1.08987e+02), Variance: 8.11388e-01 (8.94484e-01), Accept ratio: 0.47127, 
INFO:root:Epoch  3828, Energy: -1.08925e+02 (-1.08888e+02), Variance: 9.59887e-01 (1.92349e+00), Accept ratio: 0.46822, 
INFO:root:Epoch  3829, Energy: -1.09032e+02 (-1.09037e+02), Variance: 9.59615e-01 (1.10283e+00), Accept ratio: 0.47616, 
INFO:root:Epoch  3830, Energy: -1.09003e+02 (-1.09006e+02), Variance: 8.81736e-01 (1.07258e+00), Accept ratio: 0.46642, 
INFO:root:Epoch  3831, Energy: -1.09042e+02 (-1.09034e+02), Variance: 8.77136e-01 (1.25383e+00), Accept ratio: 0.47308, 
INFO:root:Epoch  3832, Energy: -1.08999e+02 (-1.09006e+02), Variance: 8.25065e-01 (9.24247e-01), Accept ratio: 0.47388, 
INFO:root:Epoch  3833, Energy: -1.08958e+02 (-1.08957e+02), Variance: 8.93137e-01 (1.07171e+00), Accept ratio: 0.47782, 
INFO:root:Epoch  3834, Energy: -1.08970e+02 (-1.08964e+02), Variance: 8.33222e-01 (1.01018e+00), Accept ratio: 0.47782, 
INFO:root:Epoch  3835, Energy: -1.09021e+02 (-1.09047e+02), Variance: 7.97602e-01 (2.12924e+00), Accept ratio: 0.46700, 
INFO:root:Epoch  3836, Energy: -1.09085e+02 (-1.09085e+02), Variance: 7.92817e-01 (1.30751e+00), Accept ratio: 0.47204, 
INFO:root:Epoch  3837, Energy: -1.09028e+02 (-1.09017e+02), Variance: 1.04579e+00 (1.30533e+00), Accept ratio: 0.47306, 
INFO:root:Epoch  3838, Energy: -1.09032e+02 (-1.09031e+02), Variance: 8.26369e-01 (9.03701e-01), Accept ratio: 0.47201, 
INFO:root:Epoch  3839, Energy: -1.08977e+02 (-1.09011e+02), Variance: 9.19279e-01 (2.83616e+00), Accept ratio: 0.47673, 
INFO:root:Epoch  3840, Energy: -1.09033e+02 (-1.09039e+02), Variance: 9.61801e-01 (1.55447e+00), Accept ratio: 0.47265, 
INFO:root:Epoch  3841, Energy: -1.09003e+02 (-1.08983e+02), Variance: 8.57130e-01 (1.77329e+00), Accept ratio: 0.47393, 
INFO:root:Epoch  3842, Energy: -1.08973e+02 (-1.08948e+02), Variance: 8.66301e-01 (1.60592e+00), Accept ratio: 0.45961, 
INFO:root:Epoch  3843, Energy: -1.09010e+02 (-1.09002e+02), Variance: 8.51540e-01 (1.05077e+00), Accept ratio: 0.47611, 
INFO:root:Epoch  3844, Energy: -1.08973e+02 (-1.08940e+02), Variance: 9.68275e-01 (1.57593e+00), Accept ratio: 0.46914, 
INFO:root:Epoch  3845, Energy: -1.09007e+02 (-1.08997e+02), Variance: 9.10742e-01 (1.20767e+00), Accept ratio: 0.46973, 
INFO:root:Epoch  3846, Energy: -1.09013e+02 (-1.08973e+02), Variance: 8.31958e-01 (1.82236e+00), Accept ratio: 0.47037, 
INFO:root:Epoch  3847, Energy: -1.09014e+02 (-1.09004e+02), Variance: 8.86256e-01 (1.25508e+00), Accept ratio: 0.46602, 
INFO:root:Epoch  3848, Energy: -1.08942e+02 (-1.08945e+02), Variance: 8.59364e-01 (1.04830e+00), Accept ratio: 0.47681, 
INFO:root:Epoch  3849, Energy: -1.09016e+02 (-1.09026e+02), Variance: 8.49217e-01 (1.12234e+00), Accept ratio: 0.47354, 
INFO:root:Epoch  3850, Energy: -1.09033e+02 (-1.09031e+02), Variance: 8.19614e-01 (9.90347e-01), Accept ratio: 0.47518, 
INFO:root:Epoch  3851, Energy: -1.09019e+02 (-1.09015e+02), Variance: 8.01872e-01 (9.72583e-01), Accept ratio: 0.47175, 
INFO:root:Epoch  3852, Energy: -1.09057e+02 (-1.09063e+02), Variance: 8.62071e-01 (1.06177e+00), Accept ratio: 0.47538, 
INFO:root:Epoch  3853, Energy: -1.09040e+02 (-1.09043e+02), Variance: 7.82560e-01 (9.43093e-01), Accept ratio: 0.47665, 
INFO:root:Epoch  3854, Energy: -1.09011e+02 (-1.08952e+02), Variance: 8.63697e-01 (3.35434e+00), Accept ratio: 0.46886, 
INFO:root:Epoch  3855, Energy: -1.09013e+02 (-1.08990e+02), Variance: 8.39932e-01 (1.56482e+00), Accept ratio: 0.47446, 
INFO:root:Epoch  3856, Energy: -1.08985e+02 (-1.08911e+02), Variance: 9.76367e-01 (4.49125e+00), Accept ratio: 0.47436, 
INFO:root:Epoch  3857, Energy: -1.08988e+02 (-1.08967e+02), Variance: 8.86445e-01 (1.26540e+00), Accept ratio: 0.47576, 
INFO:root:Epoch  3858, Energy: -1.09026e+02 (-1.09014e+02), Variance: 8.07810e-01 (1.14174e+00), Accept ratio: 0.47102, 
INFO:root:Epoch  3859, Energy: -1.09019e+02 (-1.09001e+02), Variance: 8.23788e-01 (1.42228e+00), Accept ratio: 0.46880, 
INFO:root:Epoch  3860, Energy: -1.08990e+02 (-1.08965e+02), Variance: 9.36951e-01 (2.24253e+00), Accept ratio: 0.46722, 
INFO:root:Epoch  3861, Energy: -1.09008e+02 (-1.09013e+02), Variance: 9.52326e-01 (1.47847e+00), Accept ratio: 0.47384, 
INFO:root:Epoch  3862, Energy: -1.09011e+02 (-1.09020e+02), Variance: 8.19336e-01 (2.59220e+00), Accept ratio: 0.47164, 
INFO:root:Epoch  3863, Energy: -1.09016e+02 (-1.09023e+02), Variance: 7.99836e-01 (9.04071e-01), Accept ratio: 0.46887, 
INFO:root:Epoch  3864, Energy: -1.09044e+02 (-1.09033e+02), Variance: 8.79171e-01 (1.28737e+00), Accept ratio: 0.46849, 
INFO:root:Epoch  3865, Energy: -1.09010e+02 (-1.09012e+02), Variance: 8.30600e-01 (1.08900e+00), Accept ratio: 0.46513, 
INFO:root:Epoch  3866, Energy: -1.09020e+02 (-1.09024e+02), Variance: 7.82774e-01 (9.28733e-01), Accept ratio: 0.46895, 
INFO:root:Epoch  3867, Energy: -1.09005e+02 (-1.08994e+02), Variance: 8.17616e-01 (1.02782e+00), Accept ratio: 0.46743, 
INFO:root:Epoch  3868, Energy: -1.08998e+02 (-1.08989e+02), Variance: 8.59504e-01 (1.03146e+00), Accept ratio: 0.47548, 
INFO:root:Epoch  3869, Energy: -1.09003e+02 (-1.08982e+02), Variance: 9.68664e-01 (2.07490e+00), Accept ratio: 0.47926, 
INFO:root:Epoch  3870, Energy: -1.09010e+02 (-1.09000e+02), Variance: 9.25410e-01 (1.30353e+00), Accept ratio: 0.46772, 
INFO:root:Epoch  3871, Energy: -1.09003e+02 (-1.08987e+02), Variance: 9.09327e-01 (1.13629e+00), Accept ratio: 0.47015, 
INFO:root:Epoch  3872, Energy: -1.09014e+02 (-1.09007e+02), Variance: 8.84543e-01 (9.92409e-01), Accept ratio: 0.47186, 
INFO:root:Epoch  3873, Energy: -1.09028e+02 (-1.09032e+02), Variance: 8.81818e-01 (1.05373e+00), Accept ratio: 0.48019, 
INFO:root:Epoch  3874, Energy: -1.09009e+02 (-1.08996e+02), Variance: 9.22848e-01 (1.27770e+00), Accept ratio: 0.47163, 
INFO:root:Epoch  3875, Energy: -1.09039e+02 (-1.09044e+02), Variance: 8.09741e-01 (9.25901e-01), Accept ratio: 0.47415, 
INFO:root:Epoch  3876, Energy: -1.08991e+02 (-1.08989e+02), Variance: 8.74487e-01 (1.07069e+00), Accept ratio: 0.46788, 
INFO:root:Epoch  3877, Energy: -1.08992e+02 (-1.08963e+02), Variance: 9.13370e-01 (1.57938e+00), Accept ratio: 0.47295, 
INFO:root:Epoch  3878, Energy: -1.09011e+02 (-1.09013e+02), Variance: 9.43605e-01 (1.40925e+00), Accept ratio: 0.47712, 
INFO:root:Epoch  3879, Energy: -1.08970e+02 (-1.08936e+02), Variance: 8.87228e-01 (2.29448e+00), Accept ratio: 0.47553, 
INFO:root:Epoch  3880, Energy: -1.09039e+02 (-1.08990e+02), Variance: 8.67250e-01 (2.20915e+00), Accept ratio: 0.47176, 
INFO:root:Epoch  3881, Energy: -1.09055e+02 (-1.09060e+02), Variance: 8.76758e-01 (1.04207e+00), Accept ratio: 0.47582, 
INFO:root:Epoch  3882, Energy: -1.09018e+02 (-1.09021e+02), Variance: 7.88013e-01 (9.21862e-01), Accept ratio: 0.47259, 
INFO:root:Epoch  3883, Energy: -1.09007e+02 (-1.09004e+02), Variance: 8.39313e-01 (1.08299e+00), Accept ratio: 0.47370, 
INFO:root:Epoch  3884, Energy: -1.08988e+02 (-1.08994e+02), Variance: 8.43276e-01 (1.01310e+00), Accept ratio: 0.47152, 
INFO:root:Epoch  3885, Energy: -1.09043e+02 (-1.09030e+02), Variance: 7.94813e-01 (1.07188e+00), Accept ratio: 0.46999, 
INFO:root:Epoch  3886, Energy: -1.09029e+02 (-1.09031e+02), Variance: 7.97479e-01 (1.01140e+00), Accept ratio: 0.47639, 
INFO:root:Epoch  3887, Energy: -1.09016e+02 (-1.09020e+02), Variance: 9.24847e-01 (1.03077e+00), Accept ratio: 0.47265, 
INFO:root:Epoch  3888, Energy: -1.08997e+02 (-1.08998e+02), Variance: 8.94230e-01 (1.14488e+00), Accept ratio: 0.46859, 
INFO:root:Epoch  3889, Energy: -1.09005e+02 (-1.09000e+02), Variance: 9.34600e-01 (1.11298e+00), Accept ratio: 0.46511, 
INFO:root:Epoch  3890, Energy: -1.09022e+02 (-1.09033e+02), Variance: 9.69533e-01 (1.54981e+00), Accept ratio: 0.47238, 
INFO:root:Epoch  3891, Energy: -1.09019e+02 (-1.09015e+02), Variance: 8.93179e-01 (1.01324e+00), Accept ratio: 0.46618, 
INFO:root:Epoch  3892, Energy: -1.09039e+02 (-1.09039e+02), Variance: 8.29928e-01 (8.77383e-01), Accept ratio: 0.47698, 
INFO:root:Epoch  3893, Energy: -1.09011e+02 (-1.09017e+02), Variance: 8.60241e-01 (9.72203e-01), Accept ratio: 0.46904, 
INFO:root:Epoch  3894, Energy: -1.09026e+02 (-1.09016e+02), Variance: 9.44437e-01 (1.72774e+00), Accept ratio: 0.47167, 
INFO:root:Epoch  3895, Energy: -1.09009e+02 (-1.08992e+02), Variance: 8.75466e-01 (1.95237e+00), Accept ratio: 0.46771, 
INFO:root:Epoch  3896, Energy: -1.08957e+02 (-1.08950e+02), Variance: 8.62214e-01 (1.01329e+00), Accept ratio: 0.47716, 
INFO:root:Epoch  3897, Energy: -1.09006e+02 (-1.08986e+02), Variance: 8.98423e-01 (1.17877e+00), Accept ratio: 0.46627, 
INFO:root:Epoch  3898, Energy: -1.08992e+02 (-1.09002e+02), Variance: 9.55915e-01 (1.36211e+00), Accept ratio: 0.47255, 
INFO:root:Epoch  3899, Energy: -1.09019e+02 (-1.09000e+02), Variance: 7.69285e-01 (1.15291e+00), Accept ratio: 0.47785, 
INFO:root:Epoch  3900, Energy: -1.09024e+02 (-1.09022e+02), Variance: 8.96600e-01 (1.08635e+00), Accept ratio: 0.47010, 
INFO:root:Epoch  3901, Energy: -1.09032e+02 (-1.09007e+02), Variance: 8.01450e-01 (1.29147e+00), Accept ratio: 0.47154, 
INFO:root:Epoch  3902, Energy: -1.09002e+02 (-1.08981e+02), Variance: 8.63604e-01 (1.46220e+00), Accept ratio: 0.47091, 
INFO:root:Epoch  3903, Energy: -1.08990e+02 (-1.08987e+02), Variance: 7.77607e-01 (9.48867e-01), Accept ratio: 0.47664, 
INFO:root:Epoch  3904, Energy: -1.09089e+02 (-1.09067e+02), Variance: 9.64352e-01 (3.32428e+00), Accept ratio: 0.46663, 
INFO:root:Epoch  3905, Energy: -1.09064e+02 (-1.09047e+02), Variance: 9.48025e-01 (1.42744e+00), Accept ratio: 0.46970, 
INFO:root:Epoch  3906, Energy: -1.09029e+02 (-1.09033e+02), Variance: 8.01518e-01 (1.01011e+00), Accept ratio: 0.46610, 
INFO:root:Epoch  3907, Energy: -1.09060e+02 (-1.09078e+02), Variance: 8.30197e-01 (1.52955e+00), Accept ratio: 0.47240, 
INFO:root:Epoch  3908, Energy: -1.09027e+02 (-1.09023e+02), Variance: 8.96683e-01 (1.04252e+00), Accept ratio: 0.47305, 
INFO:root:Epoch  3909, Energy: -1.09035e+02 (-1.09030e+02), Variance: 8.70169e-01 (1.11892e+00), Accept ratio: 0.47252, 
INFO:root:Epoch  3910, Energy: -1.09009e+02 (-1.08984e+02), Variance: 8.43329e-01 (1.60449e+00), Accept ratio: 0.47767, 
INFO:root:Epoch  3911, Energy: -1.09011e+02 (-1.09007e+02), Variance: 1.03861e+00 (4.01588e+00), Accept ratio: 0.47024, 
INFO:root:Epoch  3912, Energy: -1.09079e+02 (-1.09072e+02), Variance: 8.86438e-01 (1.08664e+00), Accept ratio: 0.46963, 
INFO:root:Epoch  3913, Energy: -1.09057e+02 (-1.09055e+02), Variance: 8.80119e-01 (1.19755e+00), Accept ratio: 0.46978, 
INFO:root:Epoch  3914, Energy: -1.09026e+02 (-1.09015e+02), Variance: 7.62167e-01 (9.18169e-01), Accept ratio: 0.46638, 
INFO:root:Epoch  3915, Energy: -1.09048e+02 (-1.09044e+02), Variance: 8.74438e-01 (1.22504e+00), Accept ratio: 0.47573, 
INFO:root:Epoch  3916, Energy: -1.09047e+02 (-1.08981e+02), Variance: 8.94907e-01 (6.91458e+00), Accept ratio: 0.47822, 
INFO:root:Epoch  3917, Energy: -1.09049e+02 (-1.09012e+02), Variance: 9.84342e-01 (2.25271e+00), Accept ratio: 0.47324, 
INFO:root:Epoch  3918, Energy: -1.09063e+02 (-1.09045e+02), Variance: 9.03148e-01 (1.34572e+00), Accept ratio: 0.46893, 
INFO:root:Epoch  3919, Energy: -1.09038e+02 (-1.09037e+02), Variance: 9.30489e-01 (1.23234e+00), Accept ratio: 0.47785, 
INFO:root:Epoch  3920, Energy: -1.09031e+02 (-1.09031e+02), Variance: 9.31156e-01 (1.09584e+00), Accept ratio: 0.46724, 
INFO:root:Epoch  3921, Energy: -1.09013e+02 (-1.09002e+02), Variance: 8.25430e-01 (1.14138e+00), Accept ratio: 0.47042, 
INFO:root:Epoch  3922, Energy: -1.09045e+02 (-1.09029e+02), Variance: 7.17389e-01 (9.24327e-01), Accept ratio: 0.46681, 
INFO:root:Epoch  3923, Energy: -1.09055e+02 (-1.09067e+02), Variance: 7.94891e-01 (1.05848e+00), Accept ratio: 0.47807, 
INFO:root:Epoch  3924, Energy: -1.09083e+02 (-1.09086e+02), Variance: 8.22661e-01 (9.45585e-01), Accept ratio: 0.47791, 
INFO:root:Epoch  3925, Energy: -1.09050e+02 (-1.09051e+02), Variance: 6.78048e-01 (7.04782e-01), Accept ratio: 0.48227, 
INFO:root:Epoch  3926, Energy: -1.09012e+02 (-1.09009e+02), Variance: 7.89463e-01 (9.26071e-01), Accept ratio: 0.47233, 
INFO:root:Epoch  3927, Energy: -1.09029e+02 (-1.09030e+02), Variance: 8.27663e-01 (9.00685e-01), Accept ratio: 0.47007, 
INFO:root:Epoch  3928, Energy: -1.09021e+02 (-1.09011e+02), Variance: 8.90478e-01 (2.42875e+00), Accept ratio: 0.47634, 
INFO:root:Epoch  3929, Energy: -1.09044e+02 (-1.09032e+02), Variance: 8.42636e-01 (1.01247e+00), Accept ratio: 0.47060, 
INFO:root:Epoch  3930, Energy: -1.09007e+02 (-1.08985e+02), Variance: 9.81766e-01 (1.46232e+00), Accept ratio: 0.47405, 
INFO:root:Epoch  3931, Energy: -1.09003e+02 (-1.08990e+02), Variance: 9.64359e-01 (1.45687e+00), Accept ratio: 0.46966, 
INFO:root:Epoch  3932, Energy: -1.09028e+02 (-1.09012e+02), Variance: 8.53817e-01 (1.13589e+00), Accept ratio: 0.47417, 
INFO:root:Epoch  3933, Energy: -1.08995e+02 (-1.08993e+02), Variance: 9.42142e-01 (1.17173e+00), Accept ratio: 0.47195, 
INFO:root:Epoch  3934, Energy: -1.08993e+02 (-1.08991e+02), Variance: 8.13562e-01 (1.03431e+00), Accept ratio: 0.47745, 
INFO:root:Epoch  3935, Energy: -1.09022e+02 (-1.09021e+02), Variance: 8.82442e-01 (1.24725e+00), Accept ratio: 0.46739, 
INFO:root:Epoch  3936, Energy: -1.09092e+02 (-1.09077e+02), Variance: 8.65016e-01 (1.05151e+00), Accept ratio: 0.46889, 
INFO:root:Epoch  3937, Energy: -1.09041e+02 (-1.09042e+02), Variance: 8.64368e-01 (1.99884e+00), Accept ratio: 0.46859, 
INFO:root:Epoch  3938, Energy: -1.09034e+02 (-1.09030e+02), Variance: 9.12185e-01 (1.19215e+00), Accept ratio: 0.46651, 
INFO:root:Epoch  3939, Energy: -1.09046e+02 (-1.09054e+02), Variance: 8.55051e-01 (1.05593e+00), Accept ratio: 0.46578, 
INFO:root:Epoch  3940, Energy: -1.09069e+02 (-1.09004e+02), Variance: 9.71063e-01 (4.36214e+00), Accept ratio: 0.46910, 
INFO:root:Epoch  3941, Energy: -1.09043e+02 (-1.09043e+02), Variance: 8.84779e-01 (1.10064e+00), Accept ratio: 0.47048, 
INFO:root:Epoch  3942, Energy: -1.09030e+02 (-1.09033e+02), Variance: 8.65056e-01 (1.68559e+00), Accept ratio: 0.47110, 
INFO:root:Epoch  3943, Energy: -1.09013e+02 (-1.09001e+02), Variance: 8.54260e-01 (9.96651e-01), Accept ratio: 0.47198, 
INFO:root:Epoch  3944, Energy: -1.09016e+02 (-1.09021e+02), Variance: 8.33243e-01 (1.08885e+00), Accept ratio: 0.46415, 
INFO:root:Epoch  3945, Energy: -1.08996e+02 (-1.08917e+02), Variance: 9.59582e-01 (6.32928e+00), Accept ratio: 0.47380, 
INFO:root:Epoch  3946, Energy: -1.09040e+02 (-1.09038e+02), Variance: 7.77576e-01 (9.37050e-01), Accept ratio: 0.47439, 
INFO:root:Epoch  3947, Energy: -1.09052e+02 (-1.09054e+02), Variance: 8.25747e-01 (1.01616e+00), Accept ratio: 0.46906, 
INFO:root:Epoch  3948, Energy: -1.08993e+02 (-1.09010e+02), Variance: 7.88890e-01 (1.99250e+00), Accept ratio: 0.46894, 
INFO:root:Epoch  3949, Energy: -1.09001e+02 (-1.09002e+02), Variance: 7.83963e-01 (9.98985e-01), Accept ratio: 0.47268, 
INFO:root:Epoch  3950, Energy: -1.09021e+02 (-1.09036e+02), Variance: 8.39370e-01 (1.29353e+00), Accept ratio: 0.46853, 
INFO:root:Epoch  3951, Energy: -1.09057e+02 (-1.09056e+02), Variance: 8.88370e-01 (1.00958e+00), Accept ratio: 0.47145, 
INFO:root:Epoch  3952, Energy: -1.09002e+02 (-1.09005e+02), Variance: 9.17326e-01 (1.09940e+00), Accept ratio: 0.47113, 
INFO:root:Epoch  3953, Energy: -1.09008e+02 (-1.08992e+02), Variance: 8.10439e-01 (9.96596e-01), Accept ratio: 0.46519, 
INFO:root:Epoch  3954, Energy: -1.09040e+02 (-1.09004e+02), Variance: 8.60906e-01 (2.07626e+00), Accept ratio: 0.46629, 
INFO:root:Epoch  3955, Energy: -1.08993e+02 (-1.08994e+02), Variance: 8.80800e-01 (1.09067e+00), Accept ratio: 0.46881, 
INFO:root:Epoch  3956, Energy: -1.09035e+02 (-1.09045e+02), Variance: 8.05795e-01 (1.54485e+00), Accept ratio: 0.46970, 
INFO:root:Epoch  3957, Energy: -1.09018e+02 (-1.09023e+02), Variance: 7.72370e-01 (8.85944e-01), Accept ratio: 0.47757, 
INFO:root:Epoch  3958, Energy: -1.09056e+02 (-1.09067e+02), Variance: 7.67052e-01 (1.18583e+00), Accept ratio: 0.47593, 
INFO:root:Epoch  3959, Energy: -1.09039e+02 (-1.09038e+02), Variance: 8.07338e-01 (1.01865e+00), Accept ratio: 0.47529, 
INFO:root:Epoch  3960, Energy: -1.09004e+02 (-1.09035e+02), Variance: 8.19105e-01 (3.21853e+00), Accept ratio: 0.46506, 
INFO:root:Epoch  3961, Energy: -1.09040e+02 (-1.09016e+02), Variance: 8.09678e-01 (2.24066e+00), Accept ratio: 0.46747, 
INFO:root:Epoch  3962, Energy: -1.09006e+02 (-1.09008e+02), Variance: 8.35946e-01 (1.02453e+00), Accept ratio: 0.46840, 
INFO:root:Epoch  3963, Energy: -1.09054e+02 (-1.09079e+02), Variance: 7.95322e-01 (1.27500e+00), Accept ratio: 0.46765, 
INFO:root:Epoch  3964, Energy: -1.09053e+02 (-1.09065e+02), Variance: 7.27103e-01 (1.21194e+00), Accept ratio: 0.47392, 
INFO:root:Epoch  3965, Energy: -1.09014e+02 (-1.08997e+02), Variance: 8.67820e-01 (1.09356e+00), Accept ratio: 0.46907, 
INFO:root:Epoch  3966, Energy: -1.09065e+02 (-1.09062e+02), Variance: 8.16412e-01 (8.81523e-01), Accept ratio: 0.47241, 
INFO:root:Epoch  3967, Energy: -1.09032e+02 (-1.09016e+02), Variance: 8.31187e-01 (1.16794e+00), Accept ratio: 0.47427, 
INFO:root:Epoch  3968, Energy: -1.09049e+02 (-1.09028e+02), Variance: 8.40657e-01 (1.60609e+00), Accept ratio: 0.47170, 
INFO:root:Epoch  3969, Energy: -1.09053e+02 (-1.09052e+02), Variance: 8.06065e-01 (8.90815e-01), Accept ratio: 0.46847, 
INFO:root:Epoch  3970, Energy: -1.09046e+02 (-1.09050e+02), Variance: 7.82116e-01 (9.70675e-01), Accept ratio: 0.46722, 
INFO:root:Epoch  3971, Energy: -1.09003e+02 (-1.08991e+02), Variance: 7.42301e-01 (1.10886e+00), Accept ratio: 0.47153, 
INFO:root:Epoch  3972, Energy: -1.09006e+02 (-1.08979e+02), Variance: 8.72825e-01 (1.27329e+00), Accept ratio: 0.46788, 
INFO:root:Epoch  3973, Energy: -1.08990e+02 (-1.08977e+02), Variance: 8.52024e-01 (1.08203e+00), Accept ratio: 0.47761, 
INFO:root:Epoch  3974, Energy: -1.08963e+02 (-1.08938e+02), Variance: 7.90504e-01 (1.36072e+00), Accept ratio: 0.47036, 
INFO:root:Epoch  3975, Energy: -1.09013e+02 (-1.08975e+02), Variance: 8.37991e-01 (1.94131e+00), Accept ratio: 0.47288, 
INFO:root:Epoch  3976, Energy: -1.09058e+02 (-1.09029e+02), Variance: 7.35043e-01 (1.91359e+00), Accept ratio: 0.47134, 
INFO:root:Epoch  3977, Energy: -1.09004e+02 (-1.08996e+02), Variance: 7.79222e-01 (1.10627e+00), Accept ratio: 0.47824, 
INFO:root:Epoch  3978, Energy: -1.08995e+02 (-1.08972e+02), Variance: 7.72562e-01 (1.37599e+00), Accept ratio: 0.47270, 
INFO:root:Epoch  3979, Energy: -1.09031e+02 (-1.08999e+02), Variance: 8.98916e-01 (3.07841e+00), Accept ratio: 0.46764, 
INFO:root:Epoch  3980, Energy: -1.09038e+02 (-1.09012e+02), Variance: 8.27890e-01 (1.33605e+00), Accept ratio: 0.46656, 
INFO:root:Epoch  3981, Energy: -1.09046e+02 (-1.09057e+02), Variance: 8.62509e-01 (1.64751e+00), Accept ratio: 0.47179, 
INFO:root:Epoch  3982, Energy: -1.09001e+02 (-1.09001e+02), Variance: 8.37982e-01 (9.16881e-01), Accept ratio: 0.46828, 
INFO:root:Epoch  3983, Energy: -1.09039e+02 (-1.09049e+02), Variance: 7.22179e-01 (1.03384e+00), Accept ratio: 0.47562, 
INFO:root:Epoch  3984, Energy: -1.09012e+02 (-1.09022e+02), Variance: 8.05651e-01 (1.07125e+00), Accept ratio: 0.47087, 
INFO:root:Epoch  3985, Energy: -1.08984e+02 (-1.08992e+02), Variance: 8.08822e-01 (1.51583e+00), Accept ratio: 0.47901, 
INFO:root:Epoch  3986, Energy: -1.08986e+02 (-1.08976e+02), Variance: 7.67993e-01 (1.12677e+00), Accept ratio: 0.47167, 
INFO:root:Epoch  3987, Energy: -1.08936e+02 (-1.08920e+02), Variance: 8.23079e-01 (1.11921e+00), Accept ratio: 0.47360, 
INFO:root:Epoch  3988, Energy: -1.08982e+02 (-1.08954e+02), Variance: 7.39117e-01 (1.75312e+00), Accept ratio: 0.47116, 
INFO:root:Epoch  3989, Energy: -1.08966e+02 (-1.08955e+02), Variance: 8.53721e-01 (1.14097e+00), Accept ratio: 0.47448, 
INFO:root:Epoch  3990, Energy: -1.08981e+02 (-1.08943e+02), Variance: 8.59407e-01 (2.46560e+00), Accept ratio: 0.46431, 
INFO:root:Epoch  3991, Energy: -1.08974e+02 (-1.08970e+02), Variance: 8.35914e-01 (1.48946e+00), Accept ratio: 0.46907, 
INFO:root:Epoch  3992, Energy: -1.09012e+02 (-1.09025e+02), Variance: 8.06082e-01 (1.04181e+00), Accept ratio: 0.47065, 
INFO:root:Epoch  3993, Energy: -1.09017e+02 (-1.09005e+02), Variance: 7.62727e-01 (1.10902e+00), Accept ratio: 0.46908, 
INFO:root:Epoch  3994, Energy: -1.08969e+02 (-1.08957e+02), Variance: 7.67279e-01 (9.63429e-01), Accept ratio: 0.47039, 
INFO:root:Epoch  3995, Energy: -1.08954e+02 (-1.08903e+02), Variance: 9.17834e-01 (2.80981e+00), Accept ratio: 0.47343, 
INFO:root:Epoch  3996, Energy: -1.08976e+02 (-1.08940e+02), Variance: 9.30334e-01 (1.95283e+00), Accept ratio: 0.47929, 
INFO:root:Epoch  3997, Energy: -1.09006e+02 (-1.08981e+02), Variance: 9.41337e-01 (1.63608e+00), Accept ratio: 0.47422, 
INFO:root:Epoch  3998, Energy: -1.09020e+02 (-1.09003e+02), Variance: 8.32394e-01 (1.14474e+00), Accept ratio: 0.47598, 
INFO:root:Epoch  3999, Energy: -1.09024e+02 (-1.09050e+02), Variance: 8.11212e-01 (1.53690e+00), Accept ratio: 0.47079, 
INFO:root:Epoch  4000, Energy: -1.09040e+02 (-1.09062e+02), Variance: 7.99438e-01 (1.61679e+00), Accept ratio: 0.47234, 
INFO:root:Epoch  4001, Energy: -1.09059e+02 (-1.09073e+02), Variance: 7.96136e-01 (1.10700e+00), Accept ratio: 0.47055, 
INFO:root:Epoch  4002, Energy: -1.09021e+02 (-1.09001e+02), Variance: 9.07888e-01 (1.40100e+00), Accept ratio: 0.46617, 
INFO:root:Epoch  4003, Energy: -1.09043e+02 (-1.09031e+02), Variance: 9.60762e-01 (1.20163e+00), Accept ratio: 0.46793, 
INFO:root:Epoch  4004, Energy: -1.09058e+02 (-1.09076e+02), Variance: 8.96301e-01 (2.20285e+00), Accept ratio: 0.46544, 
INFO:root:Epoch  4005, Energy: -1.09037e+02 (-1.09029e+02), Variance: 8.30874e-01 (1.14122e+00), Accept ratio: 0.46525, 
INFO:root:Epoch  4006, Energy: -1.09059e+02 (-1.09062e+02), Variance: 8.35995e-01 (1.13535e+00), Accept ratio: 0.46904, 
INFO:root:Epoch  4007, Energy: -1.09061e+02 (-1.09067e+02), Variance: 8.39779e-01 (1.35776e+00), Accept ratio: 0.47305, 
INFO:root:Epoch  4008, Energy: -1.09074e+02 (-1.09083e+02), Variance: 8.92117e-01 (1.34926e+00), Accept ratio: 0.46707, 
INFO:root:Epoch  4009, Energy: -1.09054e+02 (-1.09056e+02), Variance: 9.15743e-01 (1.08416e+00), Accept ratio: 0.47369, 
INFO:root:Epoch  4010, Energy: -1.09041e+02 (-1.09029e+02), Variance: 8.44031e-01 (1.27889e+00), Accept ratio: 0.47583, 
INFO:root:Epoch  4011, Energy: -1.09073e+02 (-1.09028e+02), Variance: 8.53280e-01 (2.41900e+00), Accept ratio: 0.46818, 
INFO:root:Epoch  4012, Energy: -1.09074e+02 (-1.09067e+02), Variance: 8.24975e-01 (1.00112e+00), Accept ratio: 0.47239, 
INFO:root:Epoch  4013, Energy: -1.09061e+02 (-1.09053e+02), Variance: 8.37336e-01 (1.02386e+00), Accept ratio: 0.47419, 
INFO:root:Epoch  4014, Energy: -1.09076e+02 (-1.09096e+02), Variance: 8.17502e-01 (1.05839e+00), Accept ratio: 0.46802, 
INFO:root:Epoch  4015, Energy: -1.09055e+02 (-1.08962e+02), Variance: 9.45071e-01 (9.44868e+00), Accept ratio: 0.47123, 
INFO:root:Epoch  4016, Energy: -1.09020e+02 (-1.09018e+02), Variance: 8.54025e-01 (1.10656e+00), Accept ratio: 0.46742, 
INFO:root:Epoch  4017, Energy: -1.08980e+02 (-1.08961e+02), Variance: 8.34799e-01 (1.20206e+00), Accept ratio: 0.47498, 
INFO:root:Epoch  4018, Energy: -1.09033e+02 (-1.09029e+02), Variance: 8.90329e-01 (1.36828e+00), Accept ratio: 0.47327, 
INFO:root:Epoch  4019, Energy: -1.09029e+02 (-1.09035e+02), Variance: 9.43385e-01 (1.50306e+00), Accept ratio: 0.46969, 
INFO:root:Epoch  4020, Energy: -1.09014e+02 (-1.08991e+02), Variance: 8.70592e-01 (1.23037e+00), Accept ratio: 0.46240, 
INFO:root:Epoch  4021, Energy: -1.09032e+02 (-1.09040e+02), Variance: 7.73183e-01 (8.52162e-01), Accept ratio: 0.47788, 
INFO:root:Epoch  4022, Energy: -1.09001e+02 (-1.08995e+02), Variance: 7.79604e-01 (8.45935e-01), Accept ratio: 0.46722, 
INFO:root:Epoch  4023, Energy: -1.09047e+02 (-1.09062e+02), Variance: 1.04762e+00 (1.56788e+00), Accept ratio: 0.47478, 
INFO:root:Epoch  4024, Energy: -1.09010e+02 (-1.08993e+02), Variance: 8.18849e-01 (1.05013e+00), Accept ratio: 0.47339, 
INFO:root:Epoch  4025, Energy: -1.08999e+02 (-1.08986e+02), Variance: 8.47995e-01 (1.09438e+00), Accept ratio: 0.47077, 
INFO:root:Epoch  4026, Energy: -1.09024e+02 (-1.09061e+02), Variance: 9.50031e-01 (1.98645e+00), Accept ratio: 0.47066, 
INFO:root:Epoch  4027, Energy: -1.09006e+02 (-1.09004e+02), Variance: 9.80065e-01 (1.91295e+00), Accept ratio: 0.46306, 
INFO:root:Epoch  4028, Energy: -1.09002e+02 (-1.09005e+02), Variance: 8.16949e-01 (1.35415e+00), Accept ratio: 0.47005, 
INFO:root:Epoch  4029, Energy: -1.08995e+02 (-1.08998e+02), Variance: 9.85256e-01 (1.33957e+00), Accept ratio: 0.47182, 
INFO:root:Epoch  4030, Energy: -1.08969e+02 (-1.08961e+02), Variance: 1.08404e+00 (2.15667e+00), Accept ratio: 0.47321, 
INFO:root:Epoch  4031, Energy: -1.09008e+02 (-1.09023e+02), Variance: 1.11923e+00 (1.86444e+00), Accept ratio: 0.46439, 
INFO:root:Epoch  4032, Energy: -1.09028e+02 (-1.09021e+02), Variance: 9.14787e-01 (1.08050e+00), Accept ratio: 0.46905, 
INFO:root:Epoch  4033, Energy: -1.08988e+02 (-1.08984e+02), Variance: 8.08643e-01 (1.41942e+00), Accept ratio: 0.46528, 
INFO:root:Epoch  4034, Energy: -1.09049e+02 (-1.09044e+02), Variance: 8.80653e-01 (1.24038e+00), Accept ratio: 0.46717, 
INFO:root:Epoch  4035, Energy: -1.09048e+02 (-1.09044e+02), Variance: 8.58985e-01 (9.55827e-01), Accept ratio: 0.46937, 
INFO:root:Epoch  4036, Energy: -1.09019e+02 (-1.09030e+02), Variance: 9.26192e-01 (1.65383e+00), Accept ratio: 0.47018, 
INFO:root:Epoch  4037, Energy: -1.09009e+02 (-1.09012e+02), Variance: 1.02403e+00 (2.08899e+00), Accept ratio: 0.46738, 
INFO:root:Epoch  4038, Energy: -1.09032e+02 (-1.09046e+02), Variance: 9.07903e-01 (2.13267e+00), Accept ratio: 0.47297, 
INFO:root:Epoch  4039, Energy: -1.09077e+02 (-1.09083e+02), Variance: 8.58306e-01 (1.89365e+00), Accept ratio: 0.47319, 
INFO:root:Epoch  4040, Energy: -1.09009e+02 (-1.08999e+02), Variance: 8.21088e-01 (9.21417e-01), Accept ratio: 0.46726, 
INFO:root:Epoch  4041, Energy: -1.09006e+02 (-1.09016e+02), Variance: 8.06414e-01 (1.18486e+00), Accept ratio: 0.47940, 
INFO:root:Epoch  4042, Energy: -1.09041e+02 (-1.09032e+02), Variance: 8.38845e-01 (1.06680e+00), Accept ratio: 0.47090, 
INFO:root:Epoch  4043, Energy: -1.08970e+02 (-1.08944e+02), Variance: 8.16957e-01 (1.23838e+00), Accept ratio: 0.46712, 
INFO:root:Epoch  4044, Energy: -1.08951e+02 (-1.08938e+02), Variance: 7.72091e-01 (9.37530e-01), Accept ratio: 0.47084, 
INFO:root:Epoch  4045, Energy: -1.08973e+02 (-1.08975e+02), Variance: 7.29059e-01 (8.52476e-01), Accept ratio: 0.47231, 
INFO:root:Epoch  4046, Energy: -1.09003e+02 (-1.08995e+02), Variance: 8.06318e-01 (9.92542e-01), Accept ratio: 0.47413, 
INFO:root:Epoch  4047, Energy: -1.09021e+02 (-1.09021e+02), Variance: 8.91643e-01 (1.30926e+00), Accept ratio: 0.47711, 
INFO:root:Epoch  4048, Energy: -1.08997e+02 (-1.08978e+02), Variance: 1.13458e+00 (2.80665e+00), Accept ratio: 0.47482, 
INFO:root:Epoch  4049, Energy: -1.09047e+02 (-1.09034e+02), Variance: 9.31507e-01 (2.78210e+00), Accept ratio: 0.46740, 
INFO:root:Epoch  4050, Energy: -1.08964e+02 (-1.08939e+02), Variance: 9.86914e-01 (1.80314e+00), Accept ratio: 0.47828, 
INFO:root:Epoch  4051, Energy: -1.08998e+02 (-1.08978e+02), Variance: 8.79438e-01 (1.70871e+00), Accept ratio: 0.46934, 
INFO:root:Epoch  4052, Energy: -1.09027e+02 (-1.09011e+02), Variance: 9.80065e-01 (1.77105e+00), Accept ratio: 0.46902, 
INFO:root:Epoch  4053, Energy: -1.09026e+02 (-1.09017e+02), Variance: 7.91195e-01 (9.99852e-01), Accept ratio: 0.47251, 
INFO:root:Epoch  4054, Energy: -1.09011e+02 (-1.08988e+02), Variance: 8.34359e-01 (1.29878e+00), Accept ratio: 0.47102, 
INFO:root:Epoch  4055, Energy: -1.08987e+02 (-1.08977e+02), Variance: 7.44896e-01 (1.03430e+00), Accept ratio: 0.47407, 
INFO:root:Epoch  4056, Energy: -1.08983e+02 (-1.08990e+02), Variance: 7.06766e-01 (1.01412e+00), Accept ratio: 0.47523, 
INFO:root:Epoch  4057, Energy: -1.08970e+02 (-1.08962e+02), Variance: 8.02128e-01 (1.18954e+00), Accept ratio: 0.47565, 
INFO:root:Epoch  4058, Energy: -1.08976e+02 (-1.08972e+02), Variance: 8.92489e-01 (1.42748e+00), Accept ratio: 0.46793, 
INFO:root:Epoch  4059, Energy: -1.09024e+02 (-1.09013e+02), Variance: 8.62317e-01 (1.08286e+00), Accept ratio: 0.47297, 
INFO:root:Epoch  4060, Energy: -1.09039e+02 (-1.09031e+02), Variance: 9.26597e-01 (1.22872e+00), Accept ratio: 0.47526, 
INFO:root:Epoch  4061, Energy: -1.09012e+02 (-1.09002e+02), Variance: 8.11417e-01 (1.38464e+00), Accept ratio: 0.46358, 
INFO:root:Epoch  4062, Energy: -1.09004e+02 (-1.09023e+02), Variance: 8.57894e-01 (1.91607e+00), Accept ratio: 0.47473, 
INFO:root:Epoch  4063, Energy: -1.09017e+02 (-1.09034e+02), Variance: 8.65717e-01 (1.48551e+00), Accept ratio: 0.47039, 
INFO:root:Epoch  4064, Energy: -1.09042e+02 (-1.09041e+02), Variance: 8.59563e-01 (1.09768e+00), Accept ratio: 0.47102, 
INFO:root:Epoch  4065, Energy: -1.09024e+02 (-1.09050e+02), Variance: 7.63702e-01 (2.16412e+00), Accept ratio: 0.47288, 
INFO:root:Epoch  4066, Energy: -1.09005e+02 (-1.09000e+02), Variance: 8.38199e-01 (9.55446e-01), Accept ratio: 0.47094, 
INFO:root:Epoch  4067, Energy: -1.09022e+02 (-1.08997e+02), Variance: 7.77205e-01 (1.40039e+00), Accept ratio: 0.47663, 
INFO:root:Epoch  4068, Energy: -1.09003e+02 (-1.09002e+02), Variance: 8.31625e-01 (1.10749e+00), Accept ratio: 0.47240, 
INFO:root:Epoch  4069, Energy: -1.09013e+02 (-1.09002e+02), Variance: 8.29284e-01 (1.18975e+00), Accept ratio: 0.46665, 
INFO:root:Epoch  4070, Energy: -1.09030e+02 (-1.09032e+02), Variance: 8.74656e-01 (1.34304e+00), Accept ratio: 0.47070, 
INFO:root:Epoch  4071, Energy: -1.09022e+02 (-1.09030e+02), Variance: 8.44206e-01 (1.19459e+00), Accept ratio: 0.46879, 
INFO:root:Epoch  4072, Energy: -1.09020e+02 (-1.09035e+02), Variance: 7.73263e-01 (9.91236e-01), Accept ratio: 0.46089, 
INFO:root:Epoch  4073, Energy: -1.08987e+02 (-1.09000e+02), Variance: 8.14533e-01 (1.66741e+00), Accept ratio: 0.47550, 
INFO:root:Epoch  4074, Energy: -1.09003e+02 (-1.09006e+02), Variance: 8.01246e-01 (9.45849e-01), Accept ratio: 0.47442, 
INFO:root:Epoch  4075, Energy: -1.08958e+02 (-1.08963e+02), Variance: 8.08763e-01 (1.36086e+00), Accept ratio: 0.47789, 
INFO:root:Epoch  4076, Energy: -1.09050e+02 (-1.09039e+02), Variance: 8.29629e-01 (1.36514e+00), Accept ratio: 0.47271, 
INFO:root:Epoch  4077, Energy: -1.09013e+02 (-1.09011e+02), Variance: 9.00728e-01 (1.18251e+00), Accept ratio: 0.47507, 
INFO:root:Epoch  4078, Energy: -1.09006e+02 (-1.09007e+02), Variance: 9.56539e-01 (1.12225e+00), Accept ratio: 0.47166, 
INFO:root:Epoch  4079, Energy: -1.09009e+02 (-1.09008e+02), Variance: 8.25498e-01 (1.11692e+00), Accept ratio: 0.46990, 
INFO:root:Epoch  4080, Energy: -1.08984e+02 (-1.08976e+02), Variance: 8.58092e-01 (1.06856e+00), Accept ratio: 0.47285, 
INFO:root:Epoch  4081, Energy: -1.08995e+02 (-1.09007e+02), Variance: 7.16221e-01 (8.89956e-01), Accept ratio: 0.47199, 
INFO:root:Epoch  4082, Energy: -1.09003e+02 (-1.09007e+02), Variance: 8.40161e-01 (1.00344e+00), Accept ratio: 0.47065, 
INFO:root:Epoch  4083, Energy: -1.08982e+02 (-1.08987e+02), Variance: 8.10735e-01 (1.20719e+00), Accept ratio: 0.47207, 
INFO:root:Epoch  4084, Energy: -1.09028e+02 (-1.09039e+02), Variance: 9.25316e-01 (1.29960e+00), Accept ratio: 0.46862, 
INFO:root:Epoch  4085, Energy: -1.09019e+02 (-1.09012e+02), Variance: 8.57305e-01 (1.00862e+00), Accept ratio: 0.46521, 
INFO:root:Epoch  4086, Energy: -1.09028e+02 (-1.09026e+02), Variance: 8.29715e-01 (9.27710e-01), Accept ratio: 0.47279, 
INFO:root:Epoch  4087, Energy: -1.09045e+02 (-1.09040e+02), Variance: 8.30595e-01 (9.36453e-01), Accept ratio: 0.46965, 
INFO:root:Epoch  4088, Energy: -1.08993e+02 (-1.08987e+02), Variance: 8.93732e-01 (1.14642e+00), Accept ratio: 0.47040, 
INFO:root:Epoch  4089, Energy: -1.09100e+02 (-1.09092e+02), Variance: 9.45881e-01 (1.37045e+00), Accept ratio: 0.46630, 
INFO:root:Epoch  4090, Energy: -1.08992e+02 (-1.08982e+02), Variance: 7.97168e-01 (1.22144e+00), Accept ratio: 0.47301, 
INFO:root:Epoch  4091, Energy: -1.09055e+02 (-1.09059e+02), Variance: 7.98738e-01 (8.78832e-01), Accept ratio: 0.47431, 
INFO:root:Epoch  4092, Energy: -1.09010e+02 (-1.09008e+02), Variance: 9.62461e-01 (1.39657e+00), Accept ratio: 0.47665, 
INFO:root:Epoch  4093, Energy: -1.09004e+02 (-1.09018e+02), Variance: 8.51750e-01 (1.50685e+00), Accept ratio: 0.46531, 
INFO:root:Epoch  4094, Energy: -1.09052e+02 (-1.09051e+02), Variance: 8.36954e-01 (1.28476e+00), Accept ratio: 0.46967, 
INFO:root:Epoch  4095, Energy: -1.09043e+02 (-1.09049e+02), Variance: 8.48461e-01 (1.10293e+00), Accept ratio: 0.47075, 
INFO:root:Epoch  4096, Energy: -1.09001e+02 (-1.08999e+02), Variance: 7.89013e-01 (8.44121e-01), Accept ratio: 0.46430, 
INFO:root:Epoch  4097, Energy: -1.09011e+02 (-1.08996e+02), Variance: 8.07131e-01 (1.04342e+00), Accept ratio: 0.47844, 
INFO:root:Epoch  4098, Energy: -1.08984e+02 (-1.08962e+02), Variance: 8.69229e-01 (1.52676e+00), Accept ratio: 0.46006, 
INFO:root:Epoch  4099, Energy: -1.08982e+02 (-1.08981e+02), Variance: 8.15253e-01 (9.85235e-01), Accept ratio: 0.47495, 
INFO:root:Epoch  4100, Energy: -1.09014e+02 (-1.09029e+02), Variance: 9.57174e-01 (1.25213e+00), Accept ratio: 0.47069, 
INFO:root:Epoch  4101, Energy: -1.09019e+02 (-1.09007e+02), Variance: 8.38966e-01 (2.66764e+00), Accept ratio: 0.46722, 
INFO:root:Epoch  4102, Energy: -1.09007e+02 (-1.09002e+02), Variance: 9.07382e-01 (1.08419e+00), Accept ratio: 0.46491, 
INFO:root:Epoch  4103, Energy: -1.09026e+02 (-1.09005e+02), Variance: 8.48466e-01 (1.27968e+00), Accept ratio: 0.47136, 
INFO:root:Epoch  4104, Energy: -1.09044e+02 (-1.09028e+02), Variance: 7.74572e-01 (1.59534e+00), Accept ratio: 0.47372, 
INFO:root:Epoch  4105, Energy: -1.08970e+02 (-1.08970e+02), Variance: 7.90547e-01 (1.11261e+00), Accept ratio: 0.47584, 
INFO:root:Epoch  4106, Energy: -1.09028e+02 (-1.09040e+02), Variance: 7.44830e-01 (9.96761e-01), Accept ratio: 0.47360, 
INFO:root:Epoch  4107, Energy: -1.08949e+02 (-1.08951e+02), Variance: 7.34564e-01 (7.97625e-01), Accept ratio: 0.47394, 
INFO:root:Epoch  4108, Energy: -1.09034e+02 (-1.09015e+02), Variance: 8.21618e-01 (1.15556e+00), Accept ratio: 0.47301, 
INFO:root:Epoch  4109, Energy: -1.08993e+02 (-1.08970e+02), Variance: 7.41721e-01 (1.11004e+00), Accept ratio: 0.47322, 
INFO:root:Epoch  4110, Energy: -1.09034e+02 (-1.09033e+02), Variance: 8.07951e-01 (8.99097e-01), Accept ratio: 0.47057, 
INFO:root:Epoch  4111, Energy: -1.08959e+02 (-1.08939e+02), Variance: 7.55504e-01 (1.00323e+00), Accept ratio: 0.47171, 
INFO:root:Epoch  4112, Energy: -1.08969e+02 (-1.08953e+02), Variance: 7.40550e-01 (9.07490e-01), Accept ratio: 0.47274, 
INFO:root:Epoch  4113, Energy: -1.08997e+02 (-1.09001e+02), Variance: 7.56309e-01 (1.06218e+00), Accept ratio: 0.47149, 
INFO:root:Epoch  4114, Energy: -1.09042e+02 (-1.09046e+02), Variance: 7.75954e-01 (1.00717e+00), Accept ratio: 0.47241, 
INFO:root:Epoch  4115, Energy: -1.09037e+02 (-1.09048e+02), Variance: 7.97300e-01 (9.48863e-01), Accept ratio: 0.46616, 
INFO:root:Epoch  4116, Energy: -1.09024e+02 (-1.09024e+02), Variance: 7.77338e-01 (1.32655e+00), Accept ratio: 0.47226, 
INFO:root:Epoch  4117, Energy: -1.09050e+02 (-1.09036e+02), Variance: 7.97324e-01 (1.17634e+00), Accept ratio: 0.47409, 
INFO:root:Epoch  4118, Energy: -1.09041e+02 (-1.09035e+02), Variance: 7.77661e-01 (9.12583e-01), Accept ratio: 0.46418, 
INFO:root:Epoch  4119, Energy: -1.09100e+02 (-1.09103e+02), Variance: 9.30718e-01 (1.15431e+00), Accept ratio: 0.47195, 
INFO:root:Epoch  4120, Energy: -1.09044e+02 (-1.09041e+02), Variance: 7.19203e-01 (7.78208e-01), Accept ratio: 0.47552, 
INFO:root:Epoch  4121, Energy: -1.09078e+02 (-1.09063e+02), Variance: 7.90764e-01 (1.31088e+00), Accept ratio: 0.47287, 
INFO:root:Epoch  4122, Energy: -1.09065e+02 (-1.09065e+02), Variance: 8.99008e-01 (9.53486e-01), Accept ratio: 0.47065, 
INFO:root:Epoch  4123, Energy: -1.09074e+02 (-1.09086e+02), Variance: 8.12529e-01 (1.00075e+00), Accept ratio: 0.47526, 
INFO:root:Epoch  4124, Energy: -1.09062e+02 (-1.09058e+02), Variance: 8.83144e-01 (1.37334e+00), Accept ratio: 0.47595, 
INFO:root:Epoch  4125, Energy: -1.08999e+02 (-1.09006e+02), Variance: 7.50660e-01 (1.65751e+00), Accept ratio: 0.47559, 
INFO:root:Epoch  4126, Energy: -1.09004e+02 (-1.09015e+02), Variance: 7.70999e-01 (1.11579e+00), Accept ratio: 0.46328, 
INFO:root:Epoch  4127, Energy: -1.09071e+02 (-1.09062e+02), Variance: 7.51201e-01 (8.39572e-01), Accept ratio: 0.47304, 
INFO:root:Epoch  4128, Energy: -1.09044e+02 (-1.09021e+02), Variance: 8.21438e-01 (1.77416e+00), Accept ratio: 0.47414, 
INFO:root:Epoch  4129, Energy: -1.08997e+02 (-1.08996e+02), Variance: 8.61845e-01 (9.99380e-01), Accept ratio: 0.47471, 
INFO:root:Epoch  4130, Energy: -1.09018e+02 (-1.09019e+02), Variance: 7.57868e-01 (9.38173e-01), Accept ratio: 0.47416, 
INFO:root:Epoch  4131, Energy: -1.09032e+02 (-1.09057e+02), Variance: 7.36287e-01 (2.03295e+00), Accept ratio: 0.46128, 
INFO:root:Epoch  4132, Energy: -1.09056e+02 (-1.09068e+02), Variance: 8.18812e-01 (9.70883e-01), Accept ratio: 0.46511, 
INFO:root:Epoch  4133, Energy: -1.09075e+02 (-1.09092e+02), Variance: 8.57312e-01 (1.35774e+00), Accept ratio: 0.47237, 
INFO:root:Epoch  4134, Energy: -1.09050e+02 (-1.09046e+02), Variance: 7.52598e-01 (7.96783e-01), Accept ratio: 0.47218, 
INFO:root:Epoch  4135, Energy: -1.09029e+02 (-1.09003e+02), Variance: 8.61596e-01 (1.32699e+00), Accept ratio: 0.47031, 
INFO:root:Epoch  4136, Energy: -1.09034e+02 (-1.09023e+02), Variance: 8.31461e-01 (1.18245e+00), Accept ratio: 0.46672, 
INFO:root:Epoch  4137, Energy: -1.09043e+02 (-1.09046e+02), Variance: 7.76511e-01 (9.20687e-01), Accept ratio: 0.46679, 
INFO:root:Epoch  4138, Energy: -1.09038e+02 (-1.09037e+02), Variance: 8.71987e-01 (1.09075e+00), Accept ratio: 0.47690, 
INFO:root:Epoch  4139, Energy: -1.09033e+02 (-1.09022e+02), Variance: 7.75735e-01 (9.31153e-01), Accept ratio: 0.47608, 
INFO:root:Epoch  4140, Energy: -1.09052e+02 (-1.09049e+02), Variance: 7.44961e-01 (8.78554e-01), Accept ratio: 0.47297, 
INFO:root:Epoch  4141, Energy: -1.09075e+02 (-1.09078e+02), Variance: 8.43050e-01 (1.00749e+00), Accept ratio: 0.46937, 
INFO:root:Epoch  4142, Energy: -1.09036e+02 (-1.09046e+02), Variance: 8.30809e-01 (1.38491e+00), Accept ratio: 0.46651, 
INFO:root:Epoch  4143, Energy: -1.08986e+02 (-1.08962e+02), Variance: 7.76112e-01 (1.26313e+00), Accept ratio: 0.47824, 
INFO:root:Epoch  4144, Energy: -1.09029e+02 (-1.09035e+02), Variance: 8.31460e-01 (1.09856e+00), Accept ratio: 0.47458, 
INFO:root:Epoch  4145, Energy: -1.08994e+02 (-1.08985e+02), Variance: 8.32819e-01 (1.53806e+00), Accept ratio: 0.46954, 
INFO:root:Epoch  4146, Energy: -1.09022e+02 (-1.09005e+02), Variance: 8.26101e-01 (1.28350e+00), Accept ratio: 0.46768, 
INFO:root:Epoch  4147, Energy: -1.09039e+02 (-1.09035e+02), Variance: 8.68230e-01 (1.08793e+00), Accept ratio: 0.47675, 
INFO:root:Epoch  4148, Energy: -1.09017e+02 (-1.08990e+02), Variance: 7.99459e-01 (1.44339e+00), Accept ratio: 0.47881, 
INFO:root:Epoch  4149, Energy: -1.09042e+02 (-1.09030e+02), Variance: 7.61477e-01 (1.00398e+00), Accept ratio: 0.46533, 
INFO:root:Epoch  4150, Energy: -1.09007e+02 (-1.08999e+02), Variance: 8.24450e-01 (1.30569e+00), Accept ratio: 0.47258, 
INFO:root:Epoch  4151, Energy: -1.09065e+02 (-1.09080e+02), Variance: 8.12290e-01 (1.09247e+00), Accept ratio: 0.47060, 
INFO:root:Epoch  4152, Energy: -1.09060e+02 (-1.09076e+02), Variance: 9.32118e-01 (2.15397e+00), Accept ratio: 0.47160, 
INFO:root:Epoch  4153, Energy: -1.09020e+02 (-1.09016e+02), Variance: 7.81947e-01 (1.03718e+00), Accept ratio: 0.47184, 
INFO:root:Epoch  4154, Energy: -1.09028e+02 (-1.09000e+02), Variance: 7.47447e-01 (1.32446e+00), Accept ratio: 0.47487, 
INFO:root:Epoch  4155, Energy: -1.08981e+02 (-1.08986e+02), Variance: 9.14900e-01 (1.12046e+00), Accept ratio: 0.46876, 
INFO:root:Epoch  4156, Energy: -1.09048e+02 (-1.09031e+02), Variance: 8.87486e-01 (1.85323e+00), Accept ratio: 0.47355, 
INFO:root:Epoch  4157, Energy: -1.09002e+02 (-1.08994e+02), Variance: 7.09464e-01 (7.97833e-01), Accept ratio: 0.46609, 
INFO:root:Epoch  4158, Energy: -1.08990e+02 (-1.08999e+02), Variance: 7.09708e-01 (8.68689e-01), Accept ratio: 0.47725, 
INFO:root:Epoch  4159, Energy: -1.09016e+02 (-1.09013e+02), Variance: 7.14779e-01 (1.17577e+00), Accept ratio: 0.47540, 
INFO:root:Epoch  4160, Energy: -1.09026e+02 (-1.09033e+02), Variance: 7.98005e-01 (1.14708e+00), Accept ratio: 0.47057, 
INFO:root:Epoch  4161, Energy: -1.08987e+02 (-1.08992e+02), Variance: 6.95028e-01 (1.04183e+00), Accept ratio: 0.47043, 
INFO:root:Epoch  4162, Energy: -1.09019e+02 (-1.08985e+02), Variance: 7.55426e-01 (1.83843e+00), Accept ratio: 0.47258, 
INFO:root:Epoch  4163, Energy: -1.09013e+02 (-1.09019e+02), Variance: 7.11722e-01 (7.97129e-01), Accept ratio: 0.47242, 
INFO:root:Epoch  4164, Energy: -1.09004e+02 (-1.09005e+02), Variance: 7.60570e-01 (9.77938e-01), Accept ratio: 0.47022, 
INFO:root:Epoch  4165, Energy: -1.09015e+02 (-1.09038e+02), Variance: 7.87505e-01 (1.17782e+00), Accept ratio: 0.47280, 
INFO:root:Epoch  4166, Energy: -1.09035e+02 (-1.09033e+02), Variance: 7.62310e-01 (8.30655e-01), Accept ratio: 0.47153, 
INFO:root:Epoch  4167, Energy: -1.09038e+02 (-1.09045e+02), Variance: 7.74440e-01 (1.15862e+00), Accept ratio: 0.46726, 
INFO:root:Epoch  4168, Energy: -1.09025e+02 (-1.09022e+02), Variance: 7.98520e-01 (8.91763e-01), Accept ratio: 0.46448, 
INFO:root:Epoch  4169, Energy: -1.09055e+02 (-1.09061e+02), Variance: 9.36680e-01 (1.19289e+00), Accept ratio: 0.47026, 
INFO:root:Epoch  4170, Energy: -1.08985e+02 (-1.08971e+02), Variance: 8.43941e-01 (1.18824e+00), Accept ratio: 0.47262, 
INFO:root:Epoch  4171, Energy: -1.09016e+02 (-1.09030e+02), Variance: 8.79926e-01 (1.53013e+00), Accept ratio: 0.47572, 
INFO:root:Epoch  4172, Energy: -1.08988e+02 (-1.09044e+02), Variance: 8.73314e-01 (3.20304e+00), Accept ratio: 0.47291, 
INFO:root:Epoch  4173, Energy: -1.09035e+02 (-1.09035e+02), Variance: 8.28965e-01 (1.02000e+00), Accept ratio: 0.46872, 
INFO:root:Epoch  4174, Energy: -1.09024e+02 (-1.09041e+02), Variance: 9.73556e-01 (1.27296e+00), Accept ratio: 0.46703, 
INFO:root:Epoch  4175, Energy: -1.09028e+02 (-1.09037e+02), Variance: 8.49921e-01 (1.03632e+00), Accept ratio: 0.46990, 
INFO:root:Epoch  4176, Energy: -1.09023e+02 (-1.09020e+02), Variance: 8.91176e-01 (1.03504e+00), Accept ratio: 0.46395, 
INFO:root:Epoch  4177, Energy: -1.08981e+02 (-1.08996e+02), Variance: 9.09274e-01 (1.40198e+00), Accept ratio: 0.47798, 
INFO:root:Epoch  4178, Energy: -1.09000e+02 (-1.09007e+02), Variance: 8.51300e-01 (1.09485e+00), Accept ratio: 0.47702, 
INFO:root:Epoch  4179, Energy: -1.09019e+02 (-1.09021e+02), Variance: 7.82451e-01 (9.56773e-01), Accept ratio: 0.47678, 
INFO:root:Epoch  4180, Energy: -1.09026e+02 (-1.09027e+02), Variance: 8.09329e-01 (8.85747e-01), Accept ratio: 0.47355, 
INFO:root:Epoch  4181, Energy: -1.08984e+02 (-1.08989e+02), Variance: 8.25182e-01 (1.10807e+00), Accept ratio: 0.47571, 
INFO:root:Epoch  4182, Energy: -1.09048e+02 (-1.09067e+02), Variance: 9.02506e-01 (1.33952e+00), Accept ratio: 0.47943, 
INFO:root:Epoch  4183, Energy: -1.09010e+02 (-1.08994e+02), Variance: 7.62562e-01 (1.59580e+00), Accept ratio: 0.46957, 
INFO:root:Epoch  4184, Energy: -1.09054e+02 (-1.09056e+02), Variance: 8.25617e-01 (1.00605e+00), Accept ratio: 0.47225, 
INFO:root:Epoch  4185, Energy: -1.09076e+02 (-1.09064e+02), Variance: 8.18910e-01 (1.01063e+00), Accept ratio: 0.47834, 
INFO:root:Epoch  4186, Energy: -1.09070e+02 (-1.09058e+02), Variance: 9.36628e-01 (1.69832e+00), Accept ratio: 0.47288, 
INFO:root:Epoch  4187, Energy: -1.08998e+02 (-1.08967e+02), Variance: 9.54368e-01 (1.50845e+00), Accept ratio: 0.47224, 
INFO:root:Epoch  4188, Energy: -1.09028e+02 (-1.08987e+02), Variance: 9.61305e-01 (2.33589e+00), Accept ratio: 0.46974, 
INFO:root:Epoch  4189, Energy: -1.09042e+02 (-1.09040e+02), Variance: 8.83535e-01 (1.25886e+00), Accept ratio: 0.46505, 
INFO:root:Epoch  4190, Energy: -1.09011e+02 (-1.09003e+02), Variance: 8.61335e-01 (1.43993e+00), Accept ratio: 0.46868, 
INFO:root:Epoch  4191, Energy: -1.09039e+02 (-1.09028e+02), Variance: 8.07188e-01 (1.29420e+00), Accept ratio: 0.47157, 
INFO:root:Epoch  4192, Energy: -1.08985e+02 (-1.08972e+02), Variance: 8.79619e-01 (1.23082e+00), Accept ratio: 0.47468, 
INFO:root:Epoch  4193, Energy: -1.09006e+02 (-1.09021e+02), Variance: 8.13481e-01 (2.42492e+00), Accept ratio: 0.46766, 
INFO:root:Epoch  4194, Energy: -1.09053e+02 (-1.09031e+02), Variance: 7.97289e-01 (1.11641e+00), Accept ratio: 0.47583, 
INFO:root:Epoch  4195, Energy: -1.09045e+02 (-1.09034e+02), Variance: 9.23374e-01 (1.22503e+00), Accept ratio: 0.46447, 
INFO:root:Epoch  4196, Energy: -1.09031e+02 (-1.09020e+02), Variance: 8.65108e-01 (1.29694e+00), Accept ratio: 0.47423, 
INFO:root:Epoch  4197, Energy: -1.09052e+02 (-1.09057e+02), Variance: 8.19352e-01 (1.19083e+00), Accept ratio: 0.46891, 
INFO:root:Epoch  4198, Energy: -1.08995e+02 (-1.08994e+02), Variance: 9.15743e-01 (1.12213e+00), Accept ratio: 0.47134, 
INFO:root:Epoch  4199, Energy: -1.09007e+02 (-1.09003e+02), Variance: 8.14992e-01 (9.90499e-01), Accept ratio: 0.46875, 
INFO:root:Epoch  4200, Energy: -1.09040e+02 (-1.09047e+02), Variance: 7.25125e-01 (7.89227e-01), Accept ratio: 0.47711, 
INFO:root:Epoch  4201, Energy: -1.09016e+02 (-1.09021e+02), Variance: 8.29755e-01 (1.18396e+00), Accept ratio: 0.47848, 
INFO:root:Epoch  4202, Energy: -1.08975e+02 (-1.08978e+02), Variance: 7.25572e-01 (9.87818e-01), Accept ratio: 0.47428, 
INFO:root:Epoch  4203, Energy: -1.09031e+02 (-1.09037e+02), Variance: 7.96252e-01 (1.10190e+00), Accept ratio: 0.47645, 
INFO:root:Epoch  4204, Energy: -1.09050e+02 (-1.09056e+02), Variance: 7.97951e-01 (8.52765e-01), Accept ratio: 0.46443, 
INFO:root:Epoch  4205, Energy: -1.09011e+02 (-1.09007e+02), Variance: 7.36281e-01 (9.85730e-01), Accept ratio: 0.47606, 
INFO:root:Epoch  4206, Energy: -1.09032e+02 (-1.09019e+02), Variance: 8.70787e-01 (1.21496e+00), Accept ratio: 0.46214, 
INFO:root:Epoch  4207, Energy: -1.08979e+02 (-1.08967e+02), Variance: 8.06887e-01 (9.68453e-01), Accept ratio: 0.46971, 
INFO:root:Epoch  4208, Energy: -1.08999e+02 (-1.09000e+02), Variance: 7.99459e-01 (1.11675e+00), Accept ratio: 0.46921, 
INFO:root:Epoch  4209, Energy: -1.09012e+02 (-1.09022e+02), Variance: 8.35738e-01 (1.10631e+00), Accept ratio: 0.46526, 
INFO:root:Epoch  4210, Energy: -1.09002e+02 (-1.09000e+02), Variance: 8.08521e-01 (9.95166e-01), Accept ratio: 0.46409, 
INFO:root:Epoch  4211, Energy: -1.09002e+02 (-1.08986e+02), Variance: 8.28440e-01 (1.21482e+00), Accept ratio: 0.47278, 
INFO:root:Epoch  4212, Energy: -1.08934e+02 (-1.08903e+02), Variance: 8.73557e-01 (1.54281e+00), Accept ratio: 0.46643, 
INFO:root:Epoch  4213, Energy: -1.09042e+02 (-1.09040e+02), Variance: 7.80925e-01 (1.41117e+00), Accept ratio: 0.46811, 
INFO:root:Epoch  4214, Energy: -1.08984e+02 (-1.08993e+02), Variance: 8.68467e-01 (1.02989e+00), Accept ratio: 0.46866, 
INFO:root:Epoch  4215, Energy: -1.09021e+02 (-1.09010e+02), Variance: 9.16263e-01 (1.26491e+00), Accept ratio: 0.46828, 
INFO:root:Epoch  4216, Energy: -1.09023e+02 (-1.08996e+02), Variance: 8.56540e-01 (1.36598e+00), Accept ratio: 0.46833, 
INFO:root:Epoch  4217, Energy: -1.09026e+02 (-1.09021e+02), Variance: 8.31319e-01 (1.23554e+00), Accept ratio: 0.47369, 
INFO:root:Epoch  4218, Energy: -1.08995e+02 (-1.09024e+02), Variance: 9.18664e-01 (2.42101e+00), Accept ratio: 0.47039, 
INFO:root:Epoch  4219, Energy: -1.08993e+02 (-1.08969e+02), Variance: 8.87174e-01 (1.73451e+00), Accept ratio: 0.47339, 
INFO:root:Epoch  4220, Energy: -1.08946e+02 (-1.08891e+02), Variance: 8.35729e-01 (4.40456e+00), Accept ratio: 0.47249, 
INFO:root:Epoch  4221, Energy: -1.08988e+02 (-1.08942e+02), Variance: 8.40556e-01 (2.50999e+00), Accept ratio: 0.47093, 
INFO:root:Epoch  4222, Energy: -1.08985e+02 (-1.08942e+02), Variance: 9.32937e-01 (1.61662e+00), Accept ratio: 0.47263, 
INFO:root:Epoch  4223, Energy: -1.09054e+02 (-1.09067e+02), Variance: 8.13363e-01 (1.02468e+00), Accept ratio: 0.47362, 
INFO:root:Epoch  4224, Energy: -1.09077e+02 (-1.09098e+02), Variance: 8.46126e-01 (1.27040e+00), Accept ratio: 0.47039, 
INFO:root:Epoch  4225, Energy: -1.09023e+02 (-1.09005e+02), Variance: 8.32940e-01 (1.44058e+00), Accept ratio: 0.47025, 
INFO:root:Epoch  4226, Energy: -1.09000e+02 (-1.08995e+02), Variance: 9.01763e-01 (1.45037e+00), Accept ratio: 0.46519, 
INFO:root:Epoch  4227, Energy: -1.09019e+02 (-1.09028e+02), Variance: 8.05238e-01 (1.09312e+00), Accept ratio: 0.46355, 
INFO:root:Epoch  4228, Energy: -1.09009e+02 (-1.08982e+02), Variance: 9.07413e-01 (1.83006e+00), Accept ratio: 0.47312, 
INFO:root:Epoch  4229, Energy: -1.08970e+02 (-1.08977e+02), Variance: 8.62702e-01 (1.30139e+00), Accept ratio: 0.46978, 
INFO:root:Epoch  4230, Energy: -1.09048e+02 (-1.09055e+02), Variance: 8.92502e-01 (1.29172e+00), Accept ratio: 0.47262, 
INFO:root:Epoch  4231, Energy: -1.09035e+02 (-1.09038e+02), Variance: 8.62577e-01 (1.01950e+00), Accept ratio: 0.47186, 
INFO:root:Epoch  4232, Energy: -1.09015e+02 (-1.09006e+02), Variance: 9.64555e-01 (1.17610e+00), Accept ratio: 0.47395, 
INFO:root:Epoch  4233, Energy: -1.08997e+02 (-1.08995e+02), Variance: 9.10435e-01 (1.13248e+00), Accept ratio: 0.46965, 
INFO:root:Epoch  4234, Energy: -1.09013e+02 (-1.09012e+02), Variance: 7.97936e-01 (1.10088e+00), Accept ratio: 0.46770, 
INFO:root:Epoch  4235, Energy: -1.08986e+02 (-1.08977e+02), Variance: 7.11089e-01 (8.17212e-01), Accept ratio: 0.47264, 
INFO:root:Epoch  4236, Energy: -1.08986e+02 (-1.08997e+02), Variance: 7.60903e-01 (8.86154e-01), Accept ratio: 0.46853, 
INFO:root:Epoch  4237, Energy: -1.08968e+02 (-1.08961e+02), Variance: 7.46915e-01 (8.79578e-01), Accept ratio: 0.46876, 
INFO:root:Epoch  4238, Energy: -1.09044e+02 (-1.08934e+02), Variance: 9.38823e-01 (1.38762e+01), Accept ratio: 0.46816, 
INFO:root:Epoch  4239, Energy: -1.08985e+02 (-1.08986e+02), Variance: 7.77274e-01 (9.86155e-01), Accept ratio: 0.46954, 
INFO:root:Epoch  4240, Energy: -1.08998e+02 (-1.08981e+02), Variance: 7.74018e-01 (1.04047e+00), Accept ratio: 0.47264, 
INFO:root:Epoch  4241, Energy: -1.09060e+02 (-1.09012e+02), Variance: 8.25228e-01 (4.23069e+00), Accept ratio: 0.46886, 
INFO:root:Epoch  4242, Energy: -1.09021e+02 (-1.08996e+02), Variance: 7.98715e-01 (1.49853e+00), Accept ratio: 0.47484, 
INFO:root:Epoch  4243, Energy: -1.09002e+02 (-1.08991e+02), Variance: 7.93901e-01 (1.03982e+00), Accept ratio: 0.47067, 
INFO:root:Epoch  4244, Energy: -1.09038e+02 (-1.09026e+02), Variance: 8.73870e-01 (1.09481e+00), Accept ratio: 0.46663, 
INFO:root:Epoch  4245, Energy: -1.09024e+02 (-1.09013e+02), Variance: 7.70069e-01 (9.55875e-01), Accept ratio: 0.46591, 
INFO:root:Epoch  4246, Energy: -1.09007e+02 (-1.09004e+02), Variance: 8.41388e-01 (9.81136e-01), Accept ratio: 0.46711, 
INFO:root:Epoch  4247, Energy: -1.08957e+02 (-1.08935e+02), Variance: 8.02579e-01 (1.20941e+00), Accept ratio: 0.47088, 
INFO:root:Epoch  4248, Energy: -1.08984e+02 (-1.08975e+02), Variance: 8.26949e-01 (1.34341e+00), Accept ratio: 0.47024, 
INFO:root:Epoch  4249, Energy: -1.09006e+02 (-1.08996e+02), Variance: 7.91395e-01 (9.48947e-01), Accept ratio: 0.47294, 
INFO:root:Epoch  4250, Energy: -1.09025e+02 (-1.09025e+02), Variance: 7.72533e-01 (8.46546e-01), Accept ratio: 0.46943, 
INFO:root:Epoch  4251, Energy: -1.09008e+02 (-1.09003e+02), Variance: 7.90981e-01 (9.30550e-01), Accept ratio: 0.47871, 
INFO:root:Epoch  4252, Energy: -1.08999e+02 (-1.08990e+02), Variance: 7.84260e-01 (1.33075e+00), Accept ratio: 0.47277, 
INFO:root:Epoch  4253, Energy: -1.09018e+02 (-1.09005e+02), Variance: 8.07565e-01 (1.28525e+00), Accept ratio: 0.46847, 
INFO:root:Epoch  4254, Energy: -1.08995e+02 (-1.08998e+02), Variance: 7.98492e-01 (1.06215e+00), Accept ratio: 0.46841, 
INFO:root:Epoch  4255, Energy: -1.09027e+02 (-1.09031e+02), Variance: 9.52121e-01 (1.50664e+00), Accept ratio: 0.46730, 
INFO:root:Epoch  4256, Energy: -1.08990e+02 (-1.08987e+02), Variance: 7.48281e-01 (9.75225e-01), Accept ratio: 0.47768, 
INFO:root:Epoch  4257, Energy: -1.09004e+02 (-1.08985e+02), Variance: 8.93466e-01 (1.12793e+00), Accept ratio: 0.47010, 
INFO:root:Epoch  4258, Energy: -1.09057e+02 (-1.09058e+02), Variance: 7.65194e-01 (8.34449e-01), Accept ratio: 0.47186, 
INFO:root:Epoch  4259, Energy: -1.08983e+02 (-1.08969e+02), Variance: 8.68865e-01 (1.09491e+00), Accept ratio: 0.47078, 
INFO:root:Epoch  4260, Energy: -1.09064e+02 (-1.09086e+02), Variance: 8.82909e-01 (1.56227e+00), Accept ratio: 0.47311, 
INFO:root:Epoch  4261, Energy: -1.08970e+02 (-1.08960e+02), Variance: 8.48755e-01 (1.06183e+00), Accept ratio: 0.47364, 
INFO:root:Epoch  4262, Energy: -1.08964e+02 (-1.08942e+02), Variance: 7.70757e-01 (1.25850e+00), Accept ratio: 0.47134, 
INFO:root:Epoch  4263, Energy: -1.09048e+02 (-1.09024e+02), Variance: 8.09864e-01 (1.38183e+00), Accept ratio: 0.47187, 
INFO:root:Epoch  4264, Energy: -1.09030e+02 (-1.09028e+02), Variance: 9.53639e-01 (2.95917e+00), Accept ratio: 0.47187, 
INFO:root:Epoch  4265, Energy: -1.09050e+02 (-1.09040e+02), Variance: 8.03117e-01 (1.37508e+00), Accept ratio: 0.46636, 
INFO:root:Epoch  4266, Energy: -1.09014e+02 (-1.08999e+02), Variance: 8.35311e-01 (1.06191e+00), Accept ratio: 0.46842, 
INFO:root:Epoch  4267, Energy: -1.08984e+02 (-1.08989e+02), Variance: 7.98166e-01 (9.86932e-01), Accept ratio: 0.47140, 
INFO:root:Epoch  4268, Energy: -1.09011e+02 (-1.09007e+02), Variance: 8.92090e-01 (1.37762e+00), Accept ratio: 0.47902, 
INFO:root:Epoch  4269, Energy: -1.09025e+02 (-1.09023e+02), Variance: 7.95257e-01 (8.56069e-01), Accept ratio: 0.47678, 
INFO:root:Epoch  4270, Energy: -1.09043e+02 (-1.09064e+02), Variance: 8.68033e-01 (1.30778e+00), Accept ratio: 0.47158, 
INFO:root:Epoch  4271, Energy: -1.09000e+02 (-1.09001e+02), Variance: 8.00695e-01 (9.38846e-01), Accept ratio: 0.47043, 
INFO:root:Epoch  4272, Energy: -1.09033e+02 (-1.09026e+02), Variance: 8.43188e-01 (1.04907e+00), Accept ratio: 0.46720, 
INFO:root:Epoch  4273, Energy: -1.09023e+02 (-1.09017e+02), Variance: 8.12479e-01 (9.15662e-01), Accept ratio: 0.47421, 
INFO:root:Epoch  4274, Energy: -1.09032e+02 (-1.09023e+02), Variance: 8.40255e-01 (1.09358e+00), Accept ratio: 0.46953, 
INFO:root:Epoch  4275, Energy: -1.08992e+02 (-1.08968e+02), Variance: 8.47986e-01 (1.33439e+00), Accept ratio: 0.46521, 
INFO:root:Epoch  4276, Energy: -1.08997e+02 (-1.08990e+02), Variance: 8.75683e-01 (9.96724e-01), Accept ratio: 0.46962, 
INFO:root:Epoch  4277, Energy: -1.09003e+02 (-1.08999e+02), Variance: 8.18268e-01 (8.51465e-01), Accept ratio: 0.46674, 
INFO:root:Epoch  4278, Energy: -1.09026e+02 (-1.09014e+02), Variance: 8.26472e-01 (1.15061e+00), Accept ratio: 0.46829, 
INFO:root:Epoch  4279, Energy: -1.09036e+02 (-1.09019e+02), Variance: 7.91576e-01 (1.37913e+00), Accept ratio: 0.46915, 
INFO:root:Epoch  4280, Energy: -1.09017e+02 (-1.09006e+02), Variance: 7.81605e-01 (9.58714e-01), Accept ratio: 0.47427, 
INFO:root:Epoch  4281, Energy: -1.08999e+02 (-1.08989e+02), Variance: 7.60136e-01 (9.32547e-01), Accept ratio: 0.47334, 
INFO:root:Epoch  4282, Energy: -1.09024e+02 (-1.09034e+02), Variance: 7.90633e-01 (1.00247e+00), Accept ratio: 0.46826, 
INFO:root:Epoch  4283, Energy: -1.09022e+02 (-1.09040e+02), Variance: 7.76596e-01 (1.24177e+00), Accept ratio: 0.47154, 
INFO:root:Epoch  4284, Energy: -1.09039e+02 (-1.09039e+02), Variance: 7.82580e-01 (8.41081e-01), Accept ratio: 0.47510, 
INFO:root:Epoch  4285, Energy: -1.09012e+02 (-1.09013e+02), Variance: 7.74407e-01 (8.08261e-01), Accept ratio: 0.46948, 
INFO:root:Epoch  4286, Energy: -1.08964e+02 (-1.08922e+02), Variance: 7.43725e-01 (2.24871e+00), Accept ratio: 0.46285, 
INFO:root:Epoch  4287, Energy: -1.08995e+02 (-1.08974e+02), Variance: 8.16714e-01 (1.27627e+00), Accept ratio: 0.47310, 
INFO:root:Epoch  4288, Energy: -1.09043e+02 (-1.09051e+02), Variance: 8.19880e-01 (1.01972e+00), Accept ratio: 0.47299, 
INFO:root:Epoch  4289, Energy: -1.08996e+02 (-1.08999e+02), Variance: 8.99149e-01 (1.17876e+00), Accept ratio: 0.48089, 
INFO:root:Epoch  4290, Energy: -1.09042e+02 (-1.09039e+02), Variance: 8.43646e-01 (1.07677e+00), Accept ratio: 0.47205, 
INFO:root:Epoch  4291, Energy: -1.08998e+02 (-1.08973e+02), Variance: 8.47908e-01 (1.37237e+00), Accept ratio: 0.47155, 
INFO:root:Epoch  4292, Energy: -1.09029e+02 (-1.09036e+02), Variance: 7.71597e-01 (9.26535e-01), Accept ratio: 0.47326, 
INFO:root:Epoch  4293, Energy: -1.09006e+02 (-1.09013e+02), Variance: 8.94042e-01 (1.13601e+00), Accept ratio: 0.46625, 
INFO:root:Epoch  4294, Energy: -1.08973e+02 (-1.08973e+02), Variance: 7.72239e-01 (8.78745e-01), Accept ratio: 0.47347, 
INFO:root:Epoch  4295, Energy: -1.09022e+02 (-1.09061e+02), Variance: 7.24116e-01 (1.96002e+00), Accept ratio: 0.47232, 
INFO:root:Epoch  4296, Energy: -1.09038e+02 (-1.09034e+02), Variance: 7.62088e-01 (8.47675e-01), Accept ratio: 0.47419, 
INFO:root:Epoch  4297, Energy: -1.08991e+02 (-1.08983e+02), Variance: 8.19488e-01 (1.21114e+00), Accept ratio: 0.46671, 
INFO:root:Epoch  4298, Energy: -1.09003e+02 (-1.08999e+02), Variance: 8.21045e-01 (8.53236e-01), Accept ratio: 0.46946, 
INFO:root:Epoch  4299, Energy: -1.08995e+02 (-1.08995e+02), Variance: 8.94398e-01 (1.06075e+00), Accept ratio: 0.47277, 
INFO:root:Epoch  4300, Energy: -1.08988e+02 (-1.09041e+02), Variance: 8.71214e-01 (4.15351e+00), Accept ratio: 0.47464, 
INFO:root:Epoch  4301, Energy: -1.08973e+02 (-1.08960e+02), Variance: 8.26291e-01 (9.67731e-01), Accept ratio: 0.47772, 
INFO:root:Epoch  4302, Energy: -1.09024e+02 (-1.09023e+02), Variance: 7.45155e-01 (8.01166e-01), Accept ratio: 0.46823, 
INFO:root:Epoch  4303, Energy: -1.08997e+02 (-1.08997e+02), Variance: 8.96807e-01 (1.18788e+00), Accept ratio: 0.47118, 
INFO:root:Epoch  4304, Energy: -1.08992e+02 (-1.08981e+02), Variance: 9.13337e-01 (1.11894e+00), Accept ratio: 0.47730, 
INFO:root:Epoch  4305, Energy: -1.08967e+02 (-1.08960e+02), Variance: 7.79382e-01 (9.90777e-01), Accept ratio: 0.47572, 
INFO:root:Epoch  4306, Energy: -1.08999e+02 (-1.09011e+02), Variance: 6.94080e-01 (1.03385e+00), Accept ratio: 0.46796, 
INFO:root:Epoch  4307, Energy: -1.09055e+02 (-1.09071e+02), Variance: 9.00576e-01 (1.39506e+00), Accept ratio: 0.47066, 
INFO:root:Epoch  4308, Energy: -1.09033e+02 (-1.09038e+02), Variance: 8.78374e-01 (1.05755e+00), Accept ratio: 0.46485, 
INFO:root:Epoch  4309, Energy: -1.08997e+02 (-1.08942e+02), Variance: 8.58449e-01 (3.39831e+00), Accept ratio: 0.46946, 
INFO:root:Epoch  4310, Energy: -1.08982e+02 (-1.09007e+02), Variance: 8.77863e-01 (1.20762e+00), Accept ratio: 0.46457, 
INFO:root:Epoch  4311, Energy: -1.09093e+02 (-1.09092e+02), Variance: 7.95210e-01 (9.32609e-01), Accept ratio: 0.46902, 
INFO:root:Epoch  4312, Energy: -1.09003e+02 (-1.08996e+02), Variance: 7.80169e-01 (8.65655e-01), Accept ratio: 0.46735, 
INFO:root:Epoch  4313, Energy: -1.08995e+02 (-1.09005e+02), Variance: 8.29323e-01 (1.23964e+00), Accept ratio: 0.47176, 
INFO:root:Epoch  4314, Energy: -1.09029e+02 (-1.09027e+02), Variance: 8.30657e-01 (1.05625e+00), Accept ratio: 0.47137, 
INFO:root:Epoch  4315, Energy: -1.09028e+02 (-1.09024e+02), Variance: 8.37720e-01 (1.00005e+00), Accept ratio: 0.46645, 
INFO:root:Epoch  4316, Energy: -1.09050e+02 (-1.09037e+02), Variance: 9.11730e-01 (1.06606e+00), Accept ratio: 0.47122, 
INFO:root:Epoch  4317, Energy: -1.08982e+02 (-1.08947e+02), Variance: 8.75843e-01 (1.52212e+00), Accept ratio: 0.46965, 
INFO:root:Epoch  4318, Energy: -1.09012e+02 (-1.09027e+02), Variance: 8.46965e-01 (1.15528e+00), Accept ratio: 0.47128, 
INFO:root:Epoch  4319, Energy: -1.08990e+02 (-1.08990e+02), Variance: 8.38414e-01 (9.56883e-01), Accept ratio: 0.46596, 
INFO:root:Epoch  4320, Energy: -1.09015e+02 (-1.09011e+02), Variance: 9.81844e-01 (1.26932e+00), Accept ratio: 0.47829, 
INFO:root:Epoch  4321, Energy: -1.09011e+02 (-1.09005e+02), Variance: 8.53871e-01 (1.19698e+00), Accept ratio: 0.47779, 
INFO:root:Epoch  4322, Energy: -1.09016e+02 (-1.09025e+02), Variance: 8.98809e-01 (1.28032e+00), Accept ratio: 0.47324, 
INFO:root:Epoch  4323, Energy: -1.09086e+02 (-1.09106e+02), Variance: 8.63030e-01 (1.14682e+00), Accept ratio: 0.47375, 
INFO:root:Epoch  4324, Energy: -1.09050e+02 (-1.09059e+02), Variance: 7.87031e-01 (8.79607e-01), Accept ratio: 0.47127, 
INFO:root:Epoch  4325, Energy: -1.09051e+02 (-1.09058e+02), Variance: 8.90666e-01 (1.03661e+00), Accept ratio: 0.47146, 
INFO:root:Epoch  4326, Energy: -1.09003e+02 (-1.08982e+02), Variance: 9.43048e-01 (1.47178e+00), Accept ratio: 0.46911, 
INFO:root:Epoch  4327, Energy: -1.09007e+02 (-1.08992e+02), Variance: 1.10182e+00 (2.01450e+00), Accept ratio: 0.46807, 
INFO:root:Epoch  4328, Energy: -1.08997e+02 (-1.08959e+02), Variance: 9.65113e-01 (2.03486e+00), Accept ratio: 0.46888, 
INFO:root:Epoch  4329, Energy: -1.09032e+02 (-1.09028e+02), Variance: 8.34517e-01 (9.39158e-01), Accept ratio: 0.46999, 
INFO:root:Epoch  4330, Energy: -1.09036e+02 (-1.09022e+02), Variance: 1.01282e+00 (1.32866e+00), Accept ratio: 0.47067, 
INFO:root:Epoch  4331, Energy: -1.08933e+02 (-1.08930e+02), Variance: 9.97423e-01 (1.26578e+00), Accept ratio: 0.47029, 
INFO:root:Epoch  4332, Energy: -1.08963e+02 (-1.08932e+02), Variance: 9.78081e-01 (1.59827e+00), Accept ratio: 0.47246, 
INFO:root:Epoch  4333, Energy: -1.09000e+02 (-1.08978e+02), Variance: 9.16930e-01 (1.70338e+00), Accept ratio: 0.47274, 
INFO:root:Epoch  4334, Energy: -1.08973e+02 (-1.08954e+02), Variance: 8.98834e-01 (1.15150e+00), Accept ratio: 0.46708, 
INFO:root:Epoch  4335, Energy: -1.09030e+02 (-1.09020e+02), Variance: 9.65197e-01 (1.28431e+00), Accept ratio: 0.47473, 
INFO:root:Epoch  4336, Energy: -1.09064e+02 (-1.09050e+02), Variance: 9.53017e-01 (1.26309e+00), Accept ratio: 0.47082, 
INFO:root:Epoch  4337, Energy: -1.09010e+02 (-1.09013e+02), Variance: 8.35493e-01 (1.01030e+00), Accept ratio: 0.47219, 
INFO:root:Epoch  4338, Energy: -1.08998e+02 (-1.08997e+02), Variance: 8.40628e-01 (1.39857e+00), Accept ratio: 0.46772, 
INFO:root:Epoch  4339, Energy: -1.08992e+02 (-1.08988e+02), Variance: 8.71317e-01 (9.42274e-01), Accept ratio: 0.47057, 
INFO:root:Epoch  4340, Energy: -1.08975e+02 (-1.08978e+02), Variance: 8.59037e-01 (1.01634e+00), Accept ratio: 0.47554, 
INFO:root:Epoch  4341, Energy: -1.09027e+02 (-1.09029e+02), Variance: 7.85020e-01 (9.01056e-01), Accept ratio: 0.46867, 
INFO:root:Epoch  4342, Energy: -1.08980e+02 (-1.08961e+02), Variance: 9.35414e-01 (1.50547e+00), Accept ratio: 0.47022, 
INFO:root:Epoch  4343, Energy: -1.08983e+02 (-1.08969e+02), Variance: 9.52565e-01 (1.58128e+00), Accept ratio: 0.47126, 
INFO:root:Epoch  4344, Energy: -1.08945e+02 (-1.08922e+02), Variance: 8.70317e-01 (1.50410e+00), Accept ratio: 0.46831, 
INFO:root:Epoch  4345, Energy: -1.08996e+02 (-1.09001e+02), Variance: 8.28237e-01 (9.48077e-01), Accept ratio: 0.46545, 
INFO:root:Epoch  4346, Energy: -1.08958e+02 (-1.08966e+02), Variance: 7.72440e-01 (9.85001e-01), Accept ratio: 0.46946, 
INFO:root:Epoch  4347, Energy: -1.08972e+02 (-1.08960e+02), Variance: 8.33321e-01 (1.37311e+00), Accept ratio: 0.47293, 
INFO:root:Epoch  4348, Energy: -1.09047e+02 (-1.09041e+02), Variance: 9.17709e-01 (1.08821e+00), Accept ratio: 0.46900, 
INFO:root:Epoch  4349, Energy: -1.08986e+02 (-1.08978e+02), Variance: 8.67000e-01 (1.06533e+00), Accept ratio: 0.47094, 
INFO:root:Epoch  4350, Energy: -1.09027e+02 (-1.09018e+02), Variance: 9.13740e-01 (1.22300e+00), Accept ratio: 0.47037, 
INFO:root:Epoch  4351, Energy: -1.08984e+02 (-1.08943e+02), Variance: 9.48191e-01 (2.41327e+00), Accept ratio: 0.46908, 
INFO:root:Epoch  4352, Energy: -1.08999e+02 (-1.08989e+02), Variance: 8.76326e-01 (1.14075e+00), Accept ratio: 0.47342, 
INFO:root:Epoch  4353, Energy: -1.09022e+02 (-1.09048e+02), Variance: 8.24745e-01 (1.94381e+00), Accept ratio: 0.46667, 
INFO:root:Epoch  4354, Energy: -1.08999e+02 (-1.08996e+02), Variance: 9.20133e-01 (1.03458e+00), Accept ratio: 0.46931, 
INFO:root:Epoch  4355, Energy: -1.08980e+02 (-1.08975e+02), Variance: 7.78764e-01 (1.02195e+00), Accept ratio: 0.47191, 
INFO:root:Epoch  4356, Energy: -1.09047e+02 (-1.09030e+02), Variance: 9.33770e-01 (1.65487e+00), Accept ratio: 0.46825, 
INFO:root:Epoch  4357, Energy: -1.09016e+02 (-1.09023e+02), Variance: 8.75934e-01 (1.13770e+00), Accept ratio: 0.46704, 
INFO:root:Epoch  4358, Energy: -1.08997e+02 (-1.08985e+02), Variance: 9.19346e-01 (1.33028e+00), Accept ratio: 0.46532, 
INFO:root:Epoch  4359, Energy: -1.09043e+02 (-1.09038e+02), Variance: 8.55248e-01 (1.11111e+00), Accept ratio: 0.46846, 
INFO:root:Epoch  4360, Energy: -1.09037e+02 (-1.09032e+02), Variance: 8.31074e-01 (9.42144e-01), Accept ratio: 0.47250, 
INFO:root:Epoch  4361, Energy: -1.09025e+02 (-1.09037e+02), Variance: 8.82529e-01 (1.23345e+00), Accept ratio: 0.46860, 
INFO:root:Epoch  4362, Energy: -1.09083e+02 (-1.09106e+02), Variance: 8.53008e-01 (1.16362e+00), Accept ratio: 0.47009, 
INFO:root:Epoch  4363, Energy: -1.09037e+02 (-1.09040e+02), Variance: 6.94307e-01 (7.44919e-01), Accept ratio: 0.47237, 
INFO:root:Epoch  4364, Energy: -1.08995e+02 (-1.08985e+02), Variance: 7.89999e-01 (1.07348e+00), Accept ratio: 0.47714, 
INFO:root:Epoch  4365, Energy: -1.08969e+02 (-1.08946e+02), Variance: 8.48535e-01 (1.18927e+00), Accept ratio: 0.46726, 
INFO:root:Epoch  4366, Energy: -1.08977e+02 (-1.08980e+02), Variance: 8.83545e-01 (1.02725e+00), Accept ratio: 0.46800, 
INFO:root:Epoch  4367, Energy: -1.09005e+02 (-1.09007e+02), Variance: 8.20169e-01 (8.86747e-01), Accept ratio: 0.47100, 
INFO:root:Epoch  4368, Energy: -1.08980e+02 (-1.08985e+02), Variance: 7.66616e-01 (8.94519e-01), Accept ratio: 0.47433, 
INFO:root:Epoch  4369, Energy: -1.09000e+02 (-1.08988e+02), Variance: 8.45242e-01 (1.26267e+00), Accept ratio: 0.46586, 
INFO:root:Epoch  4370, Energy: -1.09024e+02 (-1.08951e+02), Variance: 1.01057e+00 (3.05639e+00), Accept ratio: 0.47331, 
INFO:root:Epoch  4371, Energy: -1.09003e+02 (-1.09002e+02), Variance: 8.53002e-01 (1.04149e+00), Accept ratio: 0.47006, 
INFO:root:Epoch  4372, Energy: -1.09002e+02 (-1.08991e+02), Variance: 9.30521e-01 (1.07512e+00), Accept ratio: 0.46915, 
INFO:root:Epoch  4373, Energy: -1.09011e+02 (-1.09013e+02), Variance: 8.89518e-01 (1.30417e+00), Accept ratio: 0.47145, 
INFO:root:Epoch  4374, Energy: -1.09018e+02 (-1.09001e+02), Variance: 8.72592e-01 (1.40077e+00), Accept ratio: 0.47846, 
INFO:root:Epoch  4375, Energy: -1.09084e+02 (-1.09076e+02), Variance: 9.94367e-01 (1.26771e+00), Accept ratio: 0.47018, 
INFO:root:Epoch  4376, Energy: -1.08991e+02 (-1.08993e+02), Variance: 9.14559e-01 (1.06063e+00), Accept ratio: 0.47236, 
INFO:root:Epoch  4377, Energy: -1.08981e+02 (-1.08969e+02), Variance: 8.76832e-01 (1.15210e+00), Accept ratio: 0.47076, 
INFO:root:Epoch  4378, Energy: -1.09040e+02 (-1.09040e+02), Variance: 8.53171e-01 (1.17324e+00), Accept ratio: 0.46875, 
INFO:root:Epoch  4379, Energy: -1.09034e+02 (-1.09026e+02), Variance: 8.45918e-01 (1.06521e+00), Accept ratio: 0.46465, 
INFO:root:Epoch  4380, Energy: -1.08980e+02 (-1.08953e+02), Variance: 8.10634e-01 (1.28401e+00), Accept ratio: 0.47164, 
INFO:root:Epoch  4381, Energy: -1.09037e+02 (-1.09040e+02), Variance: 8.81880e-01 (9.55221e-01), Accept ratio: 0.47513, 
INFO:root:Epoch  4382, Energy: -1.08994e+02 (-1.08995e+02), Variance: 8.67221e-01 (1.07568e+00), Accept ratio: 0.46686, 
INFO:root:Epoch  4383, Energy: -1.09026e+02 (-1.09060e+02), Variance: 9.13475e-01 (1.73115e+00), Accept ratio: 0.46947, 
INFO:root:Epoch  4384, Energy: -1.09008e+02 (-1.09001e+02), Variance: 8.04642e-01 (9.17085e-01), Accept ratio: 0.47443, 
INFO:root:Epoch  4385, Energy: -1.08992e+02 (-1.08990e+02), Variance: 8.73709e-01 (1.02556e+00), Accept ratio: 0.47552, 
INFO:root:Epoch  4386, Energy: -1.08974e+02 (-1.08959e+02), Variance: 8.52962e-01 (1.25000e+00), Accept ratio: 0.47481, 
INFO:root:Epoch  4387, Energy: -1.08977e+02 (-1.08984e+02), Variance: 8.82905e-01 (1.25398e+00), Accept ratio: 0.47734, 
INFO:root:Epoch  4388, Energy: -1.08938e+02 (-1.08941e+02), Variance: 8.48230e-01 (9.67102e-01), Accept ratio: 0.46546, 
INFO:root:Epoch  4389, Energy: -1.08984e+02 (-1.08920e+02), Variance: 9.68177e-01 (6.22146e+00), Accept ratio: 0.46615, 
INFO:root:Epoch  4390, Energy: -1.09023e+02 (-1.09015e+02), Variance: 8.35537e-01 (1.12570e+00), Accept ratio: 0.47478, 
INFO:root:Epoch  4391, Energy: -1.09005e+02 (-1.09034e+02), Variance: 7.70664e-01 (1.27775e+00), Accept ratio: 0.47114, 
INFO:root:Epoch  4392, Energy: -1.09043e+02 (-1.09046e+02), Variance: 7.48946e-01 (2.03512e+00), Accept ratio: 0.46792, 
INFO:root:Epoch  4393, Energy: -1.08946e+02 (-1.08929e+02), Variance: 7.49685e-01 (9.74542e-01), Accept ratio: 0.47408, 
INFO:root:Epoch  4394, Energy: -1.08986e+02 (-1.08977e+02), Variance: 8.35147e-01 (1.02567e+00), Accept ratio: 0.46976, 
INFO:root:Epoch  4395, Energy: -1.08994e+02 (-1.09012e+02), Variance: 8.21487e-01 (1.13371e+00), Accept ratio: 0.46692, 
INFO:root:Epoch  4396, Energy: -1.09008e+02 (-1.09019e+02), Variance: 8.58086e-01 (1.18348e+00), Accept ratio: 0.46009, 
INFO:root:Epoch  4397, Energy: -1.09007e+02 (-1.09001e+02), Variance: 8.50101e-01 (1.20520e+00), Accept ratio: 0.47136, 
INFO:root:Epoch  4398, Energy: -1.08990e+02 (-1.08961e+02), Variance: 9.04585e-01 (1.46454e+00), Accept ratio: 0.47006, 
INFO:root:Epoch  4399, Energy: -1.08981e+02 (-1.08976e+02), Variance: 9.47680e-01 (1.07333e+00), Accept ratio: 0.46852, 
INFO:root:Epoch  4400, Energy: -1.09031e+02 (-1.09022e+02), Variance: 8.03973e-01 (9.38046e-01), Accept ratio: 0.46946, 
INFO:root:Epoch  4401, Energy: -1.09004e+02 (-1.09033e+02), Variance: 8.39365e-01 (3.42011e+00), Accept ratio: 0.47207, 
INFO:root:Epoch  4402, Energy: -1.08985e+02 (-1.08968e+02), Variance: 8.03991e-01 (1.34982e+00), Accept ratio: 0.47146, 
INFO:root:Epoch  4403, Energy: -1.09017e+02 (-1.09014e+02), Variance: 8.62569e-01 (1.16895e+00), Accept ratio: 0.46840, 
INFO:root:Epoch  4404, Energy: -1.09043e+02 (-1.09024e+02), Variance: 9.22456e-01 (1.47983e+00), Accept ratio: 0.47425, 
INFO:root:Epoch  4405, Energy: -1.08988e+02 (-1.08976e+02), Variance: 8.03050e-01 (1.01706e+00), Accept ratio: 0.46710, 
INFO:root:Epoch  4406, Energy: -1.09005e+02 (-1.09000e+02), Variance: 7.78796e-01 (9.02011e-01), Accept ratio: 0.46482, 
INFO:root:Epoch  4407, Energy: -1.09025e+02 (-1.09027e+02), Variance: 8.39287e-01 (1.03997e+00), Accept ratio: 0.47300, 
INFO:root:Epoch  4408, Energy: -1.09003e+02 (-1.08989e+02), Variance: 9.57694e-01 (1.15962e+00), Accept ratio: 0.47247, 
INFO:root:Epoch  4409, Energy: -1.09011e+02 (-1.09004e+02), Variance: 8.56709e-01 (9.95326e-01), Accept ratio: 0.46634, 
INFO:root:Epoch  4410, Energy: -1.08999e+02 (-1.09003e+02), Variance: 1.00391e+00 (1.27527e+00), Accept ratio: 0.46983, 
INFO:root:Epoch  4411, Energy: -1.09034e+02 (-1.09014e+02), Variance: 9.55016e-01 (1.20464e+00), Accept ratio: 0.47118, 
INFO:root:Epoch  4412, Energy: -1.09027e+02 (-1.09016e+02), Variance: 8.95771e-01 (1.11329e+00), Accept ratio: 0.47160, 
INFO:root:Epoch  4413, Energy: -1.09028e+02 (-1.09036e+02), Variance: 1.02350e+00 (1.41646e+00), Accept ratio: 0.46734, 
INFO:root:Epoch  4414, Energy: -1.09081e+02 (-1.09081e+02), Variance: 1.01125e+00 (1.41535e+00), Accept ratio: 0.47482, 
INFO:root:Epoch  4415, Energy: -1.09071e+02 (-1.09063e+02), Variance: 1.02615e+00 (1.29147e+00), Accept ratio: 0.46505, 
INFO:root:Epoch  4416, Energy: -1.09073e+02 (-1.09097e+02), Variance: 1.15604e+00 (1.66827e+00), Accept ratio: 0.47170, 
INFO:root:Epoch  4417, Energy: -1.09064e+02 (-1.09032e+02), Variance: 1.20258e+00 (3.35546e+00), Accept ratio: 0.47520, 
INFO:root:Epoch  4418, Energy: -1.09023e+02 (-1.09006e+02), Variance: 1.22324e+00 (1.72350e+00), Accept ratio: 0.46524, 
INFO:root:Epoch  4419, Energy: -1.09079e+02 (-1.09105e+02), Variance: 1.25096e+00 (1.92547e+00), Accept ratio: 0.46826, 
INFO:root:Epoch  4420, Energy: -1.09071e+02 (-1.09102e+02), Variance: 1.21013e+00 (2.28204e+00), Accept ratio: 0.46730, 
INFO:root:Epoch  4421, Energy: -1.09052e+02 (-1.09054e+02), Variance: 1.28421e+00 (1.44739e+00), Accept ratio: 0.47216, 
INFO:root:Epoch  4422, Energy: -1.09051e+02 (-1.09060e+02), Variance: 1.27779e+00 (1.99397e+00), Accept ratio: 0.47361, 
INFO:root:Epoch  4423, Energy: -1.09010e+02 (-1.09027e+02), Variance: 1.58784e+00 (2.13833e+00), Accept ratio: 0.46437, 
INFO:root:Epoch  4424, Energy: -1.09025e+02 (-1.09022e+02), Variance: 1.44192e+00 (1.63603e+00), Accept ratio: 0.46953, 
INFO:root:Epoch  4425, Energy: -1.09020e+02 (-1.09025e+02), Variance: 1.78152e+00 (2.40347e+00), Accept ratio: 0.47110, 
INFO:root:Epoch  4426, Energy: -1.09034e+02 (-1.09041e+02), Variance: 1.74560e+00 (2.35171e+00), Accept ratio: 0.47309, 
INFO:root:Epoch  4427, Energy: -1.08972e+02 (-1.08963e+02), Variance: 1.91886e+00 (2.51737e+00), Accept ratio: 0.47765, 
INFO:root:Epoch  4428, Energy: -1.08997e+02 (-1.09001e+02), Variance: 2.01247e+00 (2.31090e+00), Accept ratio: 0.46957, 
INFO:root:Epoch  4429, Energy: -1.09038e+02 (-1.09023e+02), Variance: 2.26888e+00 (3.13711e+00), Accept ratio: 0.47326, 
INFO:root:Epoch  4430, Energy: -1.09039e+02 (-1.09041e+02), Variance: 2.50335e+00 (3.14750e+00), Accept ratio: 0.47251, 
INFO:root:Epoch  4431, Energy: -1.09119e+02 (-1.09147e+02), Variance: 3.05838e+00 (4.26011e+00), Accept ratio: 0.47221, 
INFO:root:Epoch  4432, Energy: -1.09271e+02 (-1.09318e+02), Variance: 4.14157e+00 (5.53040e+00), Accept ratio: 0.47095, 
INFO:root:Epoch  4433, Energy: -1.09109e+02 (-1.09233e+02), Variance: 4.25777e+00 (1.96876e+01), Accept ratio: 0.47412, 
INFO:root:Epoch  4434, Energy: -1.09200e+02 (-1.09188e+02), Variance: 5.23402e+00 (7.03579e+00), Accept ratio: 0.46825, 
INFO:root:Epoch  4435, Energy: -1.09047e+02 (-1.09028e+02), Variance: 5.95273e+00 (8.36174e+00), Accept ratio: 0.47168, 
INFO:root:Epoch  4436, Energy: -1.09250e+02 (-1.09234e+02), Variance: 7.46641e+00 (8.90705e+00), Accept ratio: 0.46658, 
INFO:root:Epoch  4437, Energy: -1.09180e+02 (-1.09191e+02), Variance: 1.08834e+01 (2.64401e+01), Accept ratio: 0.46380, 
INFO:root:Epoch  4438, Energy: -1.09235e+02 (-1.09178e+02), Variance: 1.35489e+01 (1.88400e+01), Accept ratio: 0.46417, 
INFO:root:Epoch  4439, Energy: -1.09289e+02 (-1.09282e+02), Variance: 3.56246e+01 (8.56276e+01), Accept ratio: 0.47347, 
INFO:root:Epoch  4440, Energy: -1.05435e+02 (-1.04941e+02), Variance: 1.99070e+02 (3.39952e+02), Accept ratio: 0.46768, 
INFO:root:Epoch  4441, Energy: -1.08450e+02 (-1.08540e+02), Variance: 2.09326e+02 (2.72706e+02), Accept ratio: 0.50266, 
INFO:root:Epoch  4442, Energy: -1.06797e+02 (-1.07161e+02), Variance: 1.86550e+02 (2.37824e+02), Accept ratio: 0.50440, 
INFO:root:Epoch  4443, Energy: -1.06317e+02 (-1.06911e+02), Variance: 1.77833e+02 (3.04603e+02), Accept ratio: 0.50006, 
INFO:root:Epoch  4444, Energy: -1.05748e+02 (-1.05992e+02), Variance: 1.58158e+02 (2.00878e+02), Accept ratio: 0.51345, 
INFO:root:Epoch  4445, Energy: -1.06034e+02 (-1.06254e+02), Variance: 1.47751e+02 (1.81729e+02), Accept ratio: 0.51040, 
INFO:root:Epoch  4446, Energy: -1.05982e+02 (-1.06111e+02), Variance: 1.43899e+02 (1.69047e+02), Accept ratio: 0.50586, 
INFO:root:Epoch  4447, Energy: -1.05112e+02 (-1.05434e+02), Variance: 1.38085e+02 (1.85452e+02), Accept ratio: 0.51028, 
INFO:root:Epoch  4448, Energy: -1.05508e+02 (-1.05689e+02), Variance: 1.52183e+02 (2.14339e+02), Accept ratio: 0.50799, 
INFO:root:Epoch  4449, Energy: -1.06113e+02 (-1.06501e+02), Variance: 1.50610e+02 (2.74451e+02), Accept ratio: 0.51424, 
INFO:root:Epoch  4450, Energy: -1.05691e+02 (-1.05984e+02), Variance: 1.29965e+02 (1.70672e+02), Accept ratio: 0.50699, 
INFO:root:Epoch  4451, Energy: -1.06071e+02 (-1.06406e+02), Variance: 1.51214e+02 (2.08943e+02), Accept ratio: 0.50704, 
INFO:root:Epoch  4452, Energy: -1.05246e+02 (-1.05391e+02), Variance: 1.21404e+02 (1.49903e+02), Accept ratio: 0.50383, 
INFO:root:Epoch  4453, Energy: -1.05944e+02 (-1.06391e+02), Variance: 1.41630e+02 (2.27512e+02), Accept ratio: 0.51263, 
INFO:root:Epoch  4454, Energy: -1.05614e+02 (-1.05726e+02), Variance: 1.36557e+02 (1.79701e+02), Accept ratio: 0.50771, 
INFO:root:Epoch  4455, Energy: -1.06122e+02 (-1.06570e+02), Variance: 1.50378e+02 (2.30728e+02), Accept ratio: 0.50823, 
INFO:root:Epoch  4456, Energy: -1.05809e+02 (-1.06026e+02), Variance: 1.30861e+02 (1.60742e+02), Accept ratio: 0.50480, 
INFO:root:Epoch  4457, Energy: -1.05951e+02 (-1.06061e+02), Variance: 1.28853e+02 (1.40633e+02), Accept ratio: 0.51355, 
INFO:root:Epoch  4458, Energy: -1.05731e+02 (-1.06039e+02), Variance: 1.23615e+02 (1.85359e+02), Accept ratio: 0.50039, 
INFO:root:Epoch  4459, Energy: -1.05602e+02 (-1.05850e+02), Variance: 1.25965e+02 (1.64324e+02), Accept ratio: 0.50548, 
INFO:root:Epoch  4460, Energy: -1.05531e+02 (-1.05766e+02), Variance: 1.12323e+02 (1.81903e+02), Accept ratio: 0.50342, 
INFO:root:Epoch  4461, Energy: -1.05427e+02 (-1.05431e+02), Variance: 1.12906e+02 (2.21122e+02), Accept ratio: 0.50043, 
INFO:root:Epoch  4462, Energy: -1.04833e+02 (-1.05002e+02), Variance: 1.01586e+02 (1.58855e+02), Accept ratio: 0.50020, 
INFO:root:Epoch  4463, Energy: -1.04849e+02 (-1.04695e+02), Variance: 1.00280e+02 (1.37804e+02), Accept ratio: 0.49992, 
INFO:root:Epoch  4464, Energy: -1.05423e+02 (-1.05696e+02), Variance: 1.18520e+02 (2.39853e+02), Accept ratio: 0.50364, 
INFO:root:Epoch  4465, Energy: -1.05728e+02 (-1.05823e+02), Variance: 9.13609e+01 (1.07205e+02), Accept ratio: 0.50586, 
INFO:root:Epoch  4466, Energy: -1.05634e+02 (-1.05681e+02), Variance: 9.83838e+01 (1.12297e+02), Accept ratio: 0.49762, 
INFO:root:Epoch  4467, Energy: -1.05436e+02 (-1.05710e+02), Variance: 1.07252e+02 (1.61696e+02), Accept ratio: 0.50355, 
INFO:root:Epoch  4468, Energy: -1.06004e+02 (-1.06421e+02), Variance: 1.13137e+02 (2.31606e+02), Accept ratio: 0.49969, 
INFO:root:Epoch  4469, Energy: -1.05783e+02 (-1.05978e+02), Variance: 1.08688e+02 (1.30945e+02), Accept ratio: 0.50304, 
INFO:root:Epoch  4470, Energy: -1.06044e+02 (-1.06174e+02), Variance: 1.04982e+02 (1.24443e+02), Accept ratio: 0.49538, 
INFO:root:Epoch  4471, Energy: -1.05614e+02 (-1.05764e+02), Variance: 9.80843e+01 (1.61208e+02), Accept ratio: 0.49742, 
INFO:root:Epoch  4472, Energy: -1.05046e+02 (-1.05172e+02), Variance: 9.35024e+01 (1.37838e+02), Accept ratio: 0.49675, 
INFO:root:Epoch  4473, Energy: -1.05416e+02 (-1.05605e+02), Variance: 1.03978e+02 (1.46123e+02), Accept ratio: 0.49458, 
INFO:root:Epoch  4474, Energy: -1.05177e+02 (-1.05229e+02), Variance: 8.81203e+01 (1.36426e+02), Accept ratio: 0.49386, 
INFO:root:Epoch  4475, Energy: -1.05780e+02 (-1.05808e+02), Variance: 9.25128e+01 (1.30069e+02), Accept ratio: 0.49671, 
INFO:root:Epoch  4476, Energy: -1.05455e+02 (-1.05388e+02), Variance: 8.63968e+01 (1.45375e+02), Accept ratio: 0.50135, 
INFO:root:Epoch  4477, Energy: -1.05800e+02 (-1.05657e+02), Variance: 1.04338e+02 (1.63045e+02), Accept ratio: 0.49507, 
INFO:root:Epoch  4478, Energy: -1.05758e+02 (-1.05237e+02), Variance: 8.97301e+01 (3.87404e+02), Accept ratio: 0.49575, 
INFO:root:Epoch  4479, Energy: -1.05886e+02 (-1.05873e+02), Variance: 8.36494e+01 (9.74491e+01), Accept ratio: 0.49103, 
INFO:root:Epoch  4480, Energy: -1.06049e+02 (-1.06139e+02), Variance: 8.73553e+01 (1.14314e+02), Accept ratio: 0.49911, 
INFO:root:Epoch  4481, Energy: -1.05651e+02 (-1.05682e+02), Variance: 8.01690e+01 (1.10432e+02), Accept ratio: 0.49503, 
INFO:root:Epoch  4482, Energy: -1.05786e+02 (-1.05944e+02), Variance: 8.67368e+01 (1.81812e+02), Accept ratio: 0.49632, 
INFO:root:Epoch  4483, Energy: -1.05895e+02 (-1.05717e+02), Variance: 8.74704e+01 (1.29404e+02), Accept ratio: 0.49763, 
INFO:root:Epoch  4484, Energy: -1.06016e+02 (-1.06069e+02), Variance: 7.25634e+01 (8.08280e+01), Accept ratio: 0.50053, 
INFO:root:Epoch  4485, Energy: -1.05583e+02 (-1.05578e+02), Variance: 7.26214e+01 (9.09187e+01), Accept ratio: 0.48237, 
INFO:root:Epoch  4486, Energy: -1.05352e+02 (-1.05001e+02), Variance: 8.00300e+01 (2.18688e+02), Accept ratio: 0.49450, 
INFO:root:Epoch  4487, Energy: -1.05902e+02 (-1.05822e+02), Variance: 8.43333e+01 (1.68668e+02), Accept ratio: 0.49610, 
INFO:root:Epoch  4488, Energy: -1.05687e+02 (-1.05344e+02), Variance: 6.88890e+01 (1.79477e+02), Accept ratio: 0.49578, 
INFO:root:Epoch  4489, Energy: -1.05733e+02 (-1.05861e+02), Variance: 6.65827e+01 (8.61644e+01), Accept ratio: 0.50279, 
INFO:root:Epoch  4490, Energy: -1.05886e+02 (-1.06119e+02), Variance: 6.23510e+01 (9.65992e+01), Accept ratio: 0.49439, 
INFO:root:Epoch  4491, Energy: -1.06343e+02 (-1.06517e+02), Variance: 6.89085e+01 (9.52071e+01), Accept ratio: 0.48945, 
INFO:root:Epoch  4492, Energy: -1.05940e+02 (-1.05888e+02), Variance: 6.42962e+01 (7.86053e+01), Accept ratio: 0.49433, 
INFO:root:Epoch  4493, Energy: -1.05919e+02 (-1.05893e+02), Variance: 5.65079e+01 (7.88087e+01), Accept ratio: 0.50434, 
INFO:root:Epoch  4494, Energy: -1.06438e+02 (-1.06512e+02), Variance: 5.32523e+01 (6.41427e+01), Accept ratio: 0.49231, 
INFO:root:Epoch  4495, Energy: -1.06183e+02 (-1.06008e+02), Variance: 6.41740e+01 (9.62684e+01), Accept ratio: 0.49477, 
INFO:root:Epoch  4496, Energy: -1.06005e+02 (-1.05973e+02), Variance: 6.48604e+01 (9.69141e+01), Accept ratio: 0.48707, 
INFO:root:Epoch  4497, Energy: -1.06379e+02 (-1.06231e+02), Variance: 5.72208e+01 (8.47233e+01), Accept ratio: 0.49454, 
INFO:root:Epoch  4498, Energy: -1.06347e+02 (-1.06216e+02), Variance: 6.12242e+01 (8.50386e+01), Accept ratio: 0.48935, 
INFO:root:Epoch  4499, Energy: -1.06301e+02 (-1.06274e+02), Variance: 5.59056e+01 (6.51403e+01), Accept ratio: 0.48868, 
INFO:root:Epoch  4500, Energy: -1.06132e+02 (-1.06234e+02), Variance: 5.40321e+01 (7.12551e+01), Accept ratio: 0.48172, 
INFO:root:Epoch  4501, Energy: -1.05995e+02 (-1.05846e+02), Variance: 5.41248e+01 (8.75811e+01), Accept ratio: 0.48469, 
INFO:root:Epoch  4502, Energy: -1.05880e+02 (-1.05538e+02), Variance: 5.53271e+01 (1.23838e+02), Accept ratio: 0.48975, 
INFO:root:Epoch  4503, Energy: -1.06599e+02 (-1.06449e+02), Variance: 6.13657e+01 (9.09121e+01), Accept ratio: 0.49151, 
INFO:root:Epoch  4504, Energy: -1.06079e+02 (-1.05919e+02), Variance: 5.50961e+01 (8.72589e+01), Accept ratio: 0.48999, 
INFO:root:Epoch  4505, Energy: -1.05951e+02 (-1.05927e+02), Variance: 5.80386e+01 (6.86993e+01), Accept ratio: 0.48470, 
INFO:root:Epoch  4506, Energy: -1.06138e+02 (-1.05755e+02), Variance: 5.24527e+01 (2.07240e+02), Accept ratio: 0.48973, 
INFO:root:Epoch  4507, Energy: -1.06463e+02 (-1.06211e+02), Variance: 5.99690e+01 (1.29608e+02), Accept ratio: 0.49184, 
INFO:root:Epoch  4508, Energy: -1.06273e+02 (-1.06242e+02), Variance: 5.13185e+01 (6.68525e+01), Accept ratio: 0.48959, 
INFO:root:Epoch  4509, Energy: -1.06643e+02 (-1.06517e+02), Variance: 4.81460e+01 (6.52441e+01), Accept ratio: 0.48614, 
INFO:root:Epoch  4510, Energy: -1.06875e+02 (-1.06762e+02), Variance: 4.59937e+01 (6.56995e+01), Accept ratio: 0.48635, 
INFO:root:Epoch  4511, Energy: -1.06463e+02 (-1.06371e+02), Variance: 4.44689e+01 (5.49280e+01), Accept ratio: 0.48374, 
INFO:root:Epoch  4512, Energy: -1.06582e+02 (-1.06455e+02), Variance: 4.32889e+01 (6.72622e+01), Accept ratio: 0.47732, 
INFO:root:Epoch  4513, Energy: -1.07021e+02 (-1.06999e+02), Variance: 4.36240e+01 (4.74572e+01), Accept ratio: 0.48156, 
INFO:root:Epoch  4514, Energy: -1.06512e+02 (-1.06284e+02), Variance: 5.17788e+01 (7.21563e+01), Accept ratio: 0.48895, 
INFO:root:Epoch  4515, Energy: -1.06921e+02 (-1.06870e+02), Variance: 4.30677e+01 (5.20885e+01), Accept ratio: 0.48660, 
INFO:root:Epoch  4516, Energy: -1.06720e+02 (-1.06627e+02), Variance: 4.23415e+01 (5.13619e+01), Accept ratio: 0.48248, 
INFO:root:Epoch  4517, Energy: -1.06686e+02 (-1.06437e+02), Variance: 4.83338e+01 (7.85760e+01), Accept ratio: 0.47943, 
INFO:root:Epoch  4518, Energy: -1.06771e+02 (-1.06701e+02), Variance: 4.18423e+01 (4.94150e+01), Accept ratio: 0.48295, 
INFO:root:Epoch  4519, Energy: -1.06487e+02 (-1.06256e+02), Variance: 4.51863e+01 (7.44050e+01), Accept ratio: 0.48916, 
INFO:root:Epoch  4520, Energy: -1.06646e+02 (-1.06599e+02), Variance: 4.36665e+01 (5.66724e+01), Accept ratio: 0.48559, 
INFO:root:Epoch  4521, Energy: -1.06439e+02 (-1.06261e+02), Variance: 4.78424e+01 (7.22136e+01), Accept ratio: 0.48576, 
INFO:root:Epoch  4522, Energy: -1.06548e+02 (-1.06308e+02), Variance: 4.25778e+01 (6.37461e+01), Accept ratio: 0.49212, 
INFO:root:Epoch  4523, Energy: -1.06558e+02 (-1.06406e+02), Variance: 4.03438e+01 (5.18487e+01), Accept ratio: 0.48139, 
INFO:root:Epoch  4524, Energy: -1.06354e+02 (-1.06163e+02), Variance: 4.04295e+01 (5.55789e+01), Accept ratio: 0.48282, 
INFO:root:Epoch  4525, Energy: -1.06700e+02 (-1.06641e+02), Variance: 3.99672e+01 (4.47220e+01), Accept ratio: 0.48551, 
INFO:root:Epoch  4526, Energy: -1.06548e+02 (-1.06401e+02), Variance: 4.31601e+01 (5.28050e+01), Accept ratio: 0.48603, 
INFO:root:Epoch  4527, Energy: -1.06701e+02 (-1.06607e+02), Variance: 3.51825e+01 (4.35591e+01), Accept ratio: 0.48472, 
INFO:root:Epoch  4528, Energy: -1.06696e+02 (-1.06624e+02), Variance: 4.08113e+01 (5.00655e+01), Accept ratio: 0.48033, 
INFO:root:Epoch  4529, Energy: -1.06519e+02 (-1.06450e+02), Variance: 4.61895e+01 (5.52317e+01), Accept ratio: 0.47971, 
INFO:root:Epoch  4530, Energy: -1.06518e+02 (-1.06394e+02), Variance: 4.09930e+01 (5.19159e+01), Accept ratio: 0.48263, 
INFO:root:Epoch  4531, Energy: -1.06498e+02 (-1.06179e+02), Variance: 4.01960e+01 (7.49763e+01), Accept ratio: 0.48230, 
INFO:root:Epoch  4532, Energy: -1.06636e+02 (-1.06297e+02), Variance: 3.89253e+01 (8.15294e+01), Accept ratio: 0.48831, 
INFO:root:Epoch  4533, Energy: -1.07048e+02 (-1.06890e+02), Variance: 3.64820e+01 (5.14300e+01), Accept ratio: 0.47734, 
INFO:root:Epoch  4534, Energy: -1.06914e+02 (-1.06819e+02), Variance: 3.62594e+01 (6.26498e+01), Accept ratio: 0.47953, 
INFO:root:Epoch  4535, Energy: -1.06763e+02 (-1.06533e+02), Variance: 3.83857e+01 (6.61011e+01), Accept ratio: 0.47265, 
INFO:root:Epoch  4536, Energy: -1.06963e+02 (-1.06896e+02), Variance: 3.22188e+01 (3.82199e+01), Accept ratio: 0.47942, 
INFO:root:Epoch  4537, Energy: -1.06872e+02 (-1.06414e+02), Variance: 3.46959e+01 (1.97826e+02), Accept ratio: 0.48797, 
INFO:root:Epoch  4538, Energy: -1.06964e+02 (-1.06490e+02), Variance: 3.46319e+01 (2.01870e+02), Accept ratio: 0.48470, 
INFO:root:Epoch  4539, Energy: -1.06856e+02 (-1.06716e+02), Variance: 3.24449e+01 (4.25211e+01), Accept ratio: 0.47978, 
INFO:root:Epoch  4540, Energy: -1.06722e+02 (-1.06106e+02), Variance: 3.94841e+01 (2.65279e+02), Accept ratio: 0.47473, 
INFO:root:Epoch  4541, Energy: -1.06577e+02 (-1.06293e+02), Variance: 3.72337e+01 (8.72188e+01), Accept ratio: 0.48167, 
INFO:root:Epoch  4542, Energy: -1.06565e+02 (-1.06030e+02), Variance: 4.01784e+01 (1.30724e+02), Accept ratio: 0.48446, 
INFO:root:Epoch  4543, Energy: -1.06719e+02 (-1.05980e+02), Variance: 3.65412e+01 (2.97979e+02), Accept ratio: 0.48597, 
INFO:root:Epoch  4544, Energy: -1.06768e+02 (-1.06584e+02), Variance: 3.28550e+01 (4.80776e+01), Accept ratio: 0.48604, 
INFO:root:Epoch  4545, Energy: -1.06563e+02 (-1.06325e+02), Variance: 3.78669e+01 (5.72362e+01), Accept ratio: 0.47608, 
INFO:root:Epoch  4546, Energy: -1.06502e+02 (-1.05172e+02), Variance: 4.23970e+01 (1.58618e+03), Accept ratio: 0.47738, 
INFO:root:Epoch  4547, Energy: -1.06905e+02 (-1.06657e+02), Variance: 2.91891e+01 (6.51716e+01), Accept ratio: 0.48318, 
INFO:root:Epoch  4548, Energy: -1.07130e+02 (-1.07049e+02), Variance: 3.09605e+01 (4.22670e+01), Accept ratio: 0.48576, 
INFO:root:Epoch  4549, Energy: -1.07100e+02 (-1.06839e+02), Variance: 3.16871e+01 (5.99566e+01), Accept ratio: 0.48324, 
INFO:root:Epoch  4550, Energy: -1.07138e+02 (-1.06978e+02), Variance: 3.19829e+01 (5.37634e+01), Accept ratio: 0.48326, 
INFO:root:Epoch  4551, Energy: -1.07158e+02 (-1.06876e+02), Variance: 3.35176e+01 (1.12013e+02), Accept ratio: 0.48084, 
INFO:root:Epoch  4552, Energy: -1.07330e+02 (-1.07266e+02), Variance: 2.73136e+01 (3.64503e+01), Accept ratio: 0.47652, 
INFO:root:Epoch  4553, Energy: -1.07264e+02 (-1.07142e+02), Variance: 2.92752e+01 (3.95222e+01), Accept ratio: 0.47598, 
INFO:root:Epoch  4554, Energy: -1.07179e+02 (-1.07072e+02), Variance: 2.70183e+01 (3.33284e+01), Accept ratio: 0.47959, 
INFO:root:Epoch  4555, Energy: -1.06994e+02 (-1.06884e+02), Variance: 2.94559e+01 (3.81113e+01), Accept ratio: 0.47628, 
INFO:root:Epoch  4556, Energy: -1.06802e+02 (-1.06698e+02), Variance: 3.07317e+01 (3.76235e+01), Accept ratio: 0.47098, 
INFO:root:Epoch  4557, Energy: -1.06821e+02 (-1.06362e+02), Variance: 2.84339e+01 (1.08919e+02), Accept ratio: 0.48091, 
INFO:root:Epoch  4558, Energy: -1.07012e+02 (-1.06759e+02), Variance: 3.15021e+01 (5.47751e+01), Accept ratio: 0.48494, 
INFO:root:Epoch  4559, Energy: -1.06909e+02 (-1.06348e+02), Variance: 3.11024e+01 (2.05176e+02), Accept ratio: 0.47116, 
INFO:root:Epoch  4560, Energy: -1.06868e+02 (-1.06509e+02), Variance: 3.31522e+01 (7.16475e+01), Accept ratio: 0.47695, 
INFO:root:Epoch  4561, Energy: -1.07066e+02 (-1.06706e+02), Variance: 2.84783e+01 (7.88434e+01), Accept ratio: 0.47709, 
INFO:root:Epoch  4562, Energy: -1.06998e+02 (-1.06787e+02), Variance: 2.78640e+01 (4.22289e+01), Accept ratio: 0.48073, 
INFO:root:Epoch  4563, Energy: -1.07071e+02 (-1.06773e+02), Variance: 2.79185e+01 (6.84142e+01), Accept ratio: 0.47434, 
INFO:root:Epoch  4564, Energy: -1.07045e+02 (-1.06775e+02), Variance: 2.96454e+01 (6.82531e+01), Accept ratio: 0.47665, 
INFO:root:Epoch  4565, Energy: -1.07139e+02 (-1.07097e+02), Variance: 2.46581e+01 (2.66778e+01), Accept ratio: 0.47888, 
INFO:root:Epoch  4566, Energy: -1.07113e+02 (-1.06996e+02), Variance: 2.88589e+01 (4.21979e+01), Accept ratio: 0.48009, 
INFO:root:Epoch  4567, Energy: -1.07290e+02 (-1.07107e+02), Variance: 2.55343e+01 (3.89313e+01), Accept ratio: 0.47545, 
INFO:root:Epoch  4568, Energy: -1.07199e+02 (-1.06991e+02), Variance: 2.64015e+01 (4.68778e+01), Accept ratio: 0.47934, 
INFO:root:Epoch  4569, Energy: -1.07064e+02 (-1.06770e+02), Variance: 2.89421e+01 (6.21741e+01), Accept ratio: 0.47160, 
INFO:root:Epoch  4570, Energy: -1.07040e+02 (-1.06822e+02), Variance: 2.89515e+01 (5.55865e+01), Accept ratio: 0.48386, 
INFO:root:Epoch  4571, Energy: -1.07009e+02 (-1.06796e+02), Variance: 2.85294e+01 (4.31138e+01), Accept ratio: 0.47835, 
INFO:root:Epoch  4572, Energy: -1.07021e+02 (-1.06799e+02), Variance: 2.75848e+01 (4.31175e+01), Accept ratio: 0.47982, 
INFO:root:Epoch  4573, Energy: -1.07234e+02 (-1.07149e+02), Variance: 2.58389e+01 (3.37578e+01), Accept ratio: 0.47404, 
INFO:root:Epoch  4574, Energy: -1.07042e+02 (-1.06479e+02), Variance: 3.13008e+01 (1.42494e+02), Accept ratio: 0.47426, 
INFO:root:Epoch  4575, Energy: -1.07136e+02 (-1.06850e+02), Variance: 2.67782e+01 (5.73996e+01), Accept ratio: 0.47507, 
INFO:root:Epoch  4576, Energy: -1.07136e+02 (-1.06913e+02), Variance: 2.67310e+01 (5.19658e+01), Accept ratio: 0.47887, 
INFO:root:Epoch  4577, Energy: -1.07180e+02 (-1.06717e+02), Variance: 2.74088e+01 (1.09597e+02), Accept ratio: 0.47379, 
INFO:root:Epoch  4578, Energy: -1.07481e+02 (-1.07156e+02), Variance: 2.52145e+01 (6.30578e+01), Accept ratio: 0.47982, 
INFO:root:Epoch  4579, Energy: -1.07511e+02 (-1.07273e+02), Variance: 2.51109e+01 (5.15446e+01), Accept ratio: 0.47580, 
INFO:root:Epoch  4580, Energy: -1.07396e+02 (-1.07161e+02), Variance: 2.58775e+01 (4.80953e+01), Accept ratio: 0.47328, 
INFO:root:Epoch  4581, Energy: -1.07377e+02 (-1.07213e+02), Variance: 2.12951e+01 (3.21562e+01), Accept ratio: 0.47531, 
INFO:root:Epoch  4582, Energy: -1.07534e+02 (-1.07166e+02), Variance: 2.27592e+01 (6.63764e+01), Accept ratio: 0.47248, 
INFO:root:Epoch  4583, Energy: -1.07369e+02 (-1.07142e+02), Variance: 2.42184e+01 (4.06903e+01), Accept ratio: 0.47060, 
INFO:root:Epoch  4584, Energy: -1.07271e+02 (-1.06855e+02), Variance: 2.64644e+01 (8.37611e+01), Accept ratio: 0.47933, 
INFO:root:Epoch  4585, Energy: -1.07260e+02 (-1.06955e+02), Variance: 2.48726e+01 (6.55119e+01), Accept ratio: 0.47535, 
INFO:root:Epoch  4586, Energy: -1.07318e+02 (-1.06962e+02), Variance: 2.10275e+01 (7.16354e+01), Accept ratio: 0.47655, 
INFO:root:Epoch  4587, Energy: -1.07211e+02 (-1.07055e+02), Variance: 2.07222e+01 (3.30969e+01), Accept ratio: 0.47726, 
INFO:root:Epoch  4588, Energy: -1.07622e+02 (-1.07635e+02), Variance: 2.02786e+01 (4.84772e+01), Accept ratio: 0.48115, 
INFO:root:Epoch  4589, Energy: -1.07318e+02 (-1.07201e+02), Variance: 2.62036e+01 (3.50874e+01), Accept ratio: 0.47425, 
INFO:root:Epoch  4590, Energy: -1.07388e+02 (-1.07230e+02), Variance: 2.32257e+01 (3.55080e+01), Accept ratio: 0.47745, 
INFO:root:Epoch  4591, Energy: -1.07541e+02 (-1.07395e+02), Variance: 2.31281e+01 (3.23506e+01), Accept ratio: 0.47299, 
INFO:root:Epoch  4592, Energy: -1.07575e+02 (-1.07403e+02), Variance: 2.06380e+01 (3.77258e+01), Accept ratio: 0.47995, 
INFO:root:Epoch  4593, Energy: -1.07377e+02 (-1.07102e+02), Variance: 2.46043e+01 (5.35845e+01), Accept ratio: 0.47270, 
INFO:root:Epoch  4594, Energy: -1.07226e+02 (-1.07017e+02), Variance: 2.57475e+01 (4.93245e+01), Accept ratio: 0.47055, 
INFO:root:Epoch  4595, Energy: -1.07484e+02 (-1.07298e+02), Variance: 1.94477e+01 (3.59873e+01), Accept ratio: 0.46631, 
INFO:root:Epoch  4596, Energy: -1.07509e+02 (-1.07364e+02), Variance: 2.04706e+01 (2.83637e+01), Accept ratio: 0.47291, 
INFO:root:Epoch  4597, Energy: -1.07428e+02 (-1.07158e+02), Variance: 2.34957e+01 (5.69341e+01), Accept ratio: 0.46804, 
INFO:root:Epoch  4598, Energy: -1.07249e+02 (-1.07186e+02), Variance: 2.11536e+01 (2.63859e+01), Accept ratio: 0.46303, 
INFO:root:Epoch  4599, Energy: -1.07432e+02 (-1.07194e+02), Variance: 2.12661e+01 (3.60939e+01), Accept ratio: 0.47161, 
INFO:root:Epoch  4600, Energy: -1.07506e+02 (-1.07347e+02), Variance: 2.11997e+01 (4.56350e+01), Accept ratio: 0.47000, 
INFO:root:Epoch  4601, Energy: -1.07687e+02 (-1.07583e+02), Variance: 1.76517e+01 (2.72844e+01), Accept ratio: 0.46788, 
INFO:root:Epoch  4602, Energy: -1.07379e+02 (-1.07235e+02), Variance: 1.92605e+01 (3.90783e+01), Accept ratio: 0.47205, 
INFO:root:Epoch  4603, Energy: -1.07449e+02 (-1.07131e+02), Variance: 1.94538e+01 (4.94405e+01), Accept ratio: 0.47502, 
INFO:root:Epoch  4604, Energy: -1.07308e+02 (-1.07083e+02), Variance: 2.06195e+01 (5.09077e+01), Accept ratio: 0.46905, 
INFO:root:Epoch  4605, Energy: -1.07439e+02 (-1.07037e+02), Variance: 1.77097e+01 (1.16626e+02), Accept ratio: 0.47239, 
INFO:root:Epoch  4606, Energy: -1.07506e+02 (-1.07291e+02), Variance: 1.67040e+01 (3.17018e+01), Accept ratio: 0.47277, 
INFO:root:Epoch  4607, Energy: -1.07538e+02 (-1.07458e+02), Variance: 1.76275e+01 (2.18603e+01), Accept ratio: 0.48334, 
INFO:root:Epoch  4608, Energy: -1.07589e+02 (-1.07326e+02), Variance: 1.99500e+01 (4.81932e+01), Accept ratio: 0.47012, 
INFO:root:Epoch  4609, Energy: -1.07261e+02 (-1.06967e+02), Variance: 1.96500e+01 (4.24203e+01), Accept ratio: 0.46766, 
INFO:root:Epoch  4610, Energy: -1.07503e+02 (-1.07411e+02), Variance: 1.83590e+01 (2.20970e+01), Accept ratio: 0.47184, 
INFO:root:Epoch  4611, Energy: -1.07663e+02 (-1.07424e+02), Variance: 1.69166e+01 (3.42116e+01), Accept ratio: 0.47469, 
INFO:root:Epoch  4612, Energy: -1.07481e+02 (-1.07343e+02), Variance: 1.70509e+01 (3.07276e+01), Accept ratio: 0.47008, 
INFO:root:Epoch  4613, Energy: -1.07597e+02 (-1.07449e+02), Variance: 1.65371e+01 (2.96966e+01), Accept ratio: 0.47799, 
INFO:root:Epoch  4614, Energy: -1.07352e+02 (-1.07234e+02), Variance: 1.91756e+01 (2.47755e+01), Accept ratio: 0.47505, 
INFO:root:Epoch  4615, Energy: -1.07543e+02 (-1.07292e+02), Variance: 1.81235e+01 (3.99769e+01), Accept ratio: 0.47170, 
INFO:root:Epoch  4616, Energy: -1.07136e+02 (-1.06918e+02), Variance: 1.94156e+01 (3.27068e+01), Accept ratio: 0.46703, 
INFO:root:Epoch  4617, Energy: -1.07285e+02 (-1.07113e+02), Variance: 2.09941e+01 (3.55724e+01), Accept ratio: 0.47341, 
INFO:root:Epoch  4618, Energy: -1.07388e+02 (-1.07030e+02), Variance: 1.95503e+01 (5.67370e+01), Accept ratio: 0.46704, 
INFO:root:Epoch  4619, Energy: -1.07409e+02 (-1.06975e+02), Variance: 1.74348e+01 (7.00897e+01), Accept ratio: 0.47489, 
INFO:root:Epoch  4620, Energy: -1.07518e+02 (-1.07398e+02), Variance: 1.44750e+01 (2.23044e+01), Accept ratio: 0.46532, 
INFO:root:Epoch  4621, Energy: -1.07446e+02 (-1.07300e+02), Variance: 1.69084e+01 (2.46154e+01), Accept ratio: 0.47404, 
INFO:root:Epoch  4622, Energy: -1.07688e+02 (-1.07612e+02), Variance: 1.24518e+01 (1.61438e+01), Accept ratio: 0.48290, 
INFO:root:Epoch  4623, Energy: -1.07473e+02 (-1.07445e+02), Variance: 1.44287e+01 (1.53883e+01), Accept ratio: 0.47751, 
INFO:root:Epoch  4624, Energy: -1.07714e+02 (-1.07610e+02), Variance: 1.40440e+01 (1.95160e+01), Accept ratio: 0.47585, 
INFO:root:Epoch  4625, Energy: -1.07704e+02 (-1.07628e+02), Variance: 1.43050e+01 (1.80018e+01), Accept ratio: 0.46882, 
INFO:root:Epoch  4626, Energy: -1.07538e+02 (-1.07251e+02), Variance: 1.60760e+01 (3.90408e+01), Accept ratio: 0.47136, 
INFO:root:Epoch  4627, Energy: -1.07327e+02 (-1.07126e+02), Variance: 1.74303e+01 (3.12017e+01), Accept ratio: 0.46992, 
INFO:root:Epoch  4628, Energy: -1.07431e+02 (-1.07335e+02), Variance: 1.60834e+01 (2.09015e+01), Accept ratio: 0.47216, 
INFO:root:Epoch  4629, Energy: -1.07647e+02 (-1.07505e+02), Variance: 1.35814e+01 (2.22914e+01), Accept ratio: 0.46593, 
INFO:root:Epoch  4630, Energy: -1.07565e+02 (-1.07433e+02), Variance: 1.50610e+01 (2.42694e+01), Accept ratio: 0.46916, 
INFO:root:Epoch  4631, Energy: -1.07629e+02 (-1.07540e+02), Variance: 1.41087e+01 (2.05977e+01), Accept ratio: 0.46375, 
INFO:root:Epoch  4632, Energy: -1.07594e+02 (-1.07414e+02), Variance: 1.38084e+01 (2.59931e+01), Accept ratio: 0.47114, 
INFO:root:Epoch  4633, Energy: -1.07711e+02 (-1.06992e+02), Variance: 1.64960e+01 (2.70999e+02), Accept ratio: 0.46628, 
INFO:root:Epoch  4634, Energy: -1.07623e+02 (-1.07331e+02), Variance: 1.36832e+01 (3.94431e+01), Accept ratio: 0.47131, 
INFO:root:Epoch  4635, Energy: -1.07731e+02 (-1.07593e+02), Variance: 1.37706e+01 (2.32029e+01), Accept ratio: 0.47403, 
INFO:root:Epoch  4636, Energy: -1.07549e+02 (-1.07208e+02), Variance: 1.62226e+01 (6.26102e+01), Accept ratio: 0.46809, 
INFO:root:Epoch  4637, Energy: -1.07695e+02 (-1.07340e+02), Variance: 1.45413e+01 (6.33278e+01), Accept ratio: 0.46665, 
INFO:root:Epoch  4638, Energy: -1.07815e+02 (-1.07558e+02), Variance: 1.42618e+01 (4.11300e+01), Accept ratio: 0.46132, 
INFO:root:Epoch  4639, Energy: -1.07596e+02 (-1.07277e+02), Variance: 1.59102e+01 (5.18980e+01), Accept ratio: 0.46380, 
INFO:root:Epoch  4640, Energy: -1.07679e+02 (-1.07459e+02), Variance: 1.44776e+01 (4.90010e+01), Accept ratio: 0.46765, 
INFO:root:Epoch  4641, Energy: -1.07694e+02 (-1.07593e+02), Variance: 1.62385e+01 (2.45344e+01), Accept ratio: 0.46836, 
INFO:root:Epoch  4642, Energy: -1.07772e+02 (-1.07612e+02), Variance: 1.38141e+01 (2.46465e+01), Accept ratio: 0.46944, 
INFO:root:Epoch  4643, Energy: -1.07726e+02 (-1.07617e+02), Variance: 1.28969e+01 (1.98763e+01), Accept ratio: 0.47476, 
INFO:root:Epoch  4644, Energy: -1.07649e+02 (-1.07551e+02), Variance: 1.25126e+01 (2.10818e+01), Accept ratio: 0.47279, 
INFO:root:Epoch  4645, Energy: -1.07688e+02 (-1.07633e+02), Variance: 1.34549e+01 (1.89138e+01), Accept ratio: 0.47317, 
INFO:root:Epoch  4646, Energy: -1.07610e+02 (-1.07559e+02), Variance: 1.17533e+01 (1.46696e+01), Accept ratio: 0.47246, 
INFO:root:Epoch  4647, Energy: -1.07722e+02 (-1.07536e+02), Variance: 1.33851e+01 (2.42006e+01), Accept ratio: 0.47434, 
INFO:root:Epoch  4648, Energy: -1.07800e+02 (-1.07730e+02), Variance: 1.16051e+01 (1.70544e+01), Accept ratio: 0.46393, 
INFO:root:Epoch  4649, Energy: -1.07655e+02 (-1.07564e+02), Variance: 1.19951e+01 (1.87842e+01), Accept ratio: 0.47464, 
INFO:root:Epoch  4650, Energy: -1.07548e+02 (-1.07425e+02), Variance: 1.31158e+01 (2.03768e+01), Accept ratio: 0.47326, 
INFO:root:Epoch  4651, Energy: -1.07555e+02 (-1.07228e+02), Variance: 1.33307e+01 (5.93262e+01), Accept ratio: 0.47365, 
INFO:root:Epoch  4652, Energy: -1.07642e+02 (-1.07532e+02), Variance: 1.18431e+01 (1.98952e+01), Accept ratio: 0.46399, 
INFO:root:Epoch  4653, Energy: -1.07695e+02 (-1.07514e+02), Variance: 1.23236e+01 (3.32262e+01), Accept ratio: 0.46752, 
INFO:root:Epoch  4654, Energy: -1.07625e+02 (-1.07434e+02), Variance: 1.32143e+01 (2.26904e+01), Accept ratio: 0.46951, 
INFO:root:Epoch  4655, Energy: -1.07647e+02 (-1.07509e+02), Variance: 1.29696e+01 (2.09776e+01), Accept ratio: 0.47288, 
INFO:root:Epoch  4656, Energy: -1.07665e+02 (-1.07396e+02), Variance: 1.33636e+01 (3.53140e+01), Accept ratio: 0.46522, 
INFO:root:Epoch  4657, Energy: -1.07648e+02 (-1.07320e+02), Variance: 1.24827e+01 (4.49884e+01), Accept ratio: 0.46543, 
INFO:root:Epoch  4658, Energy: -1.07721e+02 (-1.07568e+02), Variance: 1.08142e+01 (1.83350e+01), Accept ratio: 0.47196, 
INFO:root:Epoch  4659, Energy: -1.07754e+02 (-1.07662e+02), Variance: 9.75451e+00 (1.32966e+01), Accept ratio: 0.46759, 
INFO:root:Epoch  4660, Energy: -1.07681e+02 (-1.07576e+02), Variance: 1.07232e+01 (1.77483e+01), Accept ratio: 0.47080, 
INFO:root:Epoch  4661, Energy: -1.07585e+02 (-1.07468e+02), Variance: 1.14464e+01 (2.21515e+01), Accept ratio: 0.47422, 
INFO:root:Epoch  4662, Energy: -1.07699e+02 (-1.07506e+02), Variance: 1.03210e+01 (2.13320e+01), Accept ratio: 0.47363, 
INFO:root:Epoch  4663, Energy: -1.07737e+02 (-1.07654e+02), Variance: 8.64370e+00 (1.37998e+01), Accept ratio: 0.47086, 
INFO:root:Epoch  4664, Energy: -1.07736e+02 (-1.07684e+02), Variance: 1.13715e+01 (1.61253e+01), Accept ratio: 0.47112, 
INFO:root:Epoch  4665, Energy: -1.07727e+02 (-1.07723e+02), Variance: 1.01949e+01 (1.39946e+01), Accept ratio: 0.47255, 
INFO:root:Epoch  4666, Energy: -1.07656e+02 (-1.07588e+02), Variance: 1.20379e+01 (1.55316e+01), Accept ratio: 0.46793, 
INFO:root:Epoch  4667, Energy: -1.07605e+02 (-1.07461e+02), Variance: 1.14395e+01 (2.24727e+01), Accept ratio: 0.46682, 
INFO:root:Epoch  4668, Energy: -1.07748e+02 (-1.07610e+02), Variance: 1.10267e+01 (1.86262e+01), Accept ratio: 0.47182, 
INFO:root:Epoch  4669, Energy: -1.07567e+02 (-1.07373e+02), Variance: 1.32727e+01 (2.28913e+01), Accept ratio: 0.47175, 
INFO:root:Epoch  4670, Energy: -1.07765e+02 (-1.07664e+02), Variance: 9.93419e+00 (1.45153e+01), Accept ratio: 0.46709, 
INFO:root:Epoch  4671, Energy: -1.07873e+02 (-1.07857e+02), Variance: 9.45500e+00 (1.30667e+01), Accept ratio: 0.46693, 
INFO:root:Epoch  4672, Energy: -1.07777e+02 (-1.07622e+02), Variance: 1.09792e+01 (2.07482e+01), Accept ratio: 0.47093, 
INFO:root:Epoch  4673, Energy: -1.07792e+02 (-1.07620e+02), Variance: 1.05074e+01 (2.37491e+01), Accept ratio: 0.47167, 
INFO:root:Epoch  4674, Energy: -1.07732e+02 (-1.07637e+02), Variance: 1.08318e+01 (1.65286e+01), Accept ratio: 0.47229, 
INFO:root:Epoch  4675, Energy: -1.07801e+02 (-1.07718e+02), Variance: 9.38245e+00 (1.30501e+01), Accept ratio: 0.46665, 
INFO:root:Epoch  4676, Energy: -1.07712e+02 (-1.07584e+02), Variance: 1.05930e+01 (1.68726e+01), Accept ratio: 0.46711, 
INFO:root:Epoch  4677, Energy: -1.07683e+02 (-1.07508e+02), Variance: 8.85472e+00 (2.20802e+01), Accept ratio: 0.47091, 
INFO:root:Epoch  4678, Energy: -1.07709e+02 (-1.07569e+02), Variance: 1.12510e+01 (2.11618e+01), Accept ratio: 0.46551, 
INFO:root:Epoch  4679, Energy: -1.07894e+02 (-1.07540e+02), Variance: 9.67514e+00 (4.71876e+01), Accept ratio: 0.47509, 
INFO:root:Epoch  4680, Energy: -1.07933e+02 (-1.07854e+02), Variance: 1.06744e+01 (4.34097e+01), Accept ratio: 0.46713, 
INFO:root:Epoch  4681, Energy: -1.07825e+02 (-1.07478e+02), Variance: 1.08698e+01 (1.23284e+02), Accept ratio: 0.46650, 
INFO:root:Epoch  4682, Energy: -1.07857e+02 (-1.07692e+02), Variance: 9.11917e+00 (2.19402e+01), Accept ratio: 0.46856, 
INFO:root:Epoch  4683, Energy: -1.07698e+02 (-1.07519e+02), Variance: 9.13274e+00 (1.72341e+01), Accept ratio: 0.47014, 
INFO:root:Epoch  4684, Energy: -1.07751e+02 (-1.07549e+02), Variance: 9.84467e+00 (3.42656e+01), Accept ratio: 0.46560, 
INFO:root:Epoch  4685, Energy: -1.07891e+02 (-1.07484e+02), Variance: 1.04744e+01 (6.48035e+01), Accept ratio: 0.47674, 
INFO:root:Epoch  4686, Energy: -1.07821e+02 (-1.07713e+02), Variance: 8.74471e+00 (2.73216e+01), Accept ratio: 0.46044, 
INFO:root:Epoch  4687, Energy: -1.07916e+02 (-1.07789e+02), Variance: 9.13697e+00 (1.83482e+01), Accept ratio: 0.46796, 
INFO:root:Epoch  4688, Energy: -1.07824e+02 (-1.07874e+02), Variance: 7.92633e+00 (3.03084e+01), Accept ratio: 0.47029, 
INFO:root:Epoch  4689, Energy: -1.07799e+02 (-1.07643e+02), Variance: 8.08031e+00 (3.25365e+01), Accept ratio: 0.47472, 
INFO:root:Epoch  4690, Energy: -1.07611e+02 (-1.07350e+02), Variance: 9.01220e+00 (2.72841e+01), Accept ratio: 0.46333, 
INFO:root:Epoch  4691, Energy: -1.07717e+02 (-1.07596e+02), Variance: 8.72406e+00 (1.36590e+01), Accept ratio: 0.47025, 
INFO:root:Epoch  4692, Energy: -1.07919e+02 (-1.07867e+02), Variance: 8.05975e+00 (1.09545e+01), Accept ratio: 0.46004, 
INFO:root:Epoch  4693, Energy: -1.07973e+02 (-1.07853e+02), Variance: 7.53145e+00 (1.39245e+01), Accept ratio: 0.46605, 
INFO:root:Epoch  4694, Energy: -1.07853e+02 (-1.07731e+02), Variance: 8.42634e+00 (1.74121e+01), Accept ratio: 0.46850, 
INFO:root:Epoch  4695, Energy: -1.07973e+02 (-1.07939e+02), Variance: 6.88507e+00 (9.51027e+00), Accept ratio: 0.46863, 
INFO:root:Epoch  4696, Energy: -1.07931e+02 (-1.07629e+02), Variance: 8.31212e+00 (8.47860e+01), Accept ratio: 0.47007, 
INFO:root:Epoch  4697, Energy: -1.07996e+02 (-1.07939e+02), Variance: 7.73798e+00 (1.10894e+01), Accept ratio: 0.45956, 
INFO:root:Epoch  4698, Energy: -1.07990e+02 (-1.07938e+02), Variance: 7.66368e+00 (1.04918e+01), Accept ratio: 0.46679, 
INFO:root:Epoch  4699, Energy: -1.07923e+02 (-1.07878e+02), Variance: 6.81993e+00 (8.61717e+00), Accept ratio: 0.46656, 
INFO:root:Epoch  4700, Energy: -1.07993e+02 (-1.07997e+02), Variance: 7.32119e+00 (1.24654e+01), Accept ratio: 0.47289, 
INFO:root:Epoch  4701, Energy: -1.07898e+02 (-1.07891e+02), Variance: 7.32119e+00 (1.08398e+01), Accept ratio: 0.47465, 
INFO:root:Epoch  4702, Energy: -1.08005e+02 (-1.07897e+02), Variance: 8.87939e+00 (1.50781e+01), Accept ratio: 0.46642, 
INFO:root:Epoch  4703, Energy: -1.07874e+02 (-1.07640e+02), Variance: 7.66011e+00 (1.95357e+01), Accept ratio: 0.46446, 
INFO:root:Epoch  4704, Energy: -1.07894e+02 (-1.07831e+02), Variance: 6.62956e+00 (9.20009e+00), Accept ratio: 0.46666, 
INFO:root:Epoch  4705, Energy: -1.07924e+02 (-1.07885e+02), Variance: 6.00984e+00 (7.50286e+00), Accept ratio: 0.47154, 
INFO:root:Epoch  4706, Energy: -1.08001e+02 (-1.07915e+02), Variance: 7.15183e+00 (1.14260e+01), Accept ratio: 0.46042, 
INFO:root:Epoch  4707, Energy: -1.07926e+02 (-1.07870e+02), Variance: 6.35543e+00 (8.08464e+00), Accept ratio: 0.46054, 
INFO:root:Epoch  4708, Energy: -1.07803e+02 (-1.07725e+02), Variance: 6.78760e+00 (1.14229e+01), Accept ratio: 0.46121, 
INFO:root:Epoch  4709, Energy: -1.07928e+02 (-1.07923e+02), Variance: 6.25558e+00 (7.69017e+00), Accept ratio: 0.46768, 
INFO:root:Epoch  4710, Energy: -1.07958e+02 (-1.07984e+02), Variance: 6.25583e+00 (8.22397e+00), Accept ratio: 0.45994, 
INFO:root:Epoch  4711, Energy: -1.07904e+02 (-1.07835e+02), Variance: 6.00467e+00 (1.17548e+01), Accept ratio: 0.47177, 
INFO:root:Epoch  4712, Energy: -1.07913e+02 (-1.07882e+02), Variance: 6.76468e+00 (7.62358e+00), Accept ratio: 0.46526, 
INFO:root:Epoch  4713, Energy: -1.08072e+02 (-1.08041e+02), Variance: 6.33410e+00 (8.79699e+00), Accept ratio: 0.47166, 
INFO:root:Epoch  4714, Energy: -1.07948e+02 (-1.07823e+02), Variance: 6.92295e+00 (1.43696e+01), Accept ratio: 0.47391, 
INFO:root:Epoch  4715, Energy: -1.07840e+02 (-1.07705e+02), Variance: 6.93106e+00 (2.19404e+01), Accept ratio: 0.46894, 
INFO:root:Epoch  4716, Energy: -1.07865e+02 (-1.07750e+02), Variance: 6.22086e+00 (1.87940e+01), Accept ratio: 0.47488, 
INFO:root:Epoch  4717, Energy: -1.07923e+02 (-1.07849e+02), Variance: 6.71420e+00 (1.27714e+01), Accept ratio: 0.46603, 
INFO:root:Epoch  4718, Energy: -1.07854e+02 (-1.07733e+02), Variance: 6.92395e+00 (1.49902e+01), Accept ratio: 0.46479, 
INFO:root:Epoch  4719, Energy: -1.07798e+02 (-1.07603e+02), Variance: 7.60145e+00 (3.16353e+01), Accept ratio: 0.46496, 
INFO:root:Epoch  4720, Energy: -1.07892e+02 (-1.07854e+02), Variance: 6.39848e+00 (8.92978e+00), Accept ratio: 0.46409, 
INFO:root:Epoch  4721, Energy: -1.07986e+02 (-1.07786e+02), Variance: 6.89594e+00 (2.28574e+01), Accept ratio: 0.46737, 
INFO:root:Epoch  4722, Energy: -1.07857e+02 (-1.07819e+02), Variance: 7.00985e+00 (1.33170e+01), Accept ratio: 0.45941, 
INFO:root:Epoch  4723, Energy: -1.07864e+02 (-1.07825e+02), Variance: 7.48285e+00 (1.08757e+01), Accept ratio: 0.46594, 
INFO:root:Epoch  4724, Energy: -1.07955e+02 (-1.07922e+02), Variance: 6.39197e+00 (8.50152e+00), Accept ratio: 0.47300, 
INFO:root:Epoch  4725, Energy: -1.07952e+02 (-1.07871e+02), Variance: 7.04541e+00 (1.10265e+01), Accept ratio: 0.46705, 
INFO:root:Epoch  4726, Energy: -1.07979e+02 (-1.07902e+02), Variance: 6.59339e+00 (1.23084e+01), Accept ratio: 0.46405, 
INFO:root:Epoch  4727, Energy: -1.07912e+02 (-1.07767e+02), Variance: 6.77258e+00 (2.04633e+01), Accept ratio: 0.46597, 
INFO:root:Epoch  4728, Energy: -1.08026e+02 (-1.08096e+02), Variance: 5.88031e+00 (1.17736e+01), Accept ratio: 0.46089, 
INFO:root:Epoch  4729, Energy: -1.08060e+02 (-1.08066e+02), Variance: 5.88728e+00 (8.32877e+00), Accept ratio: 0.46983, 
INFO:root:Epoch  4730, Energy: -1.07822e+02 (-1.07770e+02), Variance: 6.29598e+00 (1.50266e+01), Accept ratio: 0.45594, 
INFO:root:Epoch  4731, Energy: -1.07924e+02 (-1.07830e+02), Variance: 6.63636e+00 (1.44925e+01), Accept ratio: 0.46586, 
INFO:root:Epoch  4732, Energy: -1.07876e+02 (-1.07840e+02), Variance: 5.79852e+00 (8.94900e+00), Accept ratio: 0.46470, 
INFO:root:Epoch  4733, Energy: -1.07920e+02 (-1.07862e+02), Variance: 6.07029e+00 (9.90684e+00), Accept ratio: 0.46881, 
INFO:root:Epoch  4734, Energy: -1.07995e+02 (-1.07903e+02), Variance: 6.03262e+00 (1.08824e+01), Accept ratio: 0.46983, 
INFO:root:Epoch  4735, Energy: -1.07905e+02 (-1.07790e+02), Variance: 6.26099e+00 (1.34753e+01), Accept ratio: 0.46800, 
INFO:root:Epoch  4736, Energy: -1.07954e+02 (-1.07863e+02), Variance: 5.96133e+00 (1.32647e+01), Accept ratio: 0.46670, 
INFO:root:Epoch  4737, Energy: -1.07980e+02 (-1.07941e+02), Variance: 6.62263e+00 (9.06322e+00), Accept ratio: 0.46903, 
INFO:root:Epoch  4738, Energy: -1.07990e+02 (-1.07850e+02), Variance: 5.99068e+00 (1.43694e+01), Accept ratio: 0.46724, 
INFO:root:Epoch  4739, Energy: -1.07944e+02 (-1.07850e+02), Variance: 5.26221e+00 (9.33351e+00), Accept ratio: 0.46688, 
INFO:root:Epoch  4740, Energy: -1.08024e+02 (-1.07997e+02), Variance: 5.57293e+00 (1.11307e+01), Accept ratio: 0.47111, 
INFO:root:Epoch  4741, Energy: -1.07950e+02 (-1.07948e+02), Variance: 5.28516e+00 (6.19944e+00), Accept ratio: 0.46776, 
INFO:root:Epoch  4742, Energy: -1.07963e+02 (-1.07932e+02), Variance: 5.89289e+00 (7.05738e+00), Accept ratio: 0.46962, 
INFO:root:Epoch  4743, Energy: -1.07948e+02 (-1.07957e+02), Variance: 5.27508e+00 (7.17777e+00), Accept ratio: 0.46321, 
INFO:root:Epoch  4744, Energy: -1.07900e+02 (-1.07820e+02), Variance: 4.89911e+00 (9.50134e+00), Accept ratio: 0.47079, 
INFO:root:Epoch  4745, Energy: -1.07987e+02 (-1.07951e+02), Variance: 5.03057e+00 (6.53790e+00), Accept ratio: 0.46289, 
INFO:root:Epoch  4746, Energy: -1.07954e+02 (-1.07842e+02), Variance: 6.66407e+00 (2.07797e+01), Accept ratio: 0.46774, 
INFO:root:Epoch  4747, Energy: -1.07962e+02 (-1.07925e+02), Variance: 5.23726e+00 (7.01583e+00), Accept ratio: 0.45611, 
INFO:root:Epoch  4748, Energy: -1.08011e+02 (-1.07957e+02), Variance: 5.71804e+00 (1.00986e+01), Accept ratio: 0.46754, 
INFO:root:Epoch  4749, Energy: -1.08045e+02 (-1.07991e+02), Variance: 5.30244e+00 (7.62237e+00), Accept ratio: 0.46517, 
INFO:root:Epoch  4750, Energy: -1.08026e+02 (-1.08001e+02), Variance: 4.45257e+00 (8.52046e+00), Accept ratio: 0.46503, 
INFO:root:Epoch  4751, Energy: -1.07922e+02 (-1.07723e+02), Variance: 5.21302e+00 (6.02882e+01), Accept ratio: 0.47172, 
INFO:root:Epoch  4752, Energy: -1.07884e+02 (-1.07553e+02), Variance: 6.04474e+00 (6.58121e+01), Accept ratio: 0.46280, 
INFO:root:Epoch  4753, Energy: -1.07887e+02 (-1.07855e+02), Variance: 5.16433e+00 (6.08674e+00), Accept ratio: 0.46424, 
INFO:root:Epoch  4754, Energy: -1.07900e+02 (-1.07804e+02), Variance: 4.91847e+00 (1.34626e+01), Accept ratio: 0.46866, 
INFO:root:Epoch  4755, Energy: -1.08002e+02 (-1.07969e+02), Variance: 5.19693e+00 (6.93326e+00), Accept ratio: 0.46468, 
INFO:root:Epoch  4756, Energy: -1.08121e+02 (-1.08200e+02), Variance: 4.68196e+00 (1.09643e+01), Accept ratio: 0.46698, 
INFO:root:Epoch  4757, Energy: -1.08072e+02 (-1.07950e+02), Variance: 4.62285e+00 (1.13291e+01), Accept ratio: 0.46567, 
INFO:root:Epoch  4758, Energy: -1.08054e+02 (-1.08024e+02), Variance: 4.76615e+00 (6.67366e+00), Accept ratio: 0.46820, 
INFO:root:Epoch  4759, Energy: -1.07993e+02 (-1.07944e+02), Variance: 4.47056e+00 (6.11506e+00), Accept ratio: 0.46508, 
INFO:root:Epoch  4760, Energy: -1.08018e+02 (-1.07970e+02), Variance: 4.82048e+00 (7.77394e+00), Accept ratio: 0.46599, 
INFO:root:Epoch  4761, Energy: -1.08116e+02 (-1.08034e+02), Variance: 4.74972e+00 (8.01084e+00), Accept ratio: 0.46565, 
INFO:root:Epoch  4762, Energy: -1.08002e+02 (-1.07800e+02), Variance: 5.16754e+00 (3.39313e+01), Accept ratio: 0.46909, 
INFO:root:Epoch  4763, Energy: -1.08084e+02 (-1.07981e+02), Variance: 3.97242e+00 (9.34558e+00), Accept ratio: 0.46218, 
INFO:root:Epoch  4764, Energy: -1.08109e+02 (-1.08395e+02), Variance: 4.94631e+00 (1.01679e+02), Accept ratio: 0.46569, 
INFO:root:Epoch  4765, Energy: -1.07906e+02 (-1.07743e+02), Variance: 5.40068e+00 (2.70614e+01), Accept ratio: 0.46755, 
INFO:root:Epoch  4766, Energy: -1.07943e+02 (-1.07855e+02), Variance: 5.41572e+00 (1.76519e+01), Accept ratio: 0.46723, 
INFO:root:Epoch  4767, Energy: -1.07970e+02 (-1.07926e+02), Variance: 4.66994e+00 (6.11566e+00), Accept ratio: 0.46056, 
INFO:root:Epoch  4768, Energy: -1.07984e+02 (-1.07942e+02), Variance: 5.74880e+00 (8.31244e+00), Accept ratio: 0.46942, 
INFO:root:Epoch  4769, Energy: -1.07955e+02 (-1.07993e+02), Variance: 5.21183e+00 (8.52889e+00), Accept ratio: 0.46512, 
INFO:root:Epoch  4770, Energy: -1.08082e+02 (-1.08064e+02), Variance: 4.43047e+00 (5.31813e+00), Accept ratio: 0.46829, 
INFO:root:Epoch  4771, Energy: -1.08169e+02 (-1.08095e+02), Variance: 6.15789e+00 (1.05530e+01), Accept ratio: 0.46479, 
INFO:root:Epoch  4772, Energy: -1.08025e+02 (-1.08034e+02), Variance: 4.80127e+00 (6.49223e+00), Accept ratio: 0.46041, 
INFO:root:Epoch  4773, Energy: -1.07998e+02 (-1.08289e+02), Variance: 4.67565e+00 (1.05527e+02), Accept ratio: 0.46276, 
INFO:root:Epoch  4774, Energy: -1.08139e+02 (-1.08144e+02), Variance: 4.12211e+00 (4.88230e+00), Accept ratio: 0.45887, 
INFO:root:Epoch  4775, Energy: -1.08121e+02 (-1.08125e+02), Variance: 3.68920e+00 (3.88716e+00), Accept ratio: 0.46755, 
INFO:root:Epoch  4776, Energy: -1.08056e+02 (-1.07933e+02), Variance: 4.41898e+00 (9.64777e+00), Accept ratio: 0.46750, 
INFO:root:Epoch  4777, Energy: -1.08100e+02 (-1.08083e+02), Variance: 4.01447e+00 (5.03900e+00), Accept ratio: 0.46075, 
INFO:root:Epoch  4778, Energy: -1.08008e+02 (-1.07997e+02), Variance: 4.51242e+00 (5.60141e+00), Accept ratio: 0.46812, 
INFO:root:Epoch  4779, Energy: -1.08140e+02 (-1.07993e+02), Variance: 4.25223e+00 (1.35980e+01), Accept ratio: 0.46779, 
INFO:root:Epoch  4780, Energy: -1.08070e+02 (-1.07990e+02), Variance: 3.86595e+00 (9.96508e+00), Accept ratio: 0.46141, 
INFO:root:Epoch  4781, Energy: -1.08117e+02 (-1.08094e+02), Variance: 3.66279e+00 (4.64037e+00), Accept ratio: 0.46475, 
INFO:root:Epoch  4782, Energy: -1.08213e+02 (-1.08170e+02), Variance: 3.97206e+00 (7.98869e+00), Accept ratio: 0.46381, 
INFO:root:Epoch  4783, Energy: -1.08123e+02 (-1.08080e+02), Variance: 4.32266e+00 (6.53834e+00), Accept ratio: 0.46967, 
INFO:root:Epoch  4784, Energy: -1.08049e+02 (-1.07974e+02), Variance: 4.20697e+00 (1.00658e+01), Accept ratio: 0.46798, 
INFO:root:Epoch  4785, Energy: -1.08078e+02 (-1.08051e+02), Variance: 3.64675e+00 (4.35590e+00), Accept ratio: 0.46507, 
INFO:root:Epoch  4786, Energy: -1.07994e+02 (-1.07910e+02), Variance: 4.36106e+00 (1.16679e+01), Accept ratio: 0.46543, 
INFO:root:Epoch  4787, Energy: -1.07936e+02 (-1.07889e+02), Variance: 3.94574e+00 (5.60377e+00), Accept ratio: 0.47102, 
INFO:root:Epoch  4788, Energy: -1.07937e+02 (-1.07827e+02), Variance: 4.46705e+00 (1.05026e+01), Accept ratio: 0.47148, 
INFO:root:Epoch  4789, Energy: -1.08023e+02 (-1.08041e+02), Variance: 4.36133e+00 (8.14860e+00), Accept ratio: 0.46750, 
INFO:root:Epoch  4790, Energy: -1.08062e+02 (-1.08047e+02), Variance: 4.04719e+00 (5.37560e+00), Accept ratio: 0.46126, 
INFO:root:Epoch  4791, Energy: -1.08117e+02 (-1.08086e+02), Variance: 4.08238e+00 (5.33432e+00), Accept ratio: 0.46601, 
INFO:root:Epoch  4792, Energy: -1.08135e+02 (-1.08157e+02), Variance: 4.03610e+00 (6.04128e+00), Accept ratio: 0.46635, 
INFO:root:Epoch  4793, Energy: -1.08131e+02 (-1.08082e+02), Variance: 4.14532e+00 (7.04565e+00), Accept ratio: 0.46998, 
INFO:root:Epoch  4794, Energy: -1.08188e+02 (-1.08037e+02), Variance: 3.78662e+00 (2.17270e+01), Accept ratio: 0.46195, 
INFO:root:Epoch  4795, Energy: -1.08063e+02 (-1.08056e+02), Variance: 3.75677e+00 (4.37157e+00), Accept ratio: 0.46895, 
INFO:root:Epoch  4796, Energy: -1.08135e+02 (-1.08133e+02), Variance: 3.19247e+00 (4.65944e+00), Accept ratio: 0.46707, 
INFO:root:Epoch  4797, Energy: -1.08082e+02 (-1.08046e+02), Variance: 3.56290e+00 (5.49543e+00), Accept ratio: 0.46907, 
INFO:root:Epoch  4798, Energy: -1.08074e+02 (-1.08075e+02), Variance: 3.24664e+00 (4.15862e+00), Accept ratio: 0.46232, 
INFO:root:Epoch  4799, Energy: -1.08058e+02 (-1.08036e+02), Variance: 3.48391e+00 (5.66839e+00), Accept ratio: 0.47067, 
INFO:root:Epoch  4800, Energy: -1.08080e+02 (-1.08062e+02), Variance: 3.53195e+00 (4.17764e+00), Accept ratio: 0.46938, 
INFO:root:Epoch  4801, Energy: -1.08164e+02 (-1.08177e+02), Variance: 3.61405e+00 (6.44077e+00), Accept ratio: 0.46902, 
INFO:root:Epoch  4802, Energy: -1.08159e+02 (-1.08109e+02), Variance: 3.78169e+00 (5.38272e+00), Accept ratio: 0.47084, 
INFO:root:Epoch  4803, Energy: -1.08175e+02 (-1.08140e+02), Variance: 3.59214e+00 (5.71240e+00), Accept ratio: 0.47195, 
INFO:root:Epoch  4804, Energy: -1.08241e+02 (-1.08366e+02), Variance: 4.00048e+00 (4.41878e+01), Accept ratio: 0.46351, 
INFO:root:Epoch  4805, Energy: -1.08169e+02 (-1.08059e+02), Variance: 3.69891e+00 (1.45581e+01), Accept ratio: 0.46878, 
INFO:root:Epoch  4806, Energy: -1.08085e+02 (-1.08022e+02), Variance: 3.66153e+00 (7.28752e+00), Accept ratio: 0.46728, 
INFO:root:Epoch  4807, Energy: -1.08186e+02 (-1.08154e+02), Variance: 3.51991e+00 (4.67535e+00), Accept ratio: 0.47087, 
INFO:root:Epoch  4808, Energy: -1.08204e+02 (-1.08158e+02), Variance: 3.78016e+00 (5.23208e+00), Accept ratio: 0.45973, 
INFO:root:Epoch  4809, Energy: -1.08190e+02 (-1.08151e+02), Variance: 4.07439e+00 (5.95107e+00), Accept ratio: 0.46930, 
INFO:root:Epoch  4810, Energy: -1.08219e+02 (-1.08213e+02), Variance: 3.47249e+00 (5.26635e+00), Accept ratio: 0.45928, 
INFO:root:Epoch  4811, Energy: -1.08158e+02 (-1.08046e+02), Variance: 3.94319e+00 (9.80527e+00), Accept ratio: 0.46740, 
INFO:root:Epoch  4812, Energy: -1.08236e+02 (-1.08207e+02), Variance: 3.70100e+00 (5.23537e+00), Accept ratio: 0.46442, 
INFO:root:Epoch  4813, Energy: -1.08331e+02 (-1.08307e+02), Variance: 3.58753e+00 (4.89110e+00), Accept ratio: 0.46182, 
INFO:root:Epoch  4814, Energy: -1.08325e+02 (-1.08348e+02), Variance: 3.40561e+00 (4.94916e+00), Accept ratio: 0.46746, 
INFO:root:Epoch  4815, Energy: -1.08291e+02 (-1.08298e+02), Variance: 3.26833e+00 (4.06006e+00), Accept ratio: 0.46340, 
INFO:root:Epoch  4816, Energy: -1.08272e+02 (-1.08289e+02), Variance: 3.25047e+00 (5.18222e+00), Accept ratio: 0.46287, 
INFO:root:Epoch  4817, Energy: -1.08317e+02 (-1.08312e+02), Variance: 3.22369e+00 (4.23275e+00), Accept ratio: 0.46752, 
INFO:root:Epoch  4818, Energy: -1.08229e+02 (-1.08184e+02), Variance: 3.45271e+00 (5.14200e+00), Accept ratio: 0.46892, 
INFO:root:Epoch  4819, Energy: -1.08281e+02 (-1.08244e+02), Variance: 3.71349e+00 (4.90813e+00), Accept ratio: 0.46206, 
INFO:root:Epoch  4820, Energy: -1.08305e+02 (-1.08298e+02), Variance: 3.39692e+00 (4.24522e+00), Accept ratio: 0.46304, 
INFO:root:Epoch  4821, Energy: -1.08275e+02 (-1.08254e+02), Variance: 3.11070e+00 (3.57545e+00), Accept ratio: 0.46080, 
INFO:root:Epoch  4822, Energy: -1.08264e+02 (-1.08259e+02), Variance: 3.28741e+00 (4.17878e+00), Accept ratio: 0.46175, 
INFO:root:Epoch  4823, Energy: -1.08259e+02 (-1.08270e+02), Variance: 3.34348e+00 (3.81476e+00), Accept ratio: 0.46585, 
INFO:root:Epoch  4824, Energy: -1.08222e+02 (-1.08199e+02), Variance: 3.31804e+00 (3.78889e+00), Accept ratio: 0.45753, 
INFO:root:Epoch  4825, Energy: -1.08221e+02 (-1.08204e+02), Variance: 3.15873e+00 (3.81495e+00), Accept ratio: 0.46672, 
INFO:root:Epoch  4826, Energy: -1.08153e+02 (-1.08147e+02), Variance: 3.45701e+00 (4.54028e+00), Accept ratio: 0.46627, 
INFO:root:Epoch  4827, Energy: -1.08241e+02 (-1.08200e+02), Variance: 3.00535e+00 (4.37665e+00), Accept ratio: 0.46795, 
INFO:root:Epoch  4828, Energy: -1.08255e+02 (-1.08239e+02), Variance: 3.53063e+00 (6.44015e+00), Accept ratio: 0.47569, 
INFO:root:Epoch  4829, Energy: -1.08201e+02 (-1.08204e+02), Variance: 3.07943e+00 (4.54590e+00), Accept ratio: 0.46455, 
INFO:root:Epoch  4830, Energy: -1.08254e+02 (-1.08244e+02), Variance: 2.90934e+00 (3.72130e+00), Accept ratio: 0.45929, 
INFO:root:Epoch  4831, Energy: -1.08300e+02 (-1.08319e+02), Variance: 3.24089e+00 (3.78474e+00), Accept ratio: 0.46763, 
INFO:root:Epoch  4832, Energy: -1.08346e+02 (-1.08370e+02), Variance: 3.30797e+00 (4.59274e+00), Accept ratio: 0.47224, 
INFO:root:Epoch  4833, Energy: -1.08238e+02 (-1.08248e+02), Variance: 2.98661e+00 (4.34538e+00), Accept ratio: 0.46402, 
INFO:root:Epoch  4834, Energy: -1.08312e+02 (-1.08319e+02), Variance: 3.05013e+00 (3.32436e+00), Accept ratio: 0.47174, 
INFO:root:Epoch  4835, Energy: -1.08317e+02 (-1.08332e+02), Variance: 2.95071e+00 (4.56079e+00), Accept ratio: 0.46583, 
INFO:root:Epoch  4836, Energy: -1.08259e+02 (-1.08245e+02), Variance: 3.39730e+00 (4.54225e+00), Accept ratio: 0.46282, 
INFO:root:Epoch  4837, Energy: -1.08262e+02 (-1.08368e+02), Variance: 2.83653e+00 (1.56111e+01), Accept ratio: 0.46071, 
INFO:root:Epoch  4838, Energy: -1.08248e+02 (-1.08172e+02), Variance: 3.16292e+00 (6.39165e+00), Accept ratio: 0.46477, 
INFO:root:Epoch  4839, Energy: -1.08288e+02 (-1.08303e+02), Variance: 2.49729e+00 (2.80348e+00), Accept ratio: 0.47471, 
INFO:root:Epoch  4840, Energy: -1.08277e+02 (-1.08275e+02), Variance: 2.83140e+00 (4.56847e+00), Accept ratio: 0.46857, 
INFO:root:Epoch  4841, Energy: -1.08312e+02 (-1.08276e+02), Variance: 3.19523e+00 (4.41633e+00), Accept ratio: 0.46330, 
INFO:root:Epoch  4842, Energy: -1.08268e+02 (-1.08271e+02), Variance: 3.14117e+00 (3.77441e+00), Accept ratio: 0.46938, 
INFO:root:Epoch  4843, Energy: -1.08297e+02 (-1.08192e+02), Variance: 3.24996e+00 (1.16097e+01), Accept ratio: 0.46837, 
INFO:root:Epoch  4844, Energy: -1.08305e+02 (-1.08272e+02), Variance: 2.80782e+00 (3.93823e+00), Accept ratio: 0.46572, 
INFO:root:Epoch  4845, Energy: -1.08265e+02 (-1.08247e+02), Variance: 2.74509e+00 (3.30367e+00), Accept ratio: 0.47001, 
INFO:root:Epoch  4846, Energy: -1.08246e+02 (-1.08261e+02), Variance: 2.77837e+00 (6.88370e+00), Accept ratio: 0.47081, 
INFO:root:Epoch  4847, Energy: -1.08242e+02 (-1.08248e+02), Variance: 2.65924e+00 (4.03481e+00), Accept ratio: 0.46924, 
INFO:root:Epoch  4848, Energy: -1.08272e+02 (-1.08286e+02), Variance: 2.79405e+00 (3.39982e+00), Accept ratio: 0.46684, 
INFO:root:Epoch  4849, Energy: -1.08320e+02 (-1.08304e+02), Variance: 2.71915e+00 (3.91568e+00), Accept ratio: 0.46610, 
INFO:root:Epoch  4850, Energy: -1.08205e+02 (-1.08210e+02), Variance: 2.91612e+00 (7.18226e+00), Accept ratio: 0.46389, 
INFO:root:Epoch  4851, Energy: -1.08249e+02 (-1.08250e+02), Variance: 2.86740e+00 (3.52613e+00), Accept ratio: 0.47084, 
INFO:root:Epoch  4852, Energy: -1.08256e+02 (-1.08740e+02), Variance: 2.97777e+00 (2.45787e+02), Accept ratio: 0.46987, 
INFO:root:Epoch  4853, Energy: -1.08334e+02 (-1.08346e+02), Variance: 2.51110e+00 (3.59302e+00), Accept ratio: 0.47744, 
INFO:root:Epoch  4854, Energy: -1.08314e+02 (-1.08301e+02), Variance: 2.38407e+00 (2.77038e+00), Accept ratio: 0.47135, 
INFO:root:Epoch  4855, Energy: -1.08226e+02 (-1.08155e+02), Variance: 2.81934e+00 (5.55005e+00), Accept ratio: 0.46313, 
INFO:root:Epoch  4856, Energy: -1.08130e+02 (-1.08072e+02), Variance: 2.80123e+00 (4.37919e+00), Accept ratio: 0.45785, 
INFO:root:Epoch  4857, Energy: -1.08307e+02 (-1.08282e+02), Variance: 2.80593e+00 (6.10597e+00), Accept ratio: 0.46920, 
INFO:root:Epoch  4858, Energy: -1.08348e+02 (-1.08351e+02), Variance: 2.40629e+00 (2.67897e+00), Accept ratio: 0.46369, 
INFO:root:Epoch  4859, Energy: -1.08354e+02 (-1.08347e+02), Variance: 2.91520e+00 (3.53230e+00), Accept ratio: 0.46939, 
INFO:root:Epoch  4860, Energy: -1.08270e+02 (-1.08286e+02), Variance: 2.68059e+00 (4.36265e+00), Accept ratio: 0.46690, 
INFO:root:Epoch  4861, Energy: -1.08302e+02 (-1.08282e+02), Variance: 2.34009e+00 (2.78560e+00), Accept ratio: 0.46631, 
INFO:root:Epoch  4862, Energy: -1.08276e+02 (-1.08277e+02), Variance: 2.78944e+00 (3.61557e+00), Accept ratio: 0.46849, 
INFO:root:Epoch  4863, Energy: -1.08285e+02 (-1.08249e+02), Variance: 2.64031e+00 (4.14178e+00), Accept ratio: 0.46500, 
INFO:root:Epoch  4864, Energy: -1.08390e+02 (-1.08412e+02), Variance: 2.78130e+00 (3.57599e+00), Accept ratio: 0.46292, 
INFO:root:Epoch  4865, Energy: -1.08289e+02 (-1.08274e+02), Variance: 2.61079e+00 (3.31286e+00), Accept ratio: 0.47110, 
INFO:root:Epoch  4866, Energy: -1.08276e+02 (-1.08265e+02), Variance: 2.86634e+00 (3.99771e+00), Accept ratio: 0.47046, 
INFO:root:Epoch  4867, Energy: -1.08273e+02 (-1.08250e+02), Variance: 2.72182e+00 (3.25369e+00), Accept ratio: 0.47150, 
INFO:root:Epoch  4868, Energy: -1.08261e+02 (-1.08521e+02), Variance: 2.67586e+00 (9.02890e+01), Accept ratio: 0.46410, 
INFO:root:Epoch  4869, Energy: -1.08314e+02 (-1.08308e+02), Variance: 2.75209e+00 (3.33987e+00), Accept ratio: 0.46296, 
INFO:root:Epoch  4870, Energy: -1.08324e+02 (-1.08334e+02), Variance: 2.68622e+00 (4.12911e+00), Accept ratio: 0.46075, 
INFO:root:Epoch  4871, Energy: -1.08394e+02 (-1.08351e+02), Variance: 2.73608e+00 (4.11754e+00), Accept ratio: 0.46542, 
INFO:root:Epoch  4872, Energy: -1.08450e+02 (-1.08475e+02), Variance: 2.66624e+00 (4.04182e+00), Accept ratio: 0.47010, 
INFO:root:Epoch  4873, Energy: -1.08381e+02 (-1.08351e+02), Variance: 2.49749e+00 (3.16891e+00), Accept ratio: 0.47054, 
INFO:root:Epoch  4874, Energy: -1.08391e+02 (-1.08386e+02), Variance: 2.75145e+00 (4.01745e+00), Accept ratio: 0.46572, 
INFO:root:Epoch  4875, Energy: -1.08341e+02 (-1.08339e+02), Variance: 2.80293e+00 (3.36385e+00), Accept ratio: 0.46079, 
INFO:root:Epoch  4876, Energy: -1.08324e+02 (-1.08313e+02), Variance: 2.25883e+00 (2.52078e+00), Accept ratio: 0.45409, 
INFO:root:Epoch  4877, Energy: -1.08354e+02 (-1.08362e+02), Variance: 2.44278e+00 (2.69781e+00), Accept ratio: 0.47303, 
INFO:root:Epoch  4878, Energy: -1.08330e+02 (-1.08223e+02), Variance: 2.66264e+00 (1.14221e+01), Accept ratio: 0.46921, 
INFO:root:Epoch  4879, Energy: -1.08334e+02 (-1.08311e+02), Variance: 2.73110e+00 (3.19490e+00), Accept ratio: 0.46222, 
INFO:root:Epoch  4880, Energy: -1.08350e+02 (-1.08380e+02), Variance: 2.36565e+00 (3.93390e+00), Accept ratio: 0.46929, 
INFO:root:Epoch  4881, Energy: -1.08323e+02 (-1.08280e+02), Variance: 2.48339e+00 (3.70285e+00), Accept ratio: 0.46453, 
INFO:root:Epoch  4882, Energy: -1.08398e+02 (-1.08449e+02), Variance: 2.19330e+00 (5.30956e+00), Accept ratio: 0.46233, 
INFO:root:Epoch  4883, Energy: -1.08348e+02 (-1.08299e+02), Variance: 2.24953e+00 (9.79434e+00), Accept ratio: 0.46886, 
INFO:root:Epoch  4884, Energy: -1.08380e+02 (-1.08396e+02), Variance: 2.31345e+00 (2.63616e+00), Accept ratio: 0.46313, 
INFO:root:Epoch  4885, Energy: -1.08283e+02 (-1.08238e+02), Variance: 2.49897e+00 (5.73220e+00), Accept ratio: 0.46737, 
INFO:root:Epoch  4886, Energy: -1.08331e+02 (-1.08284e+02), Variance: 2.24171e+00 (4.05282e+00), Accept ratio: 0.46561, 
INFO:root:Epoch  4887, Energy: -1.08346e+02 (-1.08339e+02), Variance: 2.63923e+00 (3.29973e+00), Accept ratio: 0.46760, 
INFO:root:Epoch  4888, Energy: -1.08281e+02 (-1.08300e+02), Variance: 2.37728e+00 (3.49172e+00), Accept ratio: 0.47365, 
INFO:root:Epoch  4889, Energy: -1.08309e+02 (-1.08321e+02), Variance: 2.63057e+00 (3.90296e+00), Accept ratio: 0.46829, 
INFO:root:Epoch  4890, Energy: -1.08337e+02 (-1.08373e+02), Variance: 2.45055e+00 (3.43228e+00), Accept ratio: 0.46282, 
INFO:root:Epoch  4891, Energy: -1.08414e+02 (-1.08416e+02), Variance: 2.32388e+00 (2.61031e+00), Accept ratio: 0.46339, 
INFO:root:Epoch  4892, Energy: -1.08345e+02 (-1.08317e+02), Variance: 2.32503e+00 (3.29091e+00), Accept ratio: 0.46885, 
INFO:root:Epoch  4893, Energy: -1.08302e+02 (-1.08258e+02), Variance: 2.26512e+00 (3.82031e+00), Accept ratio: 0.46453, 
INFO:root:Epoch  4894, Energy: -1.08304e+02 (-1.08310e+02), Variance: 2.35724e+00 (2.66858e+00), Accept ratio: 0.46023, 
INFO:root:Epoch  4895, Energy: -1.08308e+02 (-1.08294e+02), Variance: 2.38061e+00 (3.05403e+00), Accept ratio: 0.45927, 
INFO:root:Epoch  4896, Energy: -1.08329e+02 (-1.08327e+02), Variance: 2.22445e+00 (2.54419e+00), Accept ratio: 0.46359, 
INFO:root:Epoch  4897, Energy: -1.08296e+02 (-1.08346e+02), Variance: 2.83620e+00 (1.17327e+01), Accept ratio: 0.45746, 
INFO:root:Epoch  4898, Energy: -1.08352e+02 (-1.08336e+02), Variance: 2.35462e+00 (2.78323e+00), Accept ratio: 0.46338, 
INFO:root:Epoch  4899, Energy: -1.08359e+02 (-1.08311e+02), Variance: 2.18470e+00 (3.42035e+00), Accept ratio: 0.46554, 
INFO:root:Epoch  4900, Energy: -1.08372e+02 (-1.08363e+02), Variance: 2.43834e+00 (3.81914e+00), Accept ratio: 0.46626, 
INFO:root:Epoch  4901, Energy: -1.08390e+02 (-1.08376e+02), Variance: 2.47307e+00 (3.39502e+00), Accept ratio: 0.46795, 
INFO:root:Epoch  4902, Energy: -1.08357e+02 (-1.08326e+02), Variance: 2.45675e+00 (3.59306e+00), Accept ratio: 0.46549, 
INFO:root:Epoch  4903, Energy: -1.08358e+02 (-1.08269e+02), Variance: 2.19068e+00 (6.08069e+00), Accept ratio: 0.46377, 
INFO:root:Epoch  4904, Energy: -1.08315e+02 (-1.08252e+02), Variance: 2.18159e+00 (4.41258e+00), Accept ratio: 0.46406, 
INFO:root:Epoch  4905, Energy: -1.08390e+02 (-1.08408e+02), Variance: 2.25743e+00 (3.38997e+00), Accept ratio: 0.46558, 
INFO:root:Epoch  4906, Energy: -1.08336e+02 (-1.08339e+02), Variance: 2.27511e+00 (3.82705e+00), Accept ratio: 0.46666, 
INFO:root:Epoch  4907, Energy: -1.08319e+02 (-1.08180e+02), Variance: 2.55301e+00 (2.55343e+01), Accept ratio: 0.46834, 
INFO:root:Epoch  4908, Energy: -1.08357e+02 (-1.08375e+02), Variance: 2.25159e+00 (3.79244e+00), Accept ratio: 0.46915, 
INFO:root:Epoch  4909, Energy: -1.08366e+02 (-1.08369e+02), Variance: 2.32869e+00 (3.47185e+00), Accept ratio: 0.47246, 
INFO:root:Epoch  4910, Energy: -1.08424e+02 (-1.08429e+02), Variance: 2.32408e+00 (2.68706e+00), Accept ratio: 0.46992, 
INFO:root:Epoch  4911, Energy: -1.08376e+02 (-1.08360e+02), Variance: 2.12894e+00 (2.95622e+00), Accept ratio: 0.46506, 
INFO:root:Epoch  4912, Energy: -1.08431e+02 (-1.08429e+02), Variance: 1.97459e+00 (2.06285e+00), Accept ratio: 0.46424, 
INFO:root:Epoch  4913, Energy: -1.08406e+02 (-1.08386e+02), Variance: 2.21854e+00 (3.23936e+00), Accept ratio: 0.46554, 
INFO:root:Epoch  4914, Energy: -1.08364e+02 (-1.08388e+02), Variance: 2.25437e+00 (4.13308e+00), Accept ratio: 0.46235, 
INFO:root:Epoch  4915, Energy: -1.08374e+02 (-1.08364e+02), Variance: 2.06665e+00 (2.40843e+00), Accept ratio: 0.46815, 
INFO:root:Epoch  4916, Energy: -1.08383e+02 (-1.08367e+02), Variance: 2.19683e+00 (3.23853e+00), Accept ratio: 0.47249, 
INFO:root:Epoch  4917, Energy: -1.08375e+02 (-1.08400e+02), Variance: 2.35091e+00 (6.90949e+00), Accept ratio: 0.46555, 
INFO:root:Epoch  4918, Energy: -1.08355e+02 (-1.08340e+02), Variance: 2.18434e+00 (2.48604e+00), Accept ratio: 0.46074, 
INFO:root:Epoch  4919, Energy: -1.08309e+02 (-1.08280e+02), Variance: 2.37455e+00 (3.35855e+00), Accept ratio: 0.46821, 
INFO:root:Epoch  4920, Energy: -1.08333e+02 (-1.08328e+02), Variance: 2.24120e+00 (2.33588e+00), Accept ratio: 0.46704, 
INFO:root:Epoch  4921, Energy: -1.08302e+02 (-1.08287e+02), Variance: 2.27259e+00 (3.19608e+00), Accept ratio: 0.46240, 
INFO:root:Epoch  4922, Energy: -1.08349e+02 (-1.08311e+02), Variance: 2.18661e+00 (3.15986e+00), Accept ratio: 0.46725, 
INFO:root:Epoch  4923, Energy: -1.08354e+02 (-1.08344e+02), Variance: 2.18508e+00 (2.58041e+00), Accept ratio: 0.46125, 
INFO:root:Epoch  4924, Energy: -1.08349e+02 (-1.08173e+02), Variance: 2.34701e+00 (3.74629e+01), Accept ratio: 0.46386, 
INFO:root:Epoch  4925, Energy: -1.08327e+02 (-1.08325e+02), Variance: 1.91412e+00 (2.64875e+00), Accept ratio: 0.46165, 
INFO:root:Epoch  4926, Energy: -1.08291e+02 (-1.08311e+02), Variance: 1.78645e+00 (2.86505e+00), Accept ratio: 0.46808, 
INFO:root:Epoch  4927, Energy: -1.08320e+02 (-1.08326e+02), Variance: 2.12618e+00 (2.51757e+00), Accept ratio: 0.46999, 
INFO:root:Epoch  4928, Energy: -1.08369e+02 (-1.08390e+02), Variance: 2.15349e+00 (3.87618e+00), Accept ratio: 0.46666, 
INFO:root:Epoch  4929, Energy: -1.08281e+02 (-1.08273e+02), Variance: 1.99368e+00 (2.39814e+00), Accept ratio: 0.45973, 
INFO:root:Epoch  4930, Energy: -1.08283e+02 (-1.08252e+02), Variance: 2.14794e+00 (3.13365e+00), Accept ratio: 0.47013, 
INFO:root:Epoch  4931, Energy: -1.08311e+02 (-1.08249e+02), Variance: 2.11989e+00 (6.46317e+00), Accept ratio: 0.46024, 
INFO:root:Epoch  4932, Energy: -1.08333e+02 (-1.08323e+02), Variance: 1.88378e+00 (2.10567e+00), Accept ratio: 0.46869, 
INFO:root:Epoch  4933, Energy: -1.08248e+02 (-1.08172e+02), Variance: 2.42288e+00 (5.35954e+00), Accept ratio: 0.46652, 
INFO:root:Epoch  4934, Energy: -1.08323e+02 (-1.08321e+02), Variance: 2.46241e+00 (4.81119e+00), Accept ratio: 0.46169, 
INFO:root:Epoch  4935, Energy: -1.08337e+02 (-1.08390e+02), Variance: 2.25063e+00 (8.31332e+00), Accept ratio: 0.47083, 
INFO:root:Epoch  4936, Energy: -1.08322e+02 (-1.08385e+02), Variance: 2.02931e+00 (7.00259e+00), Accept ratio: 0.46273, 
INFO:root:Epoch  4937, Energy: -1.08335e+02 (-1.08300e+02), Variance: 1.93466e+00 (4.30679e+00), Accept ratio: 0.46412, 
INFO:root:Epoch  4938, Energy: -1.08307e+02 (-1.08279e+02), Variance: 1.92705e+00 (4.07726e+00), Accept ratio: 0.46640, 
INFO:root:Epoch  4939, Energy: -1.08306e+02 (-1.08276e+02), Variance: 2.00768e+00 (3.01901e+00), Accept ratio: 0.46749, 
INFO:root:Epoch  4940, Energy: -1.08295e+02 (-1.08278e+02), Variance: 2.04593e+00 (2.70715e+00), Accept ratio: 0.46845, 
INFO:root:Epoch  4941, Energy: -1.08337e+02 (-1.08332e+02), Variance: 2.00576e+00 (2.19378e+00), Accept ratio: 0.46551, 
INFO:root:Epoch  4942, Energy: -1.08375e+02 (-1.08366e+02), Variance: 2.03726e+00 (2.40924e+00), Accept ratio: 0.46357, 
INFO:root:Epoch  4943, Energy: -1.08345e+02 (-1.08341e+02), Variance: 2.14835e+00 (2.73326e+00), Accept ratio: 0.46401, 
INFO:root:Epoch  4944, Energy: -1.08376e+02 (-1.08357e+02), Variance: 1.99385e+00 (2.65290e+00), Accept ratio: 0.46452, 
INFO:root:Epoch  4945, Energy: -1.08383e+02 (-1.08381e+02), Variance: 1.94816e+00 (2.20571e+00), Accept ratio: 0.46778, 
INFO:root:Epoch  4946, Energy: -1.08382e+02 (-1.08383e+02), Variance: 1.85008e+00 (2.47575e+00), Accept ratio: 0.46292, 
INFO:root:Epoch  4947, Energy: -1.08405e+02 (-1.08411e+02), Variance: 1.88921e+00 (2.20930e+00), Accept ratio: 0.46661, 
INFO:root:Epoch  4948, Energy: -1.08360e+02 (-1.08354e+02), Variance: 1.96364e+00 (2.38585e+00), Accept ratio: 0.46875, 
INFO:root:Epoch  4949, Energy: -1.08379e+02 (-1.08357e+02), Variance: 2.15719e+00 (4.22659e+00), Accept ratio: 0.46880, 
INFO:root:Epoch  4950, Energy: -1.08409e+02 (-1.08395e+02), Variance: 2.02732e+00 (2.47992e+00), Accept ratio: 0.47111, 
INFO:root:Epoch  4951, Energy: -1.08481e+02 (-1.08485e+02), Variance: 2.06002e+00 (2.22818e+00), Accept ratio: 0.46588, 
INFO:root:Epoch  4952, Energy: -1.08474e+02 (-1.08547e+02), Variance: 2.08964e+00 (9.74980e+00), Accept ratio: 0.47051, 
INFO:root:Epoch  4953, Energy: -1.08461e+02 (-1.08454e+02), Variance: 1.98074e+00 (2.97267e+00), Accept ratio: 0.46274, 
INFO:root:Epoch  4954, Energy: -1.08388e+02 (-1.08351e+02), Variance: 1.87007e+00 (2.76818e+00), Accept ratio: 0.46906, 
INFO:root:Epoch  4955, Energy: -1.08395e+02 (-1.08391e+02), Variance: 1.84981e+00 (2.26596e+00), Accept ratio: 0.47150, 
INFO:root:Epoch  4956, Energy: -1.08391e+02 (-1.08348e+02), Variance: 1.94301e+00 (3.48057e+00), Accept ratio: 0.46801, 
INFO:root:Epoch  4957, Energy: -1.08363e+02 (-1.08348e+02), Variance: 1.87250e+00 (2.18609e+00), Accept ratio: 0.46983, 
INFO:root:Epoch  4958, Energy: -1.08350e+02 (-1.08341e+02), Variance: 1.73468e+00 (1.88880e+00), Accept ratio: 0.46642, 
INFO:root:Epoch  4959, Energy: -1.08342e+02 (-1.08400e+02), Variance: 1.95053e+00 (5.45900e+00), Accept ratio: 0.46273, 
INFO:root:Epoch  4960, Energy: -1.08383e+02 (-1.08329e+02), Variance: 1.65550e+00 (5.37859e+00), Accept ratio: 0.46178, 
INFO:root:Epoch  4961, Energy: -1.08403e+02 (-1.08399e+02), Variance: 2.13306e+00 (2.70293e+00), Accept ratio: 0.46806, 
INFO:root:Epoch  4962, Energy: -1.08449e+02 (-1.08447e+02), Variance: 1.89442e+00 (2.66586e+00), Accept ratio: 0.46027, 
INFO:root:Epoch  4963, Energy: -1.08361e+02 (-1.08353e+02), Variance: 1.91828e+00 (2.65956e+00), Accept ratio: 0.46411, 
INFO:root:Epoch  4964, Energy: -1.08399e+02 (-1.08374e+02), Variance: 1.84940e+00 (2.40336e+00), Accept ratio: 0.46282, 
INFO:root:Epoch  4965, Energy: -1.08356e+02 (-1.08258e+02), Variance: 2.16007e+00 (7.10446e+00), Accept ratio: 0.47229, 
INFO:root:Epoch  4966, Energy: -1.08455e+02 (-1.08452e+02), Variance: 1.88459e+00 (2.28879e+00), Accept ratio: 0.47112, 
INFO:root:Epoch  4967, Energy: -1.08452e+02 (-1.08448e+02), Variance: 2.14193e+00 (2.72341e+00), Accept ratio: 0.46621, 
INFO:root:Epoch  4968, Energy: -1.08448e+02 (-1.08433e+02), Variance: 1.94388e+00 (3.16959e+00), Accept ratio: 0.47021, 
INFO:root:Epoch  4969, Energy: -1.08444e+02 (-1.08436e+02), Variance: 1.80728e+00 (3.28504e+00), Accept ratio: 0.46894, 
INFO:root:Epoch  4970, Energy: -1.08431e+02 (-1.08442e+02), Variance: 1.76470e+00 (2.01824e+00), Accept ratio: 0.46738, 
INFO:root:Epoch  4971, Energy: -1.08430e+02 (-1.08425e+02), Variance: 1.96038e+00 (2.79919e+00), Accept ratio: 0.46911, 
INFO:root:Epoch  4972, Energy: -1.08403e+02 (-1.08379e+02), Variance: 1.89764e+00 (2.90561e+00), Accept ratio: 0.46821, 
INFO:root:Epoch  4973, Energy: -1.08462e+02 (-1.08432e+02), Variance: 2.03264e+00 (6.80412e+00), Accept ratio: 0.46840, 
INFO:root:Epoch  4974, Energy: -1.08456e+02 (-1.08434e+02), Variance: 1.84076e+00 (2.45638e+00), Accept ratio: 0.47235, 
INFO:root:Epoch  4975, Energy: -1.08472e+02 (-1.08458e+02), Variance: 1.80016e+00 (2.12499e+00), Accept ratio: 0.46011, 
INFO:root:Epoch  4976, Energy: -1.08387e+02 (-1.08395e+02), Variance: 2.00950e+00 (2.27024e+00), Accept ratio: 0.47041, 
INFO:root:Epoch  4977, Energy: -1.08426e+02 (-1.08438e+02), Variance: 1.94305e+00 (2.42920e+00), Accept ratio: 0.46748, 
INFO:root:Epoch  4978, Energy: -1.08373e+02 (-1.08385e+02), Variance: 1.85949e+00 (3.71550e+00), Accept ratio: 0.46136, 
INFO:root:Epoch  4979, Energy: -1.08439e+02 (-1.08436e+02), Variance: 1.71676e+00 (1.78581e+00), Accept ratio: 0.46762, 
INFO:root:Epoch  4980, Energy: -1.08421e+02 (-1.08317e+02), Variance: 2.13278e+00 (1.50668e+01), Accept ratio: 0.46686, 
INFO:root:Epoch  4981, Energy: -1.08442e+02 (-1.08445e+02), Variance: 2.02309e+00 (2.87840e+00), Accept ratio: 0.47037, 
INFO:root:Epoch  4982, Energy: -1.08435e+02 (-1.08417e+02), Variance: 1.87408e+00 (2.46178e+00), Accept ratio: 0.46997, 
INFO:root:Epoch  4983, Energy: -1.08393e+02 (-1.08390e+02), Variance: 1.88095e+00 (2.30881e+00), Accept ratio: 0.46776, 
INFO:root:Epoch  4984, Energy: -1.08374e+02 (-1.08374e+02), Variance: 1.89699e+00 (2.06851e+00), Accept ratio: 0.47225, 
INFO:root:Epoch  4985, Energy: -1.08416e+02 (-1.08401e+02), Variance: 1.75545e+00 (2.38985e+00), Accept ratio: 0.46715, 
INFO:root:Epoch  4986, Energy: -1.08434e+02 (-1.08434e+02), Variance: 1.69704e+00 (2.09230e+00), Accept ratio: 0.46060, 
INFO:root:Epoch  4987, Energy: -1.08394e+02 (-1.08382e+02), Variance: 2.09062e+00 (3.58062e+00), Accept ratio: 0.46722, 
INFO:root:Epoch  4988, Energy: -1.08405e+02 (-1.08375e+02), Variance: 1.75476e+00 (2.55966e+00), Accept ratio: 0.46822, 
INFO:root:Epoch  4989, Energy: -1.08466e+02 (-1.08464e+02), Variance: 1.74044e+00 (1.89113e+00), Accept ratio: 0.46279, 
INFO:root:Epoch  4990, Energy: -1.08483e+02 (-1.08488e+02), Variance: 2.05579e+00 (2.41233e+00), Accept ratio: 0.46999, 
INFO:root:Epoch  4991, Energy: -1.08431e+02 (-1.08428e+02), Variance: 1.62411e+00 (2.19416e+00), Accept ratio: 0.46562, 
INFO:root:Epoch  4992, Energy: -1.08485e+02 (-1.08481e+02), Variance: 1.91396e+00 (2.51282e+00), Accept ratio: 0.46934, 
INFO:root:Epoch  4993, Energy: -1.08451e+02 (-1.08450e+02), Variance: 1.78908e+00 (2.16919e+00), Accept ratio: 0.46843, 
INFO:root:Epoch  4994, Energy: -1.08442e+02 (-1.08457e+02), Variance: 1.81426e+00 (2.87787e+00), Accept ratio: 0.47017, 
INFO:root:Epoch  4995, Energy: -1.08389e+02 (-1.08370e+02), Variance: 1.90601e+00 (2.29493e+00), Accept ratio: 0.46804, 
INFO:root:Epoch  4996, Energy: -1.08402e+02 (-1.08401e+02), Variance: 1.91599e+00 (2.30569e+00), Accept ratio: 0.46147, 
INFO:root:Epoch  4997, Energy: -1.08436e+02 (-1.08445e+02), Variance: 1.75004e+00 (2.03180e+00), Accept ratio: 0.47369, 
INFO:root:Epoch  4998, Energy: -1.08480e+02 (-1.08472e+02), Variance: 1.82000e+00 (2.20644e+00), Accept ratio: 0.47322, 
INFO:root:Epoch  4999, Energy: -1.08464e+02 (-1.08448e+02), Variance: 1.87554e+00 (2.45891e+00), Accept ratio: 0.46329, 
INFO:root:Epoch  5000, Energy: -1.08459e+02 (-1.08431e+02), Variance: 1.74430e+00 (2.69915e+00), Accept ratio: 0.46340, 
INFO:root:Epoch  5001, Energy: -1.08510e+02 (-1.08506e+02), Variance: 1.54356e+00 (1.63773e+00), Accept ratio: 0.47345, 
INFO:root:Epoch  5002, Energy: -1.08487e+02 (-1.08496e+02), Variance: 1.75685e+00 (1.97761e+00), Accept ratio: 0.47015, 
INFO:root:Epoch  5003, Energy: -1.08491e+02 (-1.08459e+02), Variance: 1.98386e+00 (3.12920e+00), Accept ratio: 0.46374, 
INFO:root:Epoch  5004, Energy: -1.08444e+02 (-1.08422e+02), Variance: 1.79879e+00 (2.58089e+00), Accept ratio: 0.46665, 
INFO:root:Epoch  5005, Energy: -1.08479e+02 (-1.08468e+02), Variance: 1.99232e+00 (2.37285e+00), Accept ratio: 0.46777, 
INFO:root:Epoch  5006, Energy: -1.08489e+02 (-1.08506e+02), Variance: 1.99671e+00 (2.27556e+00), Accept ratio: 0.46417, 
INFO:root:Epoch  5007, Energy: -1.08517e+02 (-1.08562e+02), Variance: 1.65629e+00 (3.07609e+00), Accept ratio: 0.46881, 
INFO:root:Epoch  5008, Energy: -1.08440e+02 (-1.08423e+02), Variance: 1.90558e+00 (2.54367e+00), Accept ratio: 0.46728, 
INFO:root:Epoch  5009, Energy: -1.08512e+02 (-1.08517e+02), Variance: 1.43376e+00 (1.69089e+00), Accept ratio: 0.46455, 
INFO:root:Epoch  5010, Energy: -1.08445e+02 (-1.08430e+02), Variance: 1.70829e+00 (2.27458e+00), Accept ratio: 0.46941, 
INFO:root:Epoch  5011, Energy: -1.08460e+02 (-1.08452e+02), Variance: 1.63470e+00 (2.12604e+00), Accept ratio: 0.47041, 
INFO:root:Epoch  5012, Energy: -1.08432e+02 (-1.08439e+02), Variance: 1.79894e+00 (2.09834e+00), Accept ratio: 0.46898, 
INFO:root:Epoch  5013, Energy: -1.08442e+02 (-1.08451e+02), Variance: 1.71212e+00 (2.90699e+00), Accept ratio: 0.46964, 
INFO:root:Epoch  5014, Energy: -1.08445e+02 (-1.08447e+02), Variance: 1.88879e+00 (2.33493e+00), Accept ratio: 0.46850, 
INFO:root:Epoch  5015, Energy: -1.08428e+02 (-1.08416e+02), Variance: 1.63968e+00 (2.91167e+00), Accept ratio: 0.46840, 
INFO:root:Epoch  5016, Energy: -1.08442e+02 (-1.08388e+02), Variance: 1.84897e+00 (3.66019e+00), Accept ratio: 0.46732, 
INFO:root:Epoch  5017, Energy: -1.08381e+02 (-1.08391e+02), Variance: 1.58267e+00 (2.13311e+00), Accept ratio: 0.46401, 
INFO:root:Epoch  5018, Energy: -1.08468e+02 (-1.08449e+02), Variance: 1.64312e+00 (2.53293e+00), Accept ratio: 0.46387, 
INFO:root:Epoch  5019, Energy: -1.08449e+02 (-1.08425e+02), Variance: 1.97442e+00 (3.31502e+00), Accept ratio: 0.46615, 
INFO:root:Epoch  5020, Energy: -1.08437e+02 (-1.08429e+02), Variance: 1.72815e+00 (1.97358e+00), Accept ratio: 0.46556, 
INFO:root:Epoch  5021, Energy: -1.08384e+02 (-1.08324e+02), Variance: 1.75435e+00 (5.93043e+00), Accept ratio: 0.46295, 
INFO:root:Epoch  5022, Energy: -1.08476e+02 (-1.08397e+02), Variance: 1.83003e+00 (8.56899e+00), Accept ratio: 0.46849, 
INFO:root:Epoch  5023, Energy: -1.08430e+02 (-1.08432e+02), Variance: 1.77782e+00 (2.27982e+00), Accept ratio: 0.47059, 
INFO:root:Epoch  5024, Energy: -1.08453e+02 (-1.08476e+02), Variance: 1.79356e+00 (2.43951e+00), Accept ratio: 0.46106, 
INFO:root:Epoch  5025, Energy: -1.08429e+02 (-1.08422e+02), Variance: 1.69178e+00 (1.90468e+00), Accept ratio: 0.46457, 
INFO:root:Epoch  5026, Energy: -1.08446e+02 (-1.08443e+02), Variance: 1.78851e+00 (1.84874e+00), Accept ratio: 0.46186, 
INFO:root:Epoch  5027, Energy: -1.08446e+02 (-1.08416e+02), Variance: 1.87274e+00 (2.51216e+00), Accept ratio: 0.47057, 
INFO:root:Epoch  5028, Energy: -1.08504e+02 (-1.08521e+02), Variance: 1.78569e+00 (2.86499e+00), Accept ratio: 0.47186, 
INFO:root:Epoch  5029, Energy: -1.08474e+02 (-1.08460e+02), Variance: 1.72661e+00 (2.29095e+00), Accept ratio: 0.46293, 
INFO:root:Epoch  5030, Energy: -1.08403e+02 (-1.08381e+02), Variance: 1.77367e+00 (3.05772e+00), Accept ratio: 0.46324, 
INFO:root:Epoch  5031, Energy: -1.08440e+02 (-1.08449e+02), Variance: 1.66224e+00 (2.26056e+00), Accept ratio: 0.46846, 
INFO:root:Epoch  5032, Energy: -1.08440e+02 (-1.08448e+02), Variance: 1.69707e+00 (2.03671e+00), Accept ratio: 0.46119, 
INFO:root:Epoch  5033, Energy: -1.08418e+02 (-1.08428e+02), Variance: 1.62453e+00 (2.65526e+00), Accept ratio: 0.47095, 
INFO:root:Epoch  5034, Energy: -1.08542e+02 (-1.08551e+02), Variance: 1.54355e+00 (1.81853e+00), Accept ratio: 0.47067, 
INFO:root:Epoch  5035, Energy: -1.08468e+02 (-1.08463e+02), Variance: 1.50681e+00 (1.63894e+00), Accept ratio: 0.47405, 
INFO:root:Epoch  5036, Energy: -1.08489e+02 (-1.08456e+02), Variance: 1.64094e+00 (2.52394e+00), Accept ratio: 0.47338, 
INFO:root:Epoch  5037, Energy: -1.08507e+02 (-1.08505e+02), Variance: 1.43850e+00 (1.45461e+00), Accept ratio: 0.46945, 
INFO:root:Epoch  5038, Energy: -1.08531e+02 (-1.08525e+02), Variance: 1.53637e+00 (1.68807e+00), Accept ratio: 0.46996, 
INFO:root:Epoch  5039, Energy: -1.08572e+02 (-1.08581e+02), Variance: 1.56760e+00 (1.98526e+00), Accept ratio: 0.46156, 
INFO:root:Epoch  5040, Energy: -1.08534e+02 (-1.08528e+02), Variance: 1.40392e+00 (1.57114e+00), Accept ratio: 0.47727, 
INFO:root:Epoch  5041, Energy: -1.08493e+02 (-1.08486e+02), Variance: 1.49945e+00 (1.68875e+00), Accept ratio: 0.47427, 
INFO:root:Epoch  5042, Energy: -1.08540e+02 (-1.08554e+02), Variance: 1.60046e+00 (2.26089e+00), Accept ratio: 0.46868, 
INFO:root:Epoch  5043, Energy: -1.08570e+02 (-1.08556e+02), Variance: 1.65240e+00 (2.26315e+00), Accept ratio: 0.47335, 
INFO:root:Epoch  5044, Energy: -1.08611e+02 (-1.08614e+02), Variance: 1.71328e+00 (2.54853e+00), Accept ratio: 0.46194, 
INFO:root:Epoch  5045, Energy: -1.08602e+02 (-1.08622e+02), Variance: 1.49327e+00 (1.93412e+00), Accept ratio: 0.46760, 
INFO:root:Epoch  5046, Energy: -1.08562e+02 (-1.08565e+02), Variance: 1.78099e+00 (2.69159e+00), Accept ratio: 0.46903, 
INFO:root:Epoch  5047, Energy: -1.08539e+02 (-1.08520e+02), Variance: 1.69066e+00 (2.05982e+00), Accept ratio: 0.47308, 
INFO:root:Epoch  5048, Energy: -1.08572e+02 (-1.08541e+02), Variance: 1.50947e+00 (3.87975e+00), Accept ratio: 0.46775, 
INFO:root:Epoch  5049, Energy: -1.08536e+02 (-1.08565e+02), Variance: 1.74330e+00 (2.72281e+00), Accept ratio: 0.46204, 
INFO:root:Epoch  5050, Energy: -1.08567e+02 (-1.08557e+02), Variance: 1.73716e+00 (1.96204e+00), Accept ratio: 0.46375, 
INFO:root:Epoch  5051, Energy: -1.08590e+02 (-1.08595e+02), Variance: 1.49351e+00 (1.72726e+00), Accept ratio: 0.47099, 
INFO:root:Epoch  5052, Energy: -1.08615e+02 (-1.08613e+02), Variance: 1.65556e+00 (1.81601e+00), Accept ratio: 0.47118, 
INFO:root:Epoch  5053, Energy: -1.08566e+02 (-1.08562e+02), Variance: 1.62602e+00 (1.88852e+00), Accept ratio: 0.47796, 
INFO:root:Epoch  5054, Energy: -1.08592e+02 (-1.08655e+02), Variance: 1.66080e+00 (1.17167e+01), Accept ratio: 0.46775, 
INFO:root:Epoch  5055, Energy: -1.08599e+02 (-1.08596e+02), Variance: 1.76937e+00 (2.05786e+00), Accept ratio: 0.46373, 
INFO:root:Epoch  5056, Energy: -1.08593e+02 (-1.08581e+02), Variance: 1.71265e+00 (1.94553e+00), Accept ratio: 0.46614, 
INFO:root:Epoch  5057, Energy: -1.08522e+02 (-1.08511e+02), Variance: 1.71556e+00 (2.30175e+00), Accept ratio: 0.47736, 
INFO:root:Epoch  5058, Energy: -1.08561e+02 (-1.08567e+02), Variance: 1.51499e+00 (1.76789e+00), Accept ratio: 0.45807, 
INFO:root:Epoch  5059, Energy: -1.08574e+02 (-1.08577e+02), Variance: 1.89839e+00 (2.15899e+00), Accept ratio: 0.46935, 
INFO:root:Epoch  5060, Energy: -1.08566e+02 (-1.08565e+02), Variance: 1.65402e+00 (1.90420e+00), Accept ratio: 0.47273, 
INFO:root:Epoch  5061, Energy: -1.08541e+02 (-1.08517e+02), Variance: 1.77941e+00 (2.72116e+00), Accept ratio: 0.46634, 
INFO:root:Epoch  5062, Energy: -1.08576e+02 (-1.08555e+02), Variance: 1.81099e+00 (2.85248e+00), Accept ratio: 0.47510, 
INFO:root:Epoch  5063, Energy: -1.08530e+02 (-1.08531e+02), Variance: 1.83154e+00 (3.34767e+00), Accept ratio: 0.47136, 
INFO:root:Epoch  5064, Energy: -1.08539e+02 (-1.08556e+02), Variance: 1.73317e+00 (2.14441e+00), Accept ratio: 0.46834, 
INFO:root:Epoch  5065, Energy: -1.08586e+02 (-1.08621e+02), Variance: 1.84267e+00 (3.17812e+00), Accept ratio: 0.46887, 
INFO:root:Epoch  5066, Energy: -1.08565e+02 (-1.08572e+02), Variance: 1.65985e+00 (2.11753e+00), Accept ratio: 0.47490, 
INFO:root:Epoch  5067, Energy: -1.08571e+02 (-1.08623e+02), Variance: 1.85258e+00 (4.54899e+00), Accept ratio: 0.46087, 
INFO:root:Epoch  5068, Energy: -1.08530e+02 (-1.08493e+02), Variance: 1.60572e+00 (2.87935e+00), Accept ratio: 0.46513, 
INFO:root:Epoch  5069, Energy: -1.08544e+02 (-1.08561e+02), Variance: 1.72867e+00 (2.21716e+00), Accept ratio: 0.46345, 
INFO:root:Epoch  5070, Energy: -1.08612e+02 (-1.08629e+02), Variance: 1.79822e+00 (3.49267e+00), Accept ratio: 0.46910, 
INFO:root:Epoch  5071, Energy: -1.08555e+02 (-1.08539e+02), Variance: 1.57824e+00 (2.09610e+00), Accept ratio: 0.47044, 
INFO:root:Epoch  5072, Energy: -1.08587e+02 (-1.08605e+02), Variance: 1.99245e+00 (3.01676e+00), Accept ratio: 0.46921, 
INFO:root:Epoch  5073, Energy: -1.08538e+02 (-1.08533e+02), Variance: 1.61808e+00 (2.49744e+00), Accept ratio: 0.46907, 
INFO:root:Epoch  5074, Energy: -1.08582e+02 (-1.08588e+02), Variance: 1.91724e+00 (2.75088e+00), Accept ratio: 0.46594, 
INFO:root:Epoch  5075, Energy: -1.08625e+02 (-1.08623e+02), Variance: 1.76161e+00 (3.26607e+00), Accept ratio: 0.46617, 
INFO:root:Epoch  5076, Energy: -1.08604e+02 (-1.08623e+02), Variance: 2.11289e+00 (4.99244e+00), Accept ratio: 0.46849, 
INFO:root:Epoch  5077, Energy: -1.08589e+02 (-1.08612e+02), Variance: 2.00791e+00 (2.78043e+00), Accept ratio: 0.46463, 
INFO:root:Epoch  5078, Energy: -1.08614e+02 (-1.08634e+02), Variance: 1.90451e+00 (3.00582e+00), Accept ratio: 0.46551, 
INFO:root:Epoch  5079, Energy: -1.08605e+02 (-1.08610e+02), Variance: 2.03118e+00 (3.81718e+00), Accept ratio: 0.47122, 
INFO:root:Epoch  5080, Energy: -1.08535e+02 (-1.08533e+02), Variance: 1.82054e+00 (2.66156e+00), Accept ratio: 0.46259, 
INFO:root:Epoch  5081, Energy: -1.08516e+02 (-1.08518e+02), Variance: 2.01221e+00 (2.96845e+00), Accept ratio: 0.46830, 
INFO:root:Epoch  5082, Energy: -1.08598e+02 (-1.08601e+02), Variance: 2.09237e+00 (3.36831e+00), Accept ratio: 0.46743, 
INFO:root:Epoch  5083, Energy: -1.08563e+02 (-1.08557e+02), Variance: 2.21843e+00 (3.32692e+00), Accept ratio: 0.47248, 
INFO:root:Epoch  5084, Energy: -1.08590e+02 (-1.08555e+02), Variance: 1.96930e+00 (3.07662e+00), Accept ratio: 0.47126, 
INFO:root:Epoch  5085, Energy: -1.08597e+02 (-1.08542e+02), Variance: 2.51847e+00 (7.42272e+00), Accept ratio: 0.46859, 
INFO:root:Epoch  5086, Energy: -1.08560e+02 (-1.08552e+02), Variance: 2.36552e+00 (6.42016e+00), Accept ratio: 0.47208, 
INFO:root:Epoch  5087, Energy: -1.08590e+02 (-1.08577e+02), Variance: 2.81841e+00 (7.30818e+00), Accept ratio: 0.46781, 
INFO:root:Epoch  5088, Energy: -1.08544e+02 (-1.08489e+02), Variance: 3.00082e+00 (7.99653e+00), Accept ratio: 0.47318, 
INFO:root:Epoch  5089, Energy: -1.08563e+02 (-1.08636e+02), Variance: 3.06953e+00 (9.41906e+00), Accept ratio: 0.47112, 
INFO:root:Epoch  5090, Energy: -1.08547e+02 (-1.08612e+02), Variance: 4.46646e+00 (1.78534e+01), Accept ratio: 0.47521, 
INFO:root:Epoch  5091, Energy: -1.08394e+02 (-1.08431e+02), Variance: 4.14847e+00 (1.08934e+01), Accept ratio: 0.47584, 
INFO:root:Epoch  5092, Energy: -1.08403e+02 (-1.08514e+02), Variance: 5.39926e+00 (2.39246e+01), Accept ratio: 0.47002, 
INFO:root:Epoch  5093, Energy: -1.08091e+02 (-1.07993e+02), Variance: 8.03654e+00 (2.19810e+01), Accept ratio: 0.46671, 
INFO:root:Epoch  5094, Energy: -1.07839e+02 (-1.07596e+02), Variance: 1.11522e+01 (3.38019e+01), Accept ratio: 0.47361, 
INFO:root:Epoch  5095, Energy: -1.06396e+02 (-1.06132e+02), Variance: 3.76381e+01 (1.19185e+02), Accept ratio: 0.47443, 
INFO:root:Epoch  5096, Energy: -1.04524e+02 (-1.03739e+02), Variance: 6.15497e+01 (2.54639e+02), Accept ratio: 0.46310, 
INFO:root:Epoch  5097, Energy: -1.02593e+02 (-1.02245e+02), Variance: 1.42015e+02 (3.08949e+02), Accept ratio: 0.48025, 
INFO:root:Epoch  5098, Energy: -1.03638e+02 (-1.03943e+02), Variance: 2.75807e+02 (5.89401e+02), Accept ratio: 0.47911, 
INFO:root:Epoch  5099, Energy: -1.01824e+02 (-1.01051e+02), Variance: 6.96380e+02 (1.09939e+03), Accept ratio: 0.46434, 
INFO:root:Epoch  5100, Energy: -1.03467e+02 (-1.03704e+02), Variance: 2.27570e+02 (3.07109e+02), Accept ratio: 0.48140, 
INFO:root:Epoch  5101, Energy: -1.00569e+02 (-1.00432e+02), Variance: 1.94360e+02 (2.56433e+02), Accept ratio: 0.48501, 
INFO:root:Epoch  5102, Energy: -1.01120e+02 (-1.01508e+02), Variance: 2.07539e+02 (7.79910e+02), Accept ratio: 0.49830, 
INFO:root:Epoch  5103, Energy: -9.77917e+01 (-9.75877e+01), Variance: 2.95714e+02 (3.76855e+02), Accept ratio: 0.47978, 
INFO:root:Epoch  5104, Energy: -9.84647e+01 (-9.82746e+01), Variance: 2.11239e+02 (3.06095e+02), Accept ratio: 0.48012, 
INFO:root:Epoch  5105, Energy: -1.00165e+02 (-9.98156e+01), Variance: 1.98094e+02 (3.25747e+02), Accept ratio: 0.49286, 
INFO:root:Epoch  5106, Energy: -1.01620e+02 (-1.01565e+02), Variance: 1.48016e+02 (3.42992e+02), Accept ratio: 0.49761, 
INFO:root:Epoch  5107, Energy: -1.01631e+02 (-1.01422e+02), Variance: 1.54018e+02 (2.45235e+02), Accept ratio: 0.49989, 
INFO:root:Epoch  5108, Energy: -1.02224e+02 (-1.02371e+02), Variance: 1.45824e+02 (2.40950e+02), Accept ratio: 0.49652, 
INFO:root:Epoch  5109, Energy: -1.02782e+02 (-1.02871e+02), Variance: 1.54244e+02 (2.10359e+02), Accept ratio: 0.49323, 
INFO:root:Epoch  5110, Energy: -1.00213e+02 (-1.00111e+02), Variance: 2.48423e+02 (3.97074e+02), Accept ratio: 0.49084, 
INFO:root:Epoch  5111, Energy: -9.83069e+01 (-9.82481e+01), Variance: 2.52538e+02 (3.19958e+02), Accept ratio: 0.48304, 
INFO:root:Epoch  5112, Energy: -1.01420e+02 (-1.01614e+02), Variance: 1.69393e+02 (2.48245e+02), Accept ratio: 0.49357, 
INFO:root:Epoch  5113, Energy: -1.02073e+02 (-1.01958e+02), Variance: 1.35785e+02 (1.70815e+02), Accept ratio: 0.50255, 
INFO:root:Epoch  5114, Energy: -1.01299e+02 (-1.01362e+02), Variance: 1.64543e+02 (2.16280e+02), Accept ratio: 0.49234, 
INFO:root:Epoch  5115, Energy: -1.03103e+02 (-1.03032e+02), Variance: 1.25832e+02 (1.68620e+02), Accept ratio: 0.50559, 
INFO:root:Epoch  5116, Energy: -1.03134e+02 (-1.02848e+02), Variance: 1.34388e+02 (4.60635e+02), Accept ratio: 0.49920, 
INFO:root:Epoch  5117, Energy: -1.02806e+02 (-1.02973e+02), Variance: 1.03330e+02 (1.27143e+02), Accept ratio: 0.50466, 
INFO:root:Epoch  5118, Energy: -1.02381e+02 (-1.02373e+02), Variance: 1.10893e+02 (2.25699e+02), Accept ratio: 0.50056, 
INFO:root:Epoch  5119, Energy: -1.02768e+02 (-1.02881e+02), Variance: 1.10212e+02 (1.51678e+02), Accept ratio: 0.49961, 
INFO:root:Epoch  5120, Energy: -1.02978e+02 (-1.03192e+02), Variance: 1.10108e+02 (1.50713e+02), Accept ratio: 0.49710, 
INFO:root:Epoch  5121, Energy: -1.03414e+02 (-1.03867e+02), Variance: 1.03430e+02 (2.68381e+02), Accept ratio: 0.49877, 
INFO:root:Epoch  5122, Energy: -1.02943e+02 (-1.03149e+02), Variance: 8.72250e+01 (1.39576e+02), Accept ratio: 0.49759, 
INFO:root:Epoch  5123, Energy: -1.03815e+02 (-1.03793e+02), Variance: 1.28974e+02 (2.22626e+02), Accept ratio: 0.50114, 
INFO:root:Epoch  5124, Energy: -1.04095e+02 (-1.04180e+02), Variance: 1.12534e+02 (1.43590e+02), Accept ratio: 0.49913, 
INFO:root:Epoch  5125, Energy: -1.03750e+02 (-1.03863e+02), Variance: 1.08577e+02 (1.43191e+02), Accept ratio: 0.49747, 
INFO:root:Epoch  5126, Energy: -1.03454e+02 (-1.03384e+02), Variance: 1.10322e+02 (1.35320e+02), Accept ratio: 0.48875, 
INFO:root:Epoch  5127, Energy: -1.03591e+02 (-1.03623e+02), Variance: 1.16383e+02 (1.80696e+02), Accept ratio: 0.48740, 
INFO:root:Epoch  5128, Energy: -1.04123e+02 (-1.04319e+02), Variance: 1.08756e+02 (1.72116e+02), Accept ratio: 0.49035, 
INFO:root:Epoch  5129, Energy: -1.03436e+02 (-1.03333e+02), Variance: 9.34097e+01 (1.21398e+02), Accept ratio: 0.48720, 
INFO:root:Epoch  5130, Energy: -1.03501e+02 (-1.03461e+02), Variance: 1.03919e+02 (1.35479e+02), Accept ratio: 0.49654, 
INFO:root:Epoch  5131, Energy: -1.04133e+02 (-1.04432e+02), Variance: 1.35592e+02 (2.01698e+02), Accept ratio: 0.49224, 
INFO:root:Epoch  5132, Energy: -1.04065e+02 (-1.03932e+02), Variance: 1.07996e+02 (2.15611e+02), Accept ratio: 0.49000, 
INFO:root:Epoch  5133, Energy: -1.03819e+02 (-1.03723e+02), Variance: 1.10654e+02 (1.56738e+02), Accept ratio: 0.48803, 
INFO:root:Epoch  5134, Energy: -1.04049e+02 (-1.04132e+02), Variance: 1.08683e+02 (1.30033e+02), Accept ratio: 0.49031, 
INFO:root:Epoch  5135, Energy: -1.04265e+02 (-1.04283e+02), Variance: 1.07676e+02 (1.40971e+02), Accept ratio: 0.48754, 
INFO:root:Epoch  5136, Energy: -1.03920e+02 (-1.04101e+02), Variance: 9.57242e+01 (1.23401e+02), Accept ratio: 0.48740, 
INFO:root:Epoch  5137, Energy: -1.04356e+02 (-1.04751e+02), Variance: 1.10164e+02 (2.50559e+02), Accept ratio: 0.48611, 
INFO:root:Epoch  5138, Energy: -1.03940e+02 (-1.03806e+02), Variance: 1.18073e+02 (2.45717e+02), Accept ratio: 0.49092, 
INFO:root:Epoch  5139, Energy: -1.03929e+02 (-1.04302e+02), Variance: 1.15201e+02 (2.03034e+02), Accept ratio: 0.48545, 
INFO:root:Epoch  5140, Energy: -1.03609e+02 (-1.04251e+02), Variance: 1.18105e+02 (4.86068e+02), Accept ratio: 0.48925, 
INFO:root:Epoch  5141, Energy: -1.03405e+02 (-1.03411e+02), Variance: 1.06611e+02 (1.87561e+02), Accept ratio: 0.49255, 
INFO:root:Epoch  5142, Energy: -1.03713e+02 (-1.03766e+02), Variance: 1.06116e+02 (1.49734e+02), Accept ratio: 0.48773, 
INFO:root:Epoch  5143, Energy: -1.03379e+02 (-1.03538e+02), Variance: 1.10604e+02 (1.47091e+02), Accept ratio: 0.48688, 
INFO:root:Epoch  5144, Energy: -1.03283e+02 (-1.03200e+02), Variance: 1.06576e+02 (1.72770e+02), Accept ratio: 0.49528, 
INFO:root:Epoch  5145, Energy: -1.03770e+02 (-1.03704e+02), Variance: 1.01963e+02 (1.67104e+02), Accept ratio: 0.48635, 
INFO:root:Epoch  5146, Energy: -1.03272e+02 (-1.03078e+02), Variance: 1.09089e+02 (1.73794e+02), Accept ratio: 0.49039, 
INFO:root:Epoch  5147, Energy: -1.03846e+02 (-1.03938e+02), Variance: 1.16746e+02 (2.05907e+02), Accept ratio: 0.48961, 
INFO:root:Epoch  5148, Energy: -1.03590e+02 (-1.03210e+02), Variance: 1.09328e+02 (3.70648e+02), Accept ratio: 0.48325, 
INFO:root:Epoch  5149, Energy: -1.03888e+02 (-1.03933e+02), Variance: 1.16509e+02 (2.44916e+02), Accept ratio: 0.48777, 
INFO:root:Epoch  5150, Energy: -1.03635e+02 (-1.03625e+02), Variance: 9.74834e+01 (1.30128e+02), Accept ratio: 0.48843, 
INFO:root:Epoch  5151, Energy: -1.03807e+02 (-1.03653e+02), Variance: 1.14170e+02 (1.58141e+02), Accept ratio: 0.49129, 
INFO:root:Epoch  5152, Energy: -1.03497e+02 (-1.03524e+02), Variance: 9.78184e+01 (1.18145e+02), Accept ratio: 0.49026, 
INFO:root:Epoch  5153, Energy: -1.03443e+02 (-1.03549e+02), Variance: 9.43350e+01 (1.94956e+02), Accept ratio: 0.49000, 
INFO:root:Epoch  5154, Energy: -1.03880e+02 (-1.03729e+02), Variance: 1.08566e+02 (2.33701e+02), Accept ratio: 0.49184, 
INFO:root:Epoch  5155, Energy: -1.04308e+02 (-1.04418e+02), Variance: 1.08232e+02 (1.31164e+02), Accept ratio: 0.49160, 
INFO:root:Epoch  5156, Energy: -1.04286e+02 (-1.04426e+02), Variance: 1.32458e+02 (3.47973e+02), Accept ratio: 0.48809, 
INFO:root:Epoch  5157, Energy: -1.04289e+02 (-1.04679e+02), Variance: 1.13879e+02 (2.19824e+02), Accept ratio: 0.48621, 
INFO:root:Epoch  5158, Energy: -1.04439e+02 (-1.04777e+02), Variance: 1.22433e+02 (2.24142e+02), Accept ratio: 0.48357, 
INFO:root:Epoch  5159, Energy: -1.04126e+02 (-1.03860e+02), Variance: 1.06115e+02 (2.82690e+02), Accept ratio: 0.49444, 
INFO:root:Epoch  5160, Energy: -1.03893e+02 (-1.03716e+02), Variance: 9.45179e+01 (1.43332e+02), Accept ratio: 0.48499, 
INFO:root:Epoch  5161, Energy: -1.03919e+02 (-1.04518e+02), Variance: 1.05516e+02 (2.58810e+02), Accept ratio: 0.48734, 
INFO:root:Epoch  5162, Energy: -1.03651e+02 (-1.04256e+02), Variance: 1.05418e+02 (3.19762e+02), Accept ratio: 0.49128, 
INFO:root:Epoch  5163, Energy: -1.04045e+02 (-1.04241e+02), Variance: 1.05745e+02 (1.67019e+02), Accept ratio: 0.49803, 
INFO:root:Epoch  5164, Energy: -1.04059e+02 (-1.04178e+02), Variance: 9.93640e+01 (1.62148e+02), Accept ratio: 0.49320, 
INFO:root:Epoch  5165, Energy: -1.04018e+02 (-1.04182e+02), Variance: 9.47905e+01 (1.18114e+02), Accept ratio: 0.49393, 
INFO:root:Epoch  5166, Energy: -1.03633e+02 (-1.03889e+02), Variance: 9.82605e+01 (1.67014e+02), Accept ratio: 0.49521, 
INFO:root:Epoch  5167, Energy: -1.03605e+02 (-1.03734e+02), Variance: 9.48653e+01 (1.26151e+02), Accept ratio: 0.49391, 
INFO:root:Epoch  5168, Energy: -1.03947e+02 (-1.03834e+02), Variance: 1.01091e+02 (1.36408e+02), Accept ratio: 0.48297, 
INFO:root:Epoch  5169, Energy: -1.04034e+02 (-1.04279e+02), Variance: 1.00053e+02 (2.00001e+02), Accept ratio: 0.49027, 
INFO:root:Epoch  5170, Energy: -1.03733e+02 (-1.03943e+02), Variance: 9.51856e+01 (1.43664e+02), Accept ratio: 0.49455, 
INFO:root:Epoch  5171, Energy: -1.04270e+02 (-1.04554e+02), Variance: 1.23777e+02 (1.90773e+02), Accept ratio: 0.48972, 
INFO:root:Epoch  5172, Energy: -1.04451e+02 (-1.04377e+02), Variance: 1.02325e+02 (1.41517e+02), Accept ratio: 0.48708, 
INFO:root:Epoch  5173, Energy: -1.04135e+02 (-1.04228e+02), Variance: 9.69434e+01 (2.06859e+02), Accept ratio: 0.48311, 
INFO:root:Epoch  5174, Energy: -1.04219e+02 (-1.04731e+02), Variance: 1.04331e+02 (4.42297e+02), Accept ratio: 0.48169, 
INFO:root:Epoch  5175, Energy: -1.04230e+02 (-1.04202e+02), Variance: 1.24973e+02 (2.17525e+02), Accept ratio: 0.48923, 
INFO:root:Epoch  5176, Energy: -1.03925e+02 (-1.03947e+02), Variance: 8.33015e+01 (9.16068e+01), Accept ratio: 0.49103, 
INFO:root:Epoch  5177, Energy: -1.04220e+02 (-1.04474e+02), Variance: 9.11728e+01 (2.26317e+02), Accept ratio: 0.49356, 
INFO:root:Epoch  5178, Energy: -1.03995e+02 (-1.04225e+02), Variance: 1.00867e+02 (1.32226e+02), Accept ratio: 0.48664, 
INFO:root:Epoch  5179, Energy: -1.03797e+02 (-1.04038e+02), Variance: 9.63867e+01 (1.50394e+02), Accept ratio: 0.48808, 
INFO:root:Epoch  5180, Energy: -1.03285e+02 (-1.03293e+02), Variance: 9.34961e+01 (1.90779e+02), Accept ratio: 0.48004, 
INFO:root:Epoch  5181, Energy: -1.03845e+02 (-1.03796e+02), Variance: 9.58395e+01 (1.30569e+02), Accept ratio: 0.48666, 
INFO:root:Epoch  5182, Energy: -1.03949e+02 (-1.04132e+02), Variance: 1.02412e+02 (1.32780e+02), Accept ratio: 0.48974, 
INFO:root:Epoch  5183, Energy: -1.03789e+02 (-1.03902e+02), Variance: 9.17594e+01 (1.29869e+02), Accept ratio: 0.49474, 
INFO:root:Epoch  5184, Energy: -1.03650e+02 (-1.03791e+02), Variance: 8.45689e+01 (1.22457e+02), Accept ratio: 0.49430, 
INFO:root:Epoch  5185, Energy: -1.04068e+02 (-1.04248e+02), Variance: 1.06688e+02 (1.37395e+02), Accept ratio: 0.49172, 
INFO:root:Epoch  5186, Energy: -1.04027e+02 (-1.04137e+02), Variance: 1.00510e+02 (1.54054e+02), Accept ratio: 0.49268, 
INFO:root:Epoch  5187, Energy: -1.04165e+02 (-1.04429e+02), Variance: 1.00498e+02 (1.60944e+02), Accept ratio: 0.49158, 
INFO:root:Epoch  5188, Energy: -1.03783e+02 (-1.03807e+02), Variance: 9.78076e+01 (1.17169e+02), Accept ratio: 0.49122, 
INFO:root:Epoch  5189, Energy: -1.04137e+02 (-1.04194e+02), Variance: 9.71831e+01 (1.28775e+02), Accept ratio: 0.48966, 
INFO:root:Epoch  5190, Energy: -1.04187e+02 (-1.04085e+02), Variance: 1.11251e+02 (1.66667e+02), Accept ratio: 0.48833, 
INFO:root:Epoch  5191, Energy: -1.03615e+02 (-1.03419e+02), Variance: 1.03263e+02 (1.41049e+02), Accept ratio: 0.48979, 
INFO:root:Epoch  5192, Energy: -1.04220e+02 (-1.04360e+02), Variance: 1.02686e+02 (1.46717e+02), Accept ratio: 0.48898, 
INFO:root:Epoch  5193, Energy: -1.04166e+02 (-1.04002e+02), Variance: 9.71511e+01 (1.39590e+02), Accept ratio: 0.49184, 
INFO:root:Epoch  5194, Energy: -1.04600e+02 (-1.04922e+02), Variance: 1.24828e+02 (1.89185e+02), Accept ratio: 0.48530, 
INFO:root:Epoch  5195, Energy: -1.03748e+02 (-1.03891e+02), Variance: 9.54250e+01 (1.28602e+02), Accept ratio: 0.49251, 
INFO:root:Epoch  5196, Energy: -1.04152e+02 (-1.04290e+02), Variance: 8.67461e+01 (1.11708e+02), Accept ratio: 0.49162, 
INFO:root:Epoch  5197, Energy: -1.04252e+02 (-1.04401e+02), Variance: 9.84436e+01 (1.15938e+02), Accept ratio: 0.49538, 
INFO:root:Epoch  5198, Energy: -1.04077e+02 (-1.04228e+02), Variance: 9.27158e+01 (1.21912e+02), Accept ratio: 0.49014, 
INFO:root:Epoch  5199, Energy: -1.03942e+02 (-1.04004e+02), Variance: 1.00224e+02 (1.37233e+02), Accept ratio: 0.48864, 
INFO:root:Epoch  5200, Energy: -1.04045e+02 (-1.04105e+02), Variance: 1.01876e+02 (1.58255e+02), Accept ratio: 0.49154, 
INFO:root:Epoch  5201, Energy: -1.03437e+02 (-1.03321e+02), Variance: 8.58903e+01 (1.15237e+02), Accept ratio: 0.49159, 
INFO:root:Epoch  5202, Energy: -1.04167e+02 (-1.04276e+02), Variance: 1.04065e+02 (1.38534e+02), Accept ratio: 0.48818, 
INFO:root:Epoch  5203, Energy: -1.03958e+02 (-1.04043e+02), Variance: 9.24363e+01 (1.22062e+02), Accept ratio: 0.49207, 
INFO:root:Epoch  5204, Energy: -1.04105e+02 (-1.04202e+02), Variance: 1.16723e+02 (1.54096e+02), Accept ratio: 0.48894, 
INFO:root:Epoch  5205, Energy: -1.03896e+02 (-1.03997e+02), Variance: 1.16712e+02 (1.52229e+02), Accept ratio: 0.48492, 
INFO:root:Epoch  5206, Energy: -1.04115e+02 (-1.04418e+02), Variance: 1.14374e+02 (1.85585e+02), Accept ratio: 0.48957, 
INFO:root:Epoch  5207, Energy: -1.04663e+02 (-1.04907e+02), Variance: 1.24217e+02 (1.77528e+02), Accept ratio: 0.48630, 
INFO:root:Epoch  5208, Energy: -1.03984e+02 (-1.04366e+02), Variance: 1.18332e+02 (3.10815e+02), Accept ratio: 0.48895, 
INFO:root:Epoch  5209, Energy: -1.04069e+02 (-1.04143e+02), Variance: 1.00338e+02 (1.44397e+02), Accept ratio: 0.48588, 
INFO:root:Epoch  5210, Energy: -1.04204e+02 (-1.04440e+02), Variance: 9.22337e+01 (1.37515e+02), Accept ratio: 0.48289, 
INFO:root:Epoch  5211, Energy: -1.04507e+02 (-1.04676e+02), Variance: 1.20363e+02 (1.57091e+02), Accept ratio: 0.49224, 
INFO:root:Epoch  5212, Energy: -1.04005e+02 (-1.04164e+02), Variance: 1.09362e+02 (1.55290e+02), Accept ratio: 0.48688, 
INFO:root:Epoch  5213, Energy: -1.04417e+02 (-1.04523e+02), Variance: 1.05521e+02 (1.36195e+02), Accept ratio: 0.49156, 
INFO:root:Epoch  5214, Energy: -1.04551e+02 (-1.04642e+02), Variance: 1.28435e+02 (1.60889e+02), Accept ratio: 0.49009, 
INFO:root:Epoch  5215, Energy: -1.04085e+02 (-1.04051e+02), Variance: 1.21024e+02 (1.92967e+02), Accept ratio: 0.48222, 
INFO:root:Epoch  5216, Energy: -1.03733e+02 (-1.04165e+02), Variance: 1.09852e+02 (2.04897e+02), Accept ratio: 0.48279, 
INFO:root:Epoch  5217, Energy: -1.03920e+02 (-1.04185e+02), Variance: 1.10280e+02 (1.92800e+02), Accept ratio: 0.49202, 
INFO:root:Epoch  5218, Energy: -1.04643e+02 (-1.04831e+02), Variance: 1.16495e+02 (1.64495e+02), Accept ratio: 0.49016, 
INFO:root:Epoch  5219, Energy: -1.03822e+02 (-1.03975e+02), Variance: 7.90867e+01 (1.10442e+02), Accept ratio: 0.49085, 
INFO:root:Epoch  5220, Energy: -1.04301e+02 (-1.04601e+02), Variance: 1.01643e+02 (1.55147e+02), Accept ratio: 0.49426, 
INFO:root:Epoch  5221, Energy: -1.03473e+02 (-1.03647e+02), Variance: 9.42711e+01 (1.37133e+02), Accept ratio: 0.49196, 
INFO:root:Epoch  5222, Energy: -1.04124e+02 (-1.04309e+02), Variance: 1.03601e+02 (1.38531e+02), Accept ratio: 0.49243, 
INFO:root:Epoch  5223, Energy: -1.04383e+02 (-1.04531e+02), Variance: 1.21074e+02 (1.53323e+02), Accept ratio: 0.48369, 
INFO:root:Epoch  5224, Energy: -1.03762e+02 (-1.03895e+02), Variance: 1.04173e+02 (1.89273e+02), Accept ratio: 0.48695, 
INFO:root:Epoch  5225, Energy: -1.04112e+02 (-1.04255e+02), Variance: 1.07862e+02 (2.35419e+02), Accept ratio: 0.48500, 
INFO:root:Epoch  5226, Energy: -1.03801e+02 (-1.04105e+02), Variance: 9.22313e+01 (1.44589e+02), Accept ratio: 0.49421, 
INFO:root:Epoch  5227, Energy: -1.04080e+02 (-1.04462e+02), Variance: 9.46171e+01 (1.46083e+02), Accept ratio: 0.49429, 
INFO:root:Epoch  5228, Energy: -1.03946e+02 (-1.04150e+02), Variance: 9.52808e+01 (1.33610e+02), Accept ratio: 0.48997, 
INFO:root:Epoch  5229, Energy: -1.03970e+02 (-1.04079e+02), Variance: 9.19045e+01 (1.55057e+02), Accept ratio: 0.48933, 
INFO:root:Epoch  5230, Energy: -1.04071e+02 (-1.04166e+02), Variance: 9.55591e+01 (1.77948e+02), Accept ratio: 0.49035, 
INFO:root:Epoch  5231, Energy: -1.04090e+02 (-1.04222e+02), Variance: 1.07570e+02 (2.43030e+02), Accept ratio: 0.48855, 
INFO:root:Epoch  5232, Energy: -1.04002e+02 (-1.04158e+02), Variance: 9.16805e+01 (1.20538e+02), Accept ratio: 0.49541, 
INFO:root:Epoch  5233, Energy: -1.03814e+02 (-1.03890e+02), Variance: 9.70139e+01 (1.21431e+02), Accept ratio: 0.49186, 
INFO:root:Epoch  5234, Energy: -1.03743e+02 (-1.03472e+02), Variance: 9.59785e+01 (2.13952e+02), Accept ratio: 0.49062, 
INFO:root:Epoch  5235, Energy: -1.04168e+02 (-1.04672e+02), Variance: 1.14666e+02 (2.55144e+02), Accept ratio: 0.49381, 
INFO:root:Epoch  5236, Energy: -1.03984e+02 (-1.04077e+02), Variance: 1.01493e+02 (1.24766e+02), Accept ratio: 0.48861, 
INFO:root:Epoch  5237, Energy: -1.04228e+02 (-1.04279e+02), Variance: 1.05481e+02 (1.54610e+02), Accept ratio: 0.49890, 
INFO:root:Epoch  5238, Energy: -1.04544e+02 (-1.04550e+02), Variance: 1.06191e+02 (1.23205e+02), Accept ratio: 0.48395, 
INFO:root:Epoch  5239, Energy: -1.04194e+02 (-1.04270e+02), Variance: 8.78967e+01 (1.05656e+02), Accept ratio: 0.48923, 
INFO:root:Epoch  5240, Energy: -1.05029e+02 (-1.05208e+02), Variance: 1.12341e+02 (1.44998e+02), Accept ratio: 0.48647, 
INFO:root:Epoch  5241, Energy: -1.03730e+02 (-1.03766e+02), Variance: 7.82064e+01 (1.03376e+02), Accept ratio: 0.49593, 
INFO:root:Epoch  5242, Energy: -1.04254e+02 (-1.04205e+02), Variance: 8.22407e+01 (1.15969e+02), Accept ratio: 0.49148, 
INFO:root:Epoch  5243, Energy: -1.04384e+02 (-1.04048e+02), Variance: 9.73242e+01 (2.75391e+02), Accept ratio: 0.49050, 
INFO:root:Epoch  5244, Energy: -1.03753e+02 (-1.03970e+02), Variance: 9.55201e+01 (1.22586e+02), Accept ratio: 0.49125, 
INFO:root:Epoch  5245, Energy: -1.04001e+02 (-1.04046e+02), Variance: 1.05778e+02 (1.34300e+02), Accept ratio: 0.48541, 
INFO:root:Epoch  5246, Energy: -1.03893e+02 (-1.03823e+02), Variance: 9.71968e+01 (1.49852e+02), Accept ratio: 0.48887, 
INFO:root:Epoch  5247, Energy: -1.04110e+02 (-1.04755e+02), Variance: 9.97806e+01 (3.04351e+02), Accept ratio: 0.49663, 
INFO:root:Epoch  5248, Energy: -1.04164e+02 (-1.04569e+02), Variance: 9.85255e+01 (2.00075e+02), Accept ratio: 0.49414, 
INFO:root:Epoch  5249, Energy: -1.03979e+02 (-1.04032e+02), Variance: 1.05046e+02 (1.52283e+02), Accept ratio: 0.49520, 
INFO:root:Epoch  5250, Energy: -1.04002e+02 (-1.04126e+02), Variance: 9.21646e+01 (1.21361e+02), Accept ratio: 0.48934, 
INFO:root:Epoch  5251, Energy: -1.04133e+02 (-1.04251e+02), Variance: 9.36323e+01 (1.18107e+02), Accept ratio: 0.48817, 
INFO:root:Epoch  5252, Energy: -1.04019e+02 (-1.03921e+02), Variance: 1.01603e+02 (1.46821e+02), Accept ratio: 0.49048, 
INFO:root:Epoch  5253, Energy: -1.04224e+02 (-1.04439e+02), Variance: 9.88044e+01 (1.51642e+02), Accept ratio: 0.48552, 
INFO:root:Epoch  5254, Energy: -1.03634e+02 (-1.03353e+02), Variance: 1.09467e+02 (2.37348e+02), Accept ratio: 0.49141, 
INFO:root:Epoch  5255, Energy: -1.03632e+02 (-1.03719e+02), Variance: 1.00657e+02 (1.15324e+02), Accept ratio: 0.48997, 
INFO:root:Epoch  5256, Energy: -1.04261e+02 (-1.04431e+02), Variance: 1.12143e+02 (1.33968e+02), Accept ratio: 0.48822, 
INFO:root:Epoch  5257, Energy: -1.03577e+02 (-1.03617e+02), Variance: 9.07859e+01 (1.02372e+02), Accept ratio: 0.49030, 
INFO:root:Epoch  5258, Energy: -1.03593e+02 (-1.03568e+02), Variance: 9.73737e+01 (1.32220e+02), Accept ratio: 0.49739, 
INFO:root:Epoch  5259, Energy: -1.03839e+02 (-1.04036e+02), Variance: 1.19922e+02 (2.34338e+02), Accept ratio: 0.48910, 
INFO:root:Epoch  5260, Energy: -1.03953e+02 (-1.03933e+02), Variance: 1.13386e+02 (1.72728e+02), Accept ratio: 0.49479, 
INFO:root:Epoch  5261, Energy: -1.03838e+02 (-1.03831e+02), Variance: 1.12115e+02 (2.08356e+02), Accept ratio: 0.49442, 
INFO:root:Epoch  5262, Energy: -1.03681e+02 (-1.03639e+02), Variance: 9.30663e+01 (1.18474e+02), Accept ratio: 0.49265, 
INFO:root:Epoch  5263, Energy: -1.03654e+02 (-1.03897e+02), Variance: 9.74423e+01 (1.45190e+02), Accept ratio: 0.49142, 
INFO:root:Epoch  5264, Energy: -1.04033e+02 (-1.04263e+02), Variance: 9.74694e+01 (1.25158e+02), Accept ratio: 0.50041, 
INFO:root:Epoch  5265, Energy: -1.04202e+02 (-1.04185e+02), Variance: 1.17510e+02 (1.81841e+02), Accept ratio: 0.48845, 
INFO:root:Epoch  5266, Energy: -1.03917e+02 (-1.03942e+02), Variance: 9.59050e+01 (1.21871e+02), Accept ratio: 0.49182, 
INFO:root:Epoch  5267, Energy: -1.04227e+02 (-1.04370e+02), Variance: 8.13557e+01 (9.70703e+01), Accept ratio: 0.49535, 
INFO:root:Epoch  5268, Energy: -1.04630e+02 (-1.04864e+02), Variance: 1.12735e+02 (2.22018e+02), Accept ratio: 0.49589, 
INFO:root:Epoch  5269, Energy: -1.04088e+02 (-1.04207e+02), Variance: 9.84550e+01 (1.16524e+02), Accept ratio: 0.48249, 
INFO:root:Epoch  5270, Energy: -1.04156e+02 (-1.04333e+02), Variance: 9.46920e+01 (1.14781e+02), Accept ratio: 0.49230, 
INFO:root:Epoch  5271, Energy: -1.03948e+02 (-1.03981e+02), Variance: 9.64313e+01 (1.94715e+02), Accept ratio: 0.49041, 
INFO:root:Epoch  5272, Energy: -1.03983e+02 (-1.03956e+02), Variance: 9.43069e+01 (1.60716e+02), Accept ratio: 0.48813, 
INFO:root:Epoch  5273, Energy: -1.03643e+02 (-1.03274e+02), Variance: 9.64912e+01 (1.88880e+02), Accept ratio: 0.49191, 
INFO:root:Epoch  5274, Energy: -1.03791e+02 (-1.04037e+02), Variance: 1.01923e+02 (1.42160e+02), Accept ratio: 0.49242, 
INFO:root:Epoch  5275, Energy: -1.03977e+02 (-1.03858e+02), Variance: 1.01473e+02 (2.34411e+02), Accept ratio: 0.49548, 
INFO:root:Epoch  5276, Energy: -1.03996e+02 (-1.03920e+02), Variance: 1.08345e+02 (2.33624e+02), Accept ratio: 0.49388, 
INFO:root:Epoch  5277, Energy: -1.04008e+02 (-1.04152e+02), Variance: 1.01407e+02 (1.17800e+02), Accept ratio: 0.48659, 
INFO:root:Epoch  5278, Energy: -1.03974e+02 (-1.04140e+02), Variance: 1.11790e+02 (1.55078e+02), Accept ratio: 0.49063, 
INFO:root:Epoch  5279, Energy: -1.04155e+02 (-1.04328e+02), Variance: 1.06835e+02 (1.41061e+02), Accept ratio: 0.48456, 
INFO:root:Epoch  5280, Energy: -1.04100e+02 (-1.04353e+02), Variance: 1.10066e+02 (2.25285e+02), Accept ratio: 0.48840, 
INFO:root:Epoch  5281, Energy: -1.04321e+02 (-1.04307e+02), Variance: 1.00957e+02 (1.37534e+02), Accept ratio: 0.48571, 
INFO:root:Epoch  5282, Energy: -1.04451e+02 (-1.04576e+02), Variance: 9.92189e+01 (1.82853e+02), Accept ratio: 0.49389, 
INFO:root:Epoch  5283, Energy: -1.04048e+02 (-1.04266e+02), Variance: 9.12146e+01 (1.45026e+02), Accept ratio: 0.49331, 
INFO:root:Epoch  5284, Energy: -1.04085e+02 (-1.04255e+02), Variance: 1.04265e+02 (1.45967e+02), Accept ratio: 0.49224, 
INFO:root:Epoch  5285, Energy: -1.04530e+02 (-1.04620e+02), Variance: 1.17279e+02 (1.47822e+02), Accept ratio: 0.49260, 
INFO:root:Epoch  5286, Energy: -1.04685e+02 (-1.04858e+02), Variance: 1.07365e+02 (1.38255e+02), Accept ratio: 0.49018, 
INFO:root:Epoch  5287, Energy: -1.04444e+02 (-1.04669e+02), Variance: 1.06507e+02 (1.46716e+02), Accept ratio: 0.48950, 
INFO:root:Epoch  5288, Energy: -1.04089e+02 (-1.03828e+02), Variance: 1.19368e+02 (2.07602e+02), Accept ratio: 0.47982, 
INFO:root:Epoch  5289, Energy: -1.04385e+02 (-1.04392e+02), Variance: 1.08966e+02 (1.76555e+02), Accept ratio: 0.48575, 
INFO:root:Epoch  5290, Energy: -1.04469e+02 (-1.04640e+02), Variance: 9.35701e+01 (1.16242e+02), Accept ratio: 0.49402, 
INFO:root:Epoch  5291, Energy: -1.04303e+02 (-1.04474e+02), Variance: 9.70921e+01 (1.16210e+02), Accept ratio: 0.49045, 
INFO:root:Epoch  5292, Energy: -1.04329e+02 (-1.04539e+02), Variance: 9.13826e+01 (1.74217e+02), Accept ratio: 0.49867, 
INFO:root:Epoch  5293, Energy: -1.04375e+02 (-1.04672e+02), Variance: 1.01947e+02 (1.48329e+02), Accept ratio: 0.48523, 
INFO:root:Epoch  5294, Energy: -1.04825e+02 (-1.05112e+02), Variance: 1.09095e+02 (1.59317e+02), Accept ratio: 0.48983, 
INFO:root:Epoch  5295, Energy: -1.04543e+02 (-1.04990e+02), Variance: 1.13612e+02 (1.88836e+02), Accept ratio: 0.48739, 
INFO:root:Epoch  5296, Energy: -1.04392e+02 (-1.04534e+02), Variance: 9.88002e+01 (1.27923e+02), Accept ratio: 0.48720, 
INFO:root:Epoch  5297, Energy: -1.04399e+02 (-1.04586e+02), Variance: 1.03313e+02 (1.59793e+02), Accept ratio: 0.49596, 
INFO:root:Epoch  5298, Energy: -1.04407e+02 (-1.04506e+02), Variance: 9.09962e+01 (1.02466e+02), Accept ratio: 0.49200, 
INFO:root:Epoch  5299, Energy: -1.04266e+02 (-1.04469e+02), Variance: 9.00735e+01 (1.28169e+02), Accept ratio: 0.48401, 
INFO:root:Epoch  5300, Energy: -1.04063e+02 (-1.04059e+02), Variance: 9.12279e+01 (1.30021e+02), Accept ratio: 0.49837, 
INFO:root:Epoch  5301, Energy: -1.04221e+02 (-1.04259e+02), Variance: 9.67577e+01 (1.21895e+02), Accept ratio: 0.49131, 
INFO:root:Epoch  5302, Energy: -1.03812e+02 (-1.03822e+02), Variance: 8.23812e+01 (1.00434e+02), Accept ratio: 0.48934, 
INFO:root:Epoch  5303, Energy: -1.04705e+02 (-1.05024e+02), Variance: 9.42800e+01 (1.52955e+02), Accept ratio: 0.49584, 
INFO:root:Epoch  5304, Energy: -1.04041e+02 (-1.04318e+02), Variance: 9.93575e+01 (1.59626e+02), Accept ratio: 0.49211, 
INFO:root:Epoch  5305, Energy: -1.03969e+02 (-1.04354e+02), Variance: 8.63309e+01 (1.87242e+02), Accept ratio: 0.48791, 
INFO:root:Epoch  5306, Energy: -1.03986e+02 (-1.03968e+02), Variance: 1.10002e+02 (2.38815e+02), Accept ratio: 0.48806, 
INFO:root:Epoch  5307, Energy: -1.03904e+02 (-1.03909e+02), Variance: 9.80504e+01 (1.22577e+02), Accept ratio: 0.49052, 
INFO:root:Epoch  5308, Energy: -1.03950e+02 (-1.04135e+02), Variance: 9.45529e+01 (1.37968e+02), Accept ratio: 0.48942, 
INFO:root:Epoch  5309, Energy: -1.03963e+02 (-1.04064e+02), Variance: 9.83459e+01 (1.21312e+02), Accept ratio: 0.49567, 
INFO:root:Epoch  5310, Energy: -1.03890e+02 (-1.03960e+02), Variance: 7.98957e+01 (9.67741e+01), Accept ratio: 0.49866, 
INFO:root:Epoch  5311, Energy: -1.03753e+02 (-1.03782e+02), Variance: 9.98717e+01 (1.19632e+02), Accept ratio: 0.48976, 
INFO:root:Epoch  5312, Energy: -1.04471e+02 (-1.04528e+02), Variance: 1.01951e+02 (1.33977e+02), Accept ratio: 0.49149, 
INFO:root:Epoch  5313, Energy: -1.03879e+02 (-1.04049e+02), Variance: 9.51647e+01 (1.18269e+02), Accept ratio: 0.48728, 
INFO:root:Epoch  5314, Energy: -1.04049e+02 (-1.04281e+02), Variance: 1.09606e+02 (1.49053e+02), Accept ratio: 0.50079, 
INFO:root:Epoch  5315, Energy: -1.03935e+02 (-1.04123e+02), Variance: 9.07760e+01 (1.26113e+02), Accept ratio: 0.48767, 
INFO:root:Epoch  5316, Energy: -1.03851e+02 (-1.04058e+02), Variance: 1.01837e+02 (1.34120e+02), Accept ratio: 0.49617, 
INFO:root:Epoch  5317, Energy: -1.03612e+02 (-1.03744e+02), Variance: 9.67771e+01 (1.44248e+02), Accept ratio: 0.49018, 
INFO:root:Epoch  5318, Energy: -1.04008e+02 (-1.03993e+02), Variance: 9.26342e+01 (1.22497e+02), Accept ratio: 0.48915, 
INFO:root:Epoch  5319, Energy: -1.03706e+02 (-1.03731e+02), Variance: 8.88699e+01 (1.26511e+02), Accept ratio: 0.49077, 
INFO:root:Epoch  5320, Energy: -1.04147e+02 (-1.04335e+02), Variance: 1.11372e+02 (1.77552e+02), Accept ratio: 0.49631, 
INFO:root:Epoch  5321, Energy: -1.04091e+02 (-1.04188e+02), Variance: 1.11794e+02 (1.44543e+02), Accept ratio: 0.48812, 
INFO:root:Epoch  5322, Energy: -1.04267e+02 (-1.04437e+02), Variance: 1.21010e+02 (1.87402e+02), Accept ratio: 0.49608, 
INFO:root:Epoch  5323, Energy: -1.04188e+02 (-1.04277e+02), Variance: 9.71251e+01 (1.54029e+02), Accept ratio: 0.49503, 
INFO:root:Epoch  5324, Energy: -1.04262e+02 (-1.04662e+02), Variance: 1.03283e+02 (1.68775e+02), Accept ratio: 0.48941, 
INFO:root:Epoch  5325, Energy: -1.04188e+02 (-1.04257e+02), Variance: 1.04379e+02 (1.39797e+02), Accept ratio: 0.48546, 
INFO:root:Epoch  5326, Energy: -1.03484e+02 (-1.03346e+02), Variance: 8.82740e+01 (1.15658e+02), Accept ratio: 0.49494, 
INFO:root:Epoch  5327, Energy: -1.03842e+02 (-1.04107e+02), Variance: 1.00636e+02 (1.44011e+02), Accept ratio: 0.49536, 
INFO:root:Epoch  5328, Energy: -1.03927e+02 (-1.03957e+02), Variance: 8.48248e+01 (1.13772e+02), Accept ratio: 0.48761, 
INFO:root:Epoch  5329, Energy: -1.04425e+02 (-1.04430e+02), Variance: 1.17895e+02 (2.34043e+02), Accept ratio: 0.49278, 
INFO:root:Epoch  5330, Energy: -1.03987e+02 (-1.04120e+02), Variance: 1.11220e+02 (1.61631e+02), Accept ratio: 0.49020, 
INFO:root:Epoch  5331, Energy: -1.04262e+02 (-1.04467e+02), Variance: 1.03050e+02 (1.36466e+02), Accept ratio: 0.49404, 
INFO:root:Epoch  5332, Energy: -1.04615e+02 (-1.04868e+02), Variance: 1.02100e+02 (1.55065e+02), Accept ratio: 0.48571, 
INFO:root:Epoch  5333, Energy: -1.04166e+02 (-1.04155e+02), Variance: 1.01398e+02 (1.31290e+02), Accept ratio: 0.49146, 
INFO:root:Epoch  5334, Energy: -1.04535e+02 (-1.04866e+02), Variance: 1.08105e+02 (1.57839e+02), Accept ratio: 0.49600, 
INFO:root:Epoch  5335, Energy: -1.04232e+02 (-1.04577e+02), Variance: 1.00950e+02 (1.57093e+02), Accept ratio: 0.48842, 
INFO:root:Epoch  5336, Energy: -1.04213e+02 (-1.04326e+02), Variance: 9.84886e+01 (1.25259e+02), Accept ratio: 0.48910, 
INFO:root:Epoch  5337, Energy: -1.04060e+02 (-1.04282e+02), Variance: 9.80130e+01 (1.38696e+02), Accept ratio: 0.49403, 
INFO:root:Epoch  5338, Energy: -1.04162e+02 (-1.04303e+02), Variance: 9.11317e+01 (1.28571e+02), Accept ratio: 0.49763, 
INFO:root:Epoch  5339, Energy: -1.03573e+02 (-1.03630e+02), Variance: 8.81878e+01 (9.60531e+01), Accept ratio: 0.49149, 
INFO:root:Epoch  5340, Energy: -1.04042e+02 (-1.04307e+02), Variance: 9.26124e+01 (1.55825e+02), Accept ratio: 0.49396, 
INFO:root:Epoch  5341, Energy: -1.03838e+02 (-1.04144e+02), Variance: 9.07795e+01 (1.39717e+02), Accept ratio: 0.49337, 
INFO:root:Epoch  5342, Energy: -1.03916e+02 (-1.04206e+02), Variance: 9.44722e+01 (1.58457e+02), Accept ratio: 0.50158, 
INFO:root:Epoch  5343, Energy: -1.04075e+02 (-1.04326e+02), Variance: 9.35415e+01 (1.50435e+02), Accept ratio: 0.49089, 
INFO:root:Epoch  5344, Energy: -1.04191e+02 (-1.04104e+02), Variance: 1.01814e+02 (1.39171e+02), Accept ratio: 0.49209, 
INFO:root:Epoch  5345, Energy: -1.03837e+02 (-1.04091e+02), Variance: 9.72807e+01 (1.38946e+02), Accept ratio: 0.49044, 
INFO:root:Epoch  5346, Energy: -1.04113e+02 (-1.04207e+02), Variance: 9.08977e+01 (1.12531e+02), Accept ratio: 0.49336, 
INFO:root:Epoch  5347, Energy: -1.03911e+02 (-1.03950e+02), Variance: 9.02846e+01 (1.27969e+02), Accept ratio: 0.49543, 
INFO:root:Epoch  5348, Energy: -1.03781e+02 (-1.03708e+02), Variance: 9.39261e+01 (1.31577e+02), Accept ratio: 0.49162, 
INFO:root:Epoch  5349, Energy: -1.04446e+02 (-1.04621e+02), Variance: 1.03052e+02 (1.20847e+02), Accept ratio: 0.49511, 
INFO:root:Epoch  5350, Energy: -1.03681e+02 (-1.03690e+02), Variance: 9.35739e+01 (1.20322e+02), Accept ratio: 0.49289, 
INFO:root:Epoch  5351, Energy: -1.03449e+02 (-1.03572e+02), Variance: 9.77730e+01 (1.40967e+02), Accept ratio: 0.49085, 
INFO:root:Epoch  5352, Energy: -1.03655e+02 (-1.03780e+02), Variance: 8.27733e+01 (9.84431e+01), Accept ratio: 0.49943, 
INFO:root:Epoch  5353, Energy: -1.04242e+02 (-1.04489e+02), Variance: 1.00740e+02 (1.51123e+02), Accept ratio: 0.48745, 
INFO:root:Epoch  5354, Energy: -1.04137e+02 (-1.04346e+02), Variance: 8.57740e+01 (1.17048e+02), Accept ratio: 0.49360, 
INFO:root:Epoch  5355, Energy: -1.04377e+02 (-1.04635e+02), Variance: 1.02582e+02 (1.62848e+02), Accept ratio: 0.48977, 
INFO:root:Epoch  5356, Energy: -1.04501e+02 (-1.04732e+02), Variance: 1.22128e+02 (1.74201e+02), Accept ratio: 0.49225, 
INFO:root:Epoch  5357, Energy: -1.04792e+02 (-1.05334e+02), Variance: 1.14598e+02 (2.38446e+02), Accept ratio: 0.49159, 
INFO:root:Epoch  5358, Energy: -1.04626e+02 (-1.04775e+02), Variance: 1.04442e+02 (1.35604e+02), Accept ratio: 0.49126, 
INFO:root:Epoch  5359, Energy: -1.04776e+02 (-1.05084e+02), Variance: 1.04640e+02 (1.68880e+02), Accept ratio: 0.49396, 
INFO:root:Epoch  5360, Energy: -1.03926e+02 (-1.04009e+02), Variance: 1.02390e+02 (1.48943e+02), Accept ratio: 0.49043, 
INFO:root:Epoch  5361, Energy: -1.04023e+02 (-1.04386e+02), Variance: 9.84542e+01 (1.66493e+02), Accept ratio: 0.49117, 
INFO:root:Epoch  5362, Energy: -1.03981e+02 (-1.04085e+02), Variance: 9.51842e+01 (1.50351e+02), Accept ratio: 0.49378, 
INFO:root:Epoch  5363, Energy: -1.04096e+02 (-1.04302e+02), Variance: 8.96237e+01 (1.24114e+02), Accept ratio: 0.49614, 
INFO:root:Epoch  5364, Energy: -1.04575e+02 (-1.04711e+02), Variance: 9.74222e+01 (1.26892e+02), Accept ratio: 0.49645, 
INFO:root:Epoch  5365, Energy: -1.04154e+02 (-1.04164e+02), Variance: 8.85597e+01 (1.17560e+02), Accept ratio: 0.49229, 
INFO:root:Epoch  5366, Energy: -1.04119e+02 (-1.04680e+02), Variance: 9.59030e+01 (3.71111e+02), Accept ratio: 0.49272, 
INFO:root:Epoch  5367, Energy: -1.04114e+02 (-1.04166e+02), Variance: 9.81011e+01 (2.01019e+02), Accept ratio: 0.49442, 
INFO:root:Epoch  5368, Energy: -1.03730e+02 (-1.03829e+02), Variance: 8.01670e+01 (1.06939e+02), Accept ratio: 0.48895, 
INFO:root:Epoch  5369, Energy: -1.03651e+02 (-1.03730e+02), Variance: 9.69090e+01 (1.21162e+02), Accept ratio: 0.49506, 
INFO:root:Epoch  5370, Energy: -1.03569e+02 (-1.03746e+02), Variance: 1.01449e+02 (1.41210e+02), Accept ratio: 0.49032, 
INFO:root:Epoch  5371, Energy: -1.04595e+02 (-1.04963e+02), Variance: 1.33445e+02 (1.87488e+02), Accept ratio: 0.49229, 
INFO:root:Epoch  5372, Energy: -1.03851e+02 (-1.03865e+02), Variance: 9.61956e+01 (1.22267e+02), Accept ratio: 0.49166, 
INFO:root:Epoch  5373, Energy: -1.03789e+02 (-1.04139e+02), Variance: 9.52195e+01 (1.40025e+02), Accept ratio: 0.48134, 
INFO:root:Epoch  5374, Energy: -1.04000e+02 (-1.03939e+02), Variance: 9.70816e+01 (1.16588e+02), Accept ratio: 0.48814, 
INFO:root:Epoch  5375, Energy: -1.03884e+02 (-1.03966e+02), Variance: 9.67660e+01 (1.33536e+02), Accept ratio: 0.49008, 
INFO:root:Epoch  5376, Energy: -1.03941e+02 (-1.04079e+02), Variance: 1.11896e+02 (1.50150e+02), Accept ratio: 0.49081, 
INFO:root:Epoch  5377, Energy: -1.03947e+02 (-1.03914e+02), Variance: 9.45380e+01 (1.72965e+02), Accept ratio: 0.49054, 
INFO:root:Epoch  5378, Energy: -1.03870e+02 (-1.03716e+02), Variance: 1.02389e+02 (1.65469e+02), Accept ratio: 0.48722, 
INFO:root:Epoch  5379, Energy: -1.03870e+02 (-1.04133e+02), Variance: 8.61975e+01 (1.27539e+02), Accept ratio: 0.49096, 
INFO:root:Epoch  5380, Energy: -1.03633e+02 (-1.03690e+02), Variance: 1.09378e+02 (1.42349e+02), Accept ratio: 0.49057, 
INFO:root:Epoch  5381, Energy: -1.04117e+02 (-1.03789e+02), Variance: 9.90183e+01 (2.19019e+02), Accept ratio: 0.49274, 
INFO:root:Epoch  5382, Energy: -1.03886e+02 (-1.03977e+02), Variance: 1.03361e+02 (1.29927e+02), Accept ratio: 0.49101, 
INFO:root:Epoch  5383, Energy: -1.03838e+02 (-1.04078e+02), Variance: 1.06068e+02 (2.07640e+02), Accept ratio: 0.48968, 
INFO:root:Epoch  5384, Energy: -1.04374e+02 (-1.04513e+02), Variance: 1.08101e+02 (1.32836e+02), Accept ratio: 0.49347, 
INFO:root:Epoch  5385, Energy: -1.04414e+02 (-1.04773e+02), Variance: 1.05421e+02 (1.90460e+02), Accept ratio: 0.49180, 
INFO:root:Epoch  5386, Energy: -1.04016e+02 (-1.04064e+02), Variance: 9.35528e+01 (1.45600e+02), Accept ratio: 0.49401, 
INFO:root:Epoch  5387, Energy: -1.04150e+02 (-1.04226e+02), Variance: 1.04223e+02 (1.87435e+02), Accept ratio: 0.49606, 
INFO:root:Epoch  5388, Energy: -1.03992e+02 (-1.04011e+02), Variance: 9.03049e+01 (1.38708e+02), Accept ratio: 0.49405, 
INFO:root:Epoch  5389, Energy: -1.04524e+02 (-1.04635e+02), Variance: 1.08797e+02 (1.56541e+02), Accept ratio: 0.48540, 
INFO:root:Epoch  5390, Energy: -1.03936e+02 (-1.04256e+02), Variance: 1.07558e+02 (1.68320e+02), Accept ratio: 0.48472, 
INFO:root:Epoch  5391, Energy: -1.03780e+02 (-1.04070e+02), Variance: 1.04839e+02 (1.92564e+02), Accept ratio: 0.49074, 
INFO:root:Epoch  5392, Energy: -1.03694e+02 (-1.03855e+02), Variance: 1.01097e+02 (1.70550e+02), Accept ratio: 0.48908, 
INFO:root:Epoch  5393, Energy: -1.04198e+02 (-1.04226e+02), Variance: 1.01835e+02 (1.37088e+02), Accept ratio: 0.49138, 
INFO:root:Epoch  5394, Energy: -1.04013e+02 (-1.03857e+02), Variance: 1.07996e+02 (2.06042e+02), Accept ratio: 0.49327, 
INFO:root:Epoch  5395, Energy: -1.04332e+02 (-1.04535e+02), Variance: 9.15564e+01 (1.28875e+02), Accept ratio: 0.49058, 
INFO:root:Epoch  5396, Energy: -1.05218e+02 (-1.04996e+02), Variance: 1.10229e+02 (5.19093e+02), Accept ratio: 0.49006, 
INFO:root:Epoch  5397, Energy: -1.04074e+02 (-1.03777e+02), Variance: 8.05744e+01 (5.05938e+02), Accept ratio: 0.49353, 
INFO:root:Epoch  5398, Energy: -1.03908e+02 (-1.03497e+02), Variance: 8.50546e+01 (4.83166e+02), Accept ratio: 0.49133, 
INFO:root:Epoch  5399, Energy: -1.03853e+02 (-1.03819e+02), Variance: 8.76883e+01 (1.96869e+02), Accept ratio: 0.49711, 
INFO:root:Epoch  5400, Energy: -1.04250e+02 (-1.04201e+02), Variance: 1.06982e+02 (1.57413e+02), Accept ratio: 0.49240, 
INFO:root:Epoch  5401, Energy: -1.04318e+02 (-1.04456e+02), Variance: 9.85170e+01 (1.40585e+02), Accept ratio: 0.48864, 
INFO:root:Epoch  5402, Energy: -1.04412e+02 (-1.04529e+02), Variance: 9.78446e+01 (1.51291e+02), Accept ratio: 0.49154, 
INFO:root:Epoch  5403, Energy: -1.04345e+02 (-1.04439e+02), Variance: 1.08516e+02 (1.60760e+02), Accept ratio: 0.49053, 
INFO:root:Epoch  5404, Energy: -1.04107e+02 (-1.03996e+02), Variance: 9.87796e+01 (1.79505e+02), Accept ratio: 0.49461, 
INFO:root:Epoch  5405, Energy: -1.03826e+02 (-1.03896e+02), Variance: 9.75086e+01 (1.14452e+02), Accept ratio: 0.49493, 
INFO:root:Epoch  5406, Energy: -1.03927e+02 (-1.04073e+02), Variance: 1.02182e+02 (1.69185e+02), Accept ratio: 0.49564, 
INFO:root:Epoch  5407, Energy: -1.03645e+02 (-1.03784e+02), Variance: 1.03446e+02 (1.68605e+02), Accept ratio: 0.49134, 
INFO:root:Epoch  5408, Energy: -1.03620e+02 (-1.03591e+02), Variance: 8.18555e+01 (1.39498e+02), Accept ratio: 0.48950, 
INFO:root:Epoch  5409, Energy: -1.04689e+02 (-1.05094e+02), Variance: 1.12644e+02 (1.93402e+02), Accept ratio: 0.49329, 
INFO:root:Epoch  5410, Energy: -1.04519e+02 (-1.04843e+02), Variance: 1.20724e+02 (2.08422e+02), Accept ratio: 0.49016, 
INFO:root:Epoch  5411, Energy: -1.04302e+02 (-1.04362e+02), Variance: 1.03657e+02 (1.59654e+02), Accept ratio: 0.48632, 
INFO:root:Epoch  5412, Energy: -1.04050e+02 (-1.04243e+02), Variance: 8.68278e+01 (1.50618e+02), Accept ratio: 0.48909, 
INFO:root:Epoch  5413, Energy: -1.04223e+02 (-1.04211e+02), Variance: 8.71572e+01 (1.29253e+02), Accept ratio: 0.49642, 
INFO:root:Epoch  5414, Energy: -1.04008e+02 (-1.03714e+02), Variance: 1.12135e+02 (2.12374e+02), Accept ratio: 0.49387, 
INFO:root:Epoch  5415, Energy: -1.03892e+02 (-1.03898e+02), Variance: 9.58892e+01 (1.26188e+02), Accept ratio: 0.49696, 
INFO:root:Epoch  5416, Energy: -1.03681e+02 (-1.03807e+02), Variance: 9.62710e+01 (1.68219e+02), Accept ratio: 0.48466, 
INFO:root:Epoch  5417, Energy: -1.04174e+02 (-1.04350e+02), Variance: 9.12028e+01 (1.23059e+02), Accept ratio: 0.49488, 
INFO:root:Epoch  5418, Energy: -1.04609e+02 (-1.04853e+02), Variance: 1.03475e+02 (1.42046e+02), Accept ratio: 0.48994, 
INFO:root:Epoch  5419, Energy: -1.04343e+02 (-1.04471e+02), Variance: 1.15194e+02 (1.64711e+02), Accept ratio: 0.50345, 
INFO:root:Epoch  5420, Energy: -1.04368e+02 (-1.04490e+02), Variance: 8.64890e+01 (1.12484e+02), Accept ratio: 0.49739, 
INFO:root:Epoch  5421, Energy: -1.03762e+02 (-1.03878e+02), Variance: 9.18794e+01 (1.12910e+02), Accept ratio: 0.49322, 
INFO:root:Epoch  5422, Energy: -1.04107e+02 (-1.04276e+02), Variance: 1.03058e+02 (1.73116e+02), Accept ratio: 0.49370, 
INFO:root:Epoch  5423, Energy: -1.04389e+02 (-1.04491e+02), Variance: 1.13294e+02 (1.71195e+02), Accept ratio: 0.49177, 
INFO:root:Epoch  5424, Energy: -1.03981e+02 (-1.03983e+02), Variance: 9.41306e+01 (2.02114e+02), Accept ratio: 0.48783, 
INFO:root:Epoch  5425, Energy: -1.04347e+02 (-1.04388e+02), Variance: 1.10703e+02 (1.24043e+02), Accept ratio: 0.49235, 
INFO:root:Epoch  5426, Energy: -1.04237e+02 (-1.04347e+02), Variance: 1.03548e+02 (1.25480e+02), Accept ratio: 0.49005, 
INFO:root:Epoch  5427, Energy: -1.04560e+02 (-1.04850e+02), Variance: 1.07235e+02 (1.48790e+02), Accept ratio: 0.49202, 
INFO:root:Epoch  5428, Energy: -1.04309e+02 (-1.04502e+02), Variance: 9.66569e+01 (1.60414e+02), Accept ratio: 0.48714, 
INFO:root:Epoch  5429, Energy: -1.04120e+02 (-1.04094e+02), Variance: 9.24439e+01 (1.26146e+02), Accept ratio: 0.49315, 
INFO:root:Epoch  5430, Energy: -1.04335e+02 (-1.04561e+02), Variance: 9.29030e+01 (1.30284e+02), Accept ratio: 0.49661, 
INFO:root:Epoch  5431, Energy: -1.04027e+02 (-1.04197e+02), Variance: 9.60611e+01 (1.35227e+02), Accept ratio: 0.49136, 
INFO:root:Epoch  5432, Energy: -1.04302e+02 (-1.04496e+02), Variance: 9.12893e+01 (1.26901e+02), Accept ratio: 0.49193, 
INFO:root:Epoch  5433, Energy: -1.04708e+02 (-1.04978e+02), Variance: 9.62194e+01 (1.34179e+02), Accept ratio: 0.49073, 
INFO:root:Epoch  5434, Energy: -1.04503e+02 (-1.04744e+02), Variance: 1.09713e+02 (1.53612e+02), Accept ratio: 0.48775, 
INFO:root:Epoch  5435, Energy: -1.04094e+02 (-1.04217e+02), Variance: 1.06054e+02 (1.45338e+02), Accept ratio: 0.48510, 
INFO:root:Epoch  5436, Energy: -1.04031e+02 (-1.04034e+02), Variance: 1.03259e+02 (1.31859e+02), Accept ratio: 0.48807, 
INFO:root:Epoch  5437, Energy: -1.04223e+02 (-1.04305e+02), Variance: 9.53833e+01 (1.22013e+02), Accept ratio: 0.48675, 
INFO:root:Epoch  5438, Energy: -1.04175e+02 (-1.04324e+02), Variance: 1.09380e+02 (1.52789e+02), Accept ratio: 0.49570, 
INFO:root:Epoch  5439, Energy: -1.04195e+02 (-1.03926e+02), Variance: 9.74955e+01 (1.67291e+02), Accept ratio: 0.48477, 
INFO:root:Epoch  5440, Energy: -1.04316e+02 (-1.04412e+02), Variance: 9.10915e+01 (1.32013e+02), Accept ratio: 0.48955, 
INFO:root:Epoch  5441, Energy: -1.04343e+02 (-1.04552e+02), Variance: 9.78697e+01 (1.63806e+02), Accept ratio: 0.49363, 
INFO:root:Epoch  5442, Energy: -1.04212e+02 (-1.04326e+02), Variance: 9.16613e+01 (1.10511e+02), Accept ratio: 0.49235, 
INFO:root:Epoch  5443, Energy: -1.04018e+02 (-1.04075e+02), Variance: 9.21835e+01 (1.46140e+02), Accept ratio: 0.48493, 
INFO:root:Epoch  5444, Energy: -1.03528e+02 (-1.03602e+02), Variance: 8.00402e+01 (1.05238e+02), Accept ratio: 0.49139, 
INFO:root:Epoch  5445, Energy: -1.03787e+02 (-1.03782e+02), Variance: 8.56845e+01 (1.12145e+02), Accept ratio: 0.49653, 
INFO:root:Epoch  5446, Energy: -1.03893e+02 (-1.03959e+02), Variance: 9.35153e+01 (1.19373e+02), Accept ratio: 0.49505, 
INFO:root:Epoch  5447, Energy: -1.04377e+02 (-1.04431e+02), Variance: 1.02869e+02 (1.89566e+02), Accept ratio: 0.49104, 
INFO:root:Epoch  5448, Energy: -1.04051e+02 (-1.04084e+02), Variance: 1.03871e+02 (1.65479e+02), Accept ratio: 0.49259, 
INFO:root:Epoch  5449, Energy: -1.03993e+02 (-1.04211e+02), Variance: 9.46422e+01 (2.10361e+02), Accept ratio: 0.49449, 
INFO:root:Epoch  5450, Energy: -1.04482e+02 (-1.04594e+02), Variance: 9.13238e+01 (1.51466e+02), Accept ratio: 0.49597, 
INFO:root:Epoch  5451, Energy: -1.04721e+02 (-1.04835e+02), Variance: 1.03628e+02 (1.34248e+02), Accept ratio: 0.49120, 
INFO:root:Epoch  5452, Energy: -1.04820e+02 (-1.05223e+02), Variance: 1.12194e+02 (2.42106e+02), Accept ratio: 0.49084, 
INFO:root:Epoch  5453, Energy: -1.04601e+02 (-1.05020e+02), Variance: 1.15313e+02 (1.71044e+02), Accept ratio: 0.48652, 
INFO:root:Epoch  5454, Energy: -1.03989e+02 (-1.04015e+02), Variance: 9.21595e+01 (1.12274e+02), Accept ratio: 0.49264, 
INFO:root:Epoch  5455, Energy: -1.04123e+02 (-1.04201e+02), Variance: 9.28023e+01 (1.13690e+02), Accept ratio: 0.48533, 
INFO:root:Epoch  5456, Energy: -1.04042e+02 (-1.04279e+02), Variance: 9.95507e+01 (1.79299e+02), Accept ratio: 0.49329, 
INFO:root:Epoch  5457, Energy: -1.03933e+02 (-1.03981e+02), Variance: 8.88569e+01 (1.05516e+02), Accept ratio: 0.49026, 
INFO:root:Epoch  5458, Energy: -1.04376e+02 (-1.04440e+02), Variance: 1.01368e+02 (1.31434e+02), Accept ratio: 0.49624, 
INFO:root:Epoch  5459, Energy: -1.04343e+02 (-1.04403e+02), Variance: 1.12741e+02 (1.79373e+02), Accept ratio: 0.49124, 
INFO:root:Epoch  5460, Energy: -1.04127e+02 (-1.04267e+02), Variance: 1.07290e+02 (1.47476e+02), Accept ratio: 0.48821, 
INFO:root:Epoch  5461, Energy: -1.03669e+02 (-1.03712e+02), Variance: 9.31085e+01 (1.19315e+02), Accept ratio: 0.48999, 
INFO:root:Epoch  5462, Energy: -1.04441e+02 (-1.04596e+02), Variance: 9.94291e+01 (1.27571e+02), Accept ratio: 0.49323, 
INFO:root:Epoch  5463, Energy: -1.04316e+02 (-1.04474e+02), Variance: 9.56335e+01 (1.17473e+02), Accept ratio: 0.49267, 
INFO:root:Epoch  5464, Energy: -1.04453e+02 (-1.04732e+02), Variance: 1.06472e+02 (1.57581e+02), Accept ratio: 0.49348, 
INFO:root:Epoch  5465, Energy: -1.04073e+02 (-1.04294e+02), Variance: 9.22701e+01 (1.29570e+02), Accept ratio: 0.49079, 
INFO:root:Epoch  5466, Energy: -1.04067e+02 (-1.04274e+02), Variance: 8.91771e+01 (1.35621e+02), Accept ratio: 0.49159, 
INFO:root:Epoch  5467, Energy: -1.03726e+02 (-1.03734e+02), Variance: 8.51028e+01 (1.21039e+02), Accept ratio: 0.49172, 
INFO:root:Epoch  5468, Energy: -1.03704e+02 (-1.03833e+02), Variance: 9.06092e+01 (1.23835e+02), Accept ratio: 0.49708, 
INFO:root:Epoch  5469, Energy: -1.03816e+02 (-1.03966e+02), Variance: 9.83276e+01 (1.48552e+02), Accept ratio: 0.48903, 
INFO:root:Epoch  5470, Energy: -1.03851e+02 (-1.04036e+02), Variance: 9.04345e+01 (1.24601e+02), Accept ratio: 0.49401, 
INFO:root:Epoch  5471, Energy: -1.04185e+02 (-1.04650e+02), Variance: 9.39160e+01 (1.72207e+02), Accept ratio: 0.50067, 
INFO:root:Epoch  5472, Energy: -1.03845e+02 (-1.04085e+02), Variance: 9.02386e+01 (1.33141e+02), Accept ratio: 0.49262, 
INFO:root:Epoch  5473, Energy: -1.04384e+02 (-1.04583e+02), Variance: 1.07757e+02 (1.49551e+02), Accept ratio: 0.49459, 
INFO:root:Epoch  5474, Energy: -1.04420e+02 (-1.05000e+02), Variance: 1.13982e+02 (2.33241e+02), Accept ratio: 0.49245, 
INFO:root:Epoch  5475, Energy: -1.04011e+02 (-1.03866e+02), Variance: 8.35403e+01 (1.18820e+02), Accept ratio: 0.49430, 
INFO:root:Epoch  5476, Energy: -1.04374e+02 (-1.04627e+02), Variance: 1.05376e+02 (1.97551e+02), Accept ratio: 0.49090, 
INFO:root:Epoch  5477, Energy: -1.04201e+02 (-1.04330e+02), Variance: 9.19876e+01 (1.09224e+02), Accept ratio: 0.48161, 
INFO:root:Epoch  5478, Energy: -1.04042e+02 (-1.04317e+02), Variance: 9.74838e+01 (1.99012e+02), Accept ratio: 0.48992, 
INFO:root:Epoch  5479, Energy: -1.03719e+02 (-1.03676e+02), Variance: 8.38271e+01 (1.05019e+02), Accept ratio: 0.48946, 
INFO:root:Epoch  5480, Energy: -1.04116e+02 (-1.04259e+02), Variance: 9.43431e+01 (1.25869e+02), Accept ratio: 0.49191, 
INFO:root:Epoch  5481, Energy: -1.04107e+02 (-1.04296e+02), Variance: 8.61808e+01 (1.12585e+02), Accept ratio: 0.48981, 
INFO:root:Epoch  5482, Energy: -1.04304e+02 (-1.04377e+02), Variance: 8.63599e+01 (1.11993e+02), Accept ratio: 0.48942, 
INFO:root:Epoch  5483, Energy: -1.04202e+02 (-1.04364e+02), Variance: 8.53730e+01 (1.63688e+02), Accept ratio: 0.49860, 
INFO:root:Epoch  5484, Energy: -1.04195e+02 (-1.04348e+02), Variance: 8.90575e+01 (1.25570e+02), Accept ratio: 0.49159, 
INFO:root:Epoch  5485, Energy: -1.04402e+02 (-1.04594e+02), Variance: 9.12463e+01 (1.31282e+02), Accept ratio: 0.48732, 
INFO:root:Epoch  5486, Energy: -1.04581e+02 (-1.04615e+02), Variance: 1.06295e+02 (1.91068e+02), Accept ratio: 0.49149, 
INFO:root:Epoch  5487, Energy: -1.03593e+02 (-1.03530e+02), Variance: 9.77980e+01 (2.95133e+02), Accept ratio: 0.48877, 
INFO:root:Epoch  5488, Energy: -1.04504e+02 (-1.04252e+02), Variance: 1.02612e+02 (2.17067e+02), Accept ratio: 0.49160, 
INFO:root:Epoch  5489, Energy: -1.04263e+02 (-1.04319e+02), Variance: 8.94944e+01 (1.10709e+02), Accept ratio: 0.49296, 
INFO:root:Epoch  5490, Energy: -1.04517e+02 (-1.04370e+02), Variance: 9.19198e+01 (1.57874e+02), Accept ratio: 0.49510, 
INFO:root:Epoch  5491, Energy: -1.04183e+02 (-1.04165e+02), Variance: 8.85015e+01 (1.14882e+02), Accept ratio: 0.48822, 
INFO:root:Epoch  5492, Energy: -1.04636e+02 (-1.04704e+02), Variance: 1.03210e+02 (1.22716e+02), Accept ratio: 0.50012, 
INFO:root:Epoch  5493, Energy: -1.04487e+02 (-1.04231e+02), Variance: 9.94790e+01 (1.96660e+02), Accept ratio: 0.48735, 
INFO:root:Epoch  5494, Energy: -1.04530e+02 (-1.04428e+02), Variance: 9.71233e+01 (1.61317e+02), Accept ratio: 0.49269, 
INFO:root:Epoch  5495, Energy: -1.04809e+02 (-1.04969e+02), Variance: 8.28506e+01 (9.86181e+01), Accept ratio: 0.48789, 
INFO:root:Epoch  5496, Energy: -1.04423e+02 (-1.04720e+02), Variance: 9.74328e+01 (1.39480e+02), Accept ratio: 0.49405, 
INFO:root:Epoch  5497, Energy: -1.04224e+02 (-1.04198e+02), Variance: 1.01536e+02 (1.53192e+02), Accept ratio: 0.48597, 
INFO:root:Epoch  5498, Energy: -1.04295e+02 (-1.04371e+02), Variance: 9.93174e+01 (1.51986e+02), Accept ratio: 0.49296, 
INFO:root:Epoch  5499, Energy: -1.03743e+02 (-1.03724e+02), Variance: 7.87429e+01 (1.01886e+02), Accept ratio: 0.49483, 
INFO:root:Epoch  5500, Energy: -1.04417e+02 (-1.04623e+02), Variance: 8.83175e+01 (1.35661e+02), Accept ratio: 0.49300, 
INFO:root:Epoch  5501, Energy: -1.04521e+02 (-1.04758e+02), Variance: 8.99784e+01 (1.30799e+02), Accept ratio: 0.49445, 
INFO:root:Epoch  5502, Energy: -1.04443e+02 (-1.04809e+02), Variance: 9.78760e+01 (1.67988e+02), Accept ratio: 0.49915, 
INFO:root:Epoch  5503, Energy: -1.04607e+02 (-1.04666e+02), Variance: 9.64321e+01 (1.15323e+02), Accept ratio: 0.49049, 
INFO:root:Epoch  5504, Energy: -1.04221e+02 (-1.04313e+02), Variance: 9.05579e+01 (1.12487e+02), Accept ratio: 0.49594, 
INFO:root:Epoch  5505, Energy: -1.03824e+02 (-1.03924e+02), Variance: 1.04108e+02 (3.24020e+02), Accept ratio: 0.49383, 
INFO:root:Epoch  5506, Energy: -1.03979e+02 (-1.03741e+02), Variance: 9.98420e+01 (2.66634e+02), Accept ratio: 0.49202, 
INFO:root:Epoch  5507, Energy: -1.04340e+02 (-1.04488e+02), Variance: 1.01452e+02 (1.27405e+02), Accept ratio: 0.49241, 
INFO:root:Epoch  5508, Energy: -1.03939e+02 (-1.04132e+02), Variance: 9.08079e+01 (1.17614e+02), Accept ratio: 0.48469, 
INFO:root:Epoch  5509, Energy: -1.04082e+02 (-1.04132e+02), Variance: 9.17007e+01 (1.46313e+02), Accept ratio: 0.49375, 
INFO:root:Epoch  5510, Energy: -1.04307e+02 (-1.04367e+02), Variance: 1.00328e+02 (1.83871e+02), Accept ratio: 0.48849, 
INFO:root:Epoch  5511, Energy: -1.04488e+02 (-1.04604e+02), Variance: 9.32891e+01 (1.11538e+02), Accept ratio: 0.50064, 
INFO:root:Epoch  5512, Energy: -1.04699e+02 (-1.05112e+02), Variance: 1.00986e+02 (1.87107e+02), Accept ratio: 0.49537, 
INFO:root:Epoch  5513, Energy: -1.04442e+02 (-1.04687e+02), Variance: 8.62081e+01 (1.20421e+02), Accept ratio: 0.48310, 
INFO:root:Epoch  5514, Energy: -1.04489e+02 (-1.04696e+02), Variance: 9.87710e+01 (1.33970e+02), Accept ratio: 0.48861, 
INFO:root:Epoch  5515, Energy: -1.03757e+02 (-1.03918e+02), Variance: 8.37196e+01 (1.29814e+02), Accept ratio: 0.48984, 
INFO:root:Epoch  5516, Energy: -1.04078e+02 (-1.04251e+02), Variance: 7.67611e+01 (1.03285e+02), Accept ratio: 0.49615, 
INFO:root:Epoch  5517, Energy: -1.04455e+02 (-1.04696e+02), Variance: 1.02394e+02 (1.57420e+02), Accept ratio: 0.49358, 
INFO:root:Epoch  5518, Energy: -1.04373e+02 (-1.04392e+02), Variance: 8.91679e+01 (1.24622e+02), Accept ratio: 0.49183, 
INFO:root:Epoch  5519, Energy: -1.04275e+02 (-1.04468e+02), Variance: 8.97153e+01 (1.09394e+02), Accept ratio: 0.49650, 
INFO:root:Epoch  5520, Energy: -1.03855e+02 (-1.03833e+02), Variance: 9.04557e+01 (1.44201e+02), Accept ratio: 0.49507, 
INFO:root:Epoch  5521, Energy: -1.04749e+02 (-1.03826e+02), Variance: 1.06378e+02 (1.31490e+03), Accept ratio: 0.49447, 
INFO:root:Epoch  5522, Energy: -1.04229e+02 (-1.04343e+02), Variance: 8.71244e+01 (1.09538e+02), Accept ratio: 0.48971, 
INFO:root:Epoch  5523, Energy: -1.03824e+02 (-1.03640e+02), Variance: 8.38614e+01 (2.01306e+02), Accept ratio: 0.49838, 
INFO:root:Epoch  5524, Energy: -1.03957e+02 (-1.03877e+02), Variance: 8.21844e+01 (1.10591e+02), Accept ratio: 0.49210, 
INFO:root:Epoch  5525, Energy: -1.04468e+02 (-1.04421e+02), Variance: 9.68682e+01 (1.40105e+02), Accept ratio: 0.49992, 
INFO:root:Epoch  5526, Energy: -1.04319e+02 (-1.04507e+02), Variance: 8.86182e+01 (1.90673e+02), Accept ratio: 0.49628, 
INFO:root:Epoch  5527, Energy: -1.04111e+02 (-1.04217e+02), Variance: 9.76498e+01 (1.17432e+02), Accept ratio: 0.48894, 
INFO:root:Epoch  5528, Energy: -1.04061e+02 (-1.04007e+02), Variance: 8.90006e+01 (1.01372e+02), Accept ratio: 0.49252, 
INFO:root:Epoch  5529, Energy: -1.04405e+02 (-1.04682e+02), Variance: 9.01348e+01 (1.21192e+02), Accept ratio: 0.49185, 
INFO:root:Epoch  5530, Energy: -1.04083e+02 (-1.04038e+02), Variance: 9.45169e+01 (1.28399e+02), Accept ratio: 0.49087, 
INFO:root:Epoch  5531, Energy: -1.03699e+02 (-1.03561e+02), Variance: 9.96367e+01 (1.93729e+02), Accept ratio: 0.48878, 
INFO:root:Epoch  5532, Energy: -1.04049e+02 (-1.04267e+02), Variance: 8.98760e+01 (1.29748e+02), Accept ratio: 0.49125, 
INFO:root:Epoch  5533, Energy: -1.04531e+02 (-1.04740e+02), Variance: 1.12822e+02 (1.66079e+02), Accept ratio: 0.48929, 
INFO:root:Epoch  5534, Energy: -1.03809e+02 (-1.03838e+02), Variance: 9.74573e+01 (1.24128e+02), Accept ratio: 0.48565, 
INFO:root:Epoch  5535, Energy: -1.03414e+02 (-1.03381e+02), Variance: 8.18651e+01 (1.03847e+02), Accept ratio: 0.49181, 
INFO:root:Epoch  5536, Energy: -1.03649e+02 (-1.03626e+02), Variance: 1.05430e+02 (2.00081e+02), Accept ratio: 0.48827, 
INFO:root:Epoch  5537, Energy: -1.04515e+02 (-1.04833e+02), Variance: 1.02968e+02 (2.16416e+02), Accept ratio: 0.48833, 
INFO:root:Epoch  5538, Energy: -1.04226e+02 (-1.03951e+02), Variance: 1.01473e+02 (1.95647e+02), Accept ratio: 0.48786, 
INFO:root:Epoch  5539, Energy: -1.04111e+02 (-1.04128e+02), Variance: 9.41555e+01 (1.19775e+02), Accept ratio: 0.49691, 
INFO:root:Epoch  5540, Energy: -1.04097e+02 (-1.04249e+02), Variance: 7.71516e+01 (1.17838e+02), Accept ratio: 0.48489, 
INFO:root:Epoch  5541, Energy: -1.03974e+02 (-1.04085e+02), Variance: 8.54812e+01 (9.76442e+01), Accept ratio: 0.48447, 
INFO:root:Epoch  5542, Energy: -1.03795e+02 (-1.03718e+02), Variance: 7.99993e+01 (1.45936e+02), Accept ratio: 0.48550, 
INFO:root:Epoch  5543, Energy: -1.04015e+02 (-1.03962e+02), Variance: 8.97657e+01 (1.32437e+02), Accept ratio: 0.49337, 
INFO:root:Epoch  5544, Energy: -1.03986e+02 (-1.04172e+02), Variance: 8.81892e+01 (1.13271e+02), Accept ratio: 0.48944, 
INFO:root:Epoch  5545, Energy: -1.03720e+02 (-1.04092e+02), Variance: 9.49186e+01 (1.90683e+02), Accept ratio: 0.49045, 
INFO:root:Epoch  5546, Energy: -1.04094e+02 (-1.04371e+02), Variance: 8.86368e+01 (1.36806e+02), Accept ratio: 0.49380, 
INFO:root:Epoch  5547, Energy: -1.03778e+02 (-1.03940e+02), Variance: 7.91564e+01 (9.81613e+01), Accept ratio: 0.48853, 
INFO:root:Epoch  5548, Energy: -1.03832e+02 (-1.03970e+02), Variance: 8.42925e+01 (1.16825e+02), Accept ratio: 0.49240, 
INFO:root:Epoch  5549, Energy: -1.04682e+02 (-1.04951e+02), Variance: 1.05511e+02 (1.66587e+02), Accept ratio: 0.49485, 
INFO:root:Epoch  5550, Energy: -1.04380e+02 (-1.04547e+02), Variance: 9.62296e+01 (1.31936e+02), Accept ratio: 0.49072, 
INFO:root:Epoch  5551, Energy: -1.04668e+02 (-1.04970e+02), Variance: 9.56504e+01 (1.36455e+02), Accept ratio: 0.48800, 
INFO:root:Epoch  5552, Energy: -1.04162e+02 (-1.04121e+02), Variance: 7.99823e+01 (1.04447e+02), Accept ratio: 0.48843, 
INFO:root:Epoch  5553, Energy: -1.04582e+02 (-1.04819e+02), Variance: 8.59727e+01 (1.19026e+02), Accept ratio: 0.48623, 
INFO:root:Epoch  5554, Energy: -1.04519e+02 (-1.04762e+02), Variance: 8.60759e+01 (1.15244e+02), Accept ratio: 0.49161, 
INFO:root:Epoch  5555, Energy: -1.04125e+02 (-1.04269e+02), Variance: 8.30338e+01 (1.98347e+02), Accept ratio: 0.50103, 
INFO:root:Epoch  5556, Energy: -1.04184e+02 (-1.04315e+02), Variance: 8.35979e+01 (1.04868e+02), Accept ratio: 0.49525, 
INFO:root:Epoch  5557, Energy: -1.04673e+02 (-1.04578e+02), Variance: 9.59157e+01 (2.14708e+02), Accept ratio: 0.49013, 
INFO:root:Epoch  5558, Energy: -1.04867e+02 (-1.04823e+02), Variance: 9.41532e+01 (1.62593e+02), Accept ratio: 0.49536, 
INFO:root:Epoch  5559, Energy: -1.04678e+02 (-1.04863e+02), Variance: 8.94197e+01 (1.11113e+02), Accept ratio: 0.48426, 
INFO:root:Epoch  5560, Energy: -1.04913e+02 (-1.05098e+02), Variance: 1.02525e+02 (1.34758e+02), Accept ratio: 0.49415, 
INFO:root:Epoch  5561, Energy: -1.04458e+02 (-1.04466e+02), Variance: 7.73221e+01 (8.60665e+01), Accept ratio: 0.49006, 
INFO:root:Epoch  5562, Energy: -1.04783e+02 (-1.05062e+02), Variance: 9.54119e+01 (1.42976e+02), Accept ratio: 0.48730, 
INFO:root:Epoch  5563, Energy: -1.04642e+02 (-1.05118e+02), Variance: 9.35462e+01 (1.99554e+02), Accept ratio: 0.48371, 
INFO:root:Epoch  5564, Energy: -1.04541e+02 (-1.04564e+02), Variance: 9.09963e+01 (1.38941e+02), Accept ratio: 0.49054, 
INFO:root:Epoch  5565, Energy: -1.04178e+02 (-1.04248e+02), Variance: 7.83936e+01 (8.44895e+01), Accept ratio: 0.48707, 
INFO:root:Epoch  5566, Energy: -1.04578e+02 (-1.04686e+02), Variance: 8.38739e+01 (1.07889e+02), Accept ratio: 0.49224, 
INFO:root:Epoch  5567, Energy: -1.04280e+02 (-1.04353e+02), Variance: 9.95367e+01 (1.24341e+02), Accept ratio: 0.48830, 
INFO:root:Epoch  5568, Energy: -1.03851e+02 (-1.03913e+02), Variance: 7.54860e+01 (9.27404e+01), Accept ratio: 0.48592, 
INFO:root:Epoch  5569, Energy: -1.04012e+02 (-1.03846e+02), Variance: 8.59989e+01 (1.35384e+02), Accept ratio: 0.49299, 
INFO:root:Epoch  5570, Energy: -1.03510e+02 (-1.03453e+02), Variance: 9.15313e+01 (1.38049e+02), Accept ratio: 0.49325, 
INFO:root:Epoch  5571, Energy: -1.04265e+02 (-1.03871e+02), Variance: 9.95548e+01 (4.46777e+02), Accept ratio: 0.49010, 
INFO:root:Epoch  5572, Energy: -1.04477e+02 (-1.04791e+02), Variance: 8.80970e+01 (1.49632e+02), Accept ratio: 0.48568, 
INFO:root:Epoch  5573, Energy: -1.04279e+02 (-1.04403e+02), Variance: 9.39113e+01 (1.24356e+02), Accept ratio: 0.49208, 
INFO:root:Epoch  5574, Energy: -1.04552e+02 (-1.04792e+02), Variance: 1.00760e+02 (1.30660e+02), Accept ratio: 0.48997, 
INFO:root:Epoch  5575, Energy: -1.05150e+02 (-1.05499e+02), Variance: 9.53856e+01 (1.45005e+02), Accept ratio: 0.49526, 
INFO:root:Epoch  5576, Energy: -1.05289e+02 (-1.05565e+02), Variance: 1.02509e+02 (1.48996e+02), Accept ratio: 0.49129, 
INFO:root:Epoch  5577, Energy: -1.04272e+02 (-1.04474e+02), Variance: 8.07042e+01 (1.45035e+02), Accept ratio: 0.49306, 
INFO:root:Epoch  5578, Energy: -1.04576e+02 (-1.04586e+02), Variance: 1.08643e+02 (1.79916e+02), Accept ratio: 0.48684, 
INFO:root:Epoch  5579, Energy: -1.04217e+02 (-1.04404e+02), Variance: 1.00916e+02 (2.10599e+02), Accept ratio: 0.48604, 
INFO:root:Epoch  5580, Energy: -1.04321e+02 (-1.04577e+02), Variance: 9.11218e+01 (1.38923e+02), Accept ratio: 0.49197, 
INFO:root:Epoch  5581, Energy: -1.04787e+02 (-1.04959e+02), Variance: 8.90243e+01 (1.20562e+02), Accept ratio: 0.49512, 
INFO:root:Epoch  5582, Energy: -1.04513e+02 (-1.04784e+02), Variance: 8.86362e+01 (1.91717e+02), Accept ratio: 0.48372, 
INFO:root:Epoch  5583, Energy: -1.04950e+02 (-1.05153e+02), Variance: 9.24942e+01 (1.19645e+02), Accept ratio: 0.48820, 
INFO:root:Epoch  5584, Energy: -1.04025e+02 (-1.03994e+02), Variance: 8.21175e+01 (9.96555e+01), Accept ratio: 0.48836, 
INFO:root:Epoch  5585, Energy: -1.04165e+02 (-1.04571e+02), Variance: 8.86173e+01 (1.55743e+02), Accept ratio: 0.49665, 
INFO:root:Epoch  5586, Energy: -1.04660e+02 (-1.04767e+02), Variance: 1.06218e+02 (1.46736e+02), Accept ratio: 0.48917, 
INFO:root:Epoch  5587, Energy: -1.04320e+02 (-1.04625e+02), Variance: 8.98056e+01 (1.41015e+02), Accept ratio: 0.48767, 
INFO:root:Epoch  5588, Energy: -1.04950e+02 (-1.05169e+02), Variance: 9.17818e+01 (1.27750e+02), Accept ratio: 0.49319, 
INFO:root:Epoch  5589, Energy: -1.04439e+02 (-1.04545e+02), Variance: 8.68707e+01 (1.29174e+02), Accept ratio: 0.48481, 
INFO:root:Epoch  5590, Energy: -1.04009e+02 (-1.04046e+02), Variance: 9.19958e+01 (1.42589e+02), Accept ratio: 0.48679, 
INFO:root:Epoch  5591, Energy: -1.04247e+02 (-1.04138e+02), Variance: 8.36764e+01 (1.12385e+02), Accept ratio: 0.49304, 
INFO:root:Epoch  5592, Energy: -1.04920e+02 (-1.05184e+02), Variance: 9.03962e+01 (1.76881e+02), Accept ratio: 0.48988, 
INFO:root:Epoch  5593, Energy: -1.04656e+02 (-1.05201e+02), Variance: 9.10660e+01 (2.80918e+02), Accept ratio: 0.49062, 
INFO:root:Epoch  5594, Energy: -1.04416e+02 (-1.04428e+02), Variance: 8.50344e+01 (1.20998e+02), Accept ratio: 0.48921, 
INFO:root:Epoch  5595, Energy: -1.04151e+02 (-1.03944e+02), Variance: 8.39057e+01 (1.38182e+02), Accept ratio: 0.48409, 
INFO:root:Epoch  5596, Energy: -1.03901e+02 (-1.03839e+02), Variance: 9.25580e+01 (1.47120e+02), Accept ratio: 0.48257, 
INFO:root:Epoch  5597, Energy: -1.04072e+02 (-1.04085e+02), Variance: 8.70871e+01 (1.02116e+02), Accept ratio: 0.49354, 
INFO:root:Epoch  5598, Energy: -1.04023e+02 (-1.04165e+02), Variance: 8.75145e+01 (1.01789e+02), Accept ratio: 0.49152, 
INFO:root:Epoch  5599, Energy: -1.03948e+02 (-1.03930e+02), Variance: 8.41727e+01 (1.11705e+02), Accept ratio: 0.49154, 
INFO:root:Epoch  5600, Energy: -1.04288e+02 (-1.04121e+02), Variance: 8.33993e+01 (1.77215e+02), Accept ratio: 0.49184, 
INFO:root:Epoch  5601, Energy: -1.04182e+02 (-1.04289e+02), Variance: 9.60824e+01 (1.34626e+02), Accept ratio: 0.48983, 
INFO:root:Epoch  5602, Energy: -1.04225e+02 (-1.04438e+02), Variance: 9.31962e+01 (1.31113e+02), Accept ratio: 0.49332, 
INFO:root:Epoch  5603, Energy: -1.04422e+02 (-1.04561e+02), Variance: 8.75858e+01 (1.03349e+02), Accept ratio: 0.48957, 
INFO:root:Epoch  5604, Energy: -1.04284e+02 (-1.04658e+02), Variance: 7.82219e+01 (1.42620e+02), Accept ratio: 0.48516, 
INFO:root:Epoch  5605, Energy: -1.04242e+02 (-1.04465e+02), Variance: 8.51099e+01 (1.16430e+02), Accept ratio: 0.48110, 
INFO:root:Epoch  5606, Energy: -1.04048e+02 (-1.04166e+02), Variance: 7.92476e+01 (1.04506e+02), Accept ratio: 0.48622, 
INFO:root:Epoch  5607, Energy: -1.03940e+02 (-1.03915e+02), Variance: 7.78070e+01 (9.05758e+01), Accept ratio: 0.49336, 
INFO:root:Epoch  5608, Energy: -1.03315e+02 (-1.03491e+02), Variance: 9.18779e+01 (2.03765e+02), Accept ratio: 0.49052, 
INFO:root:Epoch  5609, Energy: -1.04058e+02 (-1.03927e+02), Variance: 8.77403e+01 (1.20433e+02), Accept ratio: 0.49019, 
INFO:root:Epoch  5610, Energy: -1.03522e+02 (-1.03437e+02), Variance: 8.96114e+01 (1.32387e+02), Accept ratio: 0.48426, 
INFO:root:Epoch  5611, Energy: -1.03951e+02 (-1.04157e+02), Variance: 9.65887e+01 (1.59993e+02), Accept ratio: 0.49342, 
INFO:root:Epoch  5612, Energy: -1.03998e+02 (-1.03893e+02), Variance: 8.50744e+01 (1.18902e+02), Accept ratio: 0.49235, 
INFO:root:Epoch  5613, Energy: -1.04581e+02 (-1.04612e+02), Variance: 9.00338e+01 (1.28944e+02), Accept ratio: 0.48353, 
INFO:root:Epoch  5614, Energy: -1.04417e+02 (-1.04697e+02), Variance: 9.38122e+01 (1.56737e+02), Accept ratio: 0.49077, 
INFO:root:Epoch  5615, Energy: -1.04080e+02 (-1.04172e+02), Variance: 9.22246e+01 (2.09688e+02), Accept ratio: 0.48365, 
INFO:root:Epoch  5616, Energy: -1.04083e+02 (-1.04299e+02), Variance: 8.15676e+01 (1.38673e+02), Accept ratio: 0.48677, 
INFO:root:Epoch  5617, Energy: -1.04327e+02 (-1.04381e+02), Variance: 7.91980e+01 (1.04381e+02), Accept ratio: 0.49388, 
INFO:root:Epoch  5618, Energy: -1.04280e+02 (-1.04431e+02), Variance: 7.50952e+01 (9.72989e+01), Accept ratio: 0.49016, 
INFO:root:Epoch  5619, Energy: -1.04276e+02 (-1.04461e+02), Variance: 8.00321e+01 (1.04926e+02), Accept ratio: 0.49090, 
INFO:root:Epoch  5620, Energy: -1.04102e+02 (-1.04039e+02), Variance: 9.14955e+01 (1.40771e+02), Accept ratio: 0.49594, 
INFO:root:Epoch  5621, Energy: -1.04374e+02 (-1.04334e+02), Variance: 8.19607e+01 (1.12961e+02), Accept ratio: 0.49466, 
INFO:root:Epoch  5622, Energy: -1.04209e+02 (-1.03982e+02), Variance: 8.77730e+01 (1.66788e+02), Accept ratio: 0.48487, 
INFO:root:Epoch  5623, Energy: -1.04501e+02 (-1.04636e+02), Variance: 8.58020e+01 (1.00946e+02), Accept ratio: 0.48783, 
INFO:root:Epoch  5624, Energy: -1.04470e+02 (-1.04622e+02), Variance: 7.32792e+01 (9.45653e+01), Accept ratio: 0.49321, 
INFO:root:Epoch  5625, Energy: -1.04493e+02 (-1.04696e+02), Variance: 8.47092e+01 (1.24714e+02), Accept ratio: 0.48559, 
INFO:root:Epoch  5626, Energy: -1.04239e+02 (-1.04334e+02), Variance: 7.87148e+01 (1.14767e+02), Accept ratio: 0.48791, 
INFO:root:Epoch  5627, Energy: -1.04845e+02 (-1.04972e+02), Variance: 8.46650e+01 (1.00787e+02), Accept ratio: 0.49069, 
INFO:root:Epoch  5628, Energy: -1.04500e+02 (-1.04601e+02), Variance: 7.51909e+01 (1.10646e+02), Accept ratio: 0.48844, 
INFO:root:Epoch  5629, Energy: -1.04761e+02 (-1.05112e+02), Variance: 8.32576e+01 (1.67323e+02), Accept ratio: 0.48996, 
INFO:root:Epoch  5630, Energy: -1.04374e+02 (-1.04727e+02), Variance: 7.59745e+01 (1.40548e+02), Accept ratio: 0.48992, 
INFO:root:Epoch  5631, Energy: -1.04679e+02 (-1.04750e+02), Variance: 7.78869e+01 (9.08789e+01), Accept ratio: 0.49654, 
INFO:root:Epoch  5632, Energy: -1.04534e+02 (-1.04777e+02), Variance: 7.26281e+01 (9.47052e+01), Accept ratio: 0.49388, 
INFO:root:Epoch  5633, Energy: -1.04354e+02 (-1.04648e+02), Variance: 8.01960e+01 (1.30006e+02), Accept ratio: 0.48632, 
INFO:root:Epoch  5634, Energy: -1.04268e+02 (-1.04353e+02), Variance: 7.03109e+01 (9.92131e+01), Accept ratio: 0.48940, 
INFO:root:Epoch  5635, Energy: -1.04373e+02 (-1.04405e+02), Variance: 7.24818e+01 (8.73457e+01), Accept ratio: 0.49632, 
INFO:root:Epoch  5636, Energy: -1.04639e+02 (-1.04716e+02), Variance: 9.00669e+01 (1.30943e+02), Accept ratio: 0.48663, 
INFO:root:Epoch  5637, Energy: -1.04667e+02 (-1.05022e+02), Variance: 8.11529e+01 (2.14312e+02), Accept ratio: 0.49240, 
INFO:root:Epoch  5638, Energy: -1.04338e+02 (-1.04848e+02), Variance: 8.30846e+01 (2.53441e+02), Accept ratio: 0.49255, 
INFO:root:Epoch  5639, Energy: -1.04481e+02 (-1.04575e+02), Variance: 7.82298e+01 (9.66173e+01), Accept ratio: 0.49414, 
INFO:root:Epoch  5640, Energy: -1.04558e+02 (-1.04600e+02), Variance: 9.10951e+01 (1.60990e+02), Accept ratio: 0.49010, 
INFO:root:Epoch  5641, Energy: -1.04782e+02 (-1.04896e+02), Variance: 8.15772e+01 (1.12937e+02), Accept ratio: 0.49158, 
INFO:root:Epoch  5642, Energy: -1.04669e+02 (-1.05837e+02), Variance: 8.69129e+01 (1.45003e+03), Accept ratio: 0.49120, 
INFO:root:Epoch  5643, Energy: -1.04566e+02 (-1.04682e+02), Variance: 8.19114e+01 (1.08573e+02), Accept ratio: 0.48336, 
INFO:root:Epoch  5644, Energy: -1.04457e+02 (-1.04646e+02), Variance: 7.89770e+01 (1.19612e+02), Accept ratio: 0.48173, 
INFO:root:Epoch  5645, Energy: -1.04270e+02 (-1.04539e+02), Variance: 8.74114e+01 (1.36156e+02), Accept ratio: 0.49108, 
INFO:root:Epoch  5646, Energy: -1.03818e+02 (-1.03774e+02), Variance: 7.44005e+01 (1.28723e+02), Accept ratio: 0.48870, 
INFO:root:Epoch  5647, Energy: -1.03782e+02 (-1.03755e+02), Variance: 7.32205e+01 (1.11558e+02), Accept ratio: 0.48928, 
INFO:root:Epoch  5648, Energy: -1.03753e+02 (-1.03735e+02), Variance: 7.92116e+01 (9.06339e+01), Accept ratio: 0.48917, 
INFO:root:Epoch  5649, Energy: -1.04413e+02 (-1.04584e+02), Variance: 8.35580e+01 (1.14297e+02), Accept ratio: 0.48614, 
INFO:root:Epoch  5650, Energy: -1.04372e+02 (-1.04352e+02), Variance: 7.10373e+01 (8.59943e+01), Accept ratio: 0.49264, 
INFO:root:Epoch  5651, Energy: -1.04010e+02 (-1.04046e+02), Variance: 7.44008e+01 (1.09401e+02), Accept ratio: 0.48883, 
INFO:root:Epoch  5652, Energy: -1.04308e+02 (-1.04451e+02), Variance: 7.90772e+01 (1.16846e+02), Accept ratio: 0.49006, 
INFO:root:Epoch  5653, Energy: -1.04629e+02 (-1.05149e+02), Variance: 9.17642e+01 (2.11587e+02), Accept ratio: 0.48956, 
INFO:root:Epoch  5654, Energy: -1.04351e+02 (-1.04222e+02), Variance: 8.69467e+01 (1.40666e+02), Accept ratio: 0.49290, 
INFO:root:Epoch  5655, Energy: -1.03925e+02 (-1.03564e+02), Variance: 7.79510e+01 (1.39126e+02), Accept ratio: 0.48406, 
INFO:root:Epoch  5656, Energy: -1.03940e+02 (-1.03831e+02), Variance: 8.13312e+01 (1.28908e+02), Accept ratio: 0.48481, 
INFO:root:Epoch  5657, Energy: -1.04359e+02 (-1.04397e+02), Variance: 7.81492e+01 (9.61224e+01), Accept ratio: 0.48843, 
INFO:root:Epoch  5658, Energy: -1.04204e+02 (-1.04279e+02), Variance: 6.84139e+01 (1.00276e+02), Accept ratio: 0.48910, 
INFO:root:Epoch  5659, Energy: -1.04491e+02 (-1.04791e+02), Variance: 7.42641e+01 (1.11243e+02), Accept ratio: 0.48830, 
INFO:root:Epoch  5660, Energy: -1.03916e+02 (-1.03907e+02), Variance: 7.44511e+01 (1.06753e+02), Accept ratio: 0.48564, 
INFO:root:Epoch  5661, Energy: -1.04604e+02 (-1.04804e+02), Variance: 8.44421e+01 (1.28908e+02), Accept ratio: 0.48284, 
INFO:root:Epoch  5662, Energy: -1.04202e+02 (-1.04157e+02), Variance: 7.28708e+01 (9.29643e+01), Accept ratio: 0.48429, 
INFO:root:Epoch  5663, Energy: -1.04318e+02 (-1.04440e+02), Variance: 7.91796e+01 (1.21834e+02), Accept ratio: 0.49024, 
INFO:root:Epoch  5664, Energy: -1.04824e+02 (-1.05118e+02), Variance: 8.33677e+01 (1.34057e+02), Accept ratio: 0.48181, 
INFO:root:Epoch  5665, Energy: -1.04518e+02 (-1.04621e+02), Variance: 7.50084e+01 (1.10214e+02), Accept ratio: 0.48325, 
INFO:root:Epoch  5666, Energy: -1.04826e+02 (-1.05409e+02), Variance: 7.73584e+01 (1.95609e+02), Accept ratio: 0.48927, 
INFO:root:Epoch  5667, Energy: -1.04545e+02 (-1.04659e+02), Variance: 7.98398e+01 (9.76116e+01), Accept ratio: 0.49116, 
INFO:root:Epoch  5668, Energy: -1.04373e+02 (-1.04490e+02), Variance: 7.10807e+01 (8.87199e+01), Accept ratio: 0.48706, 
INFO:root:Epoch  5669, Energy: -1.04403e+02 (-1.04370e+02), Variance: 9.07060e+01 (1.60168e+02), Accept ratio: 0.48117, 
INFO:root:Epoch  5670, Energy: -1.04512e+02 (-1.04543e+02), Variance: 7.77435e+01 (9.68609e+01), Accept ratio: 0.48593, 
INFO:root:Epoch  5671, Energy: -1.04479e+02 (-1.04245e+02), Variance: 9.32309e+01 (3.58251e+02), Accept ratio: 0.48306, 
INFO:root:Epoch  5672, Energy: -1.05069e+02 (-1.04977e+02), Variance: 8.26955e+01 (1.17121e+02), Accept ratio: 0.47681, 
INFO:root:Epoch  5673, Energy: -1.04678e+02 (-1.04773e+02), Variance: 8.35128e+01 (1.47286e+02), Accept ratio: 0.48513, 
INFO:root:Epoch  5674, Energy: -1.04627e+02 (-1.04807e+02), Variance: 8.27150e+01 (1.25387e+02), Accept ratio: 0.48550, 
INFO:root:Epoch  5675, Energy: -1.04451e+02 (-1.04402e+02), Variance: 9.07909e+01 (1.35627e+02), Accept ratio: 0.48710, 
INFO:root:Epoch  5676, Energy: -1.04718e+02 (-1.04722e+02), Variance: 7.58862e+01 (9.98832e+01), Accept ratio: 0.48659, 
INFO:root:Epoch  5677, Energy: -1.04446e+02 (-1.04565e+02), Variance: 6.84518e+01 (8.44805e+01), Accept ratio: 0.47966, 
INFO:root:Epoch  5678, Energy: -1.04314e+02 (-1.04459e+02), Variance: 6.50333e+01 (7.74636e+01), Accept ratio: 0.49061, 
INFO:root:Epoch  5679, Energy: -1.04657e+02 (-1.04750e+02), Variance: 6.31583e+01 (7.40531e+01), Accept ratio: 0.48639, 
INFO:root:Epoch  5680, Energy: -1.04952e+02 (-1.05020e+02), Variance: 8.10136e+01 (1.12527e+02), Accept ratio: 0.48964, 
INFO:root:Epoch  5681, Energy: -1.04522e+02 (-1.04566e+02), Variance: 7.74889e+01 (1.17971e+02), Accept ratio: 0.48650, 
INFO:root:Epoch  5682, Energy: -1.04487e+02 (-1.04532e+02), Variance: 7.91089e+01 (1.01696e+02), Accept ratio: 0.48306, 
INFO:root:Epoch  5683, Energy: -1.04644e+02 (-1.04676e+02), Variance: 8.23240e+01 (1.44683e+02), Accept ratio: 0.49134, 
INFO:root:Epoch  5684, Energy: -1.04465e+02 (-1.04439e+02), Variance: 7.01436e+01 (9.67085e+01), Accept ratio: 0.48549, 
INFO:root:Epoch  5685, Energy: -1.04248e+02 (-1.04209e+02), Variance: 5.68841e+01 (9.01387e+01), Accept ratio: 0.48938, 
INFO:root:Epoch  5686, Energy: -1.04556e+02 (-1.04357e+02), Variance: 6.36524e+01 (1.09336e+02), Accept ratio: 0.49237, 
INFO:root:Epoch  5687, Energy: -1.05128e+02 (-1.05344e+02), Variance: 6.80847e+01 (1.07238e+02), Accept ratio: 0.48832, 
INFO:root:Epoch  5688, Energy: -1.04958e+02 (-1.05154e+02), Variance: 6.50647e+01 (9.40818e+01), Accept ratio: 0.47690, 
INFO:root:Epoch  5689, Energy: -1.04282e+02 (-1.04439e+02), Variance: 6.31007e+01 (8.41770e+01), Accept ratio: 0.48906, 
INFO:root:Epoch  5690, Energy: -1.04221e+02 (-1.04288e+02), Variance: 6.81493e+01 (8.90433e+01), Accept ratio: 0.48626, 
INFO:root:Epoch  5691, Energy: -1.04407e+02 (-1.04450e+02), Variance: 6.47513e+01 (7.29508e+01), Accept ratio: 0.49262, 
INFO:root:Epoch  5692, Energy: -1.04532e+02 (-1.04412e+02), Variance: 6.80748e+01 (1.35501e+02), Accept ratio: 0.48749, 
INFO:root:Epoch  5693, Energy: -1.04276e+02 (-1.04272e+02), Variance: 7.57047e+01 (1.34772e+02), Accept ratio: 0.48263, 
INFO:root:Epoch  5694, Energy: -1.04673e+02 (-1.04629e+02), Variance: 6.79266e+01 (7.54319e+01), Accept ratio: 0.48376, 
INFO:root:Epoch  5695, Energy: -1.04535e+02 (-1.04586e+02), Variance: 7.38963e+01 (9.75481e+01), Accept ratio: 0.48477, 
INFO:root:Epoch  5696, Energy: -1.04838e+02 (-1.04888e+02), Variance: 7.64047e+01 (1.05402e+02), Accept ratio: 0.48235, 
INFO:root:Epoch  5697, Energy: -1.04545e+02 (-1.04589e+02), Variance: 7.18332e+01 (1.14147e+02), Accept ratio: 0.48772, 
INFO:root:Epoch  5698, Energy: -1.04880e+02 (-1.04892e+02), Variance: 6.78343e+01 (8.74134e+01), Accept ratio: 0.49026, 
INFO:root:Epoch  5699, Energy: -1.04441e+02 (-1.04428e+02), Variance: 6.58538e+01 (7.84778e+01), Accept ratio: 0.48857, 
INFO:root:Epoch  5700, Energy: -1.04693e+02 (-1.04649e+02), Variance: 7.70330e+01 (1.23356e+02), Accept ratio: 0.48639, 
INFO:root:Epoch  5701, Energy: -1.04848e+02 (-1.04889e+02), Variance: 6.63898e+01 (8.27288e+01), Accept ratio: 0.48341, 
INFO:root:Epoch  5702, Energy: -1.04838e+02 (-1.05019e+02), Variance: 6.46114e+01 (8.94923e+01), Accept ratio: 0.49409, 
INFO:root:Epoch  5703, Energy: -1.04405e+02 (-1.04427e+02), Variance: 7.23570e+01 (1.44577e+02), Accept ratio: 0.48362, 
INFO:root:Epoch  5704, Energy: -1.04087e+02 (-1.04037e+02), Variance: 7.74685e+01 (1.02453e+02), Accept ratio: 0.48517, 
INFO:root:Epoch  5705, Energy: -1.04620e+02 (-1.04768e+02), Variance: 6.65915e+01 (8.51229e+01), Accept ratio: 0.48443, 
INFO:root:Epoch  5706, Energy: -1.04496e+02 (-1.04546e+02), Variance: 6.34625e+01 (7.71089e+01), Accept ratio: 0.49022, 
INFO:root:Epoch  5707, Energy: -1.04323e+02 (-1.04396e+02), Variance: 5.58336e+01 (6.91330e+01), Accept ratio: 0.48670, 
INFO:root:Epoch  5708, Energy: -1.04428e+02 (-1.04214e+02), Variance: 7.25551e+01 (1.15364e+02), Accept ratio: 0.48770, 
INFO:root:Epoch  5709, Energy: -1.04773e+02 (-1.04921e+02), Variance: 7.45200e+01 (1.02904e+02), Accept ratio: 0.48874, 
INFO:root:Epoch  5710, Energy: -1.04954e+02 (-1.05030e+02), Variance: 6.65858e+01 (9.70276e+01), Accept ratio: 0.48661, 
INFO:root:Epoch  5711, Energy: -1.04473e+02 (-1.04447e+02), Variance: 5.58159e+01 (7.54583e+01), Accept ratio: 0.48935, 
INFO:root:Epoch  5712, Energy: -1.04650e+02 (-1.04738e+02), Variance: 6.10957e+01 (7.47663e+01), Accept ratio: 0.48868, 
INFO:root:Epoch  5713, Energy: -1.04556e+02 (-1.04657e+02), Variance: 6.92305e+01 (1.19551e+02), Accept ratio: 0.48780, 
INFO:root:Epoch  5714, Energy: -1.04452e+02 (-1.04616e+02), Variance: 6.67677e+01 (1.55920e+02), Accept ratio: 0.48170, 
INFO:root:Epoch  5715, Energy: -1.04288e+02 (-1.04341e+02), Variance: 5.89370e+01 (7.37918e+01), Accept ratio: 0.48805, 
INFO:root:Epoch  5716, Energy: -1.04327e+02 (-1.04340e+02), Variance: 5.54125e+01 (6.25064e+01), Accept ratio: 0.48630, 
INFO:root:Epoch  5717, Energy: -1.04144e+02 (-1.04237e+02), Variance: 5.56609e+01 (8.83269e+01), Accept ratio: 0.49527, 
INFO:root:Epoch  5718, Energy: -1.04284e+02 (-1.04093e+02), Variance: 5.66970e+01 (1.51559e+02), Accept ratio: 0.49138, 
INFO:root:Epoch  5719, Energy: -1.04615e+02 (-1.04575e+02), Variance: 5.93408e+01 (9.76795e+01), Accept ratio: 0.48873, 
INFO:root:Epoch  5720, Energy: -1.04601e+02 (-1.04658e+02), Variance: 6.18161e+01 (1.73658e+02), Accept ratio: 0.48517, 
INFO:root:Epoch  5721, Energy: -1.04545e+02 (-1.04783e+02), Variance: 6.14731e+01 (1.69165e+02), Accept ratio: 0.48380, 
INFO:root:Epoch  5722, Energy: -1.04557e+02 (-1.04331e+02), Variance: 6.11077e+01 (1.25903e+02), Accept ratio: 0.48525, 
INFO:root:Epoch  5723, Energy: -1.04350e+02 (-1.04363e+02), Variance: 5.66126e+01 (8.65266e+01), Accept ratio: 0.48860, 
INFO:root:Epoch  5724, Energy: -1.04265e+02 (-1.04208e+02), Variance: 5.73642e+01 (1.02529e+02), Accept ratio: 0.48414, 
INFO:root:Epoch  5725, Energy: -1.04692e+02 (-1.04658e+02), Variance: 5.66724e+01 (8.50486e+01), Accept ratio: 0.48512, 
INFO:root:Epoch  5726, Energy: -1.04705e+02 (-1.04398e+02), Variance: 6.09060e+01 (1.42436e+02), Accept ratio: 0.49068, 
INFO:root:Epoch  5727, Energy: -1.04660e+02 (-1.04548e+02), Variance: 5.52255e+01 (9.51359e+01), Accept ratio: 0.48925, 
INFO:root:Epoch  5728, Energy: -1.04640e+02 (-1.03565e+02), Variance: 7.23488e+01 (1.18255e+03), Accept ratio: 0.48842, 
INFO:root:Epoch  5729, Energy: -1.04752e+02 (-1.04787e+02), Variance: 6.83804e+01 (1.47208e+02), Accept ratio: 0.49054, 
INFO:root:Epoch  5730, Energy: -1.04703e+02 (-1.04905e+02), Variance: 6.54640e+01 (1.03559e+02), Accept ratio: 0.48780, 
INFO:root:Epoch  5731, Energy: -1.04761e+02 (-1.04708e+02), Variance: 6.00416e+01 (8.01390e+01), Accept ratio: 0.48796, 
INFO:root:Epoch  5732, Energy: -1.04679e+02 (-1.04721e+02), Variance: 6.46763e+01 (7.36708e+01), Accept ratio: 0.49146, 
INFO:root:Epoch  5733, Energy: -1.04646e+02 (-1.04778e+02), Variance: 5.26509e+01 (6.93121e+01), Accept ratio: 0.48895, 
INFO:root:Epoch  5734, Energy: -1.04679e+02 (-1.04604e+02), Variance: 5.46331e+01 (7.20884e+01), Accept ratio: 0.48882, 
INFO:root:Epoch  5735, Energy: -1.04937e+02 (-1.04854e+02), Variance: 5.85005e+01 (9.80516e+01), Accept ratio: 0.49159, 
INFO:root:Epoch  5736, Energy: -1.04453e+02 (-1.04390e+02), Variance: 5.76730e+01 (1.19117e+02), Accept ratio: 0.48067, 
INFO:root:Epoch  5737, Energy: -1.04576e+02 (-1.04687e+02), Variance: 5.74487e+01 (1.10988e+02), Accept ratio: 0.48249, 
INFO:root:Epoch  5738, Energy: -1.04734e+02 (-1.04922e+02), Variance: 5.48895e+01 (7.46657e+01), Accept ratio: 0.48212, 
INFO:root:Epoch  5739, Energy: -1.04824e+02 (-1.04800e+02), Variance: 5.81482e+01 (6.54983e+01), Accept ratio: 0.48701, 
INFO:root:Epoch  5740, Energy: -1.05024e+02 (-1.05144e+02), Variance: 6.32116e+01 (8.43291e+01), Accept ratio: 0.48618, 
INFO:root:Epoch  5741, Energy: -1.04697e+02 (-1.04721e+02), Variance: 5.88401e+01 (7.29240e+01), Accept ratio: 0.48683, 
INFO:root:Epoch  5742, Energy: -1.04814e+02 (-1.04671e+02), Variance: 5.70261e+01 (7.93118e+01), Accept ratio: 0.49150, 
INFO:root:Epoch  5743, Energy: -1.04712e+02 (-1.04661e+02), Variance: 6.04745e+01 (8.94920e+01), Accept ratio: 0.48762, 
INFO:root:Epoch  5744, Energy: -1.04833e+02 (-1.04846e+02), Variance: 6.23349e+01 (7.84556e+01), Accept ratio: 0.48338, 
INFO:root:Epoch  5745, Energy: -1.04825e+02 (-1.04890e+02), Variance: 6.24924e+01 (8.62941e+01), Accept ratio: 0.48495, 
INFO:root:Epoch  5746, Energy: -1.04783e+02 (-1.04761e+02), Variance: 5.62350e+01 (6.49660e+01), Accept ratio: 0.48519, 
INFO:root:Epoch  5747, Energy: -1.05287e+02 (-1.05723e+02), Variance: 5.87255e+01 (1.49889e+02), Accept ratio: 0.48761, 
INFO:root:Epoch  5748, Energy: -1.05185e+02 (-1.05093e+02), Variance: 6.09043e+01 (8.31076e+01), Accept ratio: 0.48492, 
INFO:root:Epoch  5749, Energy: -1.04943e+02 (-1.05040e+02), Variance: 5.35899e+01 (6.82313e+01), Accept ratio: 0.48552, 
INFO:root:Epoch  5750, Energy: -1.05061e+02 (-1.05143e+02), Variance: 5.67406e+01 (6.39005e+01), Accept ratio: 0.48315, 
INFO:root:Epoch  5751, Energy: -1.04697e+02 (-1.04194e+02), Variance: 5.10773e+01 (4.20413e+02), Accept ratio: 0.48775, 
INFO:root:Epoch  5752, Energy: -1.05316e+02 (-1.05422e+02), Variance: 5.25917e+01 (6.68493e+01), Accept ratio: 0.49059, 
INFO:root:Epoch  5753, Energy: -1.05007e+02 (-1.04954e+02), Variance: 5.32993e+01 (6.78074e+01), Accept ratio: 0.48801, 
INFO:root:Epoch  5754, Energy: -1.05089e+02 (-1.05164e+02), Variance: 5.66806e+01 (7.66658e+01), Accept ratio: 0.47982, 
INFO:root:Epoch  5755, Energy: -1.05133e+02 (-1.04830e+02), Variance: 6.18270e+01 (1.32832e+02), Accept ratio: 0.48897, 
INFO:root:Epoch  5756, Energy: -1.05284e+02 (-1.05233e+02), Variance: 5.05969e+01 (6.17800e+01), Accept ratio: 0.48968, 
INFO:root:Epoch  5757, Energy: -1.05068e+02 (-1.05106e+02), Variance: 5.39065e+01 (6.94683e+01), Accept ratio: 0.49094, 
INFO:root:Epoch  5758, Energy: -1.05097e+02 (-1.05175e+02), Variance: 4.92750e+01 (6.09059e+01), Accept ratio: 0.48470, 
INFO:root:Epoch  5759, Energy: -1.05175e+02 (-1.05257e+02), Variance: 5.05880e+01 (6.35626e+01), Accept ratio: 0.48579, 
INFO:root:Epoch  5760, Energy: -1.05086e+02 (-1.05235e+02), Variance: 5.22685e+01 (1.09969e+02), Accept ratio: 0.47852, 
INFO:root:Epoch  5761, Energy: -1.05014e+02 (-1.05085e+02), Variance: 5.26165e+01 (1.34630e+02), Accept ratio: 0.48664, 
INFO:root:Epoch  5762, Energy: -1.04703e+02 (-1.04446e+02), Variance: 4.82876e+01 (1.38321e+02), Accept ratio: 0.48559, 
INFO:root:Epoch  5763, Energy: -1.04937e+02 (-1.04911e+02), Variance: 5.50602e+01 (7.32003e+01), Accept ratio: 0.48530, 
INFO:root:Epoch  5764, Energy: -1.04917e+02 (-1.04953e+02), Variance: 5.31868e+01 (6.26238e+01), Accept ratio: 0.48476, 
INFO:root:Epoch  5765, Energy: -1.05027e+02 (-1.05069e+02), Variance: 4.54862e+01 (6.57748e+01), Accept ratio: 0.48517, 
INFO:root:Epoch  5766, Energy: -1.04961e+02 (-1.05025e+02), Variance: 5.32219e+01 (9.28168e+01), Accept ratio: 0.48372, 
INFO:root:Epoch  5767, Energy: -1.04802e+02 (-1.04892e+02), Variance: 4.67570e+01 (6.04581e+01), Accept ratio: 0.48409, 
INFO:root:Epoch  5768, Energy: -1.04718e+02 (-1.04671e+02), Variance: 5.05120e+01 (7.27504e+01), Accept ratio: 0.48083, 
INFO:root:Epoch  5769, Energy: -1.04744e+02 (-1.04646e+02), Variance: 4.60653e+01 (6.37827e+01), Accept ratio: 0.48614, 
INFO:root:Epoch  5770, Energy: -1.05082e+02 (-1.05173e+02), Variance: 5.20766e+01 (6.73060e+01), Accept ratio: 0.48737, 
INFO:root:Epoch  5771, Energy: -1.05198e+02 (-1.05256e+02), Variance: 4.81298e+01 (7.55650e+01), Accept ratio: 0.48247, 
INFO:root:Epoch  5772, Energy: -1.04797e+02 (-1.04889e+02), Variance: 4.49164e+01 (6.78109e+01), Accept ratio: 0.48282, 
INFO:root:Epoch  5773, Energy: -1.05130e+02 (-1.05213e+02), Variance: 4.60311e+01 (5.57794e+01), Accept ratio: 0.48792, 
INFO:root:Epoch  5774, Energy: -1.04948e+02 (-1.04746e+02), Variance: 4.66863e+01 (8.88790e+01), Accept ratio: 0.48804, 
INFO:root:Epoch  5775, Energy: -1.04749e+02 (-1.04609e+02), Variance: 4.98956e+01 (8.29474e+01), Accept ratio: 0.48298, 
INFO:root:Epoch  5776, Energy: -1.05018e+02 (-1.05086e+02), Variance: 4.61021e+01 (6.76895e+01), Accept ratio: 0.48191, 
INFO:root:Epoch  5777, Energy: -1.04676e+02 (-1.04729e+02), Variance: 4.66019e+01 (5.86594e+01), Accept ratio: 0.48430, 
INFO:root:Epoch  5778, Energy: -1.04844e+02 (-1.04825e+02), Variance: 4.50144e+01 (5.02981e+01), Accept ratio: 0.48765, 
INFO:root:Epoch  5779, Energy: -1.04915e+02 (-1.04946e+02), Variance: 4.26726e+01 (5.89439e+01), Accept ratio: 0.48725, 
INFO:root:Epoch  5780, Energy: -1.05272e+02 (-1.05320e+02), Variance: 4.67952e+01 (5.78675e+01), Accept ratio: 0.48448, 
INFO:root:Epoch  5781, Energy: -1.05169e+02 (-1.05258e+02), Variance: 4.56430e+01 (6.28489e+01), Accept ratio: 0.48560, 
INFO:root:Epoch  5782, Energy: -1.05090e+02 (-1.05050e+02), Variance: 4.43539e+01 (5.45355e+01), Accept ratio: 0.48792, 
INFO:root:Epoch  5783, Energy: -1.05189e+02 (-1.05087e+02), Variance: 4.35228e+01 (6.18293e+01), Accept ratio: 0.48389, 
INFO:root:Epoch  5784, Energy: -1.05229e+02 (-1.05070e+02), Variance: 4.99134e+01 (1.15660e+02), Accept ratio: 0.48828, 
INFO:root:Epoch  5785, Energy: -1.05050e+02 (-1.04949e+02), Variance: 4.45447e+01 (6.13948e+01), Accept ratio: 0.48563, 
INFO:root:Epoch  5786, Energy: -1.05162e+02 (-1.05129e+02), Variance: 4.33549e+01 (5.76876e+01), Accept ratio: 0.48219, 
INFO:root:Epoch  5787, Energy: -1.05061e+02 (-1.05086e+02), Variance: 3.92359e+01 (4.57167e+01), Accept ratio: 0.48123, 
INFO:root:Epoch  5788, Energy: -1.05280e+02 (-1.05202e+02), Variance: 4.17608e+01 (5.93395e+01), Accept ratio: 0.48961, 
INFO:root:Epoch  5789, Energy: -1.05109e+02 (-1.04928e+02), Variance: 4.33529e+01 (7.91887e+01), Accept ratio: 0.48551, 
INFO:root:Epoch  5790, Energy: -1.05338e+02 (-1.05045e+02), Variance: 4.70001e+01 (1.09418e+02), Accept ratio: 0.48641, 
INFO:root:Epoch  5791, Energy: -1.05279e+02 (-1.05299e+02), Variance: 3.99649e+01 (4.70103e+01), Accept ratio: 0.49035, 
INFO:root:Epoch  5792, Energy: -1.05601e+02 (-1.05668e+02), Variance: 4.34505e+01 (4.98653e+01), Accept ratio: 0.48733, 
INFO:root:Epoch  5793, Energy: -1.05357e+02 (-1.05324e+02), Variance: 4.22571e+01 (6.00532e+01), Accept ratio: 0.48528, 
INFO:root:Epoch  5794, Energy: -1.05241e+02 (-1.05284e+02), Variance: 4.13440e+01 (5.23227e+01), Accept ratio: 0.49130, 
INFO:root:Epoch  5795, Energy: -1.05423e+02 (-1.05312e+02), Variance: 4.39046e+01 (8.10705e+01), Accept ratio: 0.48535, 
INFO:root:Epoch  5796, Energy: -1.05137e+02 (-1.04850e+02), Variance: 3.95682e+01 (1.16600e+02), Accept ratio: 0.47876, 
INFO:root:Epoch  5797, Energy: -1.04741e+02 (-1.04515e+02), Variance: 4.40670e+01 (8.46963e+01), Accept ratio: 0.48494, 
INFO:root:Epoch  5798, Energy: -1.04875e+02 (-1.04746e+02), Variance: 3.84659e+01 (7.55591e+01), Accept ratio: 0.48707, 
INFO:root:Epoch  5799, Energy: -1.05039e+02 (-1.05031e+02), Variance: 4.15064e+01 (5.29452e+01), Accept ratio: 0.48181, 
INFO:root:Epoch  5800, Energy: -1.04964e+02 (-1.04969e+02), Variance: 4.10907e+01 (7.97926e+01), Accept ratio: 0.48733, 
INFO:root:Epoch  5801, Energy: -1.05293e+02 (-1.05189e+02), Variance: 4.44541e+01 (5.95715e+01), Accept ratio: 0.48214, 
INFO:root:Epoch  5802, Energy: -1.05343e+02 (-1.05080e+02), Variance: 4.34409e+01 (1.01975e+02), Accept ratio: 0.47512, 
INFO:root:Epoch  5803, Energy: -1.05459e+02 (-1.05005e+02), Variance: 4.00573e+01 (1.41561e+02), Accept ratio: 0.47769, 
INFO:root:Epoch  5804, Energy: -1.05477e+02 (-1.05551e+02), Variance: 3.55163e+01 (4.61511e+01), Accept ratio: 0.47221, 
INFO:root:Epoch  5805, Energy: -1.05141e+02 (-1.04974e+02), Variance: 4.08410e+01 (8.67279e+01), Accept ratio: 0.47918, 
INFO:root:Epoch  5806, Energy: -1.05040e+02 (-1.04977e+02), Variance: 4.12234e+01 (6.97839e+01), Accept ratio: 0.48403, 
INFO:root:Epoch  5807, Energy: -1.05079e+02 (-1.04915e+02), Variance: 3.98162e+01 (7.02300e+01), Accept ratio: 0.47828, 
INFO:root:Epoch  5808, Energy: -1.05301e+02 (-1.05277e+02), Variance: 3.90532e+01 (5.16888e+01), Accept ratio: 0.48222, 
INFO:root:Epoch  5809, Energy: -1.05257e+02 (-1.05203e+02), Variance: 4.04470e+01 (6.10389e+01), Accept ratio: 0.47746, 
INFO:root:Epoch  5810, Energy: -1.04976e+02 (-1.04939e+02), Variance: 3.37219e+01 (7.69058e+01), Accept ratio: 0.47856, 
INFO:root:Epoch  5811, Energy: -1.04948e+02 (-1.04859e+02), Variance: 4.00931e+01 (4.96167e+01), Accept ratio: 0.48205, 
INFO:root:Epoch  5812, Energy: -1.04995e+02 (-1.04587e+02), Variance: 3.75765e+01 (1.51266e+02), Accept ratio: 0.48632, 
INFO:root:Epoch  5813, Energy: -1.05062e+02 (-1.04663e+02), Variance: 3.99091e+01 (1.56146e+02), Accept ratio: 0.47731, 
INFO:root:Epoch  5814, Energy: -1.05192e+02 (-1.05154e+02), Variance: 3.96714e+01 (5.00476e+01), Accept ratio: 0.47775, 
INFO:root:Epoch  5815, Energy: -1.05244e+02 (-1.05163e+02), Variance: 3.60708e+01 (5.04026e+01), Accept ratio: 0.47937, 
INFO:root:Epoch  5816, Energy: -1.05478e+02 (-1.05781e+02), Variance: 3.74149e+01 (9.96755e+01), Accept ratio: 0.48219, 
INFO:root:Epoch  5817, Energy: -1.05288e+02 (-1.05185e+02), Variance: 3.74173e+01 (5.73173e+01), Accept ratio: 0.48495, 
INFO:root:Epoch  5818, Energy: -1.05239e+02 (-1.05164e+02), Variance: 3.45824e+01 (4.15843e+01), Accept ratio: 0.47702, 
INFO:root:Epoch  5819, Energy: -1.05026e+02 (-1.05098e+02), Variance: 3.29155e+01 (4.90168e+01), Accept ratio: 0.47488, 
INFO:root:Epoch  5820, Energy: -1.05056e+02 (-1.04871e+02), Variance: 3.34147e+01 (5.35207e+01), Accept ratio: 0.48023, 
INFO:root:Epoch  5821, Energy: -1.05451e+02 (-1.05231e+02), Variance: 3.83722e+01 (8.43585e+01), Accept ratio: 0.47542, 
INFO:root:Epoch  5822, Energy: -1.05446e+02 (-1.05482e+02), Variance: 3.70371e+01 (6.28832e+01), Accept ratio: 0.47561, 
INFO:root:Epoch  5823, Energy: -1.05173e+02 (-1.05101e+02), Variance: 3.01786e+01 (4.19603e+01), Accept ratio: 0.47582, 
INFO:root:Epoch  5824, Energy: -1.05395e+02 (-1.05263e+02), Variance: 3.98829e+01 (5.18593e+01), Accept ratio: 0.48536, 
INFO:root:Epoch  5825, Energy: -1.05272e+02 (-1.05267e+02), Variance: 3.52134e+01 (4.09855e+01), Accept ratio: 0.47867, 
INFO:root:Epoch  5826, Energy: -1.05153e+02 (-1.04953e+02), Variance: 3.83982e+01 (6.47358e+01), Accept ratio: 0.48314, 
INFO:root:Epoch  5827, Energy: -1.05249e+02 (-1.05012e+02), Variance: 4.14991e+01 (7.20319e+01), Accept ratio: 0.47694, 
INFO:root:Epoch  5828, Energy: -1.05191e+02 (-1.05159e+02), Variance: 3.23209e+01 (3.74149e+01), Accept ratio: 0.47492, 
INFO:root:Epoch  5829, Energy: -1.05362e+02 (-1.05313e+02), Variance: 3.16964e+01 (4.36774e+01), Accept ratio: 0.47794, 
INFO:root:Epoch  5830, Energy: -1.05229e+02 (-1.05386e+02), Variance: 3.75849e+01 (5.20619e+01), Accept ratio: 0.47907, 
INFO:root:Epoch  5831, Energy: -1.05275e+02 (-1.05315e+02), Variance: 3.20544e+01 (4.40073e+01), Accept ratio: 0.48141, 
INFO:root:Epoch  5832, Energy: -1.04976e+02 (-1.04918e+02), Variance: 3.54424e+01 (5.40597e+01), Accept ratio: 0.48161, 
INFO:root:Epoch  5833, Energy: -1.05100e+02 (-1.04894e+02), Variance: 3.68302e+01 (6.48395e+01), Accept ratio: 0.48215, 
INFO:root:Epoch  5834, Energy: -1.05094e+02 (-1.04878e+02), Variance: 3.49313e+01 (6.99960e+01), Accept ratio: 0.48266, 
INFO:root:Epoch  5835, Energy: -1.05014e+02 (-1.04863e+02), Variance: 3.69169e+01 (5.30646e+01), Accept ratio: 0.48069, 
INFO:root:Epoch  5836, Energy: -1.04900e+02 (-1.04704e+02), Variance: 3.35919e+01 (5.39253e+01), Accept ratio: 0.48175, 
INFO:root:Epoch  5837, Energy: -1.04980e+02 (-1.04859e+02), Variance: 3.81608e+01 (8.16676e+01), Accept ratio: 0.47533, 
INFO:root:Epoch  5838, Energy: -1.04989e+02 (-1.04961e+02), Variance: 3.31153e+01 (5.51052e+01), Accept ratio: 0.47123, 
INFO:root:Epoch  5839, Energy: -1.05259e+02 (-1.05189e+02), Variance: 3.58889e+01 (4.57692e+01), Accept ratio: 0.47698, 
INFO:root:Epoch  5840, Energy: -1.05188e+02 (-1.05143e+02), Variance: 3.18597e+01 (6.13856e+01), Accept ratio: 0.48085, 
INFO:root:Epoch  5841, Energy: -1.05048e+02 (-1.04948e+02), Variance: 3.08015e+01 (3.73286e+01), Accept ratio: 0.48099, 
INFO:root:Epoch  5842, Energy: -1.05048e+02 (-1.04896e+02), Variance: 3.17832e+01 (5.13681e+01), Accept ratio: 0.47631, 
INFO:root:Epoch  5843, Energy: -1.05415e+02 (-1.05408e+02), Variance: 3.57662e+01 (4.77306e+01), Accept ratio: 0.48914, 
INFO:root:Epoch  5844, Energy: -1.05645e+02 (-1.05453e+02), Variance: 3.69275e+01 (6.35915e+01), Accept ratio: 0.47511, 
INFO:root:Epoch  5845, Energy: -1.05409e+02 (-1.05325e+02), Variance: 3.05147e+01 (4.43662e+01), Accept ratio: 0.47300, 
INFO:root:Epoch  5846, Energy: -1.05238e+02 (-1.04995e+02), Variance: 3.14268e+01 (5.54315e+01), Accept ratio: 0.47970, 
INFO:root:Epoch  5847, Energy: -1.05014e+02 (-1.04905e+02), Variance: 3.07829e+01 (4.17624e+01), Accept ratio: 0.47976, 
INFO:root:Epoch  5848, Energy: -1.05075e+02 (-1.05065e+02), Variance: 2.92649e+01 (3.77014e+01), Accept ratio: 0.48190, 
INFO:root:Epoch  5849, Energy: -1.05640e+02 (-1.05527e+02), Variance: 2.93922e+01 (3.97077e+01), Accept ratio: 0.47837, 
INFO:root:Epoch  5850, Energy: -1.05338e+02 (-1.05291e+02), Variance: 3.34516e+01 (5.42945e+01), Accept ratio: 0.46926, 
INFO:root:Epoch  5851, Energy: -1.05506e+02 (-1.05259e+02), Variance: 3.75860e+01 (7.27440e+01), Accept ratio: 0.47708, 
INFO:root:Epoch  5852, Energy: -1.05440e+02 (-1.05260e+02), Variance: 2.98322e+01 (5.06140e+01), Accept ratio: 0.47800, 
INFO:root:Epoch  5853, Energy: -1.05608e+02 (-1.05530e+02), Variance: 2.74882e+01 (3.64580e+01), Accept ratio: 0.48021, 
INFO:root:Epoch  5854, Energy: -1.05646e+02 (-1.05570e+02), Variance: 2.69084e+01 (3.57446e+01), Accept ratio: 0.47822, 
INFO:root:Epoch  5855, Energy: -1.05530e+02 (-1.05236e+02), Variance: 3.04148e+01 (6.38611e+01), Accept ratio: 0.47055, 
INFO:root:Epoch  5856, Energy: -1.05783e+02 (-1.05584e+02), Variance: 3.40744e+01 (7.30729e+01), Accept ratio: 0.47854, 
INFO:root:Epoch  5857, Energy: -1.05637e+02 (-1.05573e+02), Variance: 2.79767e+01 (3.28602e+01), Accept ratio: 0.47531, 
INFO:root:Epoch  5858, Energy: -1.05846e+02 (-1.05729e+02), Variance: 2.63437e+01 (3.51629e+01), Accept ratio: 0.47781, 
INFO:root:Epoch  5859, Energy: -1.05676e+02 (-1.05501e+02), Variance: 2.46172e+01 (3.91190e+01), Accept ratio: 0.47747, 
INFO:root:Epoch  5860, Energy: -1.05512e+02 (-1.05458e+02), Variance: 2.58612e+01 (3.89954e+01), Accept ratio: 0.48184, 
INFO:root:Epoch  5861, Energy: -1.05400e+02 (-1.05382e+02), Variance: 2.64930e+01 (3.35042e+01), Accept ratio: 0.47794, 
INFO:root:Epoch  5862, Energy: -1.05480e+02 (-1.04829e+02), Variance: 2.61616e+01 (3.68108e+02), Accept ratio: 0.47662, 
INFO:root:Epoch  5863, Energy: -1.05657e+02 (-1.05644e+02), Variance: 2.60832e+01 (3.21342e+01), Accept ratio: 0.48558, 
INFO:root:Epoch  5864, Energy: -1.05559e+02 (-1.05536e+02), Variance: 2.64258e+01 (3.59731e+01), Accept ratio: 0.47259, 
INFO:root:Epoch  5865, Energy: -1.05395e+02 (-1.05196e+02), Variance: 2.68899e+01 (6.08287e+01), Accept ratio: 0.47616, 
INFO:root:Epoch  5866, Energy: -1.05295e+02 (-1.05218e+02), Variance: 2.46491e+01 (3.18415e+01), Accept ratio: 0.47804, 
INFO:root:Epoch  5867, Energy: -1.05567e+02 (-1.05413e+02), Variance: 2.65462e+01 (4.34862e+01), Accept ratio: 0.47671, 
INFO:root:Epoch  5868, Energy: -1.05471e+02 (-1.05318e+02), Variance: 2.85911e+01 (4.34641e+01), Accept ratio: 0.47207, 
INFO:root:Epoch  5869, Energy: -1.05494e+02 (-1.05350e+02), Variance: 2.52571e+01 (4.70927e+01), Accept ratio: 0.47190, 
INFO:root:Epoch  5870, Energy: -1.05352e+02 (-1.05158e+02), Variance: 2.65993e+01 (4.55944e+01), Accept ratio: 0.48221, 
INFO:root:Epoch  5871, Energy: -1.05541e+02 (-1.05439e+02), Variance: 2.60484e+01 (3.44475e+01), Accept ratio: 0.48408, 
INFO:root:Epoch  5872, Energy: -1.05516e+02 (-1.05431e+02), Variance: 2.34936e+01 (3.02466e+01), Accept ratio: 0.47744, 
INFO:root:Epoch  5873, Energy: -1.05367e+02 (-1.05151e+02), Variance: 2.55046e+01 (4.49256e+01), Accept ratio: 0.47436, 
INFO:root:Epoch  5874, Energy: -1.05445e+02 (-1.05459e+02), Variance: 2.86058e+01 (5.97886e+01), Accept ratio: 0.47991, 
INFO:root:Epoch  5875, Energy: -1.05532e+02 (-1.05398e+02), Variance: 2.57605e+01 (5.37180e+01), Accept ratio: 0.48156, 
INFO:root:Epoch  5876, Energy: -1.05618e+02 (-1.05631e+02), Variance: 2.29962e+01 (2.92474e+01), Accept ratio: 0.47104, 
INFO:root:Epoch  5877, Energy: -1.05652e+02 (-1.05679e+02), Variance: 2.27254e+01 (2.96152e+01), Accept ratio: 0.47314, 
INFO:root:Epoch  5878, Energy: -1.05398e+02 (-1.05230e+02), Variance: 2.37221e+01 (3.95885e+01), Accept ratio: 0.47600, 
INFO:root:Epoch  5879, Energy: -1.05553e+02 (-1.05548e+02), Variance: 2.37288e+01 (6.42828e+01), Accept ratio: 0.47645, 
INFO:root:Epoch  5880, Energy: -1.05465e+02 (-1.05317e+02), Variance: 2.69560e+01 (4.95720e+01), Accept ratio: 0.47176, 
INFO:root:Epoch  5881, Energy: -1.05279e+02 (-1.05128e+02), Variance: 2.65607e+01 (6.44301e+01), Accept ratio: 0.46879, 
INFO:root:Epoch  5882, Energy: -1.05295e+02 (-1.05162e+02), Variance: 2.23516e+01 (3.06343e+01), Accept ratio: 0.47713, 
INFO:root:Epoch  5883, Energy: -1.05801e+02 (-1.05678e+02), Variance: 2.16426e+01 (3.32104e+01), Accept ratio: 0.47427, 
INFO:root:Epoch  5884, Energy: -1.05568e+02 (-1.05474e+02), Variance: 2.20609e+01 (2.99776e+01), Accept ratio: 0.47565, 
INFO:root:Epoch  5885, Energy: -1.05575e+02 (-1.05534e+02), Variance: 2.35212e+01 (3.40639e+01), Accept ratio: 0.47641, 
INFO:root:Epoch  5886, Energy: -1.05602e+02 (-1.05442e+02), Variance: 2.23419e+01 (4.36707e+01), Accept ratio: 0.47473, 
INFO:root:Epoch  5887, Energy: -1.05580e+02 (-1.05465e+02), Variance: 2.44971e+01 (3.28486e+01), Accept ratio: 0.47261, 
INFO:root:Epoch  5888, Energy: -1.05730e+02 (-1.05411e+02), Variance: 2.71117e+01 (6.96074e+01), Accept ratio: 0.47041, 
INFO:root:Epoch  5889, Energy: -1.05313e+02 (-1.05058e+02), Variance: 2.44665e+01 (5.20881e+01), Accept ratio: 0.46831, 
INFO:root:Epoch  5890, Energy: -1.05491e+02 (-1.05329e+02), Variance: 2.11796e+01 (4.01184e+01), Accept ratio: 0.47653, 
INFO:root:Epoch  5891, Energy: -1.05793e+02 (-1.05621e+02), Variance: 2.11742e+01 (5.62434e+01), Accept ratio: 0.46647, 
INFO:root:Epoch  5892, Energy: -1.05361e+02 (-1.04469e+02), Variance: 2.45554e+01 (6.73791e+02), Accept ratio: 0.47750, 
INFO:root:Epoch  5893, Energy: -1.05694e+02 (-1.05585e+02), Variance: 2.31506e+01 (2.94925e+01), Accept ratio: 0.47471, 
INFO:root:Epoch  5894, Energy: -1.05502e+02 (-1.05436e+02), Variance: 2.35721e+01 (3.39839e+01), Accept ratio: 0.47250, 
INFO:root:Epoch  5895, Energy: -1.05698e+02 (-1.05565e+02), Variance: 2.36054e+01 (5.71832e+01), Accept ratio: 0.47985, 
INFO:root:Epoch  5896, Energy: -1.05622e+02 (-1.05509e+02), Variance: 1.97799e+01 (2.75683e+01), Accept ratio: 0.46624, 
INFO:root:Epoch  5897, Energy: -1.05607e+02 (-1.05361e+02), Variance: 2.26860e+01 (4.57343e+01), Accept ratio: 0.47770, 
INFO:root:Epoch  5898, Energy: -1.05649e+02 (-1.05203e+02), Variance: 2.48109e+01 (8.34146e+01), Accept ratio: 0.48143, 
INFO:root:Epoch  5899, Energy: -1.05742e+02 (-1.05497e+02), Variance: 2.44933e+01 (5.22265e+01), Accept ratio: 0.46950, 
INFO:root:Epoch  5900, Energy: -1.05498e+02 (-1.05380e+02), Variance: 2.23889e+01 (3.10743e+01), Accept ratio: 0.47067, 
INFO:root:Epoch  5901, Energy: -1.05574e+02 (-1.05365e+02), Variance: 1.98281e+01 (4.06419e+01), Accept ratio: 0.47687, 
INFO:root:Epoch  5902, Energy: -1.05664e+02 (-1.05577e+02), Variance: 1.79429e+01 (2.28763e+01), Accept ratio: 0.47761, 
INFO:root:Epoch  5903, Energy: -1.05703e+02 (-1.05546e+02), Variance: 1.77606e+01 (2.76940e+01), Accept ratio: 0.47021, 
INFO:root:Epoch  5904, Energy: -1.05677e+02 (-1.05445e+02), Variance: 1.99887e+01 (3.77870e+01), Accept ratio: 0.47580, 
INFO:root:Epoch  5905, Energy: -1.05451e+02 (-1.05366e+02), Variance: 2.18181e+01 (3.36647e+01), Accept ratio: 0.47090, 
INFO:root:Epoch  5906, Energy: -1.05497e+02 (-1.05291e+02), Variance: 2.35495e+01 (4.11363e+01), Accept ratio: 0.47927, 
INFO:root:Epoch  5907, Energy: -1.05616e+02 (-1.05601e+02), Variance: 1.80787e+01 (2.18950e+01), Accept ratio: 0.46754, 
INFO:root:Epoch  5908, Energy: -1.05688e+02 (-1.05569e+02), Variance: 1.85063e+01 (2.56842e+01), Accept ratio: 0.47071, 
INFO:root:Epoch  5909, Energy: -1.05596e+02 (-1.05152e+02), Variance: 2.22678e+01 (1.17463e+02), Accept ratio: 0.46752, 
INFO:root:Epoch  5910, Energy: -1.05590e+02 (-1.05081e+02), Variance: 2.26301e+01 (1.28067e+02), Accept ratio: 0.47223, 
INFO:root:Epoch  5911, Energy: -1.05592e+02 (-1.05265e+02), Variance: 1.97502e+01 (5.88180e+01), Accept ratio: 0.47247, 
INFO:root:Epoch  5912, Energy: -1.05571e+02 (-1.05415e+02), Variance: 1.90660e+01 (4.06697e+01), Accept ratio: 0.46355, 
INFO:root:Epoch  5913, Energy: -1.05560e+02 (-1.05417e+02), Variance: 2.03453e+01 (3.62613e+01), Accept ratio: 0.46931, 
INFO:root:Epoch  5914, Energy: -1.05628e+02 (-1.05332e+02), Variance: 2.08216e+01 (4.60543e+01), Accept ratio: 0.47571, 
INFO:root:Epoch  5915, Energy: -1.05548e+02 (-1.05015e+02), Variance: 1.93238e+01 (2.51946e+02), Accept ratio: 0.48079, 
INFO:root:Epoch  5916, Energy: -1.05811e+02 (-1.05789e+02), Variance: 1.50344e+01 (1.62148e+01), Accept ratio: 0.47546, 
INFO:root:Epoch  5917, Energy: -1.05534e+02 (-1.05487e+02), Variance: 1.66244e+01 (1.87826e+01), Accept ratio: 0.47044, 
INFO:root:Epoch  5918, Energy: -1.05616e+02 (-1.05523e+02), Variance: 1.66396e+01 (2.23741e+01), Accept ratio: 0.47811, 
INFO:root:Epoch  5919, Energy: -1.05674e+02 (-1.05396e+02), Variance: 1.88158e+01 (4.13983e+01), Accept ratio: 0.47728, 
INFO:root:Epoch  5920, Energy: -1.05793e+02 (-1.05757e+02), Variance: 1.64675e+01 (2.08924e+01), Accept ratio: 0.47256, 
INFO:root:Epoch  5921, Energy: -1.05814e+02 (-1.05749e+02), Variance: 1.52557e+01 (1.79163e+01), Accept ratio: 0.47685, 
INFO:root:Epoch  5922, Energy: -1.05773e+02 (-1.05595e+02), Variance: 1.79816e+01 (3.76659e+01), Accept ratio: 0.47000, 
INFO:root:Epoch  5923, Energy: -1.05725e+02 (-1.05594e+02), Variance: 1.84405e+01 (2.84688e+01), Accept ratio: 0.47877, 
INFO:root:Epoch  5924, Energy: -1.05776e+02 (-1.05670e+02), Variance: 1.98686e+01 (2.61355e+01), Accept ratio: 0.47210, 
INFO:root:Epoch  5925, Energy: -1.05593e+02 (-1.05419e+02), Variance: 1.83832e+01 (3.03157e+01), Accept ratio: 0.46842, 
INFO:root:Epoch  5926, Energy: -1.05793e+02 (-1.05570e+02), Variance: 1.98097e+01 (5.06410e+01), Accept ratio: 0.47459, 
INFO:root:Epoch  5927, Energy: -1.05573e+02 (-1.05420e+02), Variance: 1.87189e+01 (2.71739e+01), Accept ratio: 0.47216, 
INFO:root:Epoch  5928, Energy: -1.05834e+02 (-1.05748e+02), Variance: 1.66278e+01 (2.12955e+01), Accept ratio: 0.47568, 
INFO:root:Epoch  5929, Energy: -1.05727e+02 (-1.05527e+02), Variance: 1.61671e+01 (3.07033e+01), Accept ratio: 0.47332, 
INFO:root:Epoch  5930, Energy: -1.05819e+02 (-1.05651e+02), Variance: 1.59136e+01 (3.63428e+01), Accept ratio: 0.47076, 
INFO:root:Epoch  5931, Energy: -1.05815e+02 (-1.05742e+02), Variance: 1.70817e+01 (2.56967e+01), Accept ratio: 0.47199, 
INFO:root:Epoch  5932, Energy: -1.05765e+02 (-1.05591e+02), Variance: 1.63812e+01 (2.91845e+01), Accept ratio: 0.47126, 
INFO:root:Epoch  5933, Energy: -1.05625e+02 (-1.05452e+02), Variance: 1.64014e+01 (2.70339e+01), Accept ratio: 0.47368, 
INFO:root:Epoch  5934, Energy: -1.05445e+02 (-1.05156e+02), Variance: 1.86156e+01 (4.35461e+01), Accept ratio: 0.46542, 
INFO:root:Epoch  5935, Energy: -1.05669e+02 (-1.05504e+02), Variance: 1.73190e+01 (3.63291e+01), Accept ratio: 0.47368, 
INFO:root:Epoch  5936, Energy: -1.05619e+02 (-1.05520e+02), Variance: 1.78982e+01 (2.28331e+01), Accept ratio: 0.47485, 
INFO:root:Epoch  5937, Energy: -1.05578e+02 (-1.05463e+02), Variance: 1.73668e+01 (2.27620e+01), Accept ratio: 0.47740, 
INFO:root:Epoch  5938, Energy: -1.05644e+02 (-1.05510e+02), Variance: 1.68051e+01 (2.88463e+01), Accept ratio: 0.47539, 
INFO:root:Epoch  5939, Energy: -1.05847e+02 (-1.05711e+02), Variance: 1.51699e+01 (2.54115e+01), Accept ratio: 0.47163, 
INFO:root:Epoch  5940, Energy: -1.05771e+02 (-1.05563e+02), Variance: 1.57926e+01 (3.17013e+01), Accept ratio: 0.47096, 
INFO:root:Epoch  5941, Energy: -1.05830e+02 (-1.05805e+02), Variance: 1.31748e+01 (1.61058e+01), Accept ratio: 0.47050, 
INFO:root:Epoch  5942, Energy: -1.05848e+02 (-1.05620e+02), Variance: 1.40242e+01 (3.66052e+01), Accept ratio: 0.47365, 
INFO:root:Epoch  5943, Energy: -1.05716e+02 (-1.05634e+02), Variance: 1.65588e+01 (2.13621e+01), Accept ratio: 0.47527, 
INFO:root:Epoch  5944, Energy: -1.05851e+02 (-1.05682e+02), Variance: 1.47646e+01 (3.05225e+01), Accept ratio: 0.47816, 
INFO:root:Epoch  5945, Energy: -1.05715e+02 (-1.05516e+02), Variance: 1.54459e+01 (3.07969e+01), Accept ratio: 0.47300, 
INFO:root:Epoch  5946, Energy: -1.05601e+02 (-1.05291e+02), Variance: 1.65980e+01 (6.17870e+01), Accept ratio: 0.46721, 
INFO:root:Epoch  5947, Energy: -1.05792e+02 (-1.05729e+02), Variance: 1.38897e+01 (1.79145e+01), Accept ratio: 0.46256, 
INFO:root:Epoch  5948, Energy: -1.05771e+02 (-1.05600e+02), Variance: 1.27113e+01 (2.92760e+01), Accept ratio: 0.46881, 
INFO:root:Epoch  5949, Energy: -1.05545e+02 (-1.05432e+02), Variance: 1.58008e+01 (2.11735e+01), Accept ratio: 0.47620, 
INFO:root:Epoch  5950, Energy: -1.05605e+02 (-1.05484e+02), Variance: 1.64824e+01 (2.21929e+01), Accept ratio: 0.47226, 
INFO:root:Epoch  5951, Energy: -1.05721e+02 (-1.05594e+02), Variance: 1.47531e+01 (2.25269e+01), Accept ratio: 0.47503, 
INFO:root:Epoch  5952, Energy: -1.05780e+02 (-1.05617e+02), Variance: 1.58841e+01 (2.93431e+01), Accept ratio: 0.46642, 
INFO:root:Epoch  5953, Energy: -1.05809e+02 (-1.05713e+02), Variance: 1.36458e+01 (2.89532e+01), Accept ratio: 0.47127, 
INFO:root:Epoch  5954, Energy: -1.05716e+02 (-1.05611e+02), Variance: 1.33196e+01 (1.74942e+01), Accept ratio: 0.46553, 
INFO:root:Epoch  5955, Energy: -1.05664e+02 (-1.05531e+02), Variance: 1.50417e+01 (2.36471e+01), Accept ratio: 0.46822, 
INFO:root:Epoch  5956, Energy: -1.05691e+02 (-1.05588e+02), Variance: 1.57711e+01 (2.08592e+01), Accept ratio: 0.46541, 
INFO:root:Epoch  5957, Energy: -1.05641e+02 (-1.05460e+02), Variance: 1.54478e+01 (3.69741e+01), Accept ratio: 0.46168, 
INFO:root:Epoch  5958, Energy: -1.05579e+02 (-1.05408e+02), Variance: 1.60821e+01 (2.56833e+01), Accept ratio: 0.46735, 
INFO:root:Epoch  5959, Energy: -1.05663e+02 (-1.05563e+02), Variance: 1.47755e+01 (1.98284e+01), Accept ratio: 0.47380, 
INFO:root:Epoch  5960, Energy: -1.05638e+02 (-1.05599e+02), Variance: 1.38292e+01 (1.86742e+01), Accept ratio: 0.47110, 
INFO:root:Epoch  5961, Energy: -1.05776e+02 (-1.05656e+02), Variance: 1.31389e+01 (2.00652e+01), Accept ratio: 0.47120, 
INFO:root:Epoch  5962, Energy: -1.05842e+02 (-1.05704e+02), Variance: 1.38766e+01 (3.35894e+01), Accept ratio: 0.46926, 
INFO:root:Epoch  5963, Energy: -1.06019e+02 (-1.05905e+02), Variance: 1.25941e+01 (2.17183e+01), Accept ratio: 0.47315, 
INFO:root:Epoch  5964, Energy: -1.06021e+02 (-1.05955e+02), Variance: 1.30482e+01 (1.57239e+01), Accept ratio: 0.47114, 
INFO:root:Epoch  5965, Energy: -1.05854e+02 (-1.05566e+02), Variance: 1.38409e+01 (4.93599e+01), Accept ratio: 0.46989, 
INFO:root:Epoch  5966, Energy: -1.05967e+02 (-1.05833e+02), Variance: 1.29821e+01 (2.14225e+01), Accept ratio: 0.46896, 
INFO:root:Epoch  5967, Energy: -1.05828e+02 (-1.05574e+02), Variance: 1.44793e+01 (3.23605e+01), Accept ratio: 0.46730, 
INFO:root:Epoch  5968, Energy: -1.05915e+02 (-1.05830e+02), Variance: 1.38936e+01 (2.08569e+01), Accept ratio: 0.46607, 
INFO:root:Epoch  5969, Energy: -1.05912e+02 (-1.05727e+02), Variance: 1.41703e+01 (2.82210e+01), Accept ratio: 0.47807, 
INFO:root:Epoch  5970, Energy: -1.05916e+02 (-1.05637e+02), Variance: 1.19253e+01 (7.60592e+01), Accept ratio: 0.47215, 
INFO:root:Epoch  5971, Energy: -1.05876e+02 (-1.05549e+02), Variance: 1.32030e+01 (4.64319e+01), Accept ratio: 0.47039, 
INFO:root:Epoch  5972, Energy: -1.05785e+02 (-1.05364e+02), Variance: 1.25339e+01 (6.94236e+01), Accept ratio: 0.47111, 
INFO:root:Epoch  5973, Energy: -1.05864e+02 (-1.05535e+02), Variance: 1.38487e+01 (1.32046e+02), Accept ratio: 0.46929, 
INFO:root:Epoch  5974, Energy: -1.05864e+02 (-1.05589e+02), Variance: 1.24989e+01 (1.37587e+02), Accept ratio: 0.46843, 
INFO:root:Epoch  5975, Energy: -1.05801e+02 (-1.05694e+02), Variance: 1.22279e+01 (2.07487e+01), Accept ratio: 0.47304, 
INFO:root:Epoch  5976, Energy: -1.05931e+02 (-1.05708e+02), Variance: 1.26510e+01 (4.26614e+01), Accept ratio: 0.47316, 
INFO:root:Epoch  5977, Energy: -1.05669e+02 (-1.05300e+02), Variance: 1.43738e+01 (1.13942e+02), Accept ratio: 0.46617, 
INFO:root:Epoch  5978, Energy: -1.05690e+02 (-1.05337e+02), Variance: 1.39217e+01 (1.11916e+02), Accept ratio: 0.46613, 
INFO:root:Epoch  5979, Energy: -1.05864e+02 (-1.05497e+02), Variance: 1.31056e+01 (1.11404e+02), Accept ratio: 0.47256, 
INFO:root:Epoch  5980, Energy: -1.05916e+02 (-1.05554e+02), Variance: 1.36324e+01 (4.92120e+01), Accept ratio: 0.47553, 
INFO:root:Epoch  5981, Energy: -1.05909e+02 (-1.05718e+02), Variance: 1.45522e+01 (2.80965e+01), Accept ratio: 0.47232, 
INFO:root:Epoch  5982, Energy: -1.06027e+02 (-1.05755e+02), Variance: 1.32779e+01 (4.34131e+01), Accept ratio: 0.47171, 
INFO:root:Epoch  5983, Energy: -1.06045e+02 (-1.05972e+02), Variance: 1.15467e+01 (1.53299e+01), Accept ratio: 0.46981, 
INFO:root:Epoch  5984, Energy: -1.06031e+02 (-1.05941e+02), Variance: 1.25802e+01 (1.75319e+01), Accept ratio: 0.47237, 
INFO:root:Epoch  5985, Energy: -1.05998e+02 (-1.05937e+02), Variance: 1.24095e+01 (1.47442e+01), Accept ratio: 0.47302, 
INFO:root:Epoch  5986, Energy: -1.06042e+02 (-1.06162e+02), Variance: 1.17767e+01 (5.18065e+01), Accept ratio: 0.47301, 
INFO:root:Epoch  5987, Energy: -1.06188e+02 (-1.05909e+02), Variance: 1.31283e+01 (9.98917e+01), Accept ratio: 0.46686, 
INFO:root:Epoch  5988, Energy: -1.06014e+02 (-1.05841e+02), Variance: 1.21562e+01 (2.93383e+01), Accept ratio: 0.46548, 
INFO:root:Epoch  5989, Energy: -1.06053e+02 (-1.06052e+02), Variance: 9.45755e+00 (1.81632e+01), Accept ratio: 0.47138, 
INFO:root:Epoch  5990, Energy: -1.05951e+02 (-1.05837e+02), Variance: 1.07307e+01 (1.66641e+01), Accept ratio: 0.46939, 
INFO:root:Epoch  5991, Energy: -1.06029e+02 (-1.05955e+02), Variance: 1.05645e+01 (1.59572e+01), Accept ratio: 0.46812, 
INFO:root:Epoch  5992, Energy: -1.05975e+02 (-1.05804e+02), Variance: 1.09525e+01 (2.71855e+01), Accept ratio: 0.46882, 
INFO:root:Epoch  5993, Energy: -1.05838e+02 (-1.05741e+02), Variance: 1.11284e+01 (2.14252e+01), Accept ratio: 0.46954, 
INFO:root:Epoch  5994, Energy: -1.06030e+02 (-1.05907e+02), Variance: 1.08712e+01 (1.90147e+01), Accept ratio: 0.46910, 
INFO:root:Epoch  5995, Energy: -1.06080e+02 (-1.05993e+02), Variance: 9.90201e+00 (1.61654e+01), Accept ratio: 0.47316, 
INFO:root:Epoch  5996, Energy: -1.05917e+02 (-1.05873e+02), Variance: 1.13990e+01 (1.30253e+01), Accept ratio: 0.46948, 
INFO:root:Epoch  5997, Energy: -1.06003e+02 (-1.05891e+02), Variance: 1.10562e+01 (1.77614e+01), Accept ratio: 0.47158, 
INFO:root:Epoch  5998, Energy: -1.06107e+02 (-1.06097e+02), Variance: 9.40932e+00 (1.11706e+01), Accept ratio: 0.47009, 
INFO:root:Epoch  5999, Energy: -1.06053e+02 (-1.05966e+02), Variance: 1.02802e+01 (1.66775e+01), Accept ratio: 0.47341, 
INFO:root:Epoch  6000, Energy: -1.06027e+02 (-1.05758e+02), Variance: 1.10483e+01 (4.60354e+01), Accept ratio: 0.47012, 
INFO:root:Epoch  6001, Energy: -1.06038e+02 (-1.05911e+02), Variance: 1.05329e+01 (1.75485e+01), Accept ratio: 0.48039, 
INFO:root:Epoch  6002, Energy: -1.06123e+02 (-1.06086e+02), Variance: 9.15668e+00 (1.11115e+01), Accept ratio: 0.46999, 
INFO:root:Epoch  6003, Energy: -1.05962e+02 (-1.05958e+02), Variance: 1.02551e+01 (1.79279e+01), Accept ratio: 0.47164, 
INFO:root:Epoch  6004, Energy: -1.06159e+02 (-1.06045e+02), Variance: 9.65192e+00 (1.47180e+01), Accept ratio: 0.47685, 
INFO:root:Epoch  6005, Energy: -1.05947e+02 (-1.05913e+02), Variance: 1.09329e+01 (1.64989e+01), Accept ratio: 0.46527, 
INFO:root:Epoch  6006, Energy: -1.06004e+02 (-1.05934e+02), Variance: 1.11018e+01 (1.54790e+01), Accept ratio: 0.46290, 
INFO:root:Epoch  6007, Energy: -1.06141e+02 (-1.06148e+02), Variance: 9.17627e+00 (1.12445e+01), Accept ratio: 0.47047, 
INFO:root:Epoch  6008, Energy: -1.06062e+02 (-1.05949e+02), Variance: 9.44412e+00 (2.21752e+01), Accept ratio: 0.47251, 
INFO:root:Epoch  6009, Energy: -1.06162e+02 (-1.06087e+02), Variance: 1.03612e+01 (1.56737e+01), Accept ratio: 0.47288, 
INFO:root:Epoch  6010, Energy: -1.06295e+02 (-1.06411e+02), Variance: 8.39303e+00 (3.13048e+01), Accept ratio: 0.46374, 
INFO:root:Epoch  6011, Energy: -1.06228e+02 (-1.06249e+02), Variance: 8.59610e+00 (1.25841e+01), Accept ratio: 0.47242, 
INFO:root:Epoch  6012, Energy: -1.06173e+02 (-1.06107e+02), Variance: 8.31458e+00 (1.34163e+01), Accept ratio: 0.46906, 
INFO:root:Epoch  6013, Energy: -1.06067e+02 (-1.06064e+02), Variance: 7.92486e+00 (1.32668e+01), Accept ratio: 0.46698, 
INFO:root:Epoch  6014, Energy: -1.06068e+02 (-1.06021e+02), Variance: 8.68146e+00 (1.07591e+01), Accept ratio: 0.47441, 
INFO:root:Epoch  6015, Energy: -1.06083e+02 (-1.05991e+02), Variance: 8.91452e+00 (1.27719e+01), Accept ratio: 0.46277, 
INFO:root:Epoch  6016, Energy: -1.06116e+02 (-1.05989e+02), Variance: 8.73656e+00 (1.60453e+01), Accept ratio: 0.46239, 
INFO:root:Epoch  6017, Energy: -1.06127e+02 (-1.06110e+02), Variance: 8.36466e+00 (1.04268e+01), Accept ratio: 0.46729, 
INFO:root:Epoch  6018, Energy: -1.06126e+02 (-1.06070e+02), Variance: 9.53341e+00 (1.42665e+01), Accept ratio: 0.47342, 
INFO:root:Epoch  6019, Energy: -1.06075e+02 (-1.05938e+02), Variance: 1.00016e+01 (2.07240e+01), Accept ratio: 0.46959, 
INFO:root:Epoch  6020, Energy: -1.06160e+02 (-1.06037e+02), Variance: 9.48890e+00 (2.45324e+01), Accept ratio: 0.47462, 
INFO:root:Epoch  6021, Energy: -1.06137e+02 (-1.05905e+02), Variance: 1.08426e+01 (4.87740e+01), Accept ratio: 0.47059, 
INFO:root:Epoch  6022, Energy: -1.06267e+02 (-1.06179e+02), Variance: 9.72888e+00 (1.39590e+01), Accept ratio: 0.46833, 
INFO:root:Epoch  6023, Energy: -1.06166e+02 (-1.06050e+02), Variance: 9.73920e+00 (2.55952e+01), Accept ratio: 0.46910, 
INFO:root:Epoch  6024, Energy: -1.06197e+02 (-1.06075e+02), Variance: 9.52907e+00 (2.33863e+01), Accept ratio: 0.47166, 
INFO:root:Epoch  6025, Energy: -1.06200e+02 (-1.06154e+02), Variance: 8.79872e+00 (1.02612e+01), Accept ratio: 0.46847, 
INFO:root:Epoch  6026, Energy: -1.06150e+02 (-1.06084e+02), Variance: 8.83133e+00 (1.37100e+01), Accept ratio: 0.47368, 
INFO:root:Epoch  6027, Energy: -1.06157e+02 (-1.06092e+02), Variance: 8.42216e+00 (1.11834e+01), Accept ratio: 0.47001, 
INFO:root:Epoch  6028, Energy: -1.06112e+02 (-1.06015e+02), Variance: 9.08908e+00 (1.52863e+01), Accept ratio: 0.47484, 
INFO:root:Epoch  6029, Energy: -1.05977e+02 (-1.05869e+02), Variance: 9.27590e+00 (1.36973e+01), Accept ratio: 0.46760, 
INFO:root:Epoch  6030, Energy: -1.06294e+02 (-1.06269e+02), Variance: 7.34073e+00 (9.63484e+00), Accept ratio: 0.46642, 
INFO:root:Epoch  6031, Energy: -1.06122e+02 (-1.06012e+02), Variance: 8.77608e+00 (1.97384e+01), Accept ratio: 0.46869, 
INFO:root:Epoch  6032, Energy: -1.06061e+02 (-1.05927e+02), Variance: 9.08080e+00 (2.09170e+01), Accept ratio: 0.47928, 
INFO:root:Epoch  6033, Energy: -1.06157e+02 (-1.05992e+02), Variance: 8.81092e+00 (2.95132e+01), Accept ratio: 0.47184, 
INFO:root:Epoch  6034, Energy: -1.06122e+02 (-1.06075e+02), Variance: 8.79498e+00 (1.33016e+01), Accept ratio: 0.46732, 
INFO:root:Epoch  6035, Energy: -1.06223e+02 (-1.06202e+02), Variance: 7.88288e+00 (9.36695e+00), Accept ratio: 0.47616, 
INFO:root:Epoch  6036, Energy: -1.06256e+02 (-1.06233e+02), Variance: 7.20783e+00 (7.97694e+00), Accept ratio: 0.46661, 
INFO:root:Epoch  6037, Energy: -1.06230e+02 (-1.06226e+02), Variance: 7.71273e+00 (8.43236e+00), Accept ratio: 0.46973, 
INFO:root:Epoch  6038, Energy: -1.06266e+02 (-1.06258e+02), Variance: 8.52552e+00 (8.93711e+00), Accept ratio: 0.47202, 
INFO:root:Epoch  6039, Energy: -1.06194e+02 (-1.06213e+02), Variance: 7.70236e+00 (9.65485e+00), Accept ratio: 0.46953, 
INFO:root:Epoch  6040, Energy: -1.06151e+02 (-1.06144e+02), Variance: 8.35316e+00 (1.11775e+01), Accept ratio: 0.47046, 
INFO:root:Epoch  6041, Energy: -1.06216e+02 (-1.06259e+02), Variance: 7.82377e+00 (2.10979e+01), Accept ratio: 0.47714, 
INFO:root:Epoch  6042, Energy: -1.06156e+02 (-1.06173e+02), Variance: 7.01250e+00 (8.64605e+00), Accept ratio: 0.46906, 
INFO:root:Epoch  6043, Energy: -1.06206e+02 (-1.06156e+02), Variance: 7.56607e+00 (9.54421e+00), Accept ratio: 0.46610, 
INFO:root:Epoch  6044, Energy: -1.06199e+02 (-1.06089e+02), Variance: 7.25794e+00 (1.74387e+01), Accept ratio: 0.46945, 
INFO:root:Epoch  6045, Energy: -1.06324e+02 (-1.06211e+02), Variance: 8.17555e+00 (2.42708e+01), Accept ratio: 0.47254, 
INFO:root:Epoch  6046, Energy: -1.06357e+02 (-1.06201e+02), Variance: 7.40457e+00 (3.49944e+01), Accept ratio: 0.47237, 
INFO:root:Epoch  6047, Energy: -1.06310e+02 (-1.06250e+02), Variance: 7.04341e+00 (9.27519e+00), Accept ratio: 0.47056, 
INFO:root:Epoch  6048, Energy: -1.06425e+02 (-1.06467e+02), Variance: 7.33789e+00 (1.00269e+01), Accept ratio: 0.47499, 
INFO:root:Epoch  6049, Energy: -1.06302e+02 (-1.06266e+02), Variance: 6.83990e+00 (7.78782e+00), Accept ratio: 0.47366, 
INFO:root:Epoch  6050, Energy: -1.06337e+02 (-1.06251e+02), Variance: 8.27999e+00 (1.50227e+01), Accept ratio: 0.47203, 
INFO:root:Epoch  6051, Energy: -1.06370e+02 (-1.06281e+02), Variance: 8.03800e+00 (1.40313e+01), Accept ratio: 0.47112, 
INFO:root:Epoch  6052, Energy: -1.06417e+02 (-1.06436e+02), Variance: 6.87569e+00 (9.50990e+00), Accept ratio: 0.47254, 
INFO:root:Epoch  6053, Energy: -1.06340e+02 (-1.06271e+02), Variance: 7.43035e+00 (1.80679e+01), Accept ratio: 0.47220, 
INFO:root:Epoch  6054, Energy: -1.06274e+02 (-1.06243e+02), Variance: 6.96297e+00 (8.13219e+00), Accept ratio: 0.47282, 
INFO:root:Epoch  6055, Energy: -1.06229e+02 (-1.06197e+02), Variance: 7.48181e+00 (9.52019e+00), Accept ratio: 0.46957, 
INFO:root:Epoch  6056, Energy: -1.06232e+02 (-1.06187e+02), Variance: 7.26856e+00 (9.05606e+00), Accept ratio: 0.46846, 
INFO:root:Epoch  6057, Energy: -1.06381e+02 (-1.06252e+02), Variance: 6.70884e+00 (1.79057e+01), Accept ratio: 0.47487, 
INFO:root:Epoch  6058, Energy: -1.06450e+02 (-1.06372e+02), Variance: 7.62678e+00 (1.19996e+01), Accept ratio: 0.47096, 
INFO:root:Epoch  6059, Energy: -1.06350e+02 (-1.06170e+02), Variance: 8.42866e+00 (2.53342e+01), Accept ratio: 0.47024, 
INFO:root:Epoch  6060, Energy: -1.06306e+02 (-1.06177e+02), Variance: 8.37655e+00 (2.36616e+01), Accept ratio: 0.46372, 
INFO:root:Epoch  6061, Energy: -1.06286e+02 (-1.06242e+02), Variance: 7.66323e+00 (1.06874e+01), Accept ratio: 0.46649, 
INFO:root:Epoch  6062, Energy: -1.06297e+02 (-1.06250e+02), Variance: 7.46302e+00 (8.84340e+00), Accept ratio: 0.46830, 
INFO:root:Epoch  6063, Energy: -1.06329e+02 (-1.06334e+02), Variance: 7.24957e+00 (1.15165e+01), Accept ratio: 0.47164, 
INFO:root:Epoch  6064, Energy: -1.06209e+02 (-1.06138e+02), Variance: 7.82481e+00 (1.25526e+01), Accept ratio: 0.47051, 
INFO:root:Epoch  6065, Energy: -1.06384e+02 (-1.06423e+02), Variance: 7.06779e+00 (8.72352e+00), Accept ratio: 0.47192, 
INFO:root:Epoch  6066, Energy: -1.06385e+02 (-1.06355e+02), Variance: 7.01524e+00 (8.74268e+00), Accept ratio: 0.46773, 
INFO:root:Epoch  6067, Energy: -1.06330e+02 (-1.06326e+02), Variance: 7.22547e+00 (8.81211e+00), Accept ratio: 0.46785, 
INFO:root:Epoch  6068, Energy: -1.06437e+02 (-1.06389e+02), Variance: 7.02102e+00 (8.71473e+00), Accept ratio: 0.46605, 
INFO:root:Epoch  6069, Energy: -1.06345e+02 (-1.06309e+02), Variance: 7.47830e+00 (1.00816e+01), Accept ratio: 0.46660, 
INFO:root:Epoch  6070, Energy: -1.06439e+02 (-1.06416e+02), Variance: 6.65879e+00 (8.10353e+00), Accept ratio: 0.46562, 
INFO:root:Epoch  6071, Energy: -1.06422e+02 (-1.06400e+02), Variance: 6.86898e+00 (8.35178e+00), Accept ratio: 0.47075, 
INFO:root:Epoch  6072, Energy: -1.06391e+02 (-1.06329e+02), Variance: 6.89012e+00 (1.04586e+01), Accept ratio: 0.46439, 
INFO:root:Epoch  6073, Energy: -1.06303e+02 (-1.06283e+02), Variance: 7.30470e+00 (8.19560e+00), Accept ratio: 0.46821, 
INFO:root:Epoch  6074, Energy: -1.06303e+02 (-1.06261e+02), Variance: 7.21435e+00 (1.32169e+01), Accept ratio: 0.47153, 
INFO:root:Epoch  6075, Energy: -1.06305e+02 (-1.06186e+02), Variance: 7.78823e+00 (3.14556e+01), Accept ratio: 0.46577, 
INFO:root:Epoch  6076, Energy: -1.06289e+02 (-1.06254e+02), Variance: 8.21386e+00 (1.18620e+01), Accept ratio: 0.46716, 
INFO:root:Epoch  6077, Energy: -1.06360e+02 (-1.06335e+02), Variance: 6.44259e+00 (7.47153e+00), Accept ratio: 0.46547, 
INFO:root:Epoch  6078, Energy: -1.06340e+02 (-1.06295e+02), Variance: 7.28483e+00 (1.08375e+01), Accept ratio: 0.46736, 
INFO:root:Epoch  6079, Energy: -1.06514e+02 (-1.06480e+02), Variance: 6.58325e+00 (8.59902e+00), Accept ratio: 0.46121, 
INFO:root:Epoch  6080, Energy: -1.06348e+02 (-1.06287e+02), Variance: 6.52164e+00 (9.11246e+00), Accept ratio: 0.46673, 
INFO:root:Epoch  6081, Energy: -1.06331e+02 (-1.06313e+02), Variance: 6.62432e+00 (8.38071e+00), Accept ratio: 0.47220, 
INFO:root:Epoch  6082, Energy: -1.06340e+02 (-1.06301e+02), Variance: 6.41217e+00 (1.00582e+01), Accept ratio: 0.46591, 
INFO:root:Epoch  6083, Energy: -1.06431e+02 (-1.06377e+02), Variance: 6.45036e+00 (1.32850e+01), Accept ratio: 0.46706, 
INFO:root:Epoch  6084, Energy: -1.06332e+02 (-1.06289e+02), Variance: 6.79035e+00 (1.00476e+01), Accept ratio: 0.47148, 
INFO:root:Epoch  6085, Energy: -1.06455e+02 (-1.06461e+02), Variance: 7.25975e+00 (9.26431e+00), Accept ratio: 0.47022, 
INFO:root:Epoch  6086, Energy: -1.06544e+02 (-1.06582e+02), Variance: 6.55971e+00 (1.08401e+01), Accept ratio: 0.46717, 
INFO:root:Epoch  6087, Energy: -1.06481e+02 (-1.06434e+02), Variance: 5.89284e+00 (7.98005e+00), Accept ratio: 0.47002, 
INFO:root:Epoch  6088, Energy: -1.06479e+02 (-1.06390e+02), Variance: 6.60179e+00 (1.34677e+01), Accept ratio: 0.46380, 
INFO:root:Epoch  6089, Energy: -1.06477e+02 (-1.06482e+02), Variance: 6.53324e+00 (8.51763e+00), Accept ratio: 0.47169, 
INFO:root:Epoch  6090, Energy: -1.06507e+02 (-1.06503e+02), Variance: 5.66857e+00 (6.00351e+00), Accept ratio: 0.46716, 
INFO:root:Epoch  6091, Energy: -1.06501e+02 (-1.06361e+02), Variance: 6.02501e+00 (1.49854e+01), Accept ratio: 0.46957, 
INFO:root:Epoch  6092, Energy: -1.06464e+02 (-1.06457e+02), Variance: 6.29331e+00 (8.77148e+00), Accept ratio: 0.45912, 
INFO:root:Epoch  6093, Energy: -1.06469e+02 (-1.06306e+02), Variance: 5.97106e+00 (2.09973e+01), Accept ratio: 0.46518, 
INFO:root:Epoch  6094, Energy: -1.06433e+02 (-1.06424e+02), Variance: 6.07076e+00 (1.10401e+01), Accept ratio: 0.47064, 
INFO:root:Epoch  6095, Energy: -1.06425e+02 (-1.06302e+02), Variance: 6.34517e+00 (1.41927e+01), Accept ratio: 0.47026, 
INFO:root:Epoch  6096, Energy: -1.06464e+02 (-1.06414e+02), Variance: 5.30194e+00 (6.82316e+00), Accept ratio: 0.47183, 
INFO:root:Epoch  6097, Energy: -1.06571e+02 (-1.06571e+02), Variance: 5.19110e+00 (5.85820e+00), Accept ratio: 0.47338, 
INFO:root:Epoch  6098, Energy: -1.06603e+02 (-1.06608e+02), Variance: 5.52457e+00 (7.04631e+00), Accept ratio: 0.46962, 
INFO:root:Epoch  6099, Energy: -1.06409e+02 (-1.06362e+02), Variance: 5.87660e+00 (8.54948e+00), Accept ratio: 0.47008, 
INFO:root:Epoch  6100, Energy: -1.06434e+02 (-1.06435e+02), Variance: 6.29111e+00 (7.52013e+00), Accept ratio: 0.46959, 
INFO:root:Epoch  6101, Energy: -1.06511e+02 (-1.06498e+02), Variance: 5.91991e+00 (9.16250e+00), Accept ratio: 0.47273, 
INFO:root:Epoch  6102, Energy: -1.06535e+02 (-1.06522e+02), Variance: 5.84783e+00 (8.58826e+00), Accept ratio: 0.47020, 
INFO:root:Epoch  6103, Energy: -1.06452e+02 (-1.06435e+02), Variance: 5.09479e+00 (6.05330e+00), Accept ratio: 0.46812, 
INFO:root:Epoch  6104, Energy: -1.06467e+02 (-1.06436e+02), Variance: 4.91431e+00 (6.05180e+00), Accept ratio: 0.46681, 
INFO:root:Epoch  6105, Energy: -1.06472e+02 (-1.06430e+02), Variance: 5.55371e+00 (8.10334e+00), Accept ratio: 0.47349, 
INFO:root:Epoch  6106, Energy: -1.06531e+02 (-1.06463e+02), Variance: 5.51713e+00 (1.14886e+01), Accept ratio: 0.47758, 
INFO:root:Epoch  6107, Energy: -1.06478e+02 (-1.06430e+02), Variance: 5.00659e+00 (7.60630e+00), Accept ratio: 0.47732, 
INFO:root:Epoch  6108, Energy: -1.06565e+02 (-1.06640e+02), Variance: 4.86266e+00 (1.23367e+01), Accept ratio: 0.47110, 
INFO:root:Epoch  6109, Energy: -1.06467e+02 (-1.06290e+02), Variance: 5.78316e+00 (2.54900e+01), Accept ratio: 0.47396, 
INFO:root:Epoch  6110, Energy: -1.06479e+02 (-1.06523e+02), Variance: 6.42128e+00 (1.75944e+01), Accept ratio: 0.46804, 
INFO:root:Epoch  6111, Energy: -1.06413e+02 (-1.06349e+02), Variance: 5.58104e+00 (1.01391e+01), Accept ratio: 0.46972, 
INFO:root:Epoch  6112, Energy: -1.06432e+02 (-1.06433e+02), Variance: 5.38880e+00 (7.67746e+00), Accept ratio: 0.46888, 
INFO:root:Epoch  6113, Energy: -1.06401e+02 (-1.06275e+02), Variance: 5.99608e+00 (3.59405e+01), Accept ratio: 0.46843, 
INFO:root:Epoch  6114, Energy: -1.06516e+02 (-1.06482e+02), Variance: 5.14963e+00 (6.83528e+00), Accept ratio: 0.46564, 
INFO:root:Epoch  6115, Energy: -1.06498e+02 (-1.06477e+02), Variance: 5.83342e+00 (8.29574e+00), Accept ratio: 0.46860, 
INFO:root:Epoch  6116, Energy: -1.06436e+02 (-1.06426e+02), Variance: 5.37562e+00 (6.03474e+00), Accept ratio: 0.45977, 
INFO:root:Epoch  6117, Energy: -1.06358e+02 (-1.06255e+02), Variance: 6.20603e+00 (1.21278e+01), Accept ratio: 0.47175, 
INFO:root:Epoch  6118, Energy: -1.06518e+02 (-1.06486e+02), Variance: 5.65519e+00 (1.00181e+01), Accept ratio: 0.46428, 
INFO:root:Epoch  6119, Energy: -1.06559e+02 (-1.06527e+02), Variance: 5.82377e+00 (1.03052e+01), Accept ratio: 0.46802, 
INFO:root:Epoch  6120, Energy: -1.06549e+02 (-1.06486e+02), Variance: 5.71049e+00 (1.11122e+01), Accept ratio: 0.46945, 
INFO:root:Epoch  6121, Energy: -1.06524e+02 (-1.06482e+02), Variance: 5.96927e+00 (7.95038e+00), Accept ratio: 0.46136, 
INFO:root:Epoch  6122, Energy: -1.06551e+02 (-1.06549e+02), Variance: 5.81109e+00 (9.23640e+00), Accept ratio: 0.46575, 
INFO:root:Epoch  6123, Energy: -1.06551e+02 (-1.06458e+02), Variance: 5.38793e+00 (1.79955e+01), Accept ratio: 0.46811, 
INFO:root:Epoch  6124, Energy: -1.06543e+02 (-1.06529e+02), Variance: 5.48653e+00 (1.12060e+01), Accept ratio: 0.47118, 
INFO:root:Epoch  6125, Energy: -1.06559e+02 (-1.06505e+02), Variance: 5.64540e+00 (1.00690e+01), Accept ratio: 0.46554, 
INFO:root:Epoch  6126, Energy: -1.06563e+02 (-1.06465e+02), Variance: 6.45597e+00 (1.27435e+01), Accept ratio: 0.46462, 
INFO:root:Epoch  6127, Energy: -1.06609e+02 (-1.06582e+02), Variance: 5.10311e+00 (6.01181e+00), Accept ratio: 0.46713, 
INFO:root:Epoch  6128, Energy: -1.06638e+02 (-1.06594e+02), Variance: 5.78767e+00 (8.31625e+00), Accept ratio: 0.47063, 
INFO:root:Epoch  6129, Energy: -1.06627e+02 (-1.06614e+02), Variance: 5.53490e+00 (9.26744e+00), Accept ratio: 0.45746, 
INFO:root:Epoch  6130, Energy: -1.06595e+02 (-1.06631e+02), Variance: 4.98774e+00 (6.76137e+00), Accept ratio: 0.46962, 
INFO:root:Epoch  6131, Energy: -1.06649e+02 (-1.06620e+02), Variance: 5.26159e+00 (6.77931e+00), Accept ratio: 0.46862, 
INFO:root:Epoch  6132, Energy: -1.06507e+02 (-1.06459e+02), Variance: 5.38583e+00 (1.08275e+01), Accept ratio: 0.45934, 
INFO:root:Epoch  6133, Energy: -1.06618e+02 (-1.06577e+02), Variance: 6.26371e+00 (1.08077e+01), Accept ratio: 0.47055, 
INFO:root:Epoch  6134, Energy: -1.06528e+02 (-1.06512e+02), Variance: 5.52916e+00 (8.44180e+00), Accept ratio: 0.46751, 
INFO:root:Epoch  6135, Energy: -1.06436e+02 (-1.06077e+02), Variance: 6.13119e+00 (1.31013e+02), Accept ratio: 0.46721, 
INFO:root:Epoch  6136, Energy: -1.06481e+02 (-1.06359e+02), Variance: 5.21155e+00 (1.36842e+01), Accept ratio: 0.46928, 
INFO:root:Epoch  6137, Energy: -1.06424e+02 (-1.06375e+02), Variance: 5.68076e+00 (7.79678e+00), Accept ratio: 0.46709, 
INFO:root:Epoch  6138, Energy: -1.06603e+02 (-1.06591e+02), Variance: 6.43068e+00 (2.56976e+01), Accept ratio: 0.46654, 
INFO:root:Epoch  6139, Energy: -1.06633e+02 (-1.06595e+02), Variance: 5.11147e+00 (7.69989e+00), Accept ratio: 0.47258, 
INFO:root:Epoch  6140, Energy: -1.06578e+02 (-1.06524e+02), Variance: 4.79751e+00 (6.49743e+00), Accept ratio: 0.47165, 
INFO:root:Epoch  6141, Energy: -1.06513e+02 (-1.06195e+02), Variance: 5.44955e+00 (9.17181e+01), Accept ratio: 0.46476, 
INFO:root:Epoch  6142, Energy: -1.06555e+02 (-1.06401e+02), Variance: 5.12857e+00 (1.74745e+01), Accept ratio: 0.47496, 
INFO:root:Epoch  6143, Energy: -1.06565e+02 (-1.06375e+02), Variance: 5.01143e+00 (4.37011e+01), Accept ratio: 0.47022, 
INFO:root:Epoch  6144, Energy: -1.06558e+02 (-1.06640e+02), Variance: 5.33132e+00 (2.17635e+01), Accept ratio: 0.46740, 
INFO:root:Epoch  6145, Energy: -1.06571e+02 (-1.06629e+02), Variance: 4.58365e+00 (1.39518e+01), Accept ratio: 0.47316, 
INFO:root:Epoch  6146, Energy: -1.06728e+02 (-1.06720e+02), Variance: 4.49149e+00 (5.10407e+00), Accept ratio: 0.46953, 
INFO:root:Epoch  6147, Energy: -1.06623e+02 (-1.06591e+02), Variance: 5.34792e+00 (1.00422e+01), Accept ratio: 0.47259, 
INFO:root:Epoch  6148, Energy: -1.06666e+02 (-1.06716e+02), Variance: 5.03323e+00 (1.20247e+01), Accept ratio: 0.46810, 
INFO:root:Epoch  6149, Energy: -1.06684e+02 (-1.06681e+02), Variance: 4.64727e+00 (5.98494e+00), Accept ratio: 0.47483, 
INFO:root:Epoch  6150, Energy: -1.06742e+02 (-1.06637e+02), Variance: 4.95578e+00 (1.28425e+01), Accept ratio: 0.47303, 
INFO:root:Epoch  6151, Energy: -1.06794e+02 (-1.06791e+02), Variance: 4.66297e+00 (5.49511e+00), Accept ratio: 0.46250, 
INFO:root:Epoch  6152, Energy: -1.06728e+02 (-1.06709e+02), Variance: 5.11882e+00 (6.07108e+00), Accept ratio: 0.47492, 
INFO:root:Epoch  6153, Energy: -1.06639e+02 (-1.06625e+02), Variance: 4.81659e+00 (6.46502e+00), Accept ratio: 0.46986, 
INFO:root:Epoch  6154, Energy: -1.06565e+02 (-1.06507e+02), Variance: 4.95077e+00 (1.21254e+01), Accept ratio: 0.47023, 
INFO:root:Epoch  6155, Energy: -1.06610e+02 (-1.06508e+02), Variance: 4.94187e+00 (1.07249e+01), Accept ratio: 0.46551, 
INFO:root:Epoch  6156, Energy: -1.06645e+02 (-1.06605e+02), Variance: 4.52492e+00 (5.88015e+00), Accept ratio: 0.47063, 
INFO:root:Epoch  6157, Energy: -1.06670e+02 (-1.06626e+02), Variance: 4.73866e+00 (7.13899e+00), Accept ratio: 0.46688, 
INFO:root:Epoch  6158, Energy: -1.06621e+02 (-1.06578e+02), Variance: 5.03855e+00 (6.35508e+00), Accept ratio: 0.46736, 
INFO:root:Epoch  6159, Energy: -1.06570e+02 (-1.06506e+02), Variance: 4.75569e+00 (6.67066e+00), Accept ratio: 0.46580, 
INFO:root:Epoch  6160, Energy: -1.06797e+02 (-1.06801e+02), Variance: 4.66098e+00 (5.61768e+00), Accept ratio: 0.46670, 
INFO:root:Epoch  6161, Energy: -1.06723e+02 (-1.06729e+02), Variance: 4.39960e+00 (5.38695e+00), Accept ratio: 0.46878, 
INFO:root:Epoch  6162, Energy: -1.06702e+02 (-1.06721e+02), Variance: 4.50926e+00 (6.32333e+00), Accept ratio: 0.46723, 
INFO:root:Epoch  6163, Energy: -1.06662e+02 (-1.06528e+02), Variance: 4.48341e+00 (1.64471e+01), Accept ratio: 0.47262, 
INFO:root:Epoch  6164, Energy: -1.06734e+02 (-1.06667e+02), Variance: 4.44073e+00 (7.09061e+00), Accept ratio: 0.47008, 
INFO:root:Epoch  6165, Energy: -1.06631e+02 (-1.06586e+02), Variance: 4.83834e+00 (8.46790e+00), Accept ratio: 0.47194, 
INFO:root:Epoch  6166, Energy: -1.06722e+02 (-1.06710e+02), Variance: 4.42678e+00 (5.15819e+00), Accept ratio: 0.46667, 
INFO:root:Epoch  6167, Energy: -1.06729e+02 (-1.06738e+02), Variance: 4.55260e+00 (5.72234e+00), Accept ratio: 0.47353, 
INFO:root:Epoch  6168, Energy: -1.06703e+02 (-1.06703e+02), Variance: 4.08145e+00 (4.61567e+00), Accept ratio: 0.46625, 
INFO:root:Epoch  6169, Energy: -1.06647e+02 (-1.06600e+02), Variance: 4.45936e+00 (5.78627e+00), Accept ratio: 0.46857, 
INFO:root:Epoch  6170, Energy: -1.06770e+02 (-1.06740e+02), Variance: 4.28472e+00 (5.30173e+00), Accept ratio: 0.45961, 
INFO:root:Epoch  6171, Energy: -1.06708e+02 (-1.06695e+02), Variance: 4.34665e+00 (4.95422e+00), Accept ratio: 0.47085, 
INFO:root:Epoch  6172, Energy: -1.06692e+02 (-1.06675e+02), Variance: 4.43799e+00 (7.98906e+00), Accept ratio: 0.47343, 
INFO:root:Epoch  6173, Energy: -1.06802e+02 (-1.06729e+02), Variance: 4.54981e+00 (8.40462e+00), Accept ratio: 0.46524, 
INFO:root:Epoch  6174, Energy: -1.06710e+02 (-1.06682e+02), Variance: 4.52569e+00 (7.24360e+00), Accept ratio: 0.46567, 
INFO:root:Epoch  6175, Energy: -1.06832e+02 (-1.06801e+02), Variance: 4.17792e+00 (6.26126e+00), Accept ratio: 0.46617, 
INFO:root:Epoch  6176, Energy: -1.06752e+02 (-1.06719e+02), Variance: 3.97118e+00 (5.83345e+00), Accept ratio: 0.46613, 
INFO:root:Epoch  6177, Energy: -1.06765e+02 (-1.06695e+02), Variance: 4.26351e+00 (7.92565e+00), Accept ratio: 0.46998, 
INFO:root:Epoch  6178, Energy: -1.06774e+02 (-1.06789e+02), Variance: 4.43584e+00 (5.21467e+00), Accept ratio: 0.46661, 
INFO:root:Epoch  6179, Energy: -1.06801e+02 (-1.06756e+02), Variance: 4.74054e+00 (7.01370e+00), Accept ratio: 0.47694, 
INFO:root:Epoch  6180, Energy: -1.06732e+02 (-1.06738e+02), Variance: 3.79989e+00 (4.88985e+00), Accept ratio: 0.46865, 
INFO:root:Epoch  6181, Energy: -1.06682e+02 (-1.06658e+02), Variance: 4.01942e+00 (5.29213e+00), Accept ratio: 0.46998, 
INFO:root:Epoch  6182, Energy: -1.06711e+02 (-1.06658e+02), Variance: 4.71393e+00 (1.28427e+01), Accept ratio: 0.47097, 
INFO:root:Epoch  6183, Energy: -1.06701e+02 (-1.06642e+02), Variance: 3.97170e+00 (2.12697e+01), Accept ratio: 0.46691, 
INFO:root:Epoch  6184, Energy: -1.06738e+02 (-1.06654e+02), Variance: 4.16263e+00 (1.10375e+01), Accept ratio: 0.46699, 
INFO:root:Epoch  6185, Energy: -1.06692e+02 (-1.06642e+02), Variance: 4.65033e+00 (7.98368e+00), Accept ratio: 0.47169, 
INFO:root:Epoch  6186, Energy: -1.06729e+02 (-1.06674e+02), Variance: 4.25833e+00 (1.00331e+01), Accept ratio: 0.46355, 
INFO:root:Epoch  6187, Energy: -1.06748e+02 (-1.06468e+02), Variance: 5.19333e+00 (9.45916e+01), Accept ratio: 0.47969, 
INFO:root:Epoch  6188, Energy: -1.06653e+02 (-1.06690e+02), Variance: 4.32750e+00 (7.01191e+00), Accept ratio: 0.46772, 
INFO:root:Epoch  6189, Energy: -1.06697e+02 (-1.06669e+02), Variance: 4.58691e+00 (5.82459e+00), Accept ratio: 0.46969, 
INFO:root:Epoch  6190, Energy: -1.06688e+02 (-1.06677e+02), Variance: 4.44100e+00 (7.23476e+00), Accept ratio: 0.46842, 
INFO:root:Epoch  6191, Energy: -1.06586e+02 (-1.06516e+02), Variance: 4.59730e+00 (8.69574e+00), Accept ratio: 0.46462, 
INFO:root:Epoch  6192, Energy: -1.06624e+02 (-1.06660e+02), Variance: 5.11848e+00 (2.92412e+01), Accept ratio: 0.46568, 
INFO:root:Epoch  6193, Energy: -1.06795e+02 (-1.06774e+02), Variance: 3.83614e+00 (4.47188e+00), Accept ratio: 0.46859, 
INFO:root:Epoch  6194, Energy: -1.06695e+02 (-1.06640e+02), Variance: 4.89707e+00 (7.05720e+00), Accept ratio: 0.46507, 
INFO:root:Epoch  6195, Energy: -1.06739e+02 (-1.06663e+02), Variance: 4.31546e+00 (6.93682e+00), Accept ratio: 0.46638, 
INFO:root:Epoch  6196, Energy: -1.06836e+02 (-1.06834e+02), Variance: 4.16431e+00 (5.57041e+00), Accept ratio: 0.46723, 
INFO:root:Epoch  6197, Energy: -1.06740e+02 (-1.06629e+02), Variance: 4.71933e+00 (1.02772e+01), Accept ratio: 0.46789, 
INFO:root:Epoch  6198, Energy: -1.06765e+02 (-1.06774e+02), Variance: 4.02389e+00 (4.71934e+00), Accept ratio: 0.47251, 
INFO:root:Epoch  6199, Energy: -1.06776e+02 (-1.06805e+02), Variance: 4.26535e+00 (7.00517e+00), Accept ratio: 0.47025, 
INFO:root:Epoch  6200, Energy: -1.06658e+02 (-1.06654e+02), Variance: 4.67230e+00 (8.51134e+00), Accept ratio: 0.46714, 
INFO:root:Epoch  6201, Energy: -1.06764e+02 (-1.06761e+02), Variance: 4.27116e+00 (5.36577e+00), Accept ratio: 0.46875, 
INFO:root:Epoch  6202, Energy: -1.06735e+02 (-1.06644e+02), Variance: 4.89148e+00 (9.12621e+00), Accept ratio: 0.46913, 
INFO:root:Epoch  6203, Energy: -1.06774e+02 (-1.06690e+02), Variance: 5.17098e+00 (1.01340e+01), Accept ratio: 0.46824, 
INFO:root:Epoch  6204, Energy: -1.06825e+02 (-1.06841e+02), Variance: 4.25326e+00 (7.83299e+00), Accept ratio: 0.46375, 
INFO:root:Epoch  6205, Energy: -1.06876e+02 (-1.06864e+02), Variance: 4.87650e+00 (8.74080e+00), Accept ratio: 0.46707, 
INFO:root:Epoch  6206, Energy: -1.06900e+02 (-1.06900e+02), Variance: 4.14921e+00 (4.95559e+00), Accept ratio: 0.47055, 
INFO:root:Epoch  6207, Energy: -1.06900e+02 (-1.06797e+02), Variance: 4.64870e+00 (1.37574e+01), Accept ratio: 0.46789, 
INFO:root:Epoch  6208, Energy: -1.06804e+02 (-1.06790e+02), Variance: 4.01633e+00 (8.53442e+00), Accept ratio: 0.46754, 
INFO:root:Epoch  6209, Energy: -1.06807e+02 (-1.06806e+02), Variance: 4.38407e+00 (6.09263e+00), Accept ratio: 0.47314, 
INFO:root:Epoch  6210, Energy: -1.06801e+02 (-1.06810e+02), Variance: 4.20061e+00 (9.36545e+00), Accept ratio: 0.46421, 
INFO:root:Epoch  6211, Energy: -1.06855e+02 (-1.06828e+02), Variance: 4.06693e+00 (5.35851e+00), Accept ratio: 0.47314, 
INFO:root:Epoch  6212, Energy: -1.06854e+02 (-1.06827e+02), Variance: 4.32375e+00 (8.69213e+00), Accept ratio: 0.47249, 
INFO:root:Epoch  6213, Energy: -1.06831e+02 (-1.06793e+02), Variance: 3.83152e+00 (5.52758e+00), Accept ratio: 0.46984, 
INFO:root:Epoch  6214, Energy: -1.06791e+02 (-1.06755e+02), Variance: 4.12525e+00 (5.55508e+00), Accept ratio: 0.46456, 
INFO:root:Epoch  6215, Energy: -1.06784e+02 (-1.06746e+02), Variance: 4.23707e+00 (6.21463e+00), Accept ratio: 0.47055, 
INFO:root:Epoch  6216, Energy: -1.06855e+02 (-1.06814e+02), Variance: 4.45744e+00 (7.55364e+00), Accept ratio: 0.47151, 
INFO:root:Epoch  6217, Energy: -1.06865e+02 (-1.06889e+02), Variance: 4.68541e+00 (5.94471e+00), Accept ratio: 0.47249, 
INFO:root:Epoch  6218, Energy: -1.06841e+02 (-1.06813e+02), Variance: 4.62685e+00 (1.62717e+01), Accept ratio: 0.46386, 
INFO:root:Epoch  6219, Energy: -1.06741e+02 (-1.06695e+02), Variance: 4.45357e+00 (1.11945e+01), Accept ratio: 0.47456, 
INFO:root:Epoch  6220, Energy: -1.06851e+02 (-1.06808e+02), Variance: 3.86524e+00 (5.10133e+00), Accept ratio: 0.46669, 
INFO:root:Epoch  6221, Energy: -1.06842e+02 (-1.06797e+02), Variance: 4.18348e+00 (7.22157e+00), Accept ratio: 0.46917, 
INFO:root:Epoch  6222, Energy: -1.06853e+02 (-1.06800e+02), Variance: 4.32152e+00 (6.61459e+00), Accept ratio: 0.47059, 
INFO:root:Epoch  6223, Energy: -1.06761e+02 (-1.06625e+02), Variance: 4.58579e+00 (1.55508e+01), Accept ratio: 0.47021, 
INFO:root:Epoch  6224, Energy: -1.06813e+02 (-1.06719e+02), Variance: 3.69012e+00 (1.28779e+01), Accept ratio: 0.46942, 
INFO:root:Epoch  6225, Energy: -1.06788e+02 (-1.06758e+02), Variance: 4.11098e+00 (9.75766e+00), Accept ratio: 0.46865, 
INFO:root:Epoch  6226, Energy: -1.06797e+02 (-1.06763e+02), Variance: 4.18875e+00 (6.30752e+00), Accept ratio: 0.46599, 
INFO:root:Epoch  6227, Energy: -1.06876e+02 (-1.06866e+02), Variance: 4.52993e+00 (6.62022e+00), Accept ratio: 0.46550, 
INFO:root:Epoch  6228, Energy: -1.06876e+02 (-1.06858e+02), Variance: 3.80109e+00 (5.01176e+00), Accept ratio: 0.46613, 
INFO:root:Epoch  6229, Energy: -1.06829e+02 (-1.06824e+02), Variance: 4.09523e+00 (5.69978e+00), Accept ratio: 0.46707, 
INFO:root:Epoch  6230, Energy: -1.06850e+02 (-1.06755e+02), Variance: 3.84372e+00 (7.57440e+00), Accept ratio: 0.46374, 
INFO:root:Epoch  6231, Energy: -1.06901e+02 (-1.06862e+02), Variance: 4.33158e+00 (5.94476e+00), Accept ratio: 0.47620, 
INFO:root:Epoch  6232, Energy: -1.06902e+02 (-1.06886e+02), Variance: 3.68557e+00 (5.01847e+00), Accept ratio: 0.47300, 
INFO:root:Epoch  6233, Energy: -1.06948e+02 (-1.06906e+02), Variance: 4.16538e+00 (1.32435e+01), Accept ratio: 0.46851, 
INFO:root:Epoch  6234, Energy: -1.06846e+02 (-1.06737e+02), Variance: 4.48120e+00 (1.59304e+01), Accept ratio: 0.47260, 
INFO:root:Epoch  6235, Energy: -1.06899e+02 (-1.06875e+02), Variance: 4.02632e+00 (5.40633e+00), Accept ratio: 0.46934, 
INFO:root:Epoch  6236, Energy: -1.06900e+02 (-1.06824e+02), Variance: 3.97694e+00 (9.25388e+00), Accept ratio: 0.47219, 
INFO:root:Epoch  6237, Energy: -1.06830e+02 (-1.06816e+02), Variance: 3.73185e+00 (8.71174e+00), Accept ratio: 0.46762, 
INFO:root:Epoch  6238, Energy: -1.06828e+02 (-1.06645e+02), Variance: 4.35593e+00 (2.45129e+01), Accept ratio: 0.47669, 
INFO:root:Epoch  6239, Energy: -1.06834e+02 (-1.06813e+02), Variance: 3.74846e+00 (5.74087e+00), Accept ratio: 0.47130, 
INFO:root:Epoch  6240, Energy: -1.06783e+02 (-1.06792e+02), Variance: 3.99160e+00 (5.34206e+00), Accept ratio: 0.47438, 
INFO:root:Epoch  6241, Energy: -1.06934e+02 (-1.06998e+02), Variance: 3.97793e+00 (5.78858e+00), Accept ratio: 0.46683, 
INFO:root:Epoch  6242, Energy: -1.06981e+02 (-1.06946e+02), Variance: 4.11576e+00 (8.45694e+00), Accept ratio: 0.46142, 
INFO:root:Epoch  6243, Energy: -1.06886e+02 (-1.06967e+02), Variance: 3.81615e+00 (1.24526e+01), Accept ratio: 0.47390, 
INFO:root:Epoch  6244, Energy: -1.06894e+02 (-1.06876e+02), Variance: 3.70795e+00 (4.89419e+00), Accept ratio: 0.47541, 
INFO:root:Epoch  6245, Energy: -1.06875e+02 (-1.06876e+02), Variance: 3.88048e+00 (5.12876e+00), Accept ratio: 0.47419, 
INFO:root:Epoch  6246, Energy: -1.06837e+02 (-1.06786e+02), Variance: 3.99943e+00 (9.11348e+00), Accept ratio: 0.47240, 
INFO:root:Epoch  6247, Energy: -1.06903e+02 (-1.06881e+02), Variance: 3.78273e+00 (4.25488e+00), Accept ratio: 0.47770, 
INFO:root:Epoch  6248, Energy: -1.06984e+02 (-1.06928e+02), Variance: 4.02457e+00 (7.11345e+00), Accept ratio: 0.46381, 
INFO:root:Epoch  6249, Energy: -1.06945e+02 (-1.06930e+02), Variance: 3.66570e+00 (4.48380e+00), Accept ratio: 0.46995, 
INFO:root:Epoch  6250, Energy: -1.07014e+02 (-1.07063e+02), Variance: 3.78160e+00 (6.47330e+00), Accept ratio: 0.47055, 
INFO:root:Epoch  6251, Energy: -1.06996e+02 (-1.06986e+02), Variance: 4.38630e+00 (5.76973e+00), Accept ratio: 0.46734, 
INFO:root:Epoch  6252, Energy: -1.06970e+02 (-1.06828e+02), Variance: 4.83011e+00 (3.53235e+01), Accept ratio: 0.47084, 
INFO:root:Epoch  6253, Energy: -1.06982e+02 (-1.07002e+02), Variance: 4.14983e+00 (7.17156e+00), Accept ratio: 0.47283, 
INFO:root:Epoch  6254, Energy: -1.06935e+02 (-1.06896e+02), Variance: 4.51823e+00 (8.30210e+00), Accept ratio: 0.46861, 
INFO:root:Epoch  6255, Energy: -1.06968e+02 (-1.06506e+02), Variance: 4.54507e+00 (2.30699e+02), Accept ratio: 0.46698, 
INFO:root:Epoch  6256, Energy: -1.07010e+02 (-1.07034e+02), Variance: 5.09170e+00 (8.09207e+00), Accept ratio: 0.46934, 
INFO:root:Epoch  6257, Energy: -1.07069e+02 (-1.07062e+02), Variance: 4.99814e+00 (8.64444e+00), Accept ratio: 0.46337, 
INFO:root:Epoch  6258, Energy: -1.06952e+02 (-1.06955e+02), Variance: 6.14380e+00 (1.11232e+01), Accept ratio: 0.47244, 
INFO:root:Epoch  6259, Energy: -1.06870e+02 (-1.06885e+02), Variance: 5.42463e+00 (8.45178e+00), Accept ratio: 0.46755, 
INFO:root:Epoch  6260, Energy: -1.06875e+02 (-1.06910e+02), Variance: 5.75949e+00 (1.11510e+01), Accept ratio: 0.47560, 
INFO:root:Epoch  6261, Energy: -1.06933e+02 (-1.06934e+02), Variance: 5.59355e+00 (6.74862e+00), Accept ratio: 0.47340, 
INFO:root:Epoch  6262, Energy: -1.06960e+02 (-1.06954e+02), Variance: 5.86745e+00 (7.96866e+00), Accept ratio: 0.46793, 
INFO:root:Epoch  6263, Energy: -1.06898e+02 (-1.06821e+02), Variance: 5.93811e+00 (1.03180e+01), Accept ratio: 0.47528, 
INFO:root:Epoch  6264, Energy: -1.07080e+02 (-1.07100e+02), Variance: 7.30738e+00 (8.95183e+00), Accept ratio: 0.46770, 
INFO:root:Epoch  6265, Energy: -1.06825e+02 (-1.06844e+02), Variance: 6.18699e+00 (7.87351e+00), Accept ratio: 0.47543, 
INFO:root:Epoch  6266, Energy: -1.06822e+02 (-1.06816e+02), Variance: 6.55277e+00 (9.15292e+00), Accept ratio: 0.47711, 
INFO:root:Epoch  6267, Energy: -1.06822e+02 (-1.06828e+02), Variance: 7.20824e+00 (9.86639e+00), Accept ratio: 0.47583, 
INFO:root:Epoch  6268, Energy: -1.06898e+02 (-1.06929e+02), Variance: 7.97589e+00 (9.54228e+00), Accept ratio: 0.47007, 
INFO:root:Epoch  6269, Energy: -1.06815e+02 (-1.06833e+02), Variance: 7.84960e+00 (8.93329e+00), Accept ratio: 0.47364, 
INFO:root:Epoch  6270, Energy: -1.06805e+02 (-1.06884e+02), Variance: 9.45759e+00 (1.30982e+01), Accept ratio: 0.48016, 
INFO:root:Epoch  6271, Energy: -1.06951e+02 (-1.06799e+02), Variance: 9.85052e+00 (3.10698e+01), Accept ratio: 0.48209, 
INFO:root:Epoch  6272, Energy: -1.06661e+02 (-1.06665e+02), Variance: 1.28275e+01 (1.88094e+01), Accept ratio: 0.47121, 
INFO:root:Epoch  6273, Energy: -1.06759e+02 (-1.06794e+02), Variance: 1.02491e+01 (1.20959e+01), Accept ratio: 0.48196, 
INFO:root:Epoch  6274, Energy: -1.06700e+02 (-1.06678e+02), Variance: 1.19597e+01 (1.59977e+01), Accept ratio: 0.47991, 
INFO:root:Epoch  6275, Energy: -1.06574e+02 (-1.06566e+02), Variance: 1.33804e+01 (2.02922e+01), Accept ratio: 0.47436, 
INFO:root:Epoch  6276, Energy: -1.06822e+02 (-1.06948e+02), Variance: 1.51990e+01 (2.14567e+01), Accept ratio: 0.47903, 
INFO:root:Epoch  6277, Energy: -1.06812e+02 (-1.06861e+02), Variance: 1.64133e+01 (1.87461e+01), Accept ratio: 0.48094, 
INFO:root:Epoch  6278, Energy: -1.06721e+02 (-1.06722e+02), Variance: 1.61165e+01 (2.15534e+01), Accept ratio: 0.47858, 
INFO:root:Epoch  6279, Energy: -1.06700e+02 (-1.06950e+02), Variance: 1.97680e+01 (5.42831e+01), Accept ratio: 0.48486, 
INFO:root:Epoch  6280, Energy: -1.06803e+02 (-1.06930e+02), Variance: 2.27691e+01 (3.36673e+01), Accept ratio: 0.47461, 
INFO:root:Epoch  6281, Energy: -1.06397e+02 (-1.06598e+02), Variance: 2.35561e+01 (3.83455e+01), Accept ratio: 0.47716, 
INFO:root:Epoch  6282, Energy: -1.06274e+02 (-1.06430e+02), Variance: 3.20940e+01 (4.50927e+01), Accept ratio: 0.48508, 
INFO:root:Epoch  6283, Energy: -1.05504e+02 (-1.05631e+02), Variance: 8.43745e+01 (1.50826e+02), Accept ratio: 0.48403, 
INFO:root:Epoch  6284, Energy: -1.01601e+02 (-1.01036e+02), Variance: 2.63741e+02 (5.20015e+02), Accept ratio: 0.48905, 
INFO:root:Epoch  6285, Energy: -9.67330e+01 (-9.69477e+01), Variance: 8.98837e+02 (1.20275e+03), Accept ratio: 0.46978, 
INFO:root:Epoch  6286, Energy: -1.04318e+02 (-1.03661e+02), Variance: 3.07745e+02 (5.71749e+02), Accept ratio: 0.47398, 
INFO:root:Epoch  6287, Energy: -1.00961e+02 (-9.97909e+01), Variance: 8.43981e+02 (1.36159e+03), Accept ratio: 0.46215, 
INFO:root:Epoch  6288, Energy: -1.01625e+02 (-1.00807e+02), Variance: 3.60510e+02 (1.29553e+03), Accept ratio: 0.48746, 
INFO:root:Epoch  6289, Energy: -1.03956e+02 (-1.03844e+02), Variance: 1.20071e+02 (1.70420e+02), Accept ratio: 0.48033, 
INFO:root:Epoch  6290, Energy: -1.03199e+02 (-1.03127e+02), Variance: 1.75480e+02 (2.68266e+02), Accept ratio: 0.48474, 
INFO:root:Epoch  6291, Energy: -8.31483e+01 (-8.29540e+01), Variance: 2.07356e+03 (3.34884e+03), Accept ratio: 0.49309, 
INFO:root:Epoch  6292, Energy: -8.02879e+01 (-8.05553e+01), Variance: 1.41068e+03 (1.86291e+03), Accept ratio: 0.47546, 
INFO:root:Epoch  6293, Energy: -7.85605e+01 (-7.76104e+01), Variance: 1.20263e+03 (1.88953e+03), Accept ratio: 0.47616, 
INFO:root:Epoch  6294, Energy: -7.81868e+01 (-7.73391e+01), Variance: 1.20816e+03 (2.81853e+03), Accept ratio: 0.47405, 
INFO:root:Epoch  6295, Energy: -7.81886e+01 (-7.88226e+01), Variance: 1.20711e+03 (3.12495e+03), Accept ratio: 0.47958, 
INFO:root:Epoch  6296, Energy: -7.71136e+01 (-7.64354e+01), Variance: 1.22951e+03 (1.96245e+03), Accept ratio: 0.47431, , nans ckpt saved
INFO:root:VMC terminated due to Nans! Aborting.
[1;34mwandb[0m: 
[1;34mwandb[0m: You can sync this run to the cloud by running:
[1;34mwandb[0m: [1mwandb sync /global/scratch/users/ren27/wandb/wandb/offline-run-20260923_101614-tgxehxsj[0m
[1;34mwandb[0m: Find logs at: [1;35m../wandb/wandb/offline-run-20260923_101614-tgxehxsj/logs[0m
E19 done 2026-09-23T11:15:09-07:00
